2026/02/05 19:29:34 - mmengine - INFO - 
------------------------------------------------------------
System environment:
    sys.platform: linux
    Python: 3.11.9 | packaged by conda-forge | (main, Apr 19 2024, 18:36:13) [GCC 12.3.0]
    CUDA available: True
    MUSA available: False
    numpy_random_seed: 624982218
    GPU 0,1,2,3,4,5,6,7: NVIDIA A100-SXM4-40GB
    CUDA_HOME: /opt/conda/
    NVCC: Cuda compilation tools, release 12.2, V12.2.140
    GCC: gcc (Ubuntu 11.4.0-1ubuntu1~22.04) 11.4.0
    PyTorch: 2.2.2+cu121
    PyTorch compiling details: PyTorch built with:
  - GCC 9.3
  - C++ Version: 201703
  - Intel(R) oneAPI Math Kernel Library Version 2022.2-Product Build 20220804 for Intel(R) 64 architecture applications
  - Intel(R) MKL-DNN v3.3.2 (Git Hash 2dc95a2ad0841e29db8b22fbccaf3e5da7992b01)
  - OpenMP 201511 (a.k.a. OpenMP 4.5)
  - LAPACK is enabled (usually provided by MKL)
  - NNPACK is enabled
  - CPU capability usage: AVX512
  - CUDA Runtime 12.1
  - NVCC architecture flags: -gencode;arch=compute_50,code=sm_50;-gencode;arch=compute_60,code=sm_60;-gencode;arch=compute_70,code=sm_70;-gencode;arch=compute_75,code=sm_75;-gencode;arch=compute_80,code=sm_80;-gencode;arch=compute_86,code=sm_86;-gencode;arch=compute_90,code=sm_90
  - CuDNN 8.9.2
  - Magma 2.6.1
  - Build settings: BLAS_INFO=mkl, BUILD_TYPE=Release, CUDA_VERSION=12.1, CUDNN_VERSION=8.9.2, CXX_COMPILER=/opt/rh/devtoolset-9/root/usr/bin/c++, CXX_FLAGS= -D_GLIBCXX_USE_CXX11_ABI=0 -fabi-version=11 -fvisibility-inlines-hidden -DUSE_PTHREADPOOL -DNDEBUG -DUSE_KINETO -DLIBKINETO_NOROCTRACER -DUSE_FBGEMM -DUSE_QNNPACK -DUSE_PYTORCH_QNNPACK -DUSE_XNNPACK -DSYMBOLICATE_MOBILE_DEBUG_HANDLE -O2 -fPIC -Wall -Wextra -Werror=return-type -Werror=non-virtual-dtor -Werror=bool-operation -Wnarrowing -Wno-missing-field-initializers -Wno-type-limits -Wno-array-bounds -Wno-unknown-pragmas -Wno-unused-parameter -Wno-unused-function -Wno-unused-result -Wno-strict-overflow -Wno-strict-aliasing -Wno-stringop-overflow -Wsuggest-override -Wno-psabi -Wno-error=pedantic -Wno-error=old-style-cast -Wno-missing-braces -fdiagnostics-color=always -faligned-new -Wno-unused-but-set-variable -Wno-maybe-uninitialized -fno-math-errno -fno-trapping-math -Werror=format -Wno-stringop-overflow, LAPACK_INFO=mkl, PERF_WITH_AVX=1, PERF_WITH_AVX2=1, PERF_WITH_AVX512=1, TORCH_VERSION=2.2.2, USE_CUDA=ON, USE_CUDNN=ON, USE_EXCEPTION_PTR=1, USE_GFLAGS=OFF, USE_GLOG=OFF, USE_MKL=ON, USE_MKLDNN=ON, USE_MPI=OFF, USE_NCCL=1, USE_NNPACK=ON, USE_OPENMP=ON, USE_ROCM=OFF, USE_ROCM_KERNEL_ASSERT=OFF, 

    TorchVision: 0.17.2+cu121
    OpenCV: 4.11.0
    MMEngine: 0.10.7

Runtime environment:
    cudnn_benchmark: False
    mp_cfg: {'mp_start_method': 'fork', 'opencv_num_threads': 0}
    dist_cfg: {'backend': 'nccl', 'timeout': 3600}
    seed: 624982218
    Distributed launcher: pytorch
    Distributed training: True
    GPU number: 8
------------------------------------------------------------

2026/02/05 19:29:36 - mmengine - INFO - Config:
auto_scale_lr = dict(base_batch_size=16, enable=True)
backend_args = None
caption_dataset = dict(
    actual_dataset_mode='OD',
    ann_file='LLaVA-ReCap-558K_tag_box_vg7.jsonl',
    backend_args=None,
    clean_caption=True,
    data_prefix=dict(img='images/'),
    data_root='../grounding_data/llava_cap/',
    filter_cfg=dict(filter_empty_gt=False),
    label_map_file=None,
    pipeline=[
        dict(backend_args=None, type='LoadImageFromFile'),
        dict(type='LoadAnnotations', with_bbox=True),
        dict(
            keep_ratio=True,
            scales=[
                (
                    480,
                    1333,
                ),
                (
                    512,
                    1333,
                ),
                (
                    544,
                    1333,
                ),
                (
                    576,
                    1333,
                ),
                (
                    608,
                    1333,
                ),
                (
                    640,
                    1333,
                ),
                (
                    672,
                    1333,
                ),
                (
                    704,
                    1333,
                ),
                (
                    736,
                    1333,
                ),
                (
                    768,
                    1333,
                ),
                (
                    800,
                    1333,
                ),
            ],
            type='RandomChoiceResize'),
        dict(min_gt_bbox_wh=(
            0.01,
            0.01,
        ), type='FilterAnnotations'),
        dict(
            lmm_max_token_length=1600,
            max_tokens=256,
            num_region_caption=16,
            num_sample_negative=85,
            tokenizer_name='../huggingface/bert-base-uncased/',
            tokenizer_name2=
            '../huggingface/my_llava-onevision-qwen2-0.5b-ov-2/',
            type='RandomSamplingNegPos2'),
        dict(
            meta_keys=(
                'img_id',
                'img_path',
                'ori_shape',
                'img_shape',
                'scale_factor',
                'flip',
                'flip_direction',
                'text',
                'tags',
                'contrast_conv',
                'custom_entities',
                'tokens_positive',
                'dataset_mode',
                'conversations',
                'region_conversations',
            ),
            type='PackDetInputs'),
    ],
    return_classes=True,
    type='ODVGDataset',
    use_short_cap=False,
    use_uniform_prompt=True)
clean_caption = True
coco2017_train_dataset = dict(
    actual_dataset_mode='OD',
    ann_file='annotations/instances_train2017_vg_merged6.jsonl',
    backend_args=None,
    clean_caption=True,
    data_prefix=dict(img='train2017'),
    data_root='../grounding_data/coco/',
    filter_cfg=dict(filter_empty_gt=False),
    pipeline=[
        dict(backend_args=None, type='LoadImageFromFile'),
        dict(type='LoadAnnotations', with_bbox=True),
        dict(
            keep_ratio=True,
            scales=[
                (
                    480,
                    1333,
                ),
                (
                    512,
                    1333,
                ),
                (
                    544,
                    1333,
                ),
                (
                    576,
                    1333,
                ),
                (
                    608,
                    1333,
                ),
                (
                    640,
                    1333,
                ),
                (
                    672,
                    1333,
                ),
                (
                    704,
                    1333,
                ),
                (
                    736,
                    1333,
                ),
                (
                    768,
                    1333,
                ),
                (
                    800,
                    1333,
                ),
            ],
            type='RandomChoiceResize'),
        dict(min_gt_bbox_wh=(
            0.01,
            0.01,
        ), type='FilterAnnotations'),
        dict(
            lmm_max_token_length=1600,
            max_tokens=256,
            num_region_caption=16,
            num_sample_negative=85,
            tokenizer_name='../huggingface/bert-base-uncased/',
            tokenizer_name2=
            '../huggingface/my_llava-onevision-qwen2-0.5b-ov-2/',
            type='RandomSamplingNegPos2'),
        dict(
            meta_keys=(
                'img_id',
                'img_path',
                'ori_shape',
                'img_shape',
                'scale_factor',
                'flip',
                'flip_direction',
                'text',
                'tags',
                'contrast_conv',
                'custom_entities',
                'tokens_positive',
                'dataset_mode',
                'conversations',
                'region_conversations',
            ),
            type='PackDetInputs'),
    ],
    return_classes=True,
    type='ODVGDataset',
    use_short_cap=False,
    use_uniform_prompt=True)
data_root = '../grounding_data/coco/'
dataset_type = 'LVISV1Dataset'
default_hooks = dict(
    checkpoint=dict(
        by_epoch=False,
        interval=1500,
        max_keep_ckpts=30,
        type='CheckpointHook'),
    logger=dict(interval=100, type='LoggerHook'),
    param_scheduler=dict(type='ParamSchedulerHook'),
    sampler_seed=dict(type='DistSamplerSeedHook'),
    timer=dict(type='IterTimerHook'),
    visualization=dict(type='GroundingVisualizationHook'))
default_scope = 'mmdet'
env_cfg = dict(
    cudnn_benchmark=False,
    dist_cfg=dict(backend='nccl', timeout=3600),
    mp_cfg=dict(mp_start_method='fork', opencv_num_threads=0))
flickr30k_dataset = dict(
    actual_dataset_mode='VG',
    ann_file='flickr_train_vg7.jsonl',
    backend_args=None,
    clean_caption=True,
    data_prefix=dict(img='flickr30k_images/'),
    data_root='../grounding_data/flickr30k_entities/',
    filter_cfg=dict(filter_empty_gt=False),
    label_map_file=None,
    pipeline=[
        dict(backend_args=None, type='LoadImageFromFile'),
        dict(type='LoadAnnotations', with_bbox=True),
        dict(
            keep_ratio=True,
            scales=[
                (
                    480,
                    1333,
                ),
                (
                    512,
                    1333,
                ),
                (
                    544,
                    1333,
                ),
                (
                    576,
                    1333,
                ),
                (
                    608,
                    1333,
                ),
                (
                    640,
                    1333,
                ),
                (
                    672,
                    1333,
                ),
                (
                    704,
                    1333,
                ),
                (
                    736,
                    1333,
                ),
                (
                    768,
                    1333,
                ),
                (
                    800,
                    1333,
                ),
            ],
            type='RandomChoiceResize'),
        dict(min_gt_bbox_wh=(
            0.01,
            0.01,
        ), type='FilterAnnotations'),
        dict(
            lmm_max_token_length=1600,
            max_tokens=256,
            num_region_caption=16,
            num_sample_negative=85,
            tokenizer_name='../huggingface/bert-base-uncased/',
            tokenizer_name2=
            '../huggingface/my_llava-onevision-qwen2-0.5b-ov-2/',
            type='RandomSamplingNegPos2'),
        dict(
            meta_keys=(
                'img_id',
                'img_path',
                'ori_shape',
                'img_shape',
                'scale_factor',
                'flip',
                'flip_direction',
                'text',
                'tags',
                'contrast_conv',
                'custom_entities',
                'tokens_positive',
                'dataset_mode',
                'conversations',
                'region_conversations',
            ),
            type='PackDetInputs'),
    ],
    return_classes=True,
    type='ODVGDataset',
    use_short_cap=False,
    use_uniform_prompt=True)
gqa_dataset = dict(
    actual_dataset_mode='VG',
    ann_file='gqa_train_vg7.jsonl',
    backend_args=None,
    clean_caption=True,
    data_prefix=dict(img='images/'),
    data_root='../grounding_data/gqa/',
    filter_cfg=dict(filter_empty_gt=False),
    label_map_file=None,
    pipeline=[
        dict(backend_args=None, type='LoadImageFromFile'),
        dict(type='LoadAnnotations', with_bbox=True),
        dict(
            keep_ratio=True,
            scales=[
                (
                    480,
                    1333,
                ),
                (
                    512,
                    1333,
                ),
                (
                    544,
                    1333,
                ),
                (
                    576,
                    1333,
                ),
                (
                    608,
                    1333,
                ),
                (
                    640,
                    1333,
                ),
                (
                    672,
                    1333,
                ),
                (
                    704,
                    1333,
                ),
                (
                    736,
                    1333,
                ),
                (
                    768,
                    1333,
                ),
                (
                    800,
                    1333,
                ),
            ],
            type='RandomChoiceResize'),
        dict(min_gt_bbox_wh=(
            0.01,
            0.01,
        ), type='FilterAnnotations'),
        dict(
            lmm_max_token_length=1600,
            max_tokens=256,
            num_region_caption=16,
            num_sample_negative=85,
            tokenizer_name='../huggingface/bert-base-uncased/',
            tokenizer_name2=
            '../huggingface/my_llava-onevision-qwen2-0.5b-ov-2/',
            type='RandomSamplingNegPos2'),
        dict(
            meta_keys=(
                'img_id',
                'img_path',
                'ori_shape',
                'img_shape',
                'scale_factor',
                'flip',
                'flip_direction',
                'text',
                'tags',
                'contrast_conv',
                'custom_entities',
                'tokens_positive',
                'dataset_mode',
                'conversations',
                'region_conversations',
            ),
            type='PackDetInputs'),
    ],
    return_classes=True,
    type='ODVGDataset',
    use_short_cap=False,
    use_uniform_prompt=True)
lang_model_name = '../huggingface/bert-base-uncased/'
launcher = 'pytorch'
lmm_max_token_length = 1600
lmm_path = '../huggingface/my_llava-onevision-qwen2-0.5b-ov-2/'
load_from = '/home/jovyan/Computer_vision/LLMDet/work_dirs/grounding_dino_swin_t/iter_18000.pth'
log_level = 'INFO'
log_processor = dict(by_epoch=False, type='LogProcessor', window_size=50)
max_iter = 25000
model = dict(
    as_two_stage=True,
    backbone=dict(
        attn_drop_rate=0.0,
        convert_weights=True,
        depths=[
            2,
            2,
            6,
            2,
        ],
        drop_path_rate=0.2,
        drop_rate=0.0,
        embed_dims=96,
        frozen_stages=-1,
        init_cfg=dict(checkpoint=None, type='Pretrained'),
        mlp_ratio=4,
        num_heads=[
            3,
            6,
            12,
            24,
        ],
        out_indices=(
            1,
            2,
            3,
        ),
        patch_norm=True,
        qk_scale=None,
        qkv_bias=True,
        type='SwinTransformer',
        window_size=7,
        with_cp=True),
    bbox_head=dict(
        contrastive_cfg=dict(bias=True, log_scale='auto', max_text_len=256),
        loss_bbox=dict(loss_weight=5.0, type='L1Loss'),
        loss_cls=dict(
            alpha=0.25,
            gamma=2.0,
            loss_weight=1.0,
            type='FocalLoss',
            use_sigmoid=True),
        num_classes=256,
        sync_cls_avg_factor=True,
        type='GroundingDINOHead'),
    data_preprocessor=dict(
        bgr_to_rgb=True,
        mean=[
            123.675,
            116.28,
            103.53,
        ],
        pad_mask=False,
        std=[
            58.395,
            57.12,
            57.375,
        ],
        type='DetDataPreprocessor'),
    decoder=dict(
        layer_cfg=dict(
            cross_attn_cfg=dict(dropout=0.0, embed_dims=256, num_heads=8),
            cross_attn_text_cfg=dict(dropout=0.0, embed_dims=256, num_heads=8),
            ffn_cfg=dict(
                embed_dims=256, feedforward_channels=2048, ffn_drop=0.0),
            self_attn_cfg=dict(dropout=0.0, embed_dims=256, num_heads=8)),
        num_layers=6,
        post_norm_cfg=None,
        return_intermediate=True),
    dn_cfg=dict(
        box_noise_scale=1.0,
        group_cfg=dict(dynamic=True, num_dn_queries=100, num_groups=None),
        label_noise_scale=0.5),
    encoder=dict(
        fusion_layer_cfg=dict(
            embed_dim=1024,
            init_values=0.0001,
            l_dim=256,
            num_heads=4,
            v_dim=256),
        layer_cfg=dict(
            ffn_cfg=dict(
                embed_dims=256, feedforward_channels=2048, ffn_drop=0.0),
            self_attn_cfg=dict(dropout=0.0, embed_dims=256, num_levels=4)),
        num_cp=0,
        num_layers=6,
        text_layer_cfg=dict(
            ffn_cfg=dict(
                embed_dims=256, feedforward_channels=1024, ffn_drop=0.0),
            self_attn_cfg=dict(dropout=0.0, embed_dims=256, num_heads=4))),
    feature_map_size=27,
    freeze_backbone=True,
    freeze_lm=False,
    language_model=dict(
        add_pooling_layer=False,
        max_tokens=256,
        name='../huggingface/bert-base-uncased/',
        pad_to_max=False,
        special_tokens_list=[
            '[CLS]',
            '[SEP]',
            '.',
            '?',
        ],
        type='BertModel',
        use_sub_sentence_represent=True),
    lmm='../huggingface/my_llava-onevision-qwen2-0.5b-ov-2/',
    lmm_connector=
    '../huggingface/my_llava-onevision-qwen2-0.5b-ov-2/mm_projector2.bin',
    lmm_connector_prefix='mm_projector',
    lmm_image_loss_weight=1.0,
    lmm_max_token_length=1600,
    lmm_new_layer_insert_type='all',
    lmm_region_loss_weight=1.0,
    lora_alpha=256,
    lora_dropout=0,
    lora_r=128,
    mini_query=False,
    neck=dict(
        act_cfg=None,
        bias=True,
        in_channels=[
            192,
            384,
            768,
        ],
        kernel_size=1,
        norm_cfg=dict(num_groups=32, type='GN'),
        num_outs=4,
        out_channels=256,
        type='ChannelMapper'),
    num_lmm_new_layers=6,
    num_queries=900,
    num_region_caption=16,
    positional_encoding=dict(
        normalize=True, num_feats=128, offset=0.0, temperature=20),
    test_cfg=dict(chunked_size=40, max_per_img=300),
    train_cfg=dict(
        assigner=dict(
            match_costs=[
                dict(type='BinaryFocalLossCost', weight=2.0),
                dict(box_format='xywh', type='BBoxL1Cost', weight=5.0),
                dict(iou_mode='giou', type='IoUCost', weight=2.0),
            ],
            type='HungarianAssigner')),
    type='GroundingDINO',
    use_image_level_cross_attn=False,
    use_lmm_cross_attn=True,
    use_lora=True,
    use_p4_input=True,
    use_p5_input=True,
    use_plora=False,
    use_query_input=False,
    with_box_refine=True)
model_wrapper_cfg = dict(
    find_unused_parameters=True, type='MMDistributedDataParallel')
num_region_caption = 16
optim_wrapper = dict(
    clip_grad=dict(max_norm=0.1, norm_type=2),
    optimizer=dict(lr=0.0001, type='AdamW', weight_decay=0.0001),
    paramwise_cfg=dict(
        custom_keys=dict(
            absolute_pos_embed=dict(decay_mult=0.0),
            backbone=dict(lr_mult=0.1),
            language_model=dict(lr_mult=0.1))),
    type='OptimWrapper')
param_scheduler = [
    dict(
        begin=0, by_epoch=False, end=1000, start_factor=0.001,
        type='LinearLR'),
    dict(
        begin=0,
        by_epoch=False,
        end=25000,
        gamma=0.1,
        milestones=[
            20000,
            23000,
        ],
        type='MultiStepLR'),
]
pretrained = None
randomness = dict(seed=624982218)
resume = True
student_behavior_dataset = dict(
    actual_dataset_mode='VG',
    ann_file='student_behavior_emotion_vg7_train.jsonl',
    backend_args=None,
    clean_caption=True,
    data_prefix=dict(img='frames/'),
    data_root='../grounding_data/frames1/',
    filter_cfg=dict(filter_empty_gt=False),
    label_map_file=None,
    pipeline=[
        dict(backend_args=None, type='LoadImageFromFile'),
        dict(type='LoadAnnotations', with_bbox=True),
        dict(
            keep_ratio=True,
            scales=[
                (
                    480,
                    1333,
                ),
                (
                    512,
                    1333,
                ),
                (
                    544,
                    1333,
                ),
                (
                    576,
                    1333,
                ),
                (
                    608,
                    1333,
                ),
                (
                    640,
                    1333,
                ),
                (
                    672,
                    1333,
                ),
                (
                    704,
                    1333,
                ),
                (
                    736,
                    1333,
                ),
                (
                    768,
                    1333,
                ),
                (
                    800,
                    1333,
                ),
            ],
            type='RandomChoiceResize'),
        dict(min_gt_bbox_wh=(
            0.01,
            0.01,
        ), type='FilterAnnotations'),
        dict(
            lmm_max_token_length=1600,
            max_tokens=256,
            num_region_caption=16,
            num_sample_negative=85,
            tokenizer_name='../huggingface/bert-base-uncased/',
            tokenizer_name2=
            '../huggingface/my_llava-onevision-qwen2-0.5b-ov-2/',
            type='RandomSamplingNegPos2'),
        dict(
            meta_keys=(
                'img_id',
                'img_path',
                'ori_shape',
                'img_shape',
                'scale_factor',
                'flip',
                'flip_direction',
                'text',
                'tags',
                'contrast_conv',
                'custom_entities',
                'tokens_positive',
                'dataset_mode',
                'conversations',
                'region_conversations',
            ),
            type='PackDetInputs'),
    ],
    return_classes=True,
    type='ODVGDataset',
    use_short_cap=False,
    use_uniform_prompt=True)
student_behavior_val_dataset = dict(
    actual_dataset_mode='VG',
    ann_file='student_behavior_emotion_vg7_val.jsonl',
    backend_args=None,
    clean_caption=True,
    data_prefix=dict(img='frames'),
    data_root='../grounding_data/frames1/',
    filter_cfg=dict(filter_empty_gt=False),
    label_map_file=None,
    pipeline=[
        dict(
            backend_args=None,
            imdecode_backend='pillow',
            type='LoadImageFromFile'),
        dict(
            backend='pillow',
            keep_ratio=True,
            scale=(
                800,
                1333,
            ),
            type='FixScaleResize'),
        dict(type='LoadAnnotations', with_bbox=True),
        dict(
            meta_keys=(
                'img_id',
                'img_path',
                'ori_shape',
                'img_shape',
                'scale_factor',
                'text',
                'custom_entities',
                'tokens_positive',
                'dataset_mode',
            ),
            type='PackDetInputs'),
    ],
    return_classes=True,
    test_mode=True,
    type='ODVGDataset',
    use_short_cap=False,
    use_uniform_prompt=True)
test_cfg = dict(type='TestLoop')
test_dataloader = dict(
    batch_size=1,
    dataset=dict(
        actual_dataset_mode='VG',
        ann_file='student_behavior_emotion_vg7_val.jsonl',
        backend_args=None,
        clean_caption=True,
        data_prefix=dict(img='frames'),
        data_root='../grounding_data/frames1/',
        filter_cfg=dict(filter_empty_gt=False),
        label_map_file=None,
        pipeline=[
            dict(
                backend_args=None,
                imdecode_backend='pillow',
                type='LoadImageFromFile'),
            dict(
                backend='pillow',
                keep_ratio=True,
                scale=(
                    800,
                    1333,
                ),
                type='FixScaleResize'),
            dict(type='LoadAnnotations', with_bbox=True),
            dict(
                meta_keys=(
                    'img_id',
                    'img_path',
                    'ori_shape',
                    'img_shape',
                    'scale_factor',
                    'text',
                    'custom_entities',
                    'tokens_positive',
                    'dataset_mode',
                ),
                type='PackDetInputs'),
        ],
        return_classes=True,
        test_mode=True,
        type='ODVGDataset',
        use_short_cap=False,
        use_uniform_prompt=True),
    drop_last=False,
    num_workers=2,
    persistent_workers=True,
    sampler=dict(shuffle=False, type='DefaultSampler'))
test_evaluator = dict(
    iou_thrs=0.5, topk=(
        1,
        5,
        10,
    ), type='ODVGRecallMetric')
test_pipeline = [
    dict(
        backend_args=None, imdecode_backend='pillow',
        type='LoadImageFromFile'),
    dict(
        backend='pillow',
        keep_ratio=True,
        scale=(
            800,
            1333,
        ),
        type='FixScaleResize'),
    dict(type='LoadAnnotations', with_bbox=True),
    dict(
        meta_keys=(
            'img_id',
            'img_path',
            'ori_shape',
            'img_shape',
            'scale_factor',
            'text',
            'custom_entities',
            'tokens_positive',
            'dataset_mode',
        ),
        type='PackDetInputs'),
]
train_cfg = dict(max_iters=25000, type='IterBasedTrainLoop', val_interval=1000)
train_dataloader = dict(
    batch_sampler=dict(type='AspectRatioBatchSampler'),
    batch_size=2,
    dataset=dict(
        datasets=[
            dict(
                actual_dataset_mode='VG',
                ann_file='student_behavior_emotion_vg7_train.jsonl',
                backend_args=None,
                clean_caption=True,
                data_prefix=dict(img='frames/'),
                data_root='../grounding_data/frames1/',
                filter_cfg=dict(filter_empty_gt=False),
                label_map_file=None,
                pipeline=[
                    dict(backend_args=None, type='LoadImageFromFile'),
                    dict(type='LoadAnnotations', with_bbox=True),
                    dict(
                        keep_ratio=True,
                        scales=[
                            (
                                480,
                                1333,
                            ),
                            (
                                512,
                                1333,
                            ),
                            (
                                544,
                                1333,
                            ),
                            (
                                576,
                                1333,
                            ),
                            (
                                608,
                                1333,
                            ),
                            (
                                640,
                                1333,
                            ),
                            (
                                672,
                                1333,
                            ),
                            (
                                704,
                                1333,
                            ),
                            (
                                736,
                                1333,
                            ),
                            (
                                768,
                                1333,
                            ),
                            (
                                800,
                                1333,
                            ),
                        ],
                        type='RandomChoiceResize'),
                    dict(
                        min_gt_bbox_wh=(
                            0.01,
                            0.01,
                        ),
                        type='FilterAnnotations'),
                    dict(
                        lmm_max_token_length=1600,
                        max_tokens=256,
                        num_region_caption=16,
                        num_sample_negative=85,
                        tokenizer_name='../huggingface/bert-base-uncased/',
                        tokenizer_name2=
                        '../huggingface/my_llava-onevision-qwen2-0.5b-ov-2/',
                        type='RandomSamplingNegPos2'),
                    dict(
                        meta_keys=(
                            'img_id',
                            'img_path',
                            'ori_shape',
                            'img_shape',
                            'scale_factor',
                            'flip',
                            'flip_direction',
                            'text',
                            'tags',
                            'contrast_conv',
                            'custom_entities',
                            'tokens_positive',
                            'dataset_mode',
                            'conversations',
                            'region_conversations',
                        ),
                        type='PackDetInputs'),
                ],
                return_classes=True,
                type='ODVGDataset',
                use_short_cap=False,
                use_uniform_prompt=True),
        ],
        type='ConcatDataset'),
    num_workers=4,
    persistent_workers=True,
    sampler=dict(shuffle=True, type='DefaultSampler'))
train_pipeline = [
    dict(backend_args=None, type='LoadImageFromFile'),
    dict(type='LoadAnnotations', with_bbox=True),
    dict(
        keep_ratio=True,
        scales=[
            (
                480,
                1333,
            ),
            (
                512,
                1333,
            ),
            (
                544,
                1333,
            ),
            (
                576,
                1333,
            ),
            (
                608,
                1333,
            ),
            (
                640,
                1333,
            ),
            (
                672,
                1333,
            ),
            (
                704,
                1333,
            ),
            (
                736,
                1333,
            ),
            (
                768,
                1333,
            ),
            (
                800,
                1333,
            ),
        ],
        type='RandomChoiceResize'),
    dict(min_gt_bbox_wh=(
        0.01,
        0.01,
    ), type='FilterAnnotations'),
    dict(
        lmm_max_token_length=1600,
        max_tokens=256,
        num_region_caption=16,
        num_sample_negative=85,
        tokenizer_name='../huggingface/bert-base-uncased/',
        tokenizer_name2='../huggingface/my_llava-onevision-qwen2-0.5b-ov-2/',
        type='RandomSamplingNegPos2'),
    dict(
        meta_keys=(
            'img_id',
            'img_path',
            'ori_shape',
            'img_shape',
            'scale_factor',
            'flip',
            'flip_direction',
            'text',
            'tags',
            'contrast_conv',
            'custom_entities',
            'tokens_positive',
            'dataset_mode',
            'conversations',
            'region_conversations',
        ),
        type='PackDetInputs'),
]
use_short_cap = False
use_uniform_prompt = True
v3det_dataset = dict(
    actual_dataset_mode='OD',
    ann_file='annotations/v3det_2023_v1_train_vg7.jsonl',
    backend_args=None,
    clean_caption=True,
    data_prefix=dict(img=''),
    data_root='../grounding_data/v3det/',
    filter_cfg=dict(filter_empty_gt=False),
    label_map_file=None,
    pipeline=[
        dict(backend_args=None, type='LoadImageFromFile'),
        dict(type='LoadAnnotations', with_bbox=True),
        dict(
            keep_ratio=True,
            scales=[
                (
                    480,
                    1333,
                ),
                (
                    512,
                    1333,
                ),
                (
                    544,
                    1333,
                ),
                (
                    576,
                    1333,
                ),
                (
                    608,
                    1333,
                ),
                (
                    640,
                    1333,
                ),
                (
                    672,
                    1333,
                ),
                (
                    704,
                    1333,
                ),
                (
                    736,
                    1333,
                ),
                (
                    768,
                    1333,
                ),
                (
                    800,
                    1333,
                ),
            ],
            type='RandomChoiceResize'),
        dict(min_gt_bbox_wh=(
            0.01,
            0.01,
        ), type='FilterAnnotations'),
        dict(
            lmm_max_token_length=1600,
            max_tokens=256,
            num_region_caption=16,
            num_sample_negative=85,
            tokenizer_name='../huggingface/bert-base-uncased/',
            tokenizer_name2=
            '../huggingface/my_llava-onevision-qwen2-0.5b-ov-2/',
            type='RandomSamplingNegPos2'),
        dict(
            meta_keys=(
                'img_id',
                'img_path',
                'ori_shape',
                'img_shape',
                'scale_factor',
                'flip',
                'flip_direction',
                'text',
                'tags',
                'contrast_conv',
                'custom_entities',
                'tokens_positive',
                'dataset_mode',
                'conversations',
                'region_conversations',
            ),
            type='PackDetInputs'),
    ],
    return_classes=True,
    type='ODVGDataset',
    use_short_cap=False,
    use_uniform_prompt=True)
val_cfg = dict(type='ValLoop')
val_dataloader = dict(
    batch_size=1,
    dataset=dict(
        actual_dataset_mode='VG',
        ann_file='student_behavior_emotion_vg7_val.jsonl',
        backend_args=None,
        clean_caption=True,
        data_prefix=dict(img='frames'),
        data_root='../grounding_data/frames1/',
        filter_cfg=dict(filter_empty_gt=False),
        label_map_file=None,
        pipeline=[
            dict(
                backend_args=None,
                imdecode_backend='pillow',
                type='LoadImageFromFile'),
            dict(
                backend='pillow',
                keep_ratio=True,
                scale=(
                    800,
                    1333,
                ),
                type='FixScaleResize'),
            dict(type='LoadAnnotations', with_bbox=True),
            dict(
                meta_keys=(
                    'img_id',
                    'img_path',
                    'ori_shape',
                    'img_shape',
                    'scale_factor',
                    'text',
                    'custom_entities',
                    'tokens_positive',
                    'dataset_mode',
                ),
                type='PackDetInputs'),
        ],
        return_classes=True,
        test_mode=True,
        type='ODVGDataset',
        use_short_cap=False,
        use_uniform_prompt=True),
    drop_last=False,
    num_workers=2,
    persistent_workers=True,
    sampler=dict(shuffle=False, type='DefaultSampler'))
val_evaluator = dict(
    iou_thrs=0.5, topk=(
        1,
        5,
        10,
    ), type='ODVGRecallMetric')
vis_backends = [
    dict(type='LocalVisBackend'),
]
visualizer = dict(
    name='visualizer',
    type='DetLocalVisualizer',
    vis_backends=[
        dict(type='LocalVisBackend'),
    ])
work_dir = './work_dirs/grounding_dino_swin_t'

2026/02/05 19:29:43 - mmengine - INFO - Hooks will be executed in the following order:
before_run:
(VERY_HIGH   ) RuntimeInfoHook                    
(BELOW_NORMAL) LoggerHook                         
 -------------------- 
before_train:
(VERY_HIGH   ) RuntimeInfoHook                    
(NORMAL      ) IterTimerHook                      
(VERY_LOW    ) CheckpointHook                     
 -------------------- 
before_train_epoch:
(VERY_HIGH   ) RuntimeInfoHook                    
(NORMAL      ) IterTimerHook                      
(NORMAL      ) DistSamplerSeedHook                
 -------------------- 
before_train_iter:
(VERY_HIGH   ) RuntimeInfoHook                    
(NORMAL      ) IterTimerHook                      
 -------------------- 
after_train_iter:
(VERY_HIGH   ) RuntimeInfoHook                    
(NORMAL      ) IterTimerHook                      
(BELOW_NORMAL) LoggerHook                         
(LOW         ) ParamSchedulerHook                 
(VERY_LOW    ) CheckpointHook                     
 -------------------- 
after_train_epoch:
(NORMAL      ) IterTimerHook                      
(LOW         ) ParamSchedulerHook                 
(VERY_LOW    ) CheckpointHook                     
 -------------------- 
before_val:
(VERY_HIGH   ) RuntimeInfoHook                    
 -------------------- 
before_val_epoch:
(NORMAL      ) IterTimerHook                      
 -------------------- 
before_val_iter:
(NORMAL      ) IterTimerHook                      
 -------------------- 
after_val_iter:
(NORMAL      ) IterTimerHook                      
(NORMAL      ) GroundingVisualizationHook         
(BELOW_NORMAL) LoggerHook                         
 -------------------- 
after_val_epoch:
(VERY_HIGH   ) RuntimeInfoHook                    
(NORMAL      ) IterTimerHook                      
(BELOW_NORMAL) LoggerHook                         
(LOW         ) ParamSchedulerHook                 
(VERY_LOW    ) CheckpointHook                     
 -------------------- 
after_val:
(VERY_HIGH   ) RuntimeInfoHook                    
 -------------------- 
after_train:
(VERY_HIGH   ) RuntimeInfoHook                    
(VERY_LOW    ) CheckpointHook                     
 -------------------- 
before_test:
(VERY_HIGH   ) RuntimeInfoHook                    
 -------------------- 
before_test_epoch:
(NORMAL      ) IterTimerHook                      
 -------------------- 
before_test_iter:
(NORMAL      ) IterTimerHook                      
 -------------------- 
after_test_iter:
(NORMAL      ) IterTimerHook                      
(NORMAL      ) GroundingVisualizationHook         
(BELOW_NORMAL) LoggerHook                         
 -------------------- 
after_test_epoch:
(VERY_HIGH   ) RuntimeInfoHook                    
(NORMAL      ) IterTimerHook                      
(BELOW_NORMAL) LoggerHook                         
 -------------------- 
after_test:
(VERY_HIGH   ) RuntimeInfoHook                    
 -------------------- 
after_run:
(BELOW_NORMAL) LoggerHook                         
 -------------------- 
2026/02/05 19:30:07 - mmengine - WARNING - backbone.patch_embed.projection.weight is skipped since its requires_grad=False
2026/02/05 19:30:07 - mmengine - WARNING - backbone.patch_embed.projection.bias is skipped since its requires_grad=False
2026/02/05 19:30:07 - mmengine - WARNING - backbone.patch_embed.norm.weight is skipped since its requires_grad=False
2026/02/05 19:30:07 - mmengine - WARNING - backbone.patch_embed.norm.bias is skipped since its requires_grad=False
2026/02/05 19:30:07 - mmengine - WARNING - backbone.stages.0.blocks.0.norm1.weight is skipped since its requires_grad=False
2026/02/05 19:30:07 - mmengine - WARNING - backbone.stages.0.blocks.0.norm1.bias is skipped since its requires_grad=False
2026/02/05 19:30:07 - mmengine - WARNING - backbone.stages.0.blocks.0.attn.w_msa.relative_position_bias_table is skipped since its requires_grad=False
2026/02/05 19:30:07 - mmengine - WARNING - backbone.stages.0.blocks.0.attn.w_msa.qkv.weight is skipped since its requires_grad=False
2026/02/05 19:30:07 - mmengine - WARNING - backbone.stages.0.blocks.0.attn.w_msa.qkv.bias is skipped since its requires_grad=False
2026/02/05 19:30:07 - mmengine - WARNING - backbone.stages.0.blocks.0.attn.w_msa.proj.weight is skipped since its requires_grad=False
2026/02/05 19:30:07 - mmengine - WARNING - backbone.stages.0.blocks.0.attn.w_msa.proj.bias is skipped since its requires_grad=False
2026/02/05 19:30:07 - mmengine - WARNING - backbone.stages.0.blocks.0.norm2.weight is skipped since its requires_grad=False
2026/02/05 19:30:07 - mmengine - WARNING - backbone.stages.0.blocks.0.norm2.bias is skipped since its requires_grad=False
2026/02/05 19:30:07 - mmengine - WARNING - backbone.stages.0.blocks.0.ffn.layers.0.0.weight is skipped since its requires_grad=False
2026/02/05 19:30:07 - mmengine - WARNING - backbone.stages.0.blocks.0.ffn.layers.0.0.bias is skipped since its requires_grad=False
2026/02/05 19:30:07 - mmengine - WARNING - backbone.stages.0.blocks.0.ffn.layers.1.weight is skipped since its requires_grad=False
2026/02/05 19:30:07 - mmengine - WARNING - backbone.stages.0.blocks.0.ffn.layers.1.bias is skipped since its requires_grad=False
2026/02/05 19:30:07 - mmengine - WARNING - backbone.stages.0.blocks.1.norm1.weight is skipped since its requires_grad=False
2026/02/05 19:30:07 - mmengine - WARNING - backbone.stages.0.blocks.1.norm1.bias is skipped since its requires_grad=False
2026/02/05 19:30:07 - mmengine - WARNING - backbone.stages.0.blocks.1.attn.w_msa.relative_position_bias_table is skipped since its requires_grad=False
2026/02/05 19:30:07 - mmengine - WARNING - backbone.stages.0.blocks.1.attn.w_msa.qkv.weight is skipped since its requires_grad=False
2026/02/05 19:30:07 - mmengine - WARNING - backbone.stages.0.blocks.1.attn.w_msa.qkv.bias is skipped since its requires_grad=False
2026/02/05 19:30:07 - mmengine - WARNING - backbone.stages.0.blocks.1.attn.w_msa.proj.weight is skipped since its requires_grad=False
2026/02/05 19:30:07 - mmengine - WARNING - backbone.stages.0.blocks.1.attn.w_msa.proj.bias is skipped since its requires_grad=False
2026/02/05 19:30:07 - mmengine - WARNING - backbone.stages.0.blocks.1.norm2.weight is skipped since its requires_grad=False
2026/02/05 19:30:07 - mmengine - WARNING - backbone.stages.0.blocks.1.norm2.bias is skipped since its requires_grad=False
2026/02/05 19:30:07 - mmengine - WARNING - backbone.stages.0.blocks.1.ffn.layers.0.0.weight is skipped since its requires_grad=False
2026/02/05 19:30:07 - mmengine - WARNING - backbone.stages.0.blocks.1.ffn.layers.0.0.bias is skipped since its requires_grad=False
2026/02/05 19:30:07 - mmengine - WARNING - backbone.stages.0.blocks.1.ffn.layers.1.weight is skipped since its requires_grad=False
2026/02/05 19:30:07 - mmengine - WARNING - backbone.stages.0.blocks.1.ffn.layers.1.bias is skipped since its requires_grad=False
2026/02/05 19:30:07 - mmengine - WARNING - backbone.stages.0.downsample.norm.weight is skipped since its requires_grad=False
2026/02/05 19:30:07 - mmengine - WARNING - backbone.stages.0.downsample.norm.bias is skipped since its requires_grad=False
2026/02/05 19:30:07 - mmengine - WARNING - backbone.stages.0.downsample.reduction.weight is skipped since its requires_grad=False
2026/02/05 19:30:07 - mmengine - WARNING - backbone.stages.1.blocks.0.norm1.weight is skipped since its requires_grad=False
2026/02/05 19:30:07 - mmengine - WARNING - backbone.stages.1.blocks.0.norm1.bias is skipped since its requires_grad=False
2026/02/05 19:30:07 - mmengine - WARNING - backbone.stages.1.blocks.0.attn.w_msa.relative_position_bias_table is skipped since its requires_grad=False
2026/02/05 19:30:07 - mmengine - WARNING - backbone.stages.1.blocks.0.attn.w_msa.qkv.weight is skipped since its requires_grad=False
2026/02/05 19:30:07 - mmengine - WARNING - backbone.stages.1.blocks.0.attn.w_msa.qkv.bias is skipped since its requires_grad=False
2026/02/05 19:30:07 - mmengine - WARNING - backbone.stages.1.blocks.0.attn.w_msa.proj.weight is skipped since its requires_grad=False
2026/02/05 19:30:07 - mmengine - WARNING - backbone.stages.1.blocks.0.attn.w_msa.proj.bias is skipped since its requires_grad=False
2026/02/05 19:30:07 - mmengine - WARNING - backbone.stages.1.blocks.0.norm2.weight is skipped since its requires_grad=False
2026/02/05 19:30:07 - mmengine - WARNING - backbone.stages.1.blocks.0.norm2.bias is skipped since its requires_grad=False
2026/02/05 19:30:07 - mmengine - WARNING - backbone.stages.1.blocks.0.ffn.layers.0.0.weight is skipped since its requires_grad=False
2026/02/05 19:30:07 - mmengine - WARNING - backbone.stages.1.blocks.0.ffn.layers.0.0.bias is skipped since its requires_grad=False
2026/02/05 19:30:07 - mmengine - WARNING - backbone.stages.1.blocks.0.ffn.layers.1.weight is skipped since its requires_grad=False
2026/02/05 19:30:07 - mmengine - WARNING - backbone.stages.1.blocks.0.ffn.layers.1.bias is skipped since its requires_grad=False
2026/02/05 19:30:07 - mmengine - WARNING - backbone.stages.1.blocks.1.norm1.weight is skipped since its requires_grad=False
2026/02/05 19:30:07 - mmengine - WARNING - backbone.stages.1.blocks.1.norm1.bias is skipped since its requires_grad=False
2026/02/05 19:30:07 - mmengine - WARNING - backbone.stages.1.blocks.1.attn.w_msa.relative_position_bias_table is skipped since its requires_grad=False
2026/02/05 19:30:07 - mmengine - WARNING - backbone.stages.1.blocks.1.attn.w_msa.qkv.weight is skipped since its requires_grad=False
2026/02/05 19:30:07 - mmengine - WARNING - backbone.stages.1.blocks.1.attn.w_msa.qkv.bias is skipped since its requires_grad=False
2026/02/05 19:30:07 - mmengine - WARNING - backbone.stages.1.blocks.1.attn.w_msa.proj.weight is skipped since its requires_grad=False
2026/02/05 19:30:07 - mmengine - WARNING - backbone.stages.1.blocks.1.attn.w_msa.proj.bias is skipped since its requires_grad=False
2026/02/05 19:30:07 - mmengine - WARNING - backbone.stages.1.blocks.1.norm2.weight is skipped since its requires_grad=False
2026/02/05 19:30:07 - mmengine - WARNING - backbone.stages.1.blocks.1.norm2.bias is skipped since its requires_grad=False
2026/02/05 19:30:07 - mmengine - WARNING - backbone.stages.1.blocks.1.ffn.layers.0.0.weight is skipped since its requires_grad=False
2026/02/05 19:30:07 - mmengine - WARNING - backbone.stages.1.blocks.1.ffn.layers.0.0.bias is skipped since its requires_grad=False
2026/02/05 19:30:07 - mmengine - WARNING - backbone.stages.1.blocks.1.ffn.layers.1.weight is skipped since its requires_grad=False
2026/02/05 19:30:07 - mmengine - WARNING - backbone.stages.1.blocks.1.ffn.layers.1.bias is skipped since its requires_grad=False
2026/02/05 19:30:07 - mmengine - WARNING - backbone.stages.1.downsample.norm.weight is skipped since its requires_grad=False
2026/02/05 19:30:07 - mmengine - WARNING - backbone.stages.1.downsample.norm.bias is skipped since its requires_grad=False
2026/02/05 19:30:07 - mmengine - WARNING - backbone.stages.1.downsample.reduction.weight is skipped since its requires_grad=False
2026/02/05 19:30:07 - mmengine - WARNING - backbone.stages.2.blocks.0.norm1.weight is skipped since its requires_grad=False
2026/02/05 19:30:07 - mmengine - WARNING - backbone.stages.2.blocks.0.norm1.bias is skipped since its requires_grad=False
2026/02/05 19:30:07 - mmengine - WARNING - backbone.stages.2.blocks.0.attn.w_msa.relative_position_bias_table is skipped since its requires_grad=False
2026/02/05 19:30:07 - mmengine - WARNING - backbone.stages.2.blocks.0.attn.w_msa.qkv.weight is skipped since its requires_grad=False
2026/02/05 19:30:07 - mmengine - WARNING - backbone.stages.2.blocks.0.attn.w_msa.qkv.bias is skipped since its requires_grad=False
2026/02/05 19:30:07 - mmengine - WARNING - backbone.stages.2.blocks.0.attn.w_msa.proj.weight is skipped since its requires_grad=False
2026/02/05 19:30:07 - mmengine - WARNING - backbone.stages.2.blocks.0.attn.w_msa.proj.bias is skipped since its requires_grad=False
2026/02/05 19:30:07 - mmengine - WARNING - backbone.stages.2.blocks.0.norm2.weight is skipped since its requires_grad=False
2026/02/05 19:30:07 - mmengine - WARNING - backbone.stages.2.blocks.0.norm2.bias is skipped since its requires_grad=False
2026/02/05 19:30:07 - mmengine - WARNING - backbone.stages.2.blocks.0.ffn.layers.0.0.weight is skipped since its requires_grad=False
2026/02/05 19:30:07 - mmengine - WARNING - backbone.stages.2.blocks.0.ffn.layers.0.0.bias is skipped since its requires_grad=False
2026/02/05 19:30:07 - mmengine - WARNING - backbone.stages.2.blocks.0.ffn.layers.1.weight is skipped since its requires_grad=False
2026/02/05 19:30:07 - mmengine - WARNING - backbone.stages.2.blocks.0.ffn.layers.1.bias is skipped since its requires_grad=False
2026/02/05 19:30:07 - mmengine - WARNING - backbone.stages.2.blocks.1.norm1.weight is skipped since its requires_grad=False
2026/02/05 19:30:07 - mmengine - WARNING - backbone.stages.2.blocks.1.norm1.bias is skipped since its requires_grad=False
2026/02/05 19:30:07 - mmengine - WARNING - backbone.stages.2.blocks.1.attn.w_msa.relative_position_bias_table is skipped since its requires_grad=False
2026/02/05 19:30:07 - mmengine - WARNING - backbone.stages.2.blocks.1.attn.w_msa.qkv.weight is skipped since its requires_grad=False
2026/02/05 19:30:07 - mmengine - WARNING - backbone.stages.2.blocks.1.attn.w_msa.qkv.bias is skipped since its requires_grad=False
2026/02/05 19:30:07 - mmengine - WARNING - backbone.stages.2.blocks.1.attn.w_msa.proj.weight is skipped since its requires_grad=False
2026/02/05 19:30:07 - mmengine - WARNING - backbone.stages.2.blocks.1.attn.w_msa.proj.bias is skipped since its requires_grad=False
2026/02/05 19:30:07 - mmengine - WARNING - backbone.stages.2.blocks.1.norm2.weight is skipped since its requires_grad=False
2026/02/05 19:30:07 - mmengine - WARNING - backbone.stages.2.blocks.1.norm2.bias is skipped since its requires_grad=False
2026/02/05 19:30:07 - mmengine - WARNING - backbone.stages.2.blocks.1.ffn.layers.0.0.weight is skipped since its requires_grad=False
2026/02/05 19:30:07 - mmengine - WARNING - backbone.stages.2.blocks.1.ffn.layers.0.0.bias is skipped since its requires_grad=False
2026/02/05 19:30:07 - mmengine - WARNING - backbone.stages.2.blocks.1.ffn.layers.1.weight is skipped since its requires_grad=False
2026/02/05 19:30:07 - mmengine - WARNING - backbone.stages.2.blocks.1.ffn.layers.1.bias is skipped since its requires_grad=False
2026/02/05 19:30:07 - mmengine - WARNING - backbone.stages.2.blocks.2.norm1.weight is skipped since its requires_grad=False
2026/02/05 19:30:07 - mmengine - WARNING - backbone.stages.2.blocks.2.norm1.bias is skipped since its requires_grad=False
2026/02/05 19:30:07 - mmengine - WARNING - backbone.stages.2.blocks.2.attn.w_msa.relative_position_bias_table is skipped since its requires_grad=False
2026/02/05 19:30:07 - mmengine - WARNING - backbone.stages.2.blocks.2.attn.w_msa.qkv.weight is skipped since its requires_grad=False
2026/02/05 19:30:07 - mmengine - WARNING - backbone.stages.2.blocks.2.attn.w_msa.qkv.bias is skipped since its requires_grad=False
2026/02/05 19:30:07 - mmengine - WARNING - backbone.stages.2.blocks.2.attn.w_msa.proj.weight is skipped since its requires_grad=False
2026/02/05 19:30:07 - mmengine - WARNING - backbone.stages.2.blocks.2.attn.w_msa.proj.bias is skipped since its requires_grad=False
2026/02/05 19:30:07 - mmengine - WARNING - backbone.stages.2.blocks.2.norm2.weight is skipped since its requires_grad=False
2026/02/05 19:30:07 - mmengine - WARNING - backbone.stages.2.blocks.2.norm2.bias is skipped since its requires_grad=False
2026/02/05 19:30:07 - mmengine - WARNING - backbone.stages.2.blocks.2.ffn.layers.0.0.weight is skipped since its requires_grad=False
2026/02/05 19:30:07 - mmengine - WARNING - backbone.stages.2.blocks.2.ffn.layers.0.0.bias is skipped since its requires_grad=False
2026/02/05 19:30:07 - mmengine - WARNING - backbone.stages.2.blocks.2.ffn.layers.1.weight is skipped since its requires_grad=False
2026/02/05 19:30:07 - mmengine - WARNING - backbone.stages.2.blocks.2.ffn.layers.1.bias is skipped since its requires_grad=False
2026/02/05 19:30:07 - mmengine - WARNING - backbone.stages.2.blocks.3.norm1.weight is skipped since its requires_grad=False
2026/02/05 19:30:07 - mmengine - WARNING - backbone.stages.2.blocks.3.norm1.bias is skipped since its requires_grad=False
2026/02/05 19:30:07 - mmengine - WARNING - backbone.stages.2.blocks.3.attn.w_msa.relative_position_bias_table is skipped since its requires_grad=False
2026/02/05 19:30:07 - mmengine - WARNING - backbone.stages.2.blocks.3.attn.w_msa.qkv.weight is skipped since its requires_grad=False
2026/02/05 19:30:07 - mmengine - WARNING - backbone.stages.2.blocks.3.attn.w_msa.qkv.bias is skipped since its requires_grad=False
2026/02/05 19:30:07 - mmengine - WARNING - backbone.stages.2.blocks.3.attn.w_msa.proj.weight is skipped since its requires_grad=False
2026/02/05 19:30:07 - mmengine - WARNING - backbone.stages.2.blocks.3.attn.w_msa.proj.bias is skipped since its requires_grad=False
2026/02/05 19:30:07 - mmengine - WARNING - backbone.stages.2.blocks.3.norm2.weight is skipped since its requires_grad=False
2026/02/05 19:30:07 - mmengine - WARNING - backbone.stages.2.blocks.3.norm2.bias is skipped since its requires_grad=False
2026/02/05 19:30:07 - mmengine - WARNING - backbone.stages.2.blocks.3.ffn.layers.0.0.weight is skipped since its requires_grad=False
2026/02/05 19:30:07 - mmengine - WARNING - backbone.stages.2.blocks.3.ffn.layers.0.0.bias is skipped since its requires_grad=False
2026/02/05 19:30:07 - mmengine - WARNING - backbone.stages.2.blocks.3.ffn.layers.1.weight is skipped since its requires_grad=False
2026/02/05 19:30:07 - mmengine - WARNING - backbone.stages.2.blocks.3.ffn.layers.1.bias is skipped since its requires_grad=False
2026/02/05 19:30:07 - mmengine - WARNING - backbone.stages.2.blocks.4.norm1.weight is skipped since its requires_grad=False
2026/02/05 19:30:07 - mmengine - WARNING - backbone.stages.2.blocks.4.norm1.bias is skipped since its requires_grad=False
2026/02/05 19:30:07 - mmengine - WARNING - backbone.stages.2.blocks.4.attn.w_msa.relative_position_bias_table is skipped since its requires_grad=False
2026/02/05 19:30:07 - mmengine - WARNING - backbone.stages.2.blocks.4.attn.w_msa.qkv.weight is skipped since its requires_grad=False
2026/02/05 19:30:07 - mmengine - WARNING - backbone.stages.2.blocks.4.attn.w_msa.qkv.bias is skipped since its requires_grad=False
2026/02/05 19:30:07 - mmengine - WARNING - backbone.stages.2.blocks.4.attn.w_msa.proj.weight is skipped since its requires_grad=False
2026/02/05 19:30:07 - mmengine - WARNING - backbone.stages.2.blocks.4.attn.w_msa.proj.bias is skipped since its requires_grad=False
2026/02/05 19:30:07 - mmengine - WARNING - backbone.stages.2.blocks.4.norm2.weight is skipped since its requires_grad=False
2026/02/05 19:30:07 - mmengine - WARNING - backbone.stages.2.blocks.4.norm2.bias is skipped since its requires_grad=False
2026/02/05 19:30:07 - mmengine - WARNING - backbone.stages.2.blocks.4.ffn.layers.0.0.weight is skipped since its requires_grad=False
2026/02/05 19:30:07 - mmengine - WARNING - backbone.stages.2.blocks.4.ffn.layers.0.0.bias is skipped since its requires_grad=False
2026/02/05 19:30:07 - mmengine - WARNING - backbone.stages.2.blocks.4.ffn.layers.1.weight is skipped since its requires_grad=False
2026/02/05 19:30:07 - mmengine - WARNING - backbone.stages.2.blocks.4.ffn.layers.1.bias is skipped since its requires_grad=False
2026/02/05 19:30:07 - mmengine - WARNING - backbone.stages.2.blocks.5.norm1.weight is skipped since its requires_grad=False
2026/02/05 19:30:07 - mmengine - WARNING - backbone.stages.2.blocks.5.norm1.bias is skipped since its requires_grad=False
2026/02/05 19:30:07 - mmengine - WARNING - backbone.stages.2.blocks.5.attn.w_msa.relative_position_bias_table is skipped since its requires_grad=False
2026/02/05 19:30:07 - mmengine - WARNING - backbone.stages.2.blocks.5.attn.w_msa.qkv.weight is skipped since its requires_grad=False
2026/02/05 19:30:07 - mmengine - WARNING - backbone.stages.2.blocks.5.attn.w_msa.qkv.bias is skipped since its requires_grad=False
2026/02/05 19:30:07 - mmengine - WARNING - backbone.stages.2.blocks.5.attn.w_msa.proj.weight is skipped since its requires_grad=False
2026/02/05 19:30:07 - mmengine - WARNING - backbone.stages.2.blocks.5.attn.w_msa.proj.bias is skipped since its requires_grad=False
2026/02/05 19:30:07 - mmengine - WARNING - backbone.stages.2.blocks.5.norm2.weight is skipped since its requires_grad=False
2026/02/05 19:30:07 - mmengine - WARNING - backbone.stages.2.blocks.5.norm2.bias is skipped since its requires_grad=False
2026/02/05 19:30:07 - mmengine - WARNING - backbone.stages.2.blocks.5.ffn.layers.0.0.weight is skipped since its requires_grad=False
2026/02/05 19:30:07 - mmengine - WARNING - backbone.stages.2.blocks.5.ffn.layers.0.0.bias is skipped since its requires_grad=False
2026/02/05 19:30:07 - mmengine - WARNING - backbone.stages.2.blocks.5.ffn.layers.1.weight is skipped since its requires_grad=False
2026/02/05 19:30:07 - mmengine - WARNING - backbone.stages.2.blocks.5.ffn.layers.1.bias is skipped since its requires_grad=False
2026/02/05 19:30:07 - mmengine - WARNING - backbone.stages.2.downsample.norm.weight is skipped since its requires_grad=False
2026/02/05 19:30:07 - mmengine - WARNING - backbone.stages.2.downsample.norm.bias is skipped since its requires_grad=False
2026/02/05 19:30:07 - mmengine - WARNING - backbone.stages.2.downsample.reduction.weight is skipped since its requires_grad=False
2026/02/05 19:30:07 - mmengine - WARNING - backbone.stages.3.blocks.0.norm1.weight is skipped since its requires_grad=False
2026/02/05 19:30:07 - mmengine - WARNING - backbone.stages.3.blocks.0.norm1.bias is skipped since its requires_grad=False
2026/02/05 19:30:07 - mmengine - WARNING - backbone.stages.3.blocks.0.attn.w_msa.relative_position_bias_table is skipped since its requires_grad=False
2026/02/05 19:30:07 - mmengine - WARNING - backbone.stages.3.blocks.0.attn.w_msa.qkv.weight is skipped since its requires_grad=False
2026/02/05 19:30:07 - mmengine - WARNING - backbone.stages.3.blocks.0.attn.w_msa.qkv.bias is skipped since its requires_grad=False
2026/02/05 19:30:07 - mmengine - WARNING - backbone.stages.3.blocks.0.attn.w_msa.proj.weight is skipped since its requires_grad=False
2026/02/05 19:30:07 - mmengine - WARNING - backbone.stages.3.blocks.0.attn.w_msa.proj.bias is skipped since its requires_grad=False
2026/02/05 19:30:07 - mmengine - WARNING - backbone.stages.3.blocks.0.norm2.weight is skipped since its requires_grad=False
2026/02/05 19:30:07 - mmengine - WARNING - backbone.stages.3.blocks.0.norm2.bias is skipped since its requires_grad=False
2026/02/05 19:30:07 - mmengine - WARNING - backbone.stages.3.blocks.0.ffn.layers.0.0.weight is skipped since its requires_grad=False
2026/02/05 19:30:07 - mmengine - WARNING - backbone.stages.3.blocks.0.ffn.layers.0.0.bias is skipped since its requires_grad=False
2026/02/05 19:30:07 - mmengine - WARNING - backbone.stages.3.blocks.0.ffn.layers.1.weight is skipped since its requires_grad=False
2026/02/05 19:30:07 - mmengine - WARNING - backbone.stages.3.blocks.0.ffn.layers.1.bias is skipped since its requires_grad=False
2026/02/05 19:30:07 - mmengine - WARNING - backbone.stages.3.blocks.1.norm1.weight is skipped since its requires_grad=False
2026/02/05 19:30:07 - mmengine - WARNING - backbone.stages.3.blocks.1.norm1.bias is skipped since its requires_grad=False
2026/02/05 19:30:07 - mmengine - WARNING - backbone.stages.3.blocks.1.attn.w_msa.relative_position_bias_table is skipped since its requires_grad=False
2026/02/05 19:30:07 - mmengine - WARNING - backbone.stages.3.blocks.1.attn.w_msa.qkv.weight is skipped since its requires_grad=False
2026/02/05 19:30:07 - mmengine - WARNING - backbone.stages.3.blocks.1.attn.w_msa.qkv.bias is skipped since its requires_grad=False
2026/02/05 19:30:07 - mmengine - WARNING - backbone.stages.3.blocks.1.attn.w_msa.proj.weight is skipped since its requires_grad=False
2026/02/05 19:30:07 - mmengine - WARNING - backbone.stages.3.blocks.1.attn.w_msa.proj.bias is skipped since its requires_grad=False
2026/02/05 19:30:07 - mmengine - WARNING - backbone.stages.3.blocks.1.norm2.weight is skipped since its requires_grad=False
2026/02/05 19:30:07 - mmengine - WARNING - backbone.stages.3.blocks.1.norm2.bias is skipped since its requires_grad=False
2026/02/05 19:30:07 - mmengine - WARNING - backbone.stages.3.blocks.1.ffn.layers.0.0.weight is skipped since its requires_grad=False
2026/02/05 19:30:07 - mmengine - WARNING - backbone.stages.3.blocks.1.ffn.layers.0.0.bias is skipped since its requires_grad=False
2026/02/05 19:30:07 - mmengine - WARNING - backbone.stages.3.blocks.1.ffn.layers.1.weight is skipped since its requires_grad=False
2026/02/05 19:30:07 - mmengine - WARNING - backbone.stages.3.blocks.1.ffn.layers.1.bias is skipped since its requires_grad=False
2026/02/05 19:30:07 - mmengine - WARNING - backbone.norm1.weight is skipped since its requires_grad=False
2026/02/05 19:30:07 - mmengine - WARNING - backbone.norm1.bias is skipped since its requires_grad=False
2026/02/05 19:30:07 - mmengine - WARNING - backbone.norm2.weight is skipped since its requires_grad=False
2026/02/05 19:30:07 - mmengine - WARNING - backbone.norm2.bias is skipped since its requires_grad=False
2026/02/05 19:30:07 - mmengine - WARNING - backbone.norm3.weight is skipped since its requires_grad=False
2026/02/05 19:30:07 - mmengine - WARNING - backbone.norm3.bias is skipped since its requires_grad=False
2026/02/05 19:30:07 - mmengine - WARNING - neck.convs.0.conv.weight is skipped since its requires_grad=False
2026/02/05 19:30:07 - mmengine - WARNING - neck.convs.0.conv.bias is skipped since its requires_grad=False
2026/02/05 19:30:07 - mmengine - WARNING - neck.convs.0.gn.weight is skipped since its requires_grad=False
2026/02/05 19:30:07 - mmengine - WARNING - neck.convs.0.gn.bias is skipped since its requires_grad=False
2026/02/05 19:30:07 - mmengine - WARNING - neck.convs.1.conv.weight is skipped since its requires_grad=False
2026/02/05 19:30:07 - mmengine - WARNING - neck.convs.1.conv.bias is skipped since its requires_grad=False
2026/02/05 19:30:07 - mmengine - WARNING - neck.convs.1.gn.weight is skipped since its requires_grad=False
2026/02/05 19:30:07 - mmengine - WARNING - neck.convs.1.gn.bias is skipped since its requires_grad=False
2026/02/05 19:30:07 - mmengine - WARNING - neck.convs.2.conv.weight is skipped since its requires_grad=False
2026/02/05 19:30:07 - mmengine - WARNING - neck.convs.2.conv.bias is skipped since its requires_grad=False
2026/02/05 19:30:07 - mmengine - WARNING - neck.convs.2.gn.weight is skipped since its requires_grad=False
2026/02/05 19:30:07 - mmengine - WARNING - neck.convs.2.gn.bias is skipped since its requires_grad=False
2026/02/05 19:30:07 - mmengine - WARNING - neck.extra_convs.0.conv.weight is skipped since its requires_grad=False
2026/02/05 19:30:07 - mmengine - WARNING - neck.extra_convs.0.conv.bias is skipped since its requires_grad=False
2026/02/05 19:30:07 - mmengine - WARNING - neck.extra_convs.0.gn.weight is skipped since its requires_grad=False
2026/02/05 19:30:07 - mmengine - WARNING - neck.extra_convs.0.gn.bias is skipped since its requires_grad=False
2026/02/05 19:30:07 - mmengine - INFO - paramwise_options -- language_model.language_backbone.body.model.embeddings.word_embeddings.weight:lr=1e-05
2026/02/05 19:30:07 - mmengine - INFO - paramwise_options -- language_model.language_backbone.body.model.embeddings.word_embeddings.weight:weight_decay=0.0001
2026/02/05 19:30:07 - mmengine - INFO - paramwise_options -- language_model.language_backbone.body.model.embeddings.word_embeddings.weight:lr_mult=0.1
2026/02/05 19:30:07 - mmengine - INFO - paramwise_options -- language_model.language_backbone.body.model.embeddings.position_embeddings.weight:lr=1e-05
2026/02/05 19:30:07 - mmengine - INFO - paramwise_options -- language_model.language_backbone.body.model.embeddings.position_embeddings.weight:weight_decay=0.0001
2026/02/05 19:30:07 - mmengine - INFO - paramwise_options -- language_model.language_backbone.body.model.embeddings.position_embeddings.weight:lr_mult=0.1
2026/02/05 19:30:07 - mmengine - INFO - paramwise_options -- language_model.language_backbone.body.model.embeddings.token_type_embeddings.weight:lr=1e-05
2026/02/05 19:30:07 - mmengine - INFO - paramwise_options -- language_model.language_backbone.body.model.embeddings.token_type_embeddings.weight:weight_decay=0.0001
2026/02/05 19:30:07 - mmengine - INFO - paramwise_options -- language_model.language_backbone.body.model.embeddings.token_type_embeddings.weight:lr_mult=0.1
2026/02/05 19:30:07 - mmengine - INFO - paramwise_options -- language_model.language_backbone.body.model.embeddings.LayerNorm.weight:lr=1e-05
2026/02/05 19:30:07 - mmengine - INFO - paramwise_options -- language_model.language_backbone.body.model.embeddings.LayerNorm.weight:weight_decay=0.0001
2026/02/05 19:30:07 - mmengine - INFO - paramwise_options -- language_model.language_backbone.body.model.embeddings.LayerNorm.weight:lr_mult=0.1
2026/02/05 19:30:07 - mmengine - INFO - paramwise_options -- language_model.language_backbone.body.model.embeddings.LayerNorm.bias:lr=1e-05
2026/02/05 19:30:07 - mmengine - INFO - paramwise_options -- language_model.language_backbone.body.model.embeddings.LayerNorm.bias:weight_decay=0.0001
2026/02/05 19:30:07 - mmengine - INFO - paramwise_options -- language_model.language_backbone.body.model.embeddings.LayerNorm.bias:lr_mult=0.1
2026/02/05 19:30:07 - mmengine - INFO - paramwise_options -- language_model.language_backbone.body.model.encoder.layer.0.attention.self.query.weight:lr=1e-05
2026/02/05 19:30:07 - mmengine - INFO - paramwise_options -- language_model.language_backbone.body.model.encoder.layer.0.attention.self.query.weight:weight_decay=0.0001
2026/02/05 19:30:07 - mmengine - INFO - paramwise_options -- language_model.language_backbone.body.model.encoder.layer.0.attention.self.query.weight:lr_mult=0.1
2026/02/05 19:30:07 - mmengine - INFO - paramwise_options -- language_model.language_backbone.body.model.encoder.layer.0.attention.self.query.bias:lr=1e-05
2026/02/05 19:30:07 - mmengine - INFO - paramwise_options -- language_model.language_backbone.body.model.encoder.layer.0.attention.self.query.bias:weight_decay=0.0001
2026/02/05 19:30:07 - mmengine - INFO - paramwise_options -- language_model.language_backbone.body.model.encoder.layer.0.attention.self.query.bias:lr_mult=0.1
2026/02/05 19:30:07 - mmengine - INFO - paramwise_options -- language_model.language_backbone.body.model.encoder.layer.0.attention.self.key.weight:lr=1e-05
2026/02/05 19:30:07 - mmengine - INFO - paramwise_options -- language_model.language_backbone.body.model.encoder.layer.0.attention.self.key.weight:weight_decay=0.0001
2026/02/05 19:30:07 - mmengine - INFO - paramwise_options -- language_model.language_backbone.body.model.encoder.layer.0.attention.self.key.weight:lr_mult=0.1
2026/02/05 19:30:07 - mmengine - INFO - paramwise_options -- language_model.language_backbone.body.model.encoder.layer.0.attention.self.key.bias:lr=1e-05
2026/02/05 19:30:07 - mmengine - INFO - paramwise_options -- language_model.language_backbone.body.model.encoder.layer.0.attention.self.key.bias:weight_decay=0.0001
2026/02/05 19:30:07 - mmengine - INFO - paramwise_options -- language_model.language_backbone.body.model.encoder.layer.0.attention.self.key.bias:lr_mult=0.1
2026/02/05 19:30:07 - mmengine - INFO - paramwise_options -- language_model.language_backbone.body.model.encoder.layer.0.attention.self.value.weight:lr=1e-05
2026/02/05 19:30:07 - mmengine - INFO - paramwise_options -- language_model.language_backbone.body.model.encoder.layer.0.attention.self.value.weight:weight_decay=0.0001
2026/02/05 19:30:07 - mmengine - INFO - paramwise_options -- language_model.language_backbone.body.model.encoder.layer.0.attention.self.value.weight:lr_mult=0.1
2026/02/05 19:30:07 - mmengine - INFO - paramwise_options -- language_model.language_backbone.body.model.encoder.layer.0.attention.self.value.bias:lr=1e-05
2026/02/05 19:30:07 - mmengine - INFO - paramwise_options -- language_model.language_backbone.body.model.encoder.layer.0.attention.self.value.bias:weight_decay=0.0001
2026/02/05 19:30:07 - mmengine - INFO - paramwise_options -- language_model.language_backbone.body.model.encoder.layer.0.attention.self.value.bias:lr_mult=0.1
2026/02/05 19:30:07 - mmengine - INFO - paramwise_options -- language_model.language_backbone.body.model.encoder.layer.0.attention.output.dense.weight:lr=1e-05
2026/02/05 19:30:07 - mmengine - INFO - paramwise_options -- language_model.language_backbone.body.model.encoder.layer.0.attention.output.dense.weight:weight_decay=0.0001
2026/02/05 19:30:07 - mmengine - INFO - paramwise_options -- language_model.language_backbone.body.model.encoder.layer.0.attention.output.dense.weight:lr_mult=0.1
2026/02/05 19:30:07 - mmengine - INFO - paramwise_options -- language_model.language_backbone.body.model.encoder.layer.0.attention.output.dense.bias:lr=1e-05
2026/02/05 19:30:07 - mmengine - INFO - paramwise_options -- language_model.language_backbone.body.model.encoder.layer.0.attention.output.dense.bias:weight_decay=0.0001
2026/02/05 19:30:07 - mmengine - INFO - paramwise_options -- language_model.language_backbone.body.model.encoder.layer.0.attention.output.dense.bias:lr_mult=0.1
2026/02/05 19:30:07 - mmengine - INFO - paramwise_options -- language_model.language_backbone.body.model.encoder.layer.0.attention.output.LayerNorm.weight:lr=1e-05
2026/02/05 19:30:07 - mmengine - INFO - paramwise_options -- language_model.language_backbone.body.model.encoder.layer.0.attention.output.LayerNorm.weight:weight_decay=0.0001
2026/02/05 19:30:07 - mmengine - INFO - paramwise_options -- language_model.language_backbone.body.model.encoder.layer.0.attention.output.LayerNorm.weight:lr_mult=0.1
2026/02/05 19:30:07 - mmengine - INFO - paramwise_options -- language_model.language_backbone.body.model.encoder.layer.0.attention.output.LayerNorm.bias:lr=1e-05
2026/02/05 19:30:07 - mmengine - INFO - paramwise_options -- language_model.language_backbone.body.model.encoder.layer.0.attention.output.LayerNorm.bias:weight_decay=0.0001
2026/02/05 19:30:07 - mmengine - INFO - paramwise_options -- language_model.language_backbone.body.model.encoder.layer.0.attention.output.LayerNorm.bias:lr_mult=0.1
2026/02/05 19:30:07 - mmengine - INFO - paramwise_options -- language_model.language_backbone.body.model.encoder.layer.0.intermediate.dense.weight:lr=1e-05
2026/02/05 19:30:07 - mmengine - INFO - paramwise_options -- language_model.language_backbone.body.model.encoder.layer.0.intermediate.dense.weight:weight_decay=0.0001
2026/02/05 19:30:07 - mmengine - INFO - paramwise_options -- language_model.language_backbone.body.model.encoder.layer.0.intermediate.dense.weight:lr_mult=0.1
2026/02/05 19:30:07 - mmengine - INFO - paramwise_options -- language_model.language_backbone.body.model.encoder.layer.0.intermediate.dense.bias:lr=1e-05
2026/02/05 19:30:07 - mmengine - INFO - paramwise_options -- language_model.language_backbone.body.model.encoder.layer.0.intermediate.dense.bias:weight_decay=0.0001
2026/02/05 19:30:07 - mmengine - INFO - paramwise_options -- language_model.language_backbone.body.model.encoder.layer.0.intermediate.dense.bias:lr_mult=0.1
2026/02/05 19:30:07 - mmengine - INFO - paramwise_options -- language_model.language_backbone.body.model.encoder.layer.0.output.dense.weight:lr=1e-05
2026/02/05 19:30:07 - mmengine - INFO - paramwise_options -- language_model.language_backbone.body.model.encoder.layer.0.output.dense.weight:weight_decay=0.0001
2026/02/05 19:30:07 - mmengine - INFO - paramwise_options -- language_model.language_backbone.body.model.encoder.layer.0.output.dense.weight:lr_mult=0.1
2026/02/05 19:30:07 - mmengine - INFO - paramwise_options -- language_model.language_backbone.body.model.encoder.layer.0.output.dense.bias:lr=1e-05
2026/02/05 19:30:07 - mmengine - INFO - paramwise_options -- language_model.language_backbone.body.model.encoder.layer.0.output.dense.bias:weight_decay=0.0001
2026/02/05 19:30:07 - mmengine - INFO - paramwise_options -- language_model.language_backbone.body.model.encoder.layer.0.output.dense.bias:lr_mult=0.1
2026/02/05 19:30:07 - mmengine - INFO - paramwise_options -- language_model.language_backbone.body.model.encoder.layer.0.output.LayerNorm.weight:lr=1e-05
2026/02/05 19:30:07 - mmengine - INFO - paramwise_options -- language_model.language_backbone.body.model.encoder.layer.0.output.LayerNorm.weight:weight_decay=0.0001
2026/02/05 19:30:07 - mmengine - INFO - paramwise_options -- language_model.language_backbone.body.model.encoder.layer.0.output.LayerNorm.weight:lr_mult=0.1
2026/02/05 19:30:07 - mmengine - INFO - paramwise_options -- language_model.language_backbone.body.model.encoder.layer.0.output.LayerNorm.bias:lr=1e-05
2026/02/05 19:30:07 - mmengine - INFO - paramwise_options -- language_model.language_backbone.body.model.encoder.layer.0.output.LayerNorm.bias:weight_decay=0.0001
2026/02/05 19:30:07 - mmengine - INFO - paramwise_options -- language_model.language_backbone.body.model.encoder.layer.0.output.LayerNorm.bias:lr_mult=0.1
2026/02/05 19:30:07 - mmengine - INFO - paramwise_options -- language_model.language_backbone.body.model.encoder.layer.1.attention.self.query.weight:lr=1e-05
2026/02/05 19:30:07 - mmengine - INFO - paramwise_options -- language_model.language_backbone.body.model.encoder.layer.1.attention.self.query.weight:weight_decay=0.0001
2026/02/05 19:30:07 - mmengine - INFO - paramwise_options -- language_model.language_backbone.body.model.encoder.layer.1.attention.self.query.weight:lr_mult=0.1
2026/02/05 19:30:07 - mmengine - INFO - paramwise_options -- language_model.language_backbone.body.model.encoder.layer.1.attention.self.query.bias:lr=1e-05
2026/02/05 19:30:07 - mmengine - INFO - paramwise_options -- language_model.language_backbone.body.model.encoder.layer.1.attention.self.query.bias:weight_decay=0.0001
2026/02/05 19:30:07 - mmengine - INFO - paramwise_options -- language_model.language_backbone.body.model.encoder.layer.1.attention.self.query.bias:lr_mult=0.1
2026/02/05 19:30:07 - mmengine - INFO - paramwise_options -- language_model.language_backbone.body.model.encoder.layer.1.attention.self.key.weight:lr=1e-05
2026/02/05 19:30:07 - mmengine - INFO - paramwise_options -- language_model.language_backbone.body.model.encoder.layer.1.attention.self.key.weight:weight_decay=0.0001
2026/02/05 19:30:07 - mmengine - INFO - paramwise_options -- language_model.language_backbone.body.model.encoder.layer.1.attention.self.key.weight:lr_mult=0.1
2026/02/05 19:30:07 - mmengine - INFO - paramwise_options -- language_model.language_backbone.body.model.encoder.layer.1.attention.self.key.bias:lr=1e-05
2026/02/05 19:30:07 - mmengine - INFO - paramwise_options -- language_model.language_backbone.body.model.encoder.layer.1.attention.self.key.bias:weight_decay=0.0001
2026/02/05 19:30:07 - mmengine - INFO - paramwise_options -- language_model.language_backbone.body.model.encoder.layer.1.attention.self.key.bias:lr_mult=0.1
2026/02/05 19:30:07 - mmengine - INFO - paramwise_options -- language_model.language_backbone.body.model.encoder.layer.1.attention.self.value.weight:lr=1e-05
2026/02/05 19:30:07 - mmengine - INFO - paramwise_options -- language_model.language_backbone.body.model.encoder.layer.1.attention.self.value.weight:weight_decay=0.0001
2026/02/05 19:30:07 - mmengine - INFO - paramwise_options -- language_model.language_backbone.body.model.encoder.layer.1.attention.self.value.weight:lr_mult=0.1
2026/02/05 19:30:07 - mmengine - INFO - paramwise_options -- language_model.language_backbone.body.model.encoder.layer.1.attention.self.value.bias:lr=1e-05
2026/02/05 19:30:07 - mmengine - INFO - paramwise_options -- language_model.language_backbone.body.model.encoder.layer.1.attention.self.value.bias:weight_decay=0.0001
2026/02/05 19:30:07 - mmengine - INFO - paramwise_options -- language_model.language_backbone.body.model.encoder.layer.1.attention.self.value.bias:lr_mult=0.1
2026/02/05 19:30:07 - mmengine - INFO - paramwise_options -- language_model.language_backbone.body.model.encoder.layer.1.attention.output.dense.weight:lr=1e-05
2026/02/05 19:30:07 - mmengine - INFO - paramwise_options -- language_model.language_backbone.body.model.encoder.layer.1.attention.output.dense.weight:weight_decay=0.0001
2026/02/05 19:30:07 - mmengine - INFO - paramwise_options -- language_model.language_backbone.body.model.encoder.layer.1.attention.output.dense.weight:lr_mult=0.1
2026/02/05 19:30:07 - mmengine - INFO - paramwise_options -- language_model.language_backbone.body.model.encoder.layer.1.attention.output.dense.bias:lr=1e-05
2026/02/05 19:30:07 - mmengine - INFO - paramwise_options -- language_model.language_backbone.body.model.encoder.layer.1.attention.output.dense.bias:weight_decay=0.0001
2026/02/05 19:30:07 - mmengine - INFO - paramwise_options -- language_model.language_backbone.body.model.encoder.layer.1.attention.output.dense.bias:lr_mult=0.1
2026/02/05 19:30:07 - mmengine - INFO - paramwise_options -- language_model.language_backbone.body.model.encoder.layer.1.attention.output.LayerNorm.weight:lr=1e-05
2026/02/05 19:30:07 - mmengine - INFO - paramwise_options -- language_model.language_backbone.body.model.encoder.layer.1.attention.output.LayerNorm.weight:weight_decay=0.0001
2026/02/05 19:30:07 - mmengine - INFO - paramwise_options -- language_model.language_backbone.body.model.encoder.layer.1.attention.output.LayerNorm.weight:lr_mult=0.1
2026/02/05 19:30:07 - mmengine - INFO - paramwise_options -- language_model.language_backbone.body.model.encoder.layer.1.attention.output.LayerNorm.bias:lr=1e-05
2026/02/05 19:30:07 - mmengine - INFO - paramwise_options -- language_model.language_backbone.body.model.encoder.layer.1.attention.output.LayerNorm.bias:weight_decay=0.0001
2026/02/05 19:30:07 - mmengine - INFO - paramwise_options -- language_model.language_backbone.body.model.encoder.layer.1.attention.output.LayerNorm.bias:lr_mult=0.1
2026/02/05 19:30:07 - mmengine - INFO - paramwise_options -- language_model.language_backbone.body.model.encoder.layer.1.intermediate.dense.weight:lr=1e-05
2026/02/05 19:30:07 - mmengine - INFO - paramwise_options -- language_model.language_backbone.body.model.encoder.layer.1.intermediate.dense.weight:weight_decay=0.0001
2026/02/05 19:30:07 - mmengine - INFO - paramwise_options -- language_model.language_backbone.body.model.encoder.layer.1.intermediate.dense.weight:lr_mult=0.1
2026/02/05 19:30:07 - mmengine - INFO - paramwise_options -- language_model.language_backbone.body.model.encoder.layer.1.intermediate.dense.bias:lr=1e-05
2026/02/05 19:30:07 - mmengine - INFO - paramwise_options -- language_model.language_backbone.body.model.encoder.layer.1.intermediate.dense.bias:weight_decay=0.0001
2026/02/05 19:30:07 - mmengine - INFO - paramwise_options -- language_model.language_backbone.body.model.encoder.layer.1.intermediate.dense.bias:lr_mult=0.1
2026/02/05 19:30:07 - mmengine - INFO - paramwise_options -- language_model.language_backbone.body.model.encoder.layer.1.output.dense.weight:lr=1e-05
2026/02/05 19:30:07 - mmengine - INFO - paramwise_options -- language_model.language_backbone.body.model.encoder.layer.1.output.dense.weight:weight_decay=0.0001
2026/02/05 19:30:07 - mmengine - INFO - paramwise_options -- language_model.language_backbone.body.model.encoder.layer.1.output.dense.weight:lr_mult=0.1
2026/02/05 19:30:07 - mmengine - INFO - paramwise_options -- language_model.language_backbone.body.model.encoder.layer.1.output.dense.bias:lr=1e-05
2026/02/05 19:30:07 - mmengine - INFO - paramwise_options -- language_model.language_backbone.body.model.encoder.layer.1.output.dense.bias:weight_decay=0.0001
2026/02/05 19:30:07 - mmengine - INFO - paramwise_options -- language_model.language_backbone.body.model.encoder.layer.1.output.dense.bias:lr_mult=0.1
2026/02/05 19:30:07 - mmengine - INFO - paramwise_options -- language_model.language_backbone.body.model.encoder.layer.1.output.LayerNorm.weight:lr=1e-05
2026/02/05 19:30:07 - mmengine - INFO - paramwise_options -- language_model.language_backbone.body.model.encoder.layer.1.output.LayerNorm.weight:weight_decay=0.0001
2026/02/05 19:30:07 - mmengine - INFO - paramwise_options -- language_model.language_backbone.body.model.encoder.layer.1.output.LayerNorm.weight:lr_mult=0.1
2026/02/05 19:30:07 - mmengine - INFO - paramwise_options -- language_model.language_backbone.body.model.encoder.layer.1.output.LayerNorm.bias:lr=1e-05
2026/02/05 19:30:07 - mmengine - INFO - paramwise_options -- language_model.language_backbone.body.model.encoder.layer.1.output.LayerNorm.bias:weight_decay=0.0001
2026/02/05 19:30:07 - mmengine - INFO - paramwise_options -- language_model.language_backbone.body.model.encoder.layer.1.output.LayerNorm.bias:lr_mult=0.1
2026/02/05 19:30:07 - mmengine - INFO - paramwise_options -- language_model.language_backbone.body.model.encoder.layer.2.attention.self.query.weight:lr=1e-05
2026/02/05 19:30:07 - mmengine - INFO - paramwise_options -- language_model.language_backbone.body.model.encoder.layer.2.attention.self.query.weight:weight_decay=0.0001
2026/02/05 19:30:07 - mmengine - INFO - paramwise_options -- language_model.language_backbone.body.model.encoder.layer.2.attention.self.query.weight:lr_mult=0.1
2026/02/05 19:30:07 - mmengine - INFO - paramwise_options -- language_model.language_backbone.body.model.encoder.layer.2.attention.self.query.bias:lr=1e-05
2026/02/05 19:30:07 - mmengine - INFO - paramwise_options -- language_model.language_backbone.body.model.encoder.layer.2.attention.self.query.bias:weight_decay=0.0001
2026/02/05 19:30:07 - mmengine - INFO - paramwise_options -- language_model.language_backbone.body.model.encoder.layer.2.attention.self.query.bias:lr_mult=0.1
2026/02/05 19:30:07 - mmengine - INFO - paramwise_options -- language_model.language_backbone.body.model.encoder.layer.2.attention.self.key.weight:lr=1e-05
2026/02/05 19:30:07 - mmengine - INFO - paramwise_options -- language_model.language_backbone.body.model.encoder.layer.2.attention.self.key.weight:weight_decay=0.0001
2026/02/05 19:30:07 - mmengine - INFO - paramwise_options -- language_model.language_backbone.body.model.encoder.layer.2.attention.self.key.weight:lr_mult=0.1
2026/02/05 19:30:07 - mmengine - INFO - paramwise_options -- language_model.language_backbone.body.model.encoder.layer.2.attention.self.key.bias:lr=1e-05
2026/02/05 19:30:07 - mmengine - INFO - paramwise_options -- language_model.language_backbone.body.model.encoder.layer.2.attention.self.key.bias:weight_decay=0.0001
2026/02/05 19:30:07 - mmengine - INFO - paramwise_options -- language_model.language_backbone.body.model.encoder.layer.2.attention.self.key.bias:lr_mult=0.1
2026/02/05 19:30:07 - mmengine - INFO - paramwise_options -- language_model.language_backbone.body.model.encoder.layer.2.attention.self.value.weight:lr=1e-05
2026/02/05 19:30:07 - mmengine - INFO - paramwise_options -- language_model.language_backbone.body.model.encoder.layer.2.attention.self.value.weight:weight_decay=0.0001
2026/02/05 19:30:07 - mmengine - INFO - paramwise_options -- language_model.language_backbone.body.model.encoder.layer.2.attention.self.value.weight:lr_mult=0.1
2026/02/05 19:30:07 - mmengine - INFO - paramwise_options -- language_model.language_backbone.body.model.encoder.layer.2.attention.self.value.bias:lr=1e-05
2026/02/05 19:30:07 - mmengine - INFO - paramwise_options -- language_model.language_backbone.body.model.encoder.layer.2.attention.self.value.bias:weight_decay=0.0001
2026/02/05 19:30:07 - mmengine - INFO - paramwise_options -- language_model.language_backbone.body.model.encoder.layer.2.attention.self.value.bias:lr_mult=0.1
2026/02/05 19:30:07 - mmengine - INFO - paramwise_options -- language_model.language_backbone.body.model.encoder.layer.2.attention.output.dense.weight:lr=1e-05
2026/02/05 19:30:07 - mmengine - INFO - paramwise_options -- language_model.language_backbone.body.model.encoder.layer.2.attention.output.dense.weight:weight_decay=0.0001
2026/02/05 19:30:07 - mmengine - INFO - paramwise_options -- language_model.language_backbone.body.model.encoder.layer.2.attention.output.dense.weight:lr_mult=0.1
2026/02/05 19:30:07 - mmengine - INFO - paramwise_options -- language_model.language_backbone.body.model.encoder.layer.2.attention.output.dense.bias:lr=1e-05
2026/02/05 19:30:07 - mmengine - INFO - paramwise_options -- language_model.language_backbone.body.model.encoder.layer.2.attention.output.dense.bias:weight_decay=0.0001
2026/02/05 19:30:07 - mmengine - INFO - paramwise_options -- language_model.language_backbone.body.model.encoder.layer.2.attention.output.dense.bias:lr_mult=0.1
2026/02/05 19:30:07 - mmengine - INFO - paramwise_options -- language_model.language_backbone.body.model.encoder.layer.2.attention.output.LayerNorm.weight:lr=1e-05
2026/02/05 19:30:07 - mmengine - INFO - paramwise_options -- language_model.language_backbone.body.model.encoder.layer.2.attention.output.LayerNorm.weight:weight_decay=0.0001
2026/02/05 19:30:07 - mmengine - INFO - paramwise_options -- language_model.language_backbone.body.model.encoder.layer.2.attention.output.LayerNorm.weight:lr_mult=0.1
2026/02/05 19:30:07 - mmengine - INFO - paramwise_options -- language_model.language_backbone.body.model.encoder.layer.2.attention.output.LayerNorm.bias:lr=1e-05
2026/02/05 19:30:07 - mmengine - INFO - paramwise_options -- language_model.language_backbone.body.model.encoder.layer.2.attention.output.LayerNorm.bias:weight_decay=0.0001
2026/02/05 19:30:07 - mmengine - INFO - paramwise_options -- language_model.language_backbone.body.model.encoder.layer.2.attention.output.LayerNorm.bias:lr_mult=0.1
2026/02/05 19:30:07 - mmengine - INFO - paramwise_options -- language_model.language_backbone.body.model.encoder.layer.2.intermediate.dense.weight:lr=1e-05
2026/02/05 19:30:07 - mmengine - INFO - paramwise_options -- language_model.language_backbone.body.model.encoder.layer.2.intermediate.dense.weight:weight_decay=0.0001
2026/02/05 19:30:07 - mmengine - INFO - paramwise_options -- language_model.language_backbone.body.model.encoder.layer.2.intermediate.dense.weight:lr_mult=0.1
2026/02/05 19:30:07 - mmengine - INFO - paramwise_options -- language_model.language_backbone.body.model.encoder.layer.2.intermediate.dense.bias:lr=1e-05
2026/02/05 19:30:07 - mmengine - INFO - paramwise_options -- language_model.language_backbone.body.model.encoder.layer.2.intermediate.dense.bias:weight_decay=0.0001
2026/02/05 19:30:07 - mmengine - INFO - paramwise_options -- language_model.language_backbone.body.model.encoder.layer.2.intermediate.dense.bias:lr_mult=0.1
2026/02/05 19:30:07 - mmengine - INFO - paramwise_options -- language_model.language_backbone.body.model.encoder.layer.2.output.dense.weight:lr=1e-05
2026/02/05 19:30:07 - mmengine - INFO - paramwise_options -- language_model.language_backbone.body.model.encoder.layer.2.output.dense.weight:weight_decay=0.0001
2026/02/05 19:30:07 - mmengine - INFO - paramwise_options -- language_model.language_backbone.body.model.encoder.layer.2.output.dense.weight:lr_mult=0.1
2026/02/05 19:30:07 - mmengine - INFO - paramwise_options -- language_model.language_backbone.body.model.encoder.layer.2.output.dense.bias:lr=1e-05
2026/02/05 19:30:07 - mmengine - INFO - paramwise_options -- language_model.language_backbone.body.model.encoder.layer.2.output.dense.bias:weight_decay=0.0001
2026/02/05 19:30:07 - mmengine - INFO - paramwise_options -- language_model.language_backbone.body.model.encoder.layer.2.output.dense.bias:lr_mult=0.1
2026/02/05 19:30:07 - mmengine - INFO - paramwise_options -- language_model.language_backbone.body.model.encoder.layer.2.output.LayerNorm.weight:lr=1e-05
2026/02/05 19:30:07 - mmengine - INFO - paramwise_options -- language_model.language_backbone.body.model.encoder.layer.2.output.LayerNorm.weight:weight_decay=0.0001
2026/02/05 19:30:07 - mmengine - INFO - paramwise_options -- language_model.language_backbone.body.model.encoder.layer.2.output.LayerNorm.weight:lr_mult=0.1
2026/02/05 19:30:07 - mmengine - INFO - paramwise_options -- language_model.language_backbone.body.model.encoder.layer.2.output.LayerNorm.bias:lr=1e-05
2026/02/05 19:30:07 - mmengine - INFO - paramwise_options -- language_model.language_backbone.body.model.encoder.layer.2.output.LayerNorm.bias:weight_decay=0.0001
2026/02/05 19:30:07 - mmengine - INFO - paramwise_options -- language_model.language_backbone.body.model.encoder.layer.2.output.LayerNorm.bias:lr_mult=0.1
2026/02/05 19:30:07 - mmengine - INFO - paramwise_options -- language_model.language_backbone.body.model.encoder.layer.3.attention.self.query.weight:lr=1e-05
2026/02/05 19:30:07 - mmengine - INFO - paramwise_options -- language_model.language_backbone.body.model.encoder.layer.3.attention.self.query.weight:weight_decay=0.0001
2026/02/05 19:30:07 - mmengine - INFO - paramwise_options -- language_model.language_backbone.body.model.encoder.layer.3.attention.self.query.weight:lr_mult=0.1
2026/02/05 19:30:07 - mmengine - INFO - paramwise_options -- language_model.language_backbone.body.model.encoder.layer.3.attention.self.query.bias:lr=1e-05
2026/02/05 19:30:07 - mmengine - INFO - paramwise_options -- language_model.language_backbone.body.model.encoder.layer.3.attention.self.query.bias:weight_decay=0.0001
2026/02/05 19:30:07 - mmengine - INFO - paramwise_options -- language_model.language_backbone.body.model.encoder.layer.3.attention.self.query.bias:lr_mult=0.1
2026/02/05 19:30:07 - mmengine - INFO - paramwise_options -- language_model.language_backbone.body.model.encoder.layer.3.attention.self.key.weight:lr=1e-05
2026/02/05 19:30:07 - mmengine - INFO - paramwise_options -- language_model.language_backbone.body.model.encoder.layer.3.attention.self.key.weight:weight_decay=0.0001
2026/02/05 19:30:07 - mmengine - INFO - paramwise_options -- language_model.language_backbone.body.model.encoder.layer.3.attention.self.key.weight:lr_mult=0.1
2026/02/05 19:30:07 - mmengine - INFO - paramwise_options -- language_model.language_backbone.body.model.encoder.layer.3.attention.self.key.bias:lr=1e-05
2026/02/05 19:30:07 - mmengine - INFO - paramwise_options -- language_model.language_backbone.body.model.encoder.layer.3.attention.self.key.bias:weight_decay=0.0001
2026/02/05 19:30:07 - mmengine - INFO - paramwise_options -- language_model.language_backbone.body.model.encoder.layer.3.attention.self.key.bias:lr_mult=0.1
2026/02/05 19:30:07 - mmengine - INFO - paramwise_options -- language_model.language_backbone.body.model.encoder.layer.3.attention.self.value.weight:lr=1e-05
2026/02/05 19:30:07 - mmengine - INFO - paramwise_options -- language_model.language_backbone.body.model.encoder.layer.3.attention.self.value.weight:weight_decay=0.0001
2026/02/05 19:30:07 - mmengine - INFO - paramwise_options -- language_model.language_backbone.body.model.encoder.layer.3.attention.self.value.weight:lr_mult=0.1
2026/02/05 19:30:07 - mmengine - INFO - paramwise_options -- language_model.language_backbone.body.model.encoder.layer.3.attention.self.value.bias:lr=1e-05
2026/02/05 19:30:07 - mmengine - INFO - paramwise_options -- language_model.language_backbone.body.model.encoder.layer.3.attention.self.value.bias:weight_decay=0.0001
2026/02/05 19:30:07 - mmengine - INFO - paramwise_options -- language_model.language_backbone.body.model.encoder.layer.3.attention.self.value.bias:lr_mult=0.1
2026/02/05 19:30:07 - mmengine - INFO - paramwise_options -- language_model.language_backbone.body.model.encoder.layer.3.attention.output.dense.weight:lr=1e-05
2026/02/05 19:30:07 - mmengine - INFO - paramwise_options -- language_model.language_backbone.body.model.encoder.layer.3.attention.output.dense.weight:weight_decay=0.0001
2026/02/05 19:30:07 - mmengine - INFO - paramwise_options -- language_model.language_backbone.body.model.encoder.layer.3.attention.output.dense.weight:lr_mult=0.1
2026/02/05 19:30:07 - mmengine - INFO - paramwise_options -- language_model.language_backbone.body.model.encoder.layer.3.attention.output.dense.bias:lr=1e-05
2026/02/05 19:30:07 - mmengine - INFO - paramwise_options -- language_model.language_backbone.body.model.encoder.layer.3.attention.output.dense.bias:weight_decay=0.0001
2026/02/05 19:30:07 - mmengine - INFO - paramwise_options -- language_model.language_backbone.body.model.encoder.layer.3.attention.output.dense.bias:lr_mult=0.1
2026/02/05 19:30:07 - mmengine - INFO - paramwise_options -- language_model.language_backbone.body.model.encoder.layer.3.attention.output.LayerNorm.weight:lr=1e-05
2026/02/05 19:30:07 - mmengine - INFO - paramwise_options -- language_model.language_backbone.body.model.encoder.layer.3.attention.output.LayerNorm.weight:weight_decay=0.0001
2026/02/05 19:30:07 - mmengine - INFO - paramwise_options -- language_model.language_backbone.body.model.encoder.layer.3.attention.output.LayerNorm.weight:lr_mult=0.1
2026/02/05 19:30:07 - mmengine - INFO - paramwise_options -- language_model.language_backbone.body.model.encoder.layer.3.attention.output.LayerNorm.bias:lr=1e-05
2026/02/05 19:30:07 - mmengine - INFO - paramwise_options -- language_model.language_backbone.body.model.encoder.layer.3.attention.output.LayerNorm.bias:weight_decay=0.0001
2026/02/05 19:30:07 - mmengine - INFO - paramwise_options -- language_model.language_backbone.body.model.encoder.layer.3.attention.output.LayerNorm.bias:lr_mult=0.1
2026/02/05 19:30:07 - mmengine - INFO - paramwise_options -- language_model.language_backbone.body.model.encoder.layer.3.intermediate.dense.weight:lr=1e-05
2026/02/05 19:30:07 - mmengine - INFO - paramwise_options -- language_model.language_backbone.body.model.encoder.layer.3.intermediate.dense.weight:weight_decay=0.0001
2026/02/05 19:30:07 - mmengine - INFO - paramwise_options -- language_model.language_backbone.body.model.encoder.layer.3.intermediate.dense.weight:lr_mult=0.1
2026/02/05 19:30:07 - mmengine - INFO - paramwise_options -- language_model.language_backbone.body.model.encoder.layer.3.intermediate.dense.bias:lr=1e-05
2026/02/05 19:30:07 - mmengine - INFO - paramwise_options -- language_model.language_backbone.body.model.encoder.layer.3.intermediate.dense.bias:weight_decay=0.0001
2026/02/05 19:30:07 - mmengine - INFO - paramwise_options -- language_model.language_backbone.body.model.encoder.layer.3.intermediate.dense.bias:lr_mult=0.1
2026/02/05 19:30:07 - mmengine - INFO - paramwise_options -- language_model.language_backbone.body.model.encoder.layer.3.output.dense.weight:lr=1e-05
2026/02/05 19:30:07 - mmengine - INFO - paramwise_options -- language_model.language_backbone.body.model.encoder.layer.3.output.dense.weight:weight_decay=0.0001
2026/02/05 19:30:07 - mmengine - INFO - paramwise_options -- language_model.language_backbone.body.model.encoder.layer.3.output.dense.weight:lr_mult=0.1
2026/02/05 19:30:07 - mmengine - INFO - paramwise_options -- language_model.language_backbone.body.model.encoder.layer.3.output.dense.bias:lr=1e-05
2026/02/05 19:30:07 - mmengine - INFO - paramwise_options -- language_model.language_backbone.body.model.encoder.layer.3.output.dense.bias:weight_decay=0.0001
2026/02/05 19:30:07 - mmengine - INFO - paramwise_options -- language_model.language_backbone.body.model.encoder.layer.3.output.dense.bias:lr_mult=0.1
2026/02/05 19:30:07 - mmengine - INFO - paramwise_options -- language_model.language_backbone.body.model.encoder.layer.3.output.LayerNorm.weight:lr=1e-05
2026/02/05 19:30:07 - mmengine - INFO - paramwise_options -- language_model.language_backbone.body.model.encoder.layer.3.output.LayerNorm.weight:weight_decay=0.0001
2026/02/05 19:30:07 - mmengine - INFO - paramwise_options -- language_model.language_backbone.body.model.encoder.layer.3.output.LayerNorm.weight:lr_mult=0.1
2026/02/05 19:30:07 - mmengine - INFO - paramwise_options -- language_model.language_backbone.body.model.encoder.layer.3.output.LayerNorm.bias:lr=1e-05
2026/02/05 19:30:07 - mmengine - INFO - paramwise_options -- language_model.language_backbone.body.model.encoder.layer.3.output.LayerNorm.bias:weight_decay=0.0001
2026/02/05 19:30:07 - mmengine - INFO - paramwise_options -- language_model.language_backbone.body.model.encoder.layer.3.output.LayerNorm.bias:lr_mult=0.1
2026/02/05 19:30:07 - mmengine - INFO - paramwise_options -- language_model.language_backbone.body.model.encoder.layer.4.attention.self.query.weight:lr=1e-05
2026/02/05 19:30:07 - mmengine - INFO - paramwise_options -- language_model.language_backbone.body.model.encoder.layer.4.attention.self.query.weight:weight_decay=0.0001
2026/02/05 19:30:07 - mmengine - INFO - paramwise_options -- language_model.language_backbone.body.model.encoder.layer.4.attention.self.query.weight:lr_mult=0.1
2026/02/05 19:30:07 - mmengine - INFO - paramwise_options -- language_model.language_backbone.body.model.encoder.layer.4.attention.self.query.bias:lr=1e-05
2026/02/05 19:30:07 - mmengine - INFO - paramwise_options -- language_model.language_backbone.body.model.encoder.layer.4.attention.self.query.bias:weight_decay=0.0001
2026/02/05 19:30:07 - mmengine - INFO - paramwise_options -- language_model.language_backbone.body.model.encoder.layer.4.attention.self.query.bias:lr_mult=0.1
2026/02/05 19:30:07 - mmengine - INFO - paramwise_options -- language_model.language_backbone.body.model.encoder.layer.4.attention.self.key.weight:lr=1e-05
2026/02/05 19:30:07 - mmengine - INFO - paramwise_options -- language_model.language_backbone.body.model.encoder.layer.4.attention.self.key.weight:weight_decay=0.0001
2026/02/05 19:30:07 - mmengine - INFO - paramwise_options -- language_model.language_backbone.body.model.encoder.layer.4.attention.self.key.weight:lr_mult=0.1
2026/02/05 19:30:07 - mmengine - INFO - paramwise_options -- language_model.language_backbone.body.model.encoder.layer.4.attention.self.key.bias:lr=1e-05
2026/02/05 19:30:07 - mmengine - INFO - paramwise_options -- language_model.language_backbone.body.model.encoder.layer.4.attention.self.key.bias:weight_decay=0.0001
2026/02/05 19:30:07 - mmengine - INFO - paramwise_options -- language_model.language_backbone.body.model.encoder.layer.4.attention.self.key.bias:lr_mult=0.1
2026/02/05 19:30:07 - mmengine - INFO - paramwise_options -- language_model.language_backbone.body.model.encoder.layer.4.attention.self.value.weight:lr=1e-05
2026/02/05 19:30:07 - mmengine - INFO - paramwise_options -- language_model.language_backbone.body.model.encoder.layer.4.attention.self.value.weight:weight_decay=0.0001
2026/02/05 19:30:07 - mmengine - INFO - paramwise_options -- language_model.language_backbone.body.model.encoder.layer.4.attention.self.value.weight:lr_mult=0.1
2026/02/05 19:30:07 - mmengine - INFO - paramwise_options -- language_model.language_backbone.body.model.encoder.layer.4.attention.self.value.bias:lr=1e-05
2026/02/05 19:30:07 - mmengine - INFO - paramwise_options -- language_model.language_backbone.body.model.encoder.layer.4.attention.self.value.bias:weight_decay=0.0001
2026/02/05 19:30:07 - mmengine - INFO - paramwise_options -- language_model.language_backbone.body.model.encoder.layer.4.attention.self.value.bias:lr_mult=0.1
2026/02/05 19:30:07 - mmengine - INFO - paramwise_options -- language_model.language_backbone.body.model.encoder.layer.4.attention.output.dense.weight:lr=1e-05
2026/02/05 19:30:07 - mmengine - INFO - paramwise_options -- language_model.language_backbone.body.model.encoder.layer.4.attention.output.dense.weight:weight_decay=0.0001
2026/02/05 19:30:07 - mmengine - INFO - paramwise_options -- language_model.language_backbone.body.model.encoder.layer.4.attention.output.dense.weight:lr_mult=0.1
2026/02/05 19:30:07 - mmengine - INFO - paramwise_options -- language_model.language_backbone.body.model.encoder.layer.4.attention.output.dense.bias:lr=1e-05
2026/02/05 19:30:07 - mmengine - INFO - paramwise_options -- language_model.language_backbone.body.model.encoder.layer.4.attention.output.dense.bias:weight_decay=0.0001
2026/02/05 19:30:07 - mmengine - INFO - paramwise_options -- language_model.language_backbone.body.model.encoder.layer.4.attention.output.dense.bias:lr_mult=0.1
2026/02/05 19:30:07 - mmengine - INFO - paramwise_options -- language_model.language_backbone.body.model.encoder.layer.4.attention.output.LayerNorm.weight:lr=1e-05
2026/02/05 19:30:07 - mmengine - INFO - paramwise_options -- language_model.language_backbone.body.model.encoder.layer.4.attention.output.LayerNorm.weight:weight_decay=0.0001
2026/02/05 19:30:07 - mmengine - INFO - paramwise_options -- language_model.language_backbone.body.model.encoder.layer.4.attention.output.LayerNorm.weight:lr_mult=0.1
2026/02/05 19:30:07 - mmengine - INFO - paramwise_options -- language_model.language_backbone.body.model.encoder.layer.4.attention.output.LayerNorm.bias:lr=1e-05
2026/02/05 19:30:07 - mmengine - INFO - paramwise_options -- language_model.language_backbone.body.model.encoder.layer.4.attention.output.LayerNorm.bias:weight_decay=0.0001
2026/02/05 19:30:07 - mmengine - INFO - paramwise_options -- language_model.language_backbone.body.model.encoder.layer.4.attention.output.LayerNorm.bias:lr_mult=0.1
2026/02/05 19:30:07 - mmengine - INFO - paramwise_options -- language_model.language_backbone.body.model.encoder.layer.4.intermediate.dense.weight:lr=1e-05
2026/02/05 19:30:07 - mmengine - INFO - paramwise_options -- language_model.language_backbone.body.model.encoder.layer.4.intermediate.dense.weight:weight_decay=0.0001
2026/02/05 19:30:07 - mmengine - INFO - paramwise_options -- language_model.language_backbone.body.model.encoder.layer.4.intermediate.dense.weight:lr_mult=0.1
2026/02/05 19:30:07 - mmengine - INFO - paramwise_options -- language_model.language_backbone.body.model.encoder.layer.4.intermediate.dense.bias:lr=1e-05
2026/02/05 19:30:07 - mmengine - INFO - paramwise_options -- language_model.language_backbone.body.model.encoder.layer.4.intermediate.dense.bias:weight_decay=0.0001
2026/02/05 19:30:07 - mmengine - INFO - paramwise_options -- language_model.language_backbone.body.model.encoder.layer.4.intermediate.dense.bias:lr_mult=0.1
2026/02/05 19:30:07 - mmengine - INFO - paramwise_options -- language_model.language_backbone.body.model.encoder.layer.4.output.dense.weight:lr=1e-05
2026/02/05 19:30:07 - mmengine - INFO - paramwise_options -- language_model.language_backbone.body.model.encoder.layer.4.output.dense.weight:weight_decay=0.0001
2026/02/05 19:30:07 - mmengine - INFO - paramwise_options -- language_model.language_backbone.body.model.encoder.layer.4.output.dense.weight:lr_mult=0.1
2026/02/05 19:30:07 - mmengine - INFO - paramwise_options -- language_model.language_backbone.body.model.encoder.layer.4.output.dense.bias:lr=1e-05
2026/02/05 19:30:07 - mmengine - INFO - paramwise_options -- language_model.language_backbone.body.model.encoder.layer.4.output.dense.bias:weight_decay=0.0001
2026/02/05 19:30:07 - mmengine - INFO - paramwise_options -- language_model.language_backbone.body.model.encoder.layer.4.output.dense.bias:lr_mult=0.1
2026/02/05 19:30:07 - mmengine - INFO - paramwise_options -- language_model.language_backbone.body.model.encoder.layer.4.output.LayerNorm.weight:lr=1e-05
2026/02/05 19:30:07 - mmengine - INFO - paramwise_options -- language_model.language_backbone.body.model.encoder.layer.4.output.LayerNorm.weight:weight_decay=0.0001
2026/02/05 19:30:07 - mmengine - INFO - paramwise_options -- language_model.language_backbone.body.model.encoder.layer.4.output.LayerNorm.weight:lr_mult=0.1
2026/02/05 19:30:07 - mmengine - INFO - paramwise_options -- language_model.language_backbone.body.model.encoder.layer.4.output.LayerNorm.bias:lr=1e-05
2026/02/05 19:30:07 - mmengine - INFO - paramwise_options -- language_model.language_backbone.body.model.encoder.layer.4.output.LayerNorm.bias:weight_decay=0.0001
2026/02/05 19:30:07 - mmengine - INFO - paramwise_options -- language_model.language_backbone.body.model.encoder.layer.4.output.LayerNorm.bias:lr_mult=0.1
2026/02/05 19:30:07 - mmengine - INFO - paramwise_options -- language_model.language_backbone.body.model.encoder.layer.5.attention.self.query.weight:lr=1e-05
2026/02/05 19:30:07 - mmengine - INFO - paramwise_options -- language_model.language_backbone.body.model.encoder.layer.5.attention.self.query.weight:weight_decay=0.0001
2026/02/05 19:30:07 - mmengine - INFO - paramwise_options -- language_model.language_backbone.body.model.encoder.layer.5.attention.self.query.weight:lr_mult=0.1
2026/02/05 19:30:07 - mmengine - INFO - paramwise_options -- language_model.language_backbone.body.model.encoder.layer.5.attention.self.query.bias:lr=1e-05
2026/02/05 19:30:07 - mmengine - INFO - paramwise_options -- language_model.language_backbone.body.model.encoder.layer.5.attention.self.query.bias:weight_decay=0.0001
2026/02/05 19:30:07 - mmengine - INFO - paramwise_options -- language_model.language_backbone.body.model.encoder.layer.5.attention.self.query.bias:lr_mult=0.1
2026/02/05 19:30:07 - mmengine - INFO - paramwise_options -- language_model.language_backbone.body.model.encoder.layer.5.attention.self.key.weight:lr=1e-05
2026/02/05 19:30:07 - mmengine - INFO - paramwise_options -- language_model.language_backbone.body.model.encoder.layer.5.attention.self.key.weight:weight_decay=0.0001
2026/02/05 19:30:07 - mmengine - INFO - paramwise_options -- language_model.language_backbone.body.model.encoder.layer.5.attention.self.key.weight:lr_mult=0.1
2026/02/05 19:30:07 - mmengine - INFO - paramwise_options -- language_model.language_backbone.body.model.encoder.layer.5.attention.self.key.bias:lr=1e-05
2026/02/05 19:30:07 - mmengine - INFO - paramwise_options -- language_model.language_backbone.body.model.encoder.layer.5.attention.self.key.bias:weight_decay=0.0001
2026/02/05 19:30:07 - mmengine - INFO - paramwise_options -- language_model.language_backbone.body.model.encoder.layer.5.attention.self.key.bias:lr_mult=0.1
2026/02/05 19:30:07 - mmengine - INFO - paramwise_options -- language_model.language_backbone.body.model.encoder.layer.5.attention.self.value.weight:lr=1e-05
2026/02/05 19:30:07 - mmengine - INFO - paramwise_options -- language_model.language_backbone.body.model.encoder.layer.5.attention.self.value.weight:weight_decay=0.0001
2026/02/05 19:30:07 - mmengine - INFO - paramwise_options -- language_model.language_backbone.body.model.encoder.layer.5.attention.self.value.weight:lr_mult=0.1
2026/02/05 19:30:07 - mmengine - INFO - paramwise_options -- language_model.language_backbone.body.model.encoder.layer.5.attention.self.value.bias:lr=1e-05
2026/02/05 19:30:07 - mmengine - INFO - paramwise_options -- language_model.language_backbone.body.model.encoder.layer.5.attention.self.value.bias:weight_decay=0.0001
2026/02/05 19:30:07 - mmengine - INFO - paramwise_options -- language_model.language_backbone.body.model.encoder.layer.5.attention.self.value.bias:lr_mult=0.1
2026/02/05 19:30:07 - mmengine - INFO - paramwise_options -- language_model.language_backbone.body.model.encoder.layer.5.attention.output.dense.weight:lr=1e-05
2026/02/05 19:30:07 - mmengine - INFO - paramwise_options -- language_model.language_backbone.body.model.encoder.layer.5.attention.output.dense.weight:weight_decay=0.0001
2026/02/05 19:30:07 - mmengine - INFO - paramwise_options -- language_model.language_backbone.body.model.encoder.layer.5.attention.output.dense.weight:lr_mult=0.1
2026/02/05 19:30:07 - mmengine - INFO - paramwise_options -- language_model.language_backbone.body.model.encoder.layer.5.attention.output.dense.bias:lr=1e-05
2026/02/05 19:30:07 - mmengine - INFO - paramwise_options -- language_model.language_backbone.body.model.encoder.layer.5.attention.output.dense.bias:weight_decay=0.0001
2026/02/05 19:30:07 - mmengine - INFO - paramwise_options -- language_model.language_backbone.body.model.encoder.layer.5.attention.output.dense.bias:lr_mult=0.1
2026/02/05 19:30:07 - mmengine - INFO - paramwise_options -- language_model.language_backbone.body.model.encoder.layer.5.attention.output.LayerNorm.weight:lr=1e-05
2026/02/05 19:30:07 - mmengine - INFO - paramwise_options -- language_model.language_backbone.body.model.encoder.layer.5.attention.output.LayerNorm.weight:weight_decay=0.0001
2026/02/05 19:30:07 - mmengine - INFO - paramwise_options -- language_model.language_backbone.body.model.encoder.layer.5.attention.output.LayerNorm.weight:lr_mult=0.1
2026/02/05 19:30:07 - mmengine - INFO - paramwise_options -- language_model.language_backbone.body.model.encoder.layer.5.attention.output.LayerNorm.bias:lr=1e-05
2026/02/05 19:30:07 - mmengine - INFO - paramwise_options -- language_model.language_backbone.body.model.encoder.layer.5.attention.output.LayerNorm.bias:weight_decay=0.0001
2026/02/05 19:30:07 - mmengine - INFO - paramwise_options -- language_model.language_backbone.body.model.encoder.layer.5.attention.output.LayerNorm.bias:lr_mult=0.1
2026/02/05 19:30:07 - mmengine - INFO - paramwise_options -- language_model.language_backbone.body.model.encoder.layer.5.intermediate.dense.weight:lr=1e-05
2026/02/05 19:30:07 - mmengine - INFO - paramwise_options -- language_model.language_backbone.body.model.encoder.layer.5.intermediate.dense.weight:weight_decay=0.0001
2026/02/05 19:30:07 - mmengine - INFO - paramwise_options -- language_model.language_backbone.body.model.encoder.layer.5.intermediate.dense.weight:lr_mult=0.1
2026/02/05 19:30:07 - mmengine - INFO - paramwise_options -- language_model.language_backbone.body.model.encoder.layer.5.intermediate.dense.bias:lr=1e-05
2026/02/05 19:30:07 - mmengine - INFO - paramwise_options -- language_model.language_backbone.body.model.encoder.layer.5.intermediate.dense.bias:weight_decay=0.0001
2026/02/05 19:30:07 - mmengine - INFO - paramwise_options -- language_model.language_backbone.body.model.encoder.layer.5.intermediate.dense.bias:lr_mult=0.1
2026/02/05 19:30:07 - mmengine - INFO - paramwise_options -- language_model.language_backbone.body.model.encoder.layer.5.output.dense.weight:lr=1e-05
2026/02/05 19:30:07 - mmengine - INFO - paramwise_options -- language_model.language_backbone.body.model.encoder.layer.5.output.dense.weight:weight_decay=0.0001
2026/02/05 19:30:07 - mmengine - INFO - paramwise_options -- language_model.language_backbone.body.model.encoder.layer.5.output.dense.weight:lr_mult=0.1
2026/02/05 19:30:07 - mmengine - INFO - paramwise_options -- language_model.language_backbone.body.model.encoder.layer.5.output.dense.bias:lr=1e-05
2026/02/05 19:30:07 - mmengine - INFO - paramwise_options -- language_model.language_backbone.body.model.encoder.layer.5.output.dense.bias:weight_decay=0.0001
2026/02/05 19:30:07 - mmengine - INFO - paramwise_options -- language_model.language_backbone.body.model.encoder.layer.5.output.dense.bias:lr_mult=0.1
2026/02/05 19:30:07 - mmengine - INFO - paramwise_options -- language_model.language_backbone.body.model.encoder.layer.5.output.LayerNorm.weight:lr=1e-05
2026/02/05 19:30:07 - mmengine - INFO - paramwise_options -- language_model.language_backbone.body.model.encoder.layer.5.output.LayerNorm.weight:weight_decay=0.0001
2026/02/05 19:30:07 - mmengine - INFO - paramwise_options -- language_model.language_backbone.body.model.encoder.layer.5.output.LayerNorm.weight:lr_mult=0.1
2026/02/05 19:30:07 - mmengine - INFO - paramwise_options -- language_model.language_backbone.body.model.encoder.layer.5.output.LayerNorm.bias:lr=1e-05
2026/02/05 19:30:07 - mmengine - INFO - paramwise_options -- language_model.language_backbone.body.model.encoder.layer.5.output.LayerNorm.bias:weight_decay=0.0001
2026/02/05 19:30:07 - mmengine - INFO - paramwise_options -- language_model.language_backbone.body.model.encoder.layer.5.output.LayerNorm.bias:lr_mult=0.1
2026/02/05 19:30:07 - mmengine - INFO - paramwise_options -- language_model.language_backbone.body.model.encoder.layer.6.attention.self.query.weight:lr=1e-05
2026/02/05 19:30:07 - mmengine - INFO - paramwise_options -- language_model.language_backbone.body.model.encoder.layer.6.attention.self.query.weight:weight_decay=0.0001
2026/02/05 19:30:07 - mmengine - INFO - paramwise_options -- language_model.language_backbone.body.model.encoder.layer.6.attention.self.query.weight:lr_mult=0.1
2026/02/05 19:30:07 - mmengine - INFO - paramwise_options -- language_model.language_backbone.body.model.encoder.layer.6.attention.self.query.bias:lr=1e-05
2026/02/05 19:30:07 - mmengine - INFO - paramwise_options -- language_model.language_backbone.body.model.encoder.layer.6.attention.self.query.bias:weight_decay=0.0001
2026/02/05 19:30:07 - mmengine - INFO - paramwise_options -- language_model.language_backbone.body.model.encoder.layer.6.attention.self.query.bias:lr_mult=0.1
2026/02/05 19:30:07 - mmengine - INFO - paramwise_options -- language_model.language_backbone.body.model.encoder.layer.6.attention.self.key.weight:lr=1e-05
2026/02/05 19:30:07 - mmengine - INFO - paramwise_options -- language_model.language_backbone.body.model.encoder.layer.6.attention.self.key.weight:weight_decay=0.0001
2026/02/05 19:30:07 - mmengine - INFO - paramwise_options -- language_model.language_backbone.body.model.encoder.layer.6.attention.self.key.weight:lr_mult=0.1
2026/02/05 19:30:07 - mmengine - INFO - paramwise_options -- language_model.language_backbone.body.model.encoder.layer.6.attention.self.key.bias:lr=1e-05
2026/02/05 19:30:07 - mmengine - INFO - paramwise_options -- language_model.language_backbone.body.model.encoder.layer.6.attention.self.key.bias:weight_decay=0.0001
2026/02/05 19:30:07 - mmengine - INFO - paramwise_options -- language_model.language_backbone.body.model.encoder.layer.6.attention.self.key.bias:lr_mult=0.1
2026/02/05 19:30:07 - mmengine - INFO - paramwise_options -- language_model.language_backbone.body.model.encoder.layer.6.attention.self.value.weight:lr=1e-05
2026/02/05 19:30:07 - mmengine - INFO - paramwise_options -- language_model.language_backbone.body.model.encoder.layer.6.attention.self.value.weight:weight_decay=0.0001
2026/02/05 19:30:07 - mmengine - INFO - paramwise_options -- language_model.language_backbone.body.model.encoder.layer.6.attention.self.value.weight:lr_mult=0.1
2026/02/05 19:30:07 - mmengine - INFO - paramwise_options -- language_model.language_backbone.body.model.encoder.layer.6.attention.self.value.bias:lr=1e-05
2026/02/05 19:30:07 - mmengine - INFO - paramwise_options -- language_model.language_backbone.body.model.encoder.layer.6.attention.self.value.bias:weight_decay=0.0001
2026/02/05 19:30:07 - mmengine - INFO - paramwise_options -- language_model.language_backbone.body.model.encoder.layer.6.attention.self.value.bias:lr_mult=0.1
2026/02/05 19:30:07 - mmengine - INFO - paramwise_options -- language_model.language_backbone.body.model.encoder.layer.6.attention.output.dense.weight:lr=1e-05
2026/02/05 19:30:07 - mmengine - INFO - paramwise_options -- language_model.language_backbone.body.model.encoder.layer.6.attention.output.dense.weight:weight_decay=0.0001
2026/02/05 19:30:07 - mmengine - INFO - paramwise_options -- language_model.language_backbone.body.model.encoder.layer.6.attention.output.dense.weight:lr_mult=0.1
2026/02/05 19:30:07 - mmengine - INFO - paramwise_options -- language_model.language_backbone.body.model.encoder.layer.6.attention.output.dense.bias:lr=1e-05
2026/02/05 19:30:07 - mmengine - INFO - paramwise_options -- language_model.language_backbone.body.model.encoder.layer.6.attention.output.dense.bias:weight_decay=0.0001
2026/02/05 19:30:07 - mmengine - INFO - paramwise_options -- language_model.language_backbone.body.model.encoder.layer.6.attention.output.dense.bias:lr_mult=0.1
2026/02/05 19:30:07 - mmengine - INFO - paramwise_options -- language_model.language_backbone.body.model.encoder.layer.6.attention.output.LayerNorm.weight:lr=1e-05
2026/02/05 19:30:07 - mmengine - INFO - paramwise_options -- language_model.language_backbone.body.model.encoder.layer.6.attention.output.LayerNorm.weight:weight_decay=0.0001
2026/02/05 19:30:07 - mmengine - INFO - paramwise_options -- language_model.language_backbone.body.model.encoder.layer.6.attention.output.LayerNorm.weight:lr_mult=0.1
2026/02/05 19:30:07 - mmengine - INFO - paramwise_options -- language_model.language_backbone.body.model.encoder.layer.6.attention.output.LayerNorm.bias:lr=1e-05
2026/02/05 19:30:07 - mmengine - INFO - paramwise_options -- language_model.language_backbone.body.model.encoder.layer.6.attention.output.LayerNorm.bias:weight_decay=0.0001
2026/02/05 19:30:07 - mmengine - INFO - paramwise_options -- language_model.language_backbone.body.model.encoder.layer.6.attention.output.LayerNorm.bias:lr_mult=0.1
2026/02/05 19:30:07 - mmengine - INFO - paramwise_options -- language_model.language_backbone.body.model.encoder.layer.6.intermediate.dense.weight:lr=1e-05
2026/02/05 19:30:07 - mmengine - INFO - paramwise_options -- language_model.language_backbone.body.model.encoder.layer.6.intermediate.dense.weight:weight_decay=0.0001
2026/02/05 19:30:07 - mmengine - INFO - paramwise_options -- language_model.language_backbone.body.model.encoder.layer.6.intermediate.dense.weight:lr_mult=0.1
2026/02/05 19:30:07 - mmengine - INFO - paramwise_options -- language_model.language_backbone.body.model.encoder.layer.6.intermediate.dense.bias:lr=1e-05
2026/02/05 19:30:07 - mmengine - INFO - paramwise_options -- language_model.language_backbone.body.model.encoder.layer.6.intermediate.dense.bias:weight_decay=0.0001
2026/02/05 19:30:07 - mmengine - INFO - paramwise_options -- language_model.language_backbone.body.model.encoder.layer.6.intermediate.dense.bias:lr_mult=0.1
2026/02/05 19:30:07 - mmengine - INFO - paramwise_options -- language_model.language_backbone.body.model.encoder.layer.6.output.dense.weight:lr=1e-05
2026/02/05 19:30:07 - mmengine - INFO - paramwise_options -- language_model.language_backbone.body.model.encoder.layer.6.output.dense.weight:weight_decay=0.0001
2026/02/05 19:30:07 - mmengine - INFO - paramwise_options -- language_model.language_backbone.body.model.encoder.layer.6.output.dense.weight:lr_mult=0.1
2026/02/05 19:30:07 - mmengine - INFO - paramwise_options -- language_model.language_backbone.body.model.encoder.layer.6.output.dense.bias:lr=1e-05
2026/02/05 19:30:07 - mmengine - INFO - paramwise_options -- language_model.language_backbone.body.model.encoder.layer.6.output.dense.bias:weight_decay=0.0001
2026/02/05 19:30:07 - mmengine - INFO - paramwise_options -- language_model.language_backbone.body.model.encoder.layer.6.output.dense.bias:lr_mult=0.1
2026/02/05 19:30:07 - mmengine - INFO - paramwise_options -- language_model.language_backbone.body.model.encoder.layer.6.output.LayerNorm.weight:lr=1e-05
2026/02/05 19:30:07 - mmengine - INFO - paramwise_options -- language_model.language_backbone.body.model.encoder.layer.6.output.LayerNorm.weight:weight_decay=0.0001
2026/02/05 19:30:07 - mmengine - INFO - paramwise_options -- language_model.language_backbone.body.model.encoder.layer.6.output.LayerNorm.weight:lr_mult=0.1
2026/02/05 19:30:07 - mmengine - INFO - paramwise_options -- language_model.language_backbone.body.model.encoder.layer.6.output.LayerNorm.bias:lr=1e-05
2026/02/05 19:30:07 - mmengine - INFO - paramwise_options -- language_model.language_backbone.body.model.encoder.layer.6.output.LayerNorm.bias:weight_decay=0.0001
2026/02/05 19:30:07 - mmengine - INFO - paramwise_options -- language_model.language_backbone.body.model.encoder.layer.6.output.LayerNorm.bias:lr_mult=0.1
2026/02/05 19:30:07 - mmengine - INFO - paramwise_options -- language_model.language_backbone.body.model.encoder.layer.7.attention.self.query.weight:lr=1e-05
2026/02/05 19:30:07 - mmengine - INFO - paramwise_options -- language_model.language_backbone.body.model.encoder.layer.7.attention.self.query.weight:weight_decay=0.0001
2026/02/05 19:30:07 - mmengine - INFO - paramwise_options -- language_model.language_backbone.body.model.encoder.layer.7.attention.self.query.weight:lr_mult=0.1
2026/02/05 19:30:07 - mmengine - INFO - paramwise_options -- language_model.language_backbone.body.model.encoder.layer.7.attention.self.query.bias:lr=1e-05
2026/02/05 19:30:07 - mmengine - INFO - paramwise_options -- language_model.language_backbone.body.model.encoder.layer.7.attention.self.query.bias:weight_decay=0.0001
2026/02/05 19:30:07 - mmengine - INFO - paramwise_options -- language_model.language_backbone.body.model.encoder.layer.7.attention.self.query.bias:lr_mult=0.1
2026/02/05 19:30:07 - mmengine - INFO - paramwise_options -- language_model.language_backbone.body.model.encoder.layer.7.attention.self.key.weight:lr=1e-05
2026/02/05 19:30:07 - mmengine - INFO - paramwise_options -- language_model.language_backbone.body.model.encoder.layer.7.attention.self.key.weight:weight_decay=0.0001
2026/02/05 19:30:07 - mmengine - INFO - paramwise_options -- language_model.language_backbone.body.model.encoder.layer.7.attention.self.key.weight:lr_mult=0.1
2026/02/05 19:30:07 - mmengine - INFO - paramwise_options -- language_model.language_backbone.body.model.encoder.layer.7.attention.self.key.bias:lr=1e-05
2026/02/05 19:30:07 - mmengine - INFO - paramwise_options -- language_model.language_backbone.body.model.encoder.layer.7.attention.self.key.bias:weight_decay=0.0001
2026/02/05 19:30:07 - mmengine - INFO - paramwise_options -- language_model.language_backbone.body.model.encoder.layer.7.attention.self.key.bias:lr_mult=0.1
2026/02/05 19:30:07 - mmengine - INFO - paramwise_options -- language_model.language_backbone.body.model.encoder.layer.7.attention.self.value.weight:lr=1e-05
2026/02/05 19:30:07 - mmengine - INFO - paramwise_options -- language_model.language_backbone.body.model.encoder.layer.7.attention.self.value.weight:weight_decay=0.0001
2026/02/05 19:30:07 - mmengine - INFO - paramwise_options -- language_model.language_backbone.body.model.encoder.layer.7.attention.self.value.weight:lr_mult=0.1
2026/02/05 19:30:07 - mmengine - INFO - paramwise_options -- language_model.language_backbone.body.model.encoder.layer.7.attention.self.value.bias:lr=1e-05
2026/02/05 19:30:07 - mmengine - INFO - paramwise_options -- language_model.language_backbone.body.model.encoder.layer.7.attention.self.value.bias:weight_decay=0.0001
2026/02/05 19:30:07 - mmengine - INFO - paramwise_options -- language_model.language_backbone.body.model.encoder.layer.7.attention.self.value.bias:lr_mult=0.1
2026/02/05 19:30:07 - mmengine - INFO - paramwise_options -- language_model.language_backbone.body.model.encoder.layer.7.attention.output.dense.weight:lr=1e-05
2026/02/05 19:30:07 - mmengine - INFO - paramwise_options -- language_model.language_backbone.body.model.encoder.layer.7.attention.output.dense.weight:weight_decay=0.0001
2026/02/05 19:30:07 - mmengine - INFO - paramwise_options -- language_model.language_backbone.body.model.encoder.layer.7.attention.output.dense.weight:lr_mult=0.1
2026/02/05 19:30:07 - mmengine - INFO - paramwise_options -- language_model.language_backbone.body.model.encoder.layer.7.attention.output.dense.bias:lr=1e-05
2026/02/05 19:30:07 - mmengine - INFO - paramwise_options -- language_model.language_backbone.body.model.encoder.layer.7.attention.output.dense.bias:weight_decay=0.0001
2026/02/05 19:30:07 - mmengine - INFO - paramwise_options -- language_model.language_backbone.body.model.encoder.layer.7.attention.output.dense.bias:lr_mult=0.1
2026/02/05 19:30:07 - mmengine - INFO - paramwise_options -- language_model.language_backbone.body.model.encoder.layer.7.attention.output.LayerNorm.weight:lr=1e-05
2026/02/05 19:30:07 - mmengine - INFO - paramwise_options -- language_model.language_backbone.body.model.encoder.layer.7.attention.output.LayerNorm.weight:weight_decay=0.0001
2026/02/05 19:30:07 - mmengine - INFO - paramwise_options -- language_model.language_backbone.body.model.encoder.layer.7.attention.output.LayerNorm.weight:lr_mult=0.1
2026/02/05 19:30:07 - mmengine - INFO - paramwise_options -- language_model.language_backbone.body.model.encoder.layer.7.attention.output.LayerNorm.bias:lr=1e-05
2026/02/05 19:30:07 - mmengine - INFO - paramwise_options -- language_model.language_backbone.body.model.encoder.layer.7.attention.output.LayerNorm.bias:weight_decay=0.0001
2026/02/05 19:30:07 - mmengine - INFO - paramwise_options -- language_model.language_backbone.body.model.encoder.layer.7.attention.output.LayerNorm.bias:lr_mult=0.1
2026/02/05 19:30:07 - mmengine - INFO - paramwise_options -- language_model.language_backbone.body.model.encoder.layer.7.intermediate.dense.weight:lr=1e-05
2026/02/05 19:30:07 - mmengine - INFO - paramwise_options -- language_model.language_backbone.body.model.encoder.layer.7.intermediate.dense.weight:weight_decay=0.0001
2026/02/05 19:30:07 - mmengine - INFO - paramwise_options -- language_model.language_backbone.body.model.encoder.layer.7.intermediate.dense.weight:lr_mult=0.1
2026/02/05 19:30:07 - mmengine - INFO - paramwise_options -- language_model.language_backbone.body.model.encoder.layer.7.intermediate.dense.bias:lr=1e-05
2026/02/05 19:30:07 - mmengine - INFO - paramwise_options -- language_model.language_backbone.body.model.encoder.layer.7.intermediate.dense.bias:weight_decay=0.0001
2026/02/05 19:30:07 - mmengine - INFO - paramwise_options -- language_model.language_backbone.body.model.encoder.layer.7.intermediate.dense.bias:lr_mult=0.1
2026/02/05 19:30:07 - mmengine - INFO - paramwise_options -- language_model.language_backbone.body.model.encoder.layer.7.output.dense.weight:lr=1e-05
2026/02/05 19:30:07 - mmengine - INFO - paramwise_options -- language_model.language_backbone.body.model.encoder.layer.7.output.dense.weight:weight_decay=0.0001
2026/02/05 19:30:07 - mmengine - INFO - paramwise_options -- language_model.language_backbone.body.model.encoder.layer.7.output.dense.weight:lr_mult=0.1
2026/02/05 19:30:07 - mmengine - INFO - paramwise_options -- language_model.language_backbone.body.model.encoder.layer.7.output.dense.bias:lr=1e-05
2026/02/05 19:30:07 - mmengine - INFO - paramwise_options -- language_model.language_backbone.body.model.encoder.layer.7.output.dense.bias:weight_decay=0.0001
2026/02/05 19:30:07 - mmengine - INFO - paramwise_options -- language_model.language_backbone.body.model.encoder.layer.7.output.dense.bias:lr_mult=0.1
2026/02/05 19:30:07 - mmengine - INFO - paramwise_options -- language_model.language_backbone.body.model.encoder.layer.7.output.LayerNorm.weight:lr=1e-05
2026/02/05 19:30:07 - mmengine - INFO - paramwise_options -- language_model.language_backbone.body.model.encoder.layer.7.output.LayerNorm.weight:weight_decay=0.0001
2026/02/05 19:30:07 - mmengine - INFO - paramwise_options -- language_model.language_backbone.body.model.encoder.layer.7.output.LayerNorm.weight:lr_mult=0.1
2026/02/05 19:30:07 - mmengine - INFO - paramwise_options -- language_model.language_backbone.body.model.encoder.layer.7.output.LayerNorm.bias:lr=1e-05
2026/02/05 19:30:07 - mmengine - INFO - paramwise_options -- language_model.language_backbone.body.model.encoder.layer.7.output.LayerNorm.bias:weight_decay=0.0001
2026/02/05 19:30:07 - mmengine - INFO - paramwise_options -- language_model.language_backbone.body.model.encoder.layer.7.output.LayerNorm.bias:lr_mult=0.1
2026/02/05 19:30:07 - mmengine - INFO - paramwise_options -- language_model.language_backbone.body.model.encoder.layer.8.attention.self.query.weight:lr=1e-05
2026/02/05 19:30:07 - mmengine - INFO - paramwise_options -- language_model.language_backbone.body.model.encoder.layer.8.attention.self.query.weight:weight_decay=0.0001
2026/02/05 19:30:07 - mmengine - INFO - paramwise_options -- language_model.language_backbone.body.model.encoder.layer.8.attention.self.query.weight:lr_mult=0.1
2026/02/05 19:30:07 - mmengine - INFO - paramwise_options -- language_model.language_backbone.body.model.encoder.layer.8.attention.self.query.bias:lr=1e-05
2026/02/05 19:30:07 - mmengine - INFO - paramwise_options -- language_model.language_backbone.body.model.encoder.layer.8.attention.self.query.bias:weight_decay=0.0001
2026/02/05 19:30:07 - mmengine - INFO - paramwise_options -- language_model.language_backbone.body.model.encoder.layer.8.attention.self.query.bias:lr_mult=0.1
2026/02/05 19:30:07 - mmengine - INFO - paramwise_options -- language_model.language_backbone.body.model.encoder.layer.8.attention.self.key.weight:lr=1e-05
2026/02/05 19:30:07 - mmengine - INFO - paramwise_options -- language_model.language_backbone.body.model.encoder.layer.8.attention.self.key.weight:weight_decay=0.0001
2026/02/05 19:30:07 - mmengine - INFO - paramwise_options -- language_model.language_backbone.body.model.encoder.layer.8.attention.self.key.weight:lr_mult=0.1
2026/02/05 19:30:07 - mmengine - INFO - paramwise_options -- language_model.language_backbone.body.model.encoder.layer.8.attention.self.key.bias:lr=1e-05
2026/02/05 19:30:07 - mmengine - INFO - paramwise_options -- language_model.language_backbone.body.model.encoder.layer.8.attention.self.key.bias:weight_decay=0.0001
2026/02/05 19:30:07 - mmengine - INFO - paramwise_options -- language_model.language_backbone.body.model.encoder.layer.8.attention.self.key.bias:lr_mult=0.1
2026/02/05 19:30:07 - mmengine - INFO - paramwise_options -- language_model.language_backbone.body.model.encoder.layer.8.attention.self.value.weight:lr=1e-05
2026/02/05 19:30:07 - mmengine - INFO - paramwise_options -- language_model.language_backbone.body.model.encoder.layer.8.attention.self.value.weight:weight_decay=0.0001
2026/02/05 19:30:07 - mmengine - INFO - paramwise_options -- language_model.language_backbone.body.model.encoder.layer.8.attention.self.value.weight:lr_mult=0.1
2026/02/05 19:30:07 - mmengine - INFO - paramwise_options -- language_model.language_backbone.body.model.encoder.layer.8.attention.self.value.bias:lr=1e-05
2026/02/05 19:30:07 - mmengine - INFO - paramwise_options -- language_model.language_backbone.body.model.encoder.layer.8.attention.self.value.bias:weight_decay=0.0001
2026/02/05 19:30:07 - mmengine - INFO - paramwise_options -- language_model.language_backbone.body.model.encoder.layer.8.attention.self.value.bias:lr_mult=0.1
2026/02/05 19:30:07 - mmengine - INFO - paramwise_options -- language_model.language_backbone.body.model.encoder.layer.8.attention.output.dense.weight:lr=1e-05
2026/02/05 19:30:07 - mmengine - INFO - paramwise_options -- language_model.language_backbone.body.model.encoder.layer.8.attention.output.dense.weight:weight_decay=0.0001
2026/02/05 19:30:07 - mmengine - INFO - paramwise_options -- language_model.language_backbone.body.model.encoder.layer.8.attention.output.dense.weight:lr_mult=0.1
2026/02/05 19:30:07 - mmengine - INFO - paramwise_options -- language_model.language_backbone.body.model.encoder.layer.8.attention.output.dense.bias:lr=1e-05
2026/02/05 19:30:07 - mmengine - INFO - paramwise_options -- language_model.language_backbone.body.model.encoder.layer.8.attention.output.dense.bias:weight_decay=0.0001
2026/02/05 19:30:07 - mmengine - INFO - paramwise_options -- language_model.language_backbone.body.model.encoder.layer.8.attention.output.dense.bias:lr_mult=0.1
2026/02/05 19:30:07 - mmengine - INFO - paramwise_options -- language_model.language_backbone.body.model.encoder.layer.8.attention.output.LayerNorm.weight:lr=1e-05
2026/02/05 19:30:07 - mmengine - INFO - paramwise_options -- language_model.language_backbone.body.model.encoder.layer.8.attention.output.LayerNorm.weight:weight_decay=0.0001
2026/02/05 19:30:07 - mmengine - INFO - paramwise_options -- language_model.language_backbone.body.model.encoder.layer.8.attention.output.LayerNorm.weight:lr_mult=0.1
2026/02/05 19:30:07 - mmengine - INFO - paramwise_options -- language_model.language_backbone.body.model.encoder.layer.8.attention.output.LayerNorm.bias:lr=1e-05
2026/02/05 19:30:07 - mmengine - INFO - paramwise_options -- language_model.language_backbone.body.model.encoder.layer.8.attention.output.LayerNorm.bias:weight_decay=0.0001
2026/02/05 19:30:07 - mmengine - INFO - paramwise_options -- language_model.language_backbone.body.model.encoder.layer.8.attention.output.LayerNorm.bias:lr_mult=0.1
2026/02/05 19:30:07 - mmengine - INFO - paramwise_options -- language_model.language_backbone.body.model.encoder.layer.8.intermediate.dense.weight:lr=1e-05
2026/02/05 19:30:07 - mmengine - INFO - paramwise_options -- language_model.language_backbone.body.model.encoder.layer.8.intermediate.dense.weight:weight_decay=0.0001
2026/02/05 19:30:07 - mmengine - INFO - paramwise_options -- language_model.language_backbone.body.model.encoder.layer.8.intermediate.dense.weight:lr_mult=0.1
2026/02/05 19:30:07 - mmengine - INFO - paramwise_options -- language_model.language_backbone.body.model.encoder.layer.8.intermediate.dense.bias:lr=1e-05
2026/02/05 19:30:07 - mmengine - INFO - paramwise_options -- language_model.language_backbone.body.model.encoder.layer.8.intermediate.dense.bias:weight_decay=0.0001
2026/02/05 19:30:07 - mmengine - INFO - paramwise_options -- language_model.language_backbone.body.model.encoder.layer.8.intermediate.dense.bias:lr_mult=0.1
2026/02/05 19:30:07 - mmengine - INFO - paramwise_options -- language_model.language_backbone.body.model.encoder.layer.8.output.dense.weight:lr=1e-05
2026/02/05 19:30:07 - mmengine - INFO - paramwise_options -- language_model.language_backbone.body.model.encoder.layer.8.output.dense.weight:weight_decay=0.0001
2026/02/05 19:30:07 - mmengine - INFO - paramwise_options -- language_model.language_backbone.body.model.encoder.layer.8.output.dense.weight:lr_mult=0.1
2026/02/05 19:30:07 - mmengine - INFO - paramwise_options -- language_model.language_backbone.body.model.encoder.layer.8.output.dense.bias:lr=1e-05
2026/02/05 19:30:07 - mmengine - INFO - paramwise_options -- language_model.language_backbone.body.model.encoder.layer.8.output.dense.bias:weight_decay=0.0001
2026/02/05 19:30:07 - mmengine - INFO - paramwise_options -- language_model.language_backbone.body.model.encoder.layer.8.output.dense.bias:lr_mult=0.1
2026/02/05 19:30:07 - mmengine - INFO - paramwise_options -- language_model.language_backbone.body.model.encoder.layer.8.output.LayerNorm.weight:lr=1e-05
2026/02/05 19:30:07 - mmengine - INFO - paramwise_options -- language_model.language_backbone.body.model.encoder.layer.8.output.LayerNorm.weight:weight_decay=0.0001
2026/02/05 19:30:07 - mmengine - INFO - paramwise_options -- language_model.language_backbone.body.model.encoder.layer.8.output.LayerNorm.weight:lr_mult=0.1
2026/02/05 19:30:07 - mmengine - INFO - paramwise_options -- language_model.language_backbone.body.model.encoder.layer.8.output.LayerNorm.bias:lr=1e-05
2026/02/05 19:30:07 - mmengine - INFO - paramwise_options -- language_model.language_backbone.body.model.encoder.layer.8.output.LayerNorm.bias:weight_decay=0.0001
2026/02/05 19:30:07 - mmengine - INFO - paramwise_options -- language_model.language_backbone.body.model.encoder.layer.8.output.LayerNorm.bias:lr_mult=0.1
2026/02/05 19:30:07 - mmengine - INFO - paramwise_options -- language_model.language_backbone.body.model.encoder.layer.9.attention.self.query.weight:lr=1e-05
2026/02/05 19:30:07 - mmengine - INFO - paramwise_options -- language_model.language_backbone.body.model.encoder.layer.9.attention.self.query.weight:weight_decay=0.0001
2026/02/05 19:30:07 - mmengine - INFO - paramwise_options -- language_model.language_backbone.body.model.encoder.layer.9.attention.self.query.weight:lr_mult=0.1
2026/02/05 19:30:07 - mmengine - INFO - paramwise_options -- language_model.language_backbone.body.model.encoder.layer.9.attention.self.query.bias:lr=1e-05
2026/02/05 19:30:07 - mmengine - INFO - paramwise_options -- language_model.language_backbone.body.model.encoder.layer.9.attention.self.query.bias:weight_decay=0.0001
2026/02/05 19:30:07 - mmengine - INFO - paramwise_options -- language_model.language_backbone.body.model.encoder.layer.9.attention.self.query.bias:lr_mult=0.1
2026/02/05 19:30:07 - mmengine - INFO - paramwise_options -- language_model.language_backbone.body.model.encoder.layer.9.attention.self.key.weight:lr=1e-05
2026/02/05 19:30:07 - mmengine - INFO - paramwise_options -- language_model.language_backbone.body.model.encoder.layer.9.attention.self.key.weight:weight_decay=0.0001
2026/02/05 19:30:07 - mmengine - INFO - paramwise_options -- language_model.language_backbone.body.model.encoder.layer.9.attention.self.key.weight:lr_mult=0.1
2026/02/05 19:30:07 - mmengine - INFO - paramwise_options -- language_model.language_backbone.body.model.encoder.layer.9.attention.self.key.bias:lr=1e-05
2026/02/05 19:30:07 - mmengine - INFO - paramwise_options -- language_model.language_backbone.body.model.encoder.layer.9.attention.self.key.bias:weight_decay=0.0001
2026/02/05 19:30:07 - mmengine - INFO - paramwise_options -- language_model.language_backbone.body.model.encoder.layer.9.attention.self.key.bias:lr_mult=0.1
2026/02/05 19:30:07 - mmengine - INFO - paramwise_options -- language_model.language_backbone.body.model.encoder.layer.9.attention.self.value.weight:lr=1e-05
2026/02/05 19:30:07 - mmengine - INFO - paramwise_options -- language_model.language_backbone.body.model.encoder.layer.9.attention.self.value.weight:weight_decay=0.0001
2026/02/05 19:30:07 - mmengine - INFO - paramwise_options -- language_model.language_backbone.body.model.encoder.layer.9.attention.self.value.weight:lr_mult=0.1
2026/02/05 19:30:07 - mmengine - INFO - paramwise_options -- language_model.language_backbone.body.model.encoder.layer.9.attention.self.value.bias:lr=1e-05
2026/02/05 19:30:07 - mmengine - INFO - paramwise_options -- language_model.language_backbone.body.model.encoder.layer.9.attention.self.value.bias:weight_decay=0.0001
2026/02/05 19:30:07 - mmengine - INFO - paramwise_options -- language_model.language_backbone.body.model.encoder.layer.9.attention.self.value.bias:lr_mult=0.1
2026/02/05 19:30:07 - mmengine - INFO - paramwise_options -- language_model.language_backbone.body.model.encoder.layer.9.attention.output.dense.weight:lr=1e-05
2026/02/05 19:30:07 - mmengine - INFO - paramwise_options -- language_model.language_backbone.body.model.encoder.layer.9.attention.output.dense.weight:weight_decay=0.0001
2026/02/05 19:30:07 - mmengine - INFO - paramwise_options -- language_model.language_backbone.body.model.encoder.layer.9.attention.output.dense.weight:lr_mult=0.1
2026/02/05 19:30:07 - mmengine - INFO - paramwise_options -- language_model.language_backbone.body.model.encoder.layer.9.attention.output.dense.bias:lr=1e-05
2026/02/05 19:30:07 - mmengine - INFO - paramwise_options -- language_model.language_backbone.body.model.encoder.layer.9.attention.output.dense.bias:weight_decay=0.0001
2026/02/05 19:30:07 - mmengine - INFO - paramwise_options -- language_model.language_backbone.body.model.encoder.layer.9.attention.output.dense.bias:lr_mult=0.1
2026/02/05 19:30:07 - mmengine - INFO - paramwise_options -- language_model.language_backbone.body.model.encoder.layer.9.attention.output.LayerNorm.weight:lr=1e-05
2026/02/05 19:30:07 - mmengine - INFO - paramwise_options -- language_model.language_backbone.body.model.encoder.layer.9.attention.output.LayerNorm.weight:weight_decay=0.0001
2026/02/05 19:30:07 - mmengine - INFO - paramwise_options -- language_model.language_backbone.body.model.encoder.layer.9.attention.output.LayerNorm.weight:lr_mult=0.1
2026/02/05 19:30:07 - mmengine - INFO - paramwise_options -- language_model.language_backbone.body.model.encoder.layer.9.attention.output.LayerNorm.bias:lr=1e-05
2026/02/05 19:30:07 - mmengine - INFO - paramwise_options -- language_model.language_backbone.body.model.encoder.layer.9.attention.output.LayerNorm.bias:weight_decay=0.0001
2026/02/05 19:30:07 - mmengine - INFO - paramwise_options -- language_model.language_backbone.body.model.encoder.layer.9.attention.output.LayerNorm.bias:lr_mult=0.1
2026/02/05 19:30:07 - mmengine - INFO - paramwise_options -- language_model.language_backbone.body.model.encoder.layer.9.intermediate.dense.weight:lr=1e-05
2026/02/05 19:30:07 - mmengine - INFO - paramwise_options -- language_model.language_backbone.body.model.encoder.layer.9.intermediate.dense.weight:weight_decay=0.0001
2026/02/05 19:30:07 - mmengine - INFO - paramwise_options -- language_model.language_backbone.body.model.encoder.layer.9.intermediate.dense.weight:lr_mult=0.1
2026/02/05 19:30:07 - mmengine - INFO - paramwise_options -- language_model.language_backbone.body.model.encoder.layer.9.intermediate.dense.bias:lr=1e-05
2026/02/05 19:30:07 - mmengine - INFO - paramwise_options -- language_model.language_backbone.body.model.encoder.layer.9.intermediate.dense.bias:weight_decay=0.0001
2026/02/05 19:30:07 - mmengine - INFO - paramwise_options -- language_model.language_backbone.body.model.encoder.layer.9.intermediate.dense.bias:lr_mult=0.1
2026/02/05 19:30:07 - mmengine - INFO - paramwise_options -- language_model.language_backbone.body.model.encoder.layer.9.output.dense.weight:lr=1e-05
2026/02/05 19:30:07 - mmengine - INFO - paramwise_options -- language_model.language_backbone.body.model.encoder.layer.9.output.dense.weight:weight_decay=0.0001
2026/02/05 19:30:07 - mmengine - INFO - paramwise_options -- language_model.language_backbone.body.model.encoder.layer.9.output.dense.weight:lr_mult=0.1
2026/02/05 19:30:07 - mmengine - INFO - paramwise_options -- language_model.language_backbone.body.model.encoder.layer.9.output.dense.bias:lr=1e-05
2026/02/05 19:30:07 - mmengine - INFO - paramwise_options -- language_model.language_backbone.body.model.encoder.layer.9.output.dense.bias:weight_decay=0.0001
2026/02/05 19:30:07 - mmengine - INFO - paramwise_options -- language_model.language_backbone.body.model.encoder.layer.9.output.dense.bias:lr_mult=0.1
2026/02/05 19:30:07 - mmengine - INFO - paramwise_options -- language_model.language_backbone.body.model.encoder.layer.9.output.LayerNorm.weight:lr=1e-05
2026/02/05 19:30:07 - mmengine - INFO - paramwise_options -- language_model.language_backbone.body.model.encoder.layer.9.output.LayerNorm.weight:weight_decay=0.0001
2026/02/05 19:30:07 - mmengine - INFO - paramwise_options -- language_model.language_backbone.body.model.encoder.layer.9.output.LayerNorm.weight:lr_mult=0.1
2026/02/05 19:30:07 - mmengine - INFO - paramwise_options -- language_model.language_backbone.body.model.encoder.layer.9.output.LayerNorm.bias:lr=1e-05
2026/02/05 19:30:07 - mmengine - INFO - paramwise_options -- language_model.language_backbone.body.model.encoder.layer.9.output.LayerNorm.bias:weight_decay=0.0001
2026/02/05 19:30:07 - mmengine - INFO - paramwise_options -- language_model.language_backbone.body.model.encoder.layer.9.output.LayerNorm.bias:lr_mult=0.1
2026/02/05 19:30:07 - mmengine - INFO - paramwise_options -- language_model.language_backbone.body.model.encoder.layer.10.attention.self.query.weight:lr=1e-05
2026/02/05 19:30:07 - mmengine - INFO - paramwise_options -- language_model.language_backbone.body.model.encoder.layer.10.attention.self.query.weight:weight_decay=0.0001
2026/02/05 19:30:07 - mmengine - INFO - paramwise_options -- language_model.language_backbone.body.model.encoder.layer.10.attention.self.query.weight:lr_mult=0.1
2026/02/05 19:30:07 - mmengine - INFO - paramwise_options -- language_model.language_backbone.body.model.encoder.layer.10.attention.self.query.bias:lr=1e-05
2026/02/05 19:30:07 - mmengine - INFO - paramwise_options -- language_model.language_backbone.body.model.encoder.layer.10.attention.self.query.bias:weight_decay=0.0001
2026/02/05 19:30:07 - mmengine - INFO - paramwise_options -- language_model.language_backbone.body.model.encoder.layer.10.attention.self.query.bias:lr_mult=0.1
2026/02/05 19:30:07 - mmengine - INFO - paramwise_options -- language_model.language_backbone.body.model.encoder.layer.10.attention.self.key.weight:lr=1e-05
2026/02/05 19:30:07 - mmengine - INFO - paramwise_options -- language_model.language_backbone.body.model.encoder.layer.10.attention.self.key.weight:weight_decay=0.0001
2026/02/05 19:30:07 - mmengine - INFO - paramwise_options -- language_model.language_backbone.body.model.encoder.layer.10.attention.self.key.weight:lr_mult=0.1
2026/02/05 19:30:07 - mmengine - INFO - paramwise_options -- language_model.language_backbone.body.model.encoder.layer.10.attention.self.key.bias:lr=1e-05
2026/02/05 19:30:07 - mmengine - INFO - paramwise_options -- language_model.language_backbone.body.model.encoder.layer.10.attention.self.key.bias:weight_decay=0.0001
2026/02/05 19:30:07 - mmengine - INFO - paramwise_options -- language_model.language_backbone.body.model.encoder.layer.10.attention.self.key.bias:lr_mult=0.1
2026/02/05 19:30:07 - mmengine - INFO - paramwise_options -- language_model.language_backbone.body.model.encoder.layer.10.attention.self.value.weight:lr=1e-05
2026/02/05 19:30:07 - mmengine - INFO - paramwise_options -- language_model.language_backbone.body.model.encoder.layer.10.attention.self.value.weight:weight_decay=0.0001
2026/02/05 19:30:07 - mmengine - INFO - paramwise_options -- language_model.language_backbone.body.model.encoder.layer.10.attention.self.value.weight:lr_mult=0.1
2026/02/05 19:30:07 - mmengine - INFO - paramwise_options -- language_model.language_backbone.body.model.encoder.layer.10.attention.self.value.bias:lr=1e-05
2026/02/05 19:30:07 - mmengine - INFO - paramwise_options -- language_model.language_backbone.body.model.encoder.layer.10.attention.self.value.bias:weight_decay=0.0001
2026/02/05 19:30:07 - mmengine - INFO - paramwise_options -- language_model.language_backbone.body.model.encoder.layer.10.attention.self.value.bias:lr_mult=0.1
2026/02/05 19:30:07 - mmengine - INFO - paramwise_options -- language_model.language_backbone.body.model.encoder.layer.10.attention.output.dense.weight:lr=1e-05
2026/02/05 19:30:07 - mmengine - INFO - paramwise_options -- language_model.language_backbone.body.model.encoder.layer.10.attention.output.dense.weight:weight_decay=0.0001
2026/02/05 19:30:07 - mmengine - INFO - paramwise_options -- language_model.language_backbone.body.model.encoder.layer.10.attention.output.dense.weight:lr_mult=0.1
2026/02/05 19:30:07 - mmengine - INFO - paramwise_options -- language_model.language_backbone.body.model.encoder.layer.10.attention.output.dense.bias:lr=1e-05
2026/02/05 19:30:07 - mmengine - INFO - paramwise_options -- language_model.language_backbone.body.model.encoder.layer.10.attention.output.dense.bias:weight_decay=0.0001
2026/02/05 19:30:07 - mmengine - INFO - paramwise_options -- language_model.language_backbone.body.model.encoder.layer.10.attention.output.dense.bias:lr_mult=0.1
2026/02/05 19:30:07 - mmengine - INFO - paramwise_options -- language_model.language_backbone.body.model.encoder.layer.10.attention.output.LayerNorm.weight:lr=1e-05
2026/02/05 19:30:07 - mmengine - INFO - paramwise_options -- language_model.language_backbone.body.model.encoder.layer.10.attention.output.LayerNorm.weight:weight_decay=0.0001
2026/02/05 19:30:07 - mmengine - INFO - paramwise_options -- language_model.language_backbone.body.model.encoder.layer.10.attention.output.LayerNorm.weight:lr_mult=0.1
2026/02/05 19:30:07 - mmengine - INFO - paramwise_options -- language_model.language_backbone.body.model.encoder.layer.10.attention.output.LayerNorm.bias:lr=1e-05
2026/02/05 19:30:07 - mmengine - INFO - paramwise_options -- language_model.language_backbone.body.model.encoder.layer.10.attention.output.LayerNorm.bias:weight_decay=0.0001
2026/02/05 19:30:07 - mmengine - INFO - paramwise_options -- language_model.language_backbone.body.model.encoder.layer.10.attention.output.LayerNorm.bias:lr_mult=0.1
2026/02/05 19:30:07 - mmengine - INFO - paramwise_options -- language_model.language_backbone.body.model.encoder.layer.10.intermediate.dense.weight:lr=1e-05
2026/02/05 19:30:07 - mmengine - INFO - paramwise_options -- language_model.language_backbone.body.model.encoder.layer.10.intermediate.dense.weight:weight_decay=0.0001
2026/02/05 19:30:07 - mmengine - INFO - paramwise_options -- language_model.language_backbone.body.model.encoder.layer.10.intermediate.dense.weight:lr_mult=0.1
2026/02/05 19:30:07 - mmengine - INFO - paramwise_options -- language_model.language_backbone.body.model.encoder.layer.10.intermediate.dense.bias:lr=1e-05
2026/02/05 19:30:07 - mmengine - INFO - paramwise_options -- language_model.language_backbone.body.model.encoder.layer.10.intermediate.dense.bias:weight_decay=0.0001
2026/02/05 19:30:07 - mmengine - INFO - paramwise_options -- language_model.language_backbone.body.model.encoder.layer.10.intermediate.dense.bias:lr_mult=0.1
2026/02/05 19:30:07 - mmengine - INFO - paramwise_options -- language_model.language_backbone.body.model.encoder.layer.10.output.dense.weight:lr=1e-05
2026/02/05 19:30:07 - mmengine - INFO - paramwise_options -- language_model.language_backbone.body.model.encoder.layer.10.output.dense.weight:weight_decay=0.0001
2026/02/05 19:30:07 - mmengine - INFO - paramwise_options -- language_model.language_backbone.body.model.encoder.layer.10.output.dense.weight:lr_mult=0.1
2026/02/05 19:30:07 - mmengine - INFO - paramwise_options -- language_model.language_backbone.body.model.encoder.layer.10.output.dense.bias:lr=1e-05
2026/02/05 19:30:07 - mmengine - INFO - paramwise_options -- language_model.language_backbone.body.model.encoder.layer.10.output.dense.bias:weight_decay=0.0001
2026/02/05 19:30:07 - mmengine - INFO - paramwise_options -- language_model.language_backbone.body.model.encoder.layer.10.output.dense.bias:lr_mult=0.1
2026/02/05 19:30:07 - mmengine - INFO - paramwise_options -- language_model.language_backbone.body.model.encoder.layer.10.output.LayerNorm.weight:lr=1e-05
2026/02/05 19:30:07 - mmengine - INFO - paramwise_options -- language_model.language_backbone.body.model.encoder.layer.10.output.LayerNorm.weight:weight_decay=0.0001
2026/02/05 19:30:07 - mmengine - INFO - paramwise_options -- language_model.language_backbone.body.model.encoder.layer.10.output.LayerNorm.weight:lr_mult=0.1
2026/02/05 19:30:07 - mmengine - INFO - paramwise_options -- language_model.language_backbone.body.model.encoder.layer.10.output.LayerNorm.bias:lr=1e-05
2026/02/05 19:30:07 - mmengine - INFO - paramwise_options -- language_model.language_backbone.body.model.encoder.layer.10.output.LayerNorm.bias:weight_decay=0.0001
2026/02/05 19:30:07 - mmengine - INFO - paramwise_options -- language_model.language_backbone.body.model.encoder.layer.10.output.LayerNorm.bias:lr_mult=0.1
2026/02/05 19:30:07 - mmengine - INFO - paramwise_options -- language_model.language_backbone.body.model.encoder.layer.11.attention.self.query.weight:lr=1e-05
2026/02/05 19:30:07 - mmengine - INFO - paramwise_options -- language_model.language_backbone.body.model.encoder.layer.11.attention.self.query.weight:weight_decay=0.0001
2026/02/05 19:30:07 - mmengine - INFO - paramwise_options -- language_model.language_backbone.body.model.encoder.layer.11.attention.self.query.weight:lr_mult=0.1
2026/02/05 19:30:07 - mmengine - INFO - paramwise_options -- language_model.language_backbone.body.model.encoder.layer.11.attention.self.query.bias:lr=1e-05
2026/02/05 19:30:07 - mmengine - INFO - paramwise_options -- language_model.language_backbone.body.model.encoder.layer.11.attention.self.query.bias:weight_decay=0.0001
2026/02/05 19:30:07 - mmengine - INFO - paramwise_options -- language_model.language_backbone.body.model.encoder.layer.11.attention.self.query.bias:lr_mult=0.1
2026/02/05 19:30:07 - mmengine - INFO - paramwise_options -- language_model.language_backbone.body.model.encoder.layer.11.attention.self.key.weight:lr=1e-05
2026/02/05 19:30:07 - mmengine - INFO - paramwise_options -- language_model.language_backbone.body.model.encoder.layer.11.attention.self.key.weight:weight_decay=0.0001
2026/02/05 19:30:07 - mmengine - INFO - paramwise_options -- language_model.language_backbone.body.model.encoder.layer.11.attention.self.key.weight:lr_mult=0.1
2026/02/05 19:30:07 - mmengine - INFO - paramwise_options -- language_model.language_backbone.body.model.encoder.layer.11.attention.self.key.bias:lr=1e-05
2026/02/05 19:30:07 - mmengine - INFO - paramwise_options -- language_model.language_backbone.body.model.encoder.layer.11.attention.self.key.bias:weight_decay=0.0001
2026/02/05 19:30:07 - mmengine - INFO - paramwise_options -- language_model.language_backbone.body.model.encoder.layer.11.attention.self.key.bias:lr_mult=0.1
2026/02/05 19:30:07 - mmengine - INFO - paramwise_options -- language_model.language_backbone.body.model.encoder.layer.11.attention.self.value.weight:lr=1e-05
2026/02/05 19:30:07 - mmengine - INFO - paramwise_options -- language_model.language_backbone.body.model.encoder.layer.11.attention.self.value.weight:weight_decay=0.0001
2026/02/05 19:30:07 - mmengine - INFO - paramwise_options -- language_model.language_backbone.body.model.encoder.layer.11.attention.self.value.weight:lr_mult=0.1
2026/02/05 19:30:07 - mmengine - INFO - paramwise_options -- language_model.language_backbone.body.model.encoder.layer.11.attention.self.value.bias:lr=1e-05
2026/02/05 19:30:07 - mmengine - INFO - paramwise_options -- language_model.language_backbone.body.model.encoder.layer.11.attention.self.value.bias:weight_decay=0.0001
2026/02/05 19:30:07 - mmengine - INFO - paramwise_options -- language_model.language_backbone.body.model.encoder.layer.11.attention.self.value.bias:lr_mult=0.1
2026/02/05 19:30:07 - mmengine - INFO - paramwise_options -- language_model.language_backbone.body.model.encoder.layer.11.attention.output.dense.weight:lr=1e-05
2026/02/05 19:30:07 - mmengine - INFO - paramwise_options -- language_model.language_backbone.body.model.encoder.layer.11.attention.output.dense.weight:weight_decay=0.0001
2026/02/05 19:30:07 - mmengine - INFO - paramwise_options -- language_model.language_backbone.body.model.encoder.layer.11.attention.output.dense.weight:lr_mult=0.1
2026/02/05 19:30:07 - mmengine - INFO - paramwise_options -- language_model.language_backbone.body.model.encoder.layer.11.attention.output.dense.bias:lr=1e-05
2026/02/05 19:30:07 - mmengine - INFO - paramwise_options -- language_model.language_backbone.body.model.encoder.layer.11.attention.output.dense.bias:weight_decay=0.0001
2026/02/05 19:30:07 - mmengine - INFO - paramwise_options -- language_model.language_backbone.body.model.encoder.layer.11.attention.output.dense.bias:lr_mult=0.1
2026/02/05 19:30:07 - mmengine - INFO - paramwise_options -- language_model.language_backbone.body.model.encoder.layer.11.attention.output.LayerNorm.weight:lr=1e-05
2026/02/05 19:30:07 - mmengine - INFO - paramwise_options -- language_model.language_backbone.body.model.encoder.layer.11.attention.output.LayerNorm.weight:weight_decay=0.0001
2026/02/05 19:30:07 - mmengine - INFO - paramwise_options -- language_model.language_backbone.body.model.encoder.layer.11.attention.output.LayerNorm.weight:lr_mult=0.1
2026/02/05 19:30:07 - mmengine - INFO - paramwise_options -- language_model.language_backbone.body.model.encoder.layer.11.attention.output.LayerNorm.bias:lr=1e-05
2026/02/05 19:30:07 - mmengine - INFO - paramwise_options -- language_model.language_backbone.body.model.encoder.layer.11.attention.output.LayerNorm.bias:weight_decay=0.0001
2026/02/05 19:30:07 - mmengine - INFO - paramwise_options -- language_model.language_backbone.body.model.encoder.layer.11.attention.output.LayerNorm.bias:lr_mult=0.1
2026/02/05 19:30:07 - mmengine - INFO - paramwise_options -- language_model.language_backbone.body.model.encoder.layer.11.intermediate.dense.weight:lr=1e-05
2026/02/05 19:30:07 - mmengine - INFO - paramwise_options -- language_model.language_backbone.body.model.encoder.layer.11.intermediate.dense.weight:weight_decay=0.0001
2026/02/05 19:30:07 - mmengine - INFO - paramwise_options -- language_model.language_backbone.body.model.encoder.layer.11.intermediate.dense.weight:lr_mult=0.1
2026/02/05 19:30:07 - mmengine - INFO - paramwise_options -- language_model.language_backbone.body.model.encoder.layer.11.intermediate.dense.bias:lr=1e-05
2026/02/05 19:30:07 - mmengine - INFO - paramwise_options -- language_model.language_backbone.body.model.encoder.layer.11.intermediate.dense.bias:weight_decay=0.0001
2026/02/05 19:30:07 - mmengine - INFO - paramwise_options -- language_model.language_backbone.body.model.encoder.layer.11.intermediate.dense.bias:lr_mult=0.1
2026/02/05 19:30:07 - mmengine - INFO - paramwise_options -- language_model.language_backbone.body.model.encoder.layer.11.output.dense.weight:lr=1e-05
2026/02/05 19:30:07 - mmengine - INFO - paramwise_options -- language_model.language_backbone.body.model.encoder.layer.11.output.dense.weight:weight_decay=0.0001
2026/02/05 19:30:07 - mmengine - INFO - paramwise_options -- language_model.language_backbone.body.model.encoder.layer.11.output.dense.weight:lr_mult=0.1
2026/02/05 19:30:07 - mmengine - INFO - paramwise_options -- language_model.language_backbone.body.model.encoder.layer.11.output.dense.bias:lr=1e-05
2026/02/05 19:30:07 - mmengine - INFO - paramwise_options -- language_model.language_backbone.body.model.encoder.layer.11.output.dense.bias:weight_decay=0.0001
2026/02/05 19:30:07 - mmengine - INFO - paramwise_options -- language_model.language_backbone.body.model.encoder.layer.11.output.dense.bias:lr_mult=0.1
2026/02/05 19:30:07 - mmengine - INFO - paramwise_options -- language_model.language_backbone.body.model.encoder.layer.11.output.LayerNorm.weight:lr=1e-05
2026/02/05 19:30:07 - mmengine - INFO - paramwise_options -- language_model.language_backbone.body.model.encoder.layer.11.output.LayerNorm.weight:weight_decay=0.0001
2026/02/05 19:30:07 - mmengine - INFO - paramwise_options -- language_model.language_backbone.body.model.encoder.layer.11.output.LayerNorm.weight:lr_mult=0.1
2026/02/05 19:30:07 - mmengine - INFO - paramwise_options -- language_model.language_backbone.body.model.encoder.layer.11.output.LayerNorm.bias:lr=1e-05
2026/02/05 19:30:07 - mmengine - INFO - paramwise_options -- language_model.language_backbone.body.model.encoder.layer.11.output.LayerNorm.bias:weight_decay=0.0001
2026/02/05 19:30:07 - mmengine - INFO - paramwise_options -- language_model.language_backbone.body.model.encoder.layer.11.output.LayerNorm.bias:lr_mult=0.1
2026/02/05 19:30:07 - mmengine - WARNING - lmm.model.embed_tokens.weight is skipped since its requires_grad=False
2026/02/05 19:30:07 - mmengine - WARNING - lmm.model.layers.0.self_attn.q_proj.ori_model.weight is skipped since its requires_grad=False
2026/02/05 19:30:07 - mmengine - WARNING - lmm.model.layers.0.self_attn.q_proj.ori_model.bias is skipped since its requires_grad=False
2026/02/05 19:30:07 - mmengine - WARNING - lmm.model.layers.0.self_attn.k_proj.ori_model.weight is skipped since its requires_grad=False
2026/02/05 19:30:07 - mmengine - WARNING - lmm.model.layers.0.self_attn.k_proj.ori_model.bias is skipped since its requires_grad=False
2026/02/05 19:30:07 - mmengine - WARNING - lmm.model.layers.0.self_attn.v_proj.ori_model.weight is skipped since its requires_grad=False
2026/02/05 19:30:07 - mmengine - WARNING - lmm.model.layers.0.self_attn.v_proj.ori_model.bias is skipped since its requires_grad=False
2026/02/05 19:30:07 - mmengine - WARNING - lmm.model.layers.0.self_attn.o_proj.ori_model.weight is skipped since its requires_grad=False
2026/02/05 19:30:07 - mmengine - WARNING - lmm.model.layers.0.mlp.gate_proj.ori_model.weight is skipped since its requires_grad=False
2026/02/05 19:30:07 - mmengine - WARNING - lmm.model.layers.0.mlp.up_proj.ori_model.weight is skipped since its requires_grad=False
2026/02/05 19:30:07 - mmengine - WARNING - lmm.model.layers.0.mlp.down_proj.ori_model.weight is skipped since its requires_grad=False
2026/02/05 19:30:07 - mmengine - WARNING - lmm.model.layers.0.input_layernorm.weight is skipped since its requires_grad=False
2026/02/05 19:30:07 - mmengine - WARNING - lmm.model.layers.0.post_attention_layernorm.weight is skipped since its requires_grad=False
2026/02/05 19:30:07 - mmengine - WARNING - lmm.model.layers.1.self_attn.q_proj.ori_model.weight is skipped since its requires_grad=False
2026/02/05 19:30:07 - mmengine - WARNING - lmm.model.layers.1.self_attn.q_proj.ori_model.bias is skipped since its requires_grad=False
2026/02/05 19:30:07 - mmengine - WARNING - lmm.model.layers.1.self_attn.k_proj.ori_model.weight is skipped since its requires_grad=False
2026/02/05 19:30:07 - mmengine - WARNING - lmm.model.layers.1.self_attn.k_proj.ori_model.bias is skipped since its requires_grad=False
2026/02/05 19:30:07 - mmengine - WARNING - lmm.model.layers.1.self_attn.v_proj.ori_model.weight is skipped since its requires_grad=False
2026/02/05 19:30:07 - mmengine - WARNING - lmm.model.layers.1.self_attn.v_proj.ori_model.bias is skipped since its requires_grad=False
2026/02/05 19:30:07 - mmengine - WARNING - lmm.model.layers.1.self_attn.o_proj.ori_model.weight is skipped since its requires_grad=False
2026/02/05 19:30:07 - mmengine - WARNING - lmm.model.layers.1.mlp.gate_proj.ori_model.weight is skipped since its requires_grad=False
2026/02/05 19:30:07 - mmengine - WARNING - lmm.model.layers.1.mlp.up_proj.ori_model.weight is skipped since its requires_grad=False
2026/02/05 19:30:07 - mmengine - WARNING - lmm.model.layers.1.mlp.down_proj.ori_model.weight is skipped since its requires_grad=False
2026/02/05 19:30:07 - mmengine - WARNING - lmm.model.layers.1.input_layernorm.weight is skipped since its requires_grad=False
2026/02/05 19:30:07 - mmengine - WARNING - lmm.model.layers.1.post_attention_layernorm.weight is skipped since its requires_grad=False
2026/02/05 19:30:07 - mmengine - WARNING - lmm.model.layers.2.self_attn.q_proj.ori_model.weight is skipped since its requires_grad=False
2026/02/05 19:30:07 - mmengine - WARNING - lmm.model.layers.2.self_attn.q_proj.ori_model.bias is skipped since its requires_grad=False
2026/02/05 19:30:07 - mmengine - WARNING - lmm.model.layers.2.self_attn.k_proj.ori_model.weight is skipped since its requires_grad=False
2026/02/05 19:30:07 - mmengine - WARNING - lmm.model.layers.2.self_attn.k_proj.ori_model.bias is skipped since its requires_grad=False
2026/02/05 19:30:07 - mmengine - WARNING - lmm.model.layers.2.self_attn.v_proj.ori_model.weight is skipped since its requires_grad=False
2026/02/05 19:30:07 - mmengine - WARNING - lmm.model.layers.2.self_attn.v_proj.ori_model.bias is skipped since its requires_grad=False
2026/02/05 19:30:07 - mmengine - WARNING - lmm.model.layers.2.self_attn.o_proj.ori_model.weight is skipped since its requires_grad=False
2026/02/05 19:30:07 - mmengine - WARNING - lmm.model.layers.2.mlp.gate_proj.ori_model.weight is skipped since its requires_grad=False
2026/02/05 19:30:07 - mmengine - WARNING - lmm.model.layers.2.mlp.up_proj.ori_model.weight is skipped since its requires_grad=False
2026/02/05 19:30:07 - mmengine - WARNING - lmm.model.layers.2.mlp.down_proj.ori_model.weight is skipped since its requires_grad=False
2026/02/05 19:30:07 - mmengine - WARNING - lmm.model.layers.2.input_layernorm.weight is skipped since its requires_grad=False
2026/02/05 19:30:07 - mmengine - WARNING - lmm.model.layers.2.post_attention_layernorm.weight is skipped since its requires_grad=False
2026/02/05 19:30:07 - mmengine - WARNING - lmm.model.layers.3.self_attn.q_proj.ori_model.weight is skipped since its requires_grad=False
2026/02/05 19:30:07 - mmengine - WARNING - lmm.model.layers.3.self_attn.q_proj.ori_model.bias is skipped since its requires_grad=False
2026/02/05 19:30:07 - mmengine - WARNING - lmm.model.layers.3.self_attn.k_proj.ori_model.weight is skipped since its requires_grad=False
2026/02/05 19:30:07 - mmengine - WARNING - lmm.model.layers.3.self_attn.k_proj.ori_model.bias is skipped since its requires_grad=False
2026/02/05 19:30:07 - mmengine - WARNING - lmm.model.layers.3.self_attn.v_proj.ori_model.weight is skipped since its requires_grad=False
2026/02/05 19:30:07 - mmengine - WARNING - lmm.model.layers.3.self_attn.v_proj.ori_model.bias is skipped since its requires_grad=False
2026/02/05 19:30:07 - mmengine - WARNING - lmm.model.layers.3.self_attn.o_proj.ori_model.weight is skipped since its requires_grad=False
2026/02/05 19:30:07 - mmengine - WARNING - lmm.model.layers.3.mlp.gate_proj.ori_model.weight is skipped since its requires_grad=False
2026/02/05 19:30:07 - mmengine - WARNING - lmm.model.layers.3.mlp.up_proj.ori_model.weight is skipped since its requires_grad=False
2026/02/05 19:30:07 - mmengine - WARNING - lmm.model.layers.3.mlp.down_proj.ori_model.weight is skipped since its requires_grad=False
2026/02/05 19:30:07 - mmengine - WARNING - lmm.model.layers.3.input_layernorm.weight is skipped since its requires_grad=False
2026/02/05 19:30:07 - mmengine - WARNING - lmm.model.layers.3.post_attention_layernorm.weight is skipped since its requires_grad=False
2026/02/05 19:30:07 - mmengine - WARNING - lmm.model.layers.4.self_attn.q_proj.ori_model.weight is skipped since its requires_grad=False
2026/02/05 19:30:07 - mmengine - WARNING - lmm.model.layers.4.self_attn.q_proj.ori_model.bias is skipped since its requires_grad=False
2026/02/05 19:30:07 - mmengine - WARNING - lmm.model.layers.4.self_attn.k_proj.ori_model.weight is skipped since its requires_grad=False
2026/02/05 19:30:07 - mmengine - WARNING - lmm.model.layers.4.self_attn.k_proj.ori_model.bias is skipped since its requires_grad=False
2026/02/05 19:30:07 - mmengine - WARNING - lmm.model.layers.4.self_attn.v_proj.ori_model.weight is skipped since its requires_grad=False
2026/02/05 19:30:07 - mmengine - WARNING - lmm.model.layers.4.self_attn.v_proj.ori_model.bias is skipped since its requires_grad=False
2026/02/05 19:30:07 - mmengine - WARNING - lmm.model.layers.4.self_attn.o_proj.ori_model.weight is skipped since its requires_grad=False
2026/02/05 19:30:07 - mmengine - WARNING - lmm.model.layers.4.mlp.gate_proj.ori_model.weight is skipped since its requires_grad=False
2026/02/05 19:30:07 - mmengine - WARNING - lmm.model.layers.4.mlp.up_proj.ori_model.weight is skipped since its requires_grad=False
2026/02/05 19:30:07 - mmengine - WARNING - lmm.model.layers.4.mlp.down_proj.ori_model.weight is skipped since its requires_grad=False
2026/02/05 19:30:07 - mmengine - WARNING - lmm.model.layers.4.input_layernorm.weight is skipped since its requires_grad=False
2026/02/05 19:30:07 - mmengine - WARNING - lmm.model.layers.4.post_attention_layernorm.weight is skipped since its requires_grad=False
2026/02/05 19:30:07 - mmengine - WARNING - lmm.model.layers.5.self_attn.q_proj.ori_model.weight is skipped since its requires_grad=False
2026/02/05 19:30:07 - mmengine - WARNING - lmm.model.layers.5.self_attn.q_proj.ori_model.bias is skipped since its requires_grad=False
2026/02/05 19:30:07 - mmengine - WARNING - lmm.model.layers.5.self_attn.k_proj.ori_model.weight is skipped since its requires_grad=False
2026/02/05 19:30:07 - mmengine - WARNING - lmm.model.layers.5.self_attn.k_proj.ori_model.bias is skipped since its requires_grad=False
2026/02/05 19:30:07 - mmengine - WARNING - lmm.model.layers.5.self_attn.v_proj.ori_model.weight is skipped since its requires_grad=False
2026/02/05 19:30:07 - mmengine - WARNING - lmm.model.layers.5.self_attn.v_proj.ori_model.bias is skipped since its requires_grad=False
2026/02/05 19:30:07 - mmengine - WARNING - lmm.model.layers.5.self_attn.o_proj.ori_model.weight is skipped since its requires_grad=False
2026/02/05 19:30:07 - mmengine - WARNING - lmm.model.layers.5.mlp.gate_proj.ori_model.weight is skipped since its requires_grad=False
2026/02/05 19:30:07 - mmengine - WARNING - lmm.model.layers.5.mlp.up_proj.ori_model.weight is skipped since its requires_grad=False
2026/02/05 19:30:07 - mmengine - WARNING - lmm.model.layers.5.mlp.down_proj.ori_model.weight is skipped since its requires_grad=False
2026/02/05 19:30:07 - mmengine - WARNING - lmm.model.layers.5.input_layernorm.weight is skipped since its requires_grad=False
2026/02/05 19:30:07 - mmengine - WARNING - lmm.model.layers.5.post_attention_layernorm.weight is skipped since its requires_grad=False
2026/02/05 19:30:07 - mmengine - WARNING - lmm.model.layers.6.self_attn.q_proj.ori_model.weight is skipped since its requires_grad=False
2026/02/05 19:30:07 - mmengine - WARNING - lmm.model.layers.6.self_attn.q_proj.ori_model.bias is skipped since its requires_grad=False
2026/02/05 19:30:07 - mmengine - WARNING - lmm.model.layers.6.self_attn.k_proj.ori_model.weight is skipped since its requires_grad=False
2026/02/05 19:30:07 - mmengine - WARNING - lmm.model.layers.6.self_attn.k_proj.ori_model.bias is skipped since its requires_grad=False
2026/02/05 19:30:07 - mmengine - WARNING - lmm.model.layers.6.self_attn.v_proj.ori_model.weight is skipped since its requires_grad=False
2026/02/05 19:30:07 - mmengine - WARNING - lmm.model.layers.6.self_attn.v_proj.ori_model.bias is skipped since its requires_grad=False
2026/02/05 19:30:07 - mmengine - WARNING - lmm.model.layers.6.self_attn.o_proj.ori_model.weight is skipped since its requires_grad=False
2026/02/05 19:30:07 - mmengine - WARNING - lmm.model.layers.6.mlp.gate_proj.ori_model.weight is skipped since its requires_grad=False
2026/02/05 19:30:07 - mmengine - WARNING - lmm.model.layers.6.mlp.up_proj.ori_model.weight is skipped since its requires_grad=False
2026/02/05 19:30:07 - mmengine - WARNING - lmm.model.layers.6.mlp.down_proj.ori_model.weight is skipped since its requires_grad=False
2026/02/05 19:30:07 - mmengine - WARNING - lmm.model.layers.6.input_layernorm.weight is skipped since its requires_grad=False
2026/02/05 19:30:07 - mmengine - WARNING - lmm.model.layers.6.post_attention_layernorm.weight is skipped since its requires_grad=False
2026/02/05 19:30:07 - mmengine - WARNING - lmm.model.layers.7.self_attn.q_proj.ori_model.weight is skipped since its requires_grad=False
2026/02/05 19:30:07 - mmengine - WARNING - lmm.model.layers.7.self_attn.q_proj.ori_model.bias is skipped since its requires_grad=False
2026/02/05 19:30:07 - mmengine - WARNING - lmm.model.layers.7.self_attn.k_proj.ori_model.weight is skipped since its requires_grad=False
2026/02/05 19:30:07 - mmengine - WARNING - lmm.model.layers.7.self_attn.k_proj.ori_model.bias is skipped since its requires_grad=False
2026/02/05 19:30:07 - mmengine - WARNING - lmm.model.layers.7.self_attn.v_proj.ori_model.weight is skipped since its requires_grad=False
2026/02/05 19:30:07 - mmengine - WARNING - lmm.model.layers.7.self_attn.v_proj.ori_model.bias is skipped since its requires_grad=False
2026/02/05 19:30:07 - mmengine - WARNING - lmm.model.layers.7.self_attn.o_proj.ori_model.weight is skipped since its requires_grad=False
2026/02/05 19:30:07 - mmengine - WARNING - lmm.model.layers.7.mlp.gate_proj.ori_model.weight is skipped since its requires_grad=False
2026/02/05 19:30:07 - mmengine - WARNING - lmm.model.layers.7.mlp.up_proj.ori_model.weight is skipped since its requires_grad=False
2026/02/05 19:30:07 - mmengine - WARNING - lmm.model.layers.7.mlp.down_proj.ori_model.weight is skipped since its requires_grad=False
2026/02/05 19:30:07 - mmengine - WARNING - lmm.model.layers.7.input_layernorm.weight is skipped since its requires_grad=False
2026/02/05 19:30:07 - mmengine - WARNING - lmm.model.layers.7.post_attention_layernorm.weight is skipped since its requires_grad=False
2026/02/05 19:30:07 - mmengine - WARNING - lmm.model.layers.8.self_attn.q_proj.ori_model.weight is skipped since its requires_grad=False
2026/02/05 19:30:07 - mmengine - WARNING - lmm.model.layers.8.self_attn.q_proj.ori_model.bias is skipped since its requires_grad=False
2026/02/05 19:30:07 - mmengine - WARNING - lmm.model.layers.8.self_attn.k_proj.ori_model.weight is skipped since its requires_grad=False
2026/02/05 19:30:07 - mmengine - WARNING - lmm.model.layers.8.self_attn.k_proj.ori_model.bias is skipped since its requires_grad=False
2026/02/05 19:30:07 - mmengine - WARNING - lmm.model.layers.8.self_attn.v_proj.ori_model.weight is skipped since its requires_grad=False
2026/02/05 19:30:07 - mmengine - WARNING - lmm.model.layers.8.self_attn.v_proj.ori_model.bias is skipped since its requires_grad=False
2026/02/05 19:30:07 - mmengine - WARNING - lmm.model.layers.8.self_attn.o_proj.ori_model.weight is skipped since its requires_grad=False
2026/02/05 19:30:07 - mmengine - WARNING - lmm.model.layers.8.mlp.gate_proj.ori_model.weight is skipped since its requires_grad=False
2026/02/05 19:30:07 - mmengine - WARNING - lmm.model.layers.8.mlp.up_proj.ori_model.weight is skipped since its requires_grad=False
2026/02/05 19:30:07 - mmengine - WARNING - lmm.model.layers.8.mlp.down_proj.ori_model.weight is skipped since its requires_grad=False
2026/02/05 19:30:07 - mmengine - WARNING - lmm.model.layers.8.input_layernorm.weight is skipped since its requires_grad=False
2026/02/05 19:30:07 - mmengine - WARNING - lmm.model.layers.8.post_attention_layernorm.weight is skipped since its requires_grad=False
2026/02/05 19:30:07 - mmengine - WARNING - lmm.model.layers.9.self_attn.q_proj.ori_model.weight is skipped since its requires_grad=False
2026/02/05 19:30:07 - mmengine - WARNING - lmm.model.layers.9.self_attn.q_proj.ori_model.bias is skipped since its requires_grad=False
2026/02/05 19:30:07 - mmengine - WARNING - lmm.model.layers.9.self_attn.k_proj.ori_model.weight is skipped since its requires_grad=False
2026/02/05 19:30:07 - mmengine - WARNING - lmm.model.layers.9.self_attn.k_proj.ori_model.bias is skipped since its requires_grad=False
2026/02/05 19:30:07 - mmengine - WARNING - lmm.model.layers.9.self_attn.v_proj.ori_model.weight is skipped since its requires_grad=False
2026/02/05 19:30:07 - mmengine - WARNING - lmm.model.layers.9.self_attn.v_proj.ori_model.bias is skipped since its requires_grad=False
2026/02/05 19:30:07 - mmengine - WARNING - lmm.model.layers.9.self_attn.o_proj.ori_model.weight is skipped since its requires_grad=False
2026/02/05 19:30:07 - mmengine - WARNING - lmm.model.layers.9.mlp.gate_proj.ori_model.weight is skipped since its requires_grad=False
2026/02/05 19:30:07 - mmengine - WARNING - lmm.model.layers.9.mlp.up_proj.ori_model.weight is skipped since its requires_grad=False
2026/02/05 19:30:07 - mmengine - WARNING - lmm.model.layers.9.mlp.down_proj.ori_model.weight is skipped since its requires_grad=False
2026/02/05 19:30:07 - mmengine - WARNING - lmm.model.layers.9.input_layernorm.weight is skipped since its requires_grad=False
2026/02/05 19:30:07 - mmengine - WARNING - lmm.model.layers.9.post_attention_layernorm.weight is skipped since its requires_grad=False
2026/02/05 19:30:07 - mmengine - WARNING - lmm.model.layers.10.self_attn.q_proj.ori_model.weight is skipped since its requires_grad=False
2026/02/05 19:30:07 - mmengine - WARNING - lmm.model.layers.10.self_attn.q_proj.ori_model.bias is skipped since its requires_grad=False
2026/02/05 19:30:07 - mmengine - WARNING - lmm.model.layers.10.self_attn.k_proj.ori_model.weight is skipped since its requires_grad=False
2026/02/05 19:30:07 - mmengine - WARNING - lmm.model.layers.10.self_attn.k_proj.ori_model.bias is skipped since its requires_grad=False
2026/02/05 19:30:07 - mmengine - WARNING - lmm.model.layers.10.self_attn.v_proj.ori_model.weight is skipped since its requires_grad=False
2026/02/05 19:30:07 - mmengine - WARNING - lmm.model.layers.10.self_attn.v_proj.ori_model.bias is skipped since its requires_grad=False
2026/02/05 19:30:07 - mmengine - WARNING - lmm.model.layers.10.self_attn.o_proj.ori_model.weight is skipped since its requires_grad=False
2026/02/05 19:30:07 - mmengine - WARNING - lmm.model.layers.10.mlp.gate_proj.ori_model.weight is skipped since its requires_grad=False
2026/02/05 19:30:07 - mmengine - WARNING - lmm.model.layers.10.mlp.up_proj.ori_model.weight is skipped since its requires_grad=False
2026/02/05 19:30:07 - mmengine - WARNING - lmm.model.layers.10.mlp.down_proj.ori_model.weight is skipped since its requires_grad=False
2026/02/05 19:30:07 - mmengine - WARNING - lmm.model.layers.10.input_layernorm.weight is skipped since its requires_grad=False
2026/02/05 19:30:07 - mmengine - WARNING - lmm.model.layers.10.post_attention_layernorm.weight is skipped since its requires_grad=False
2026/02/05 19:30:07 - mmengine - WARNING - lmm.model.layers.11.self_attn.q_proj.ori_model.weight is skipped since its requires_grad=False
2026/02/05 19:30:07 - mmengine - WARNING - lmm.model.layers.11.self_attn.q_proj.ori_model.bias is skipped since its requires_grad=False
2026/02/05 19:30:07 - mmengine - WARNING - lmm.model.layers.11.self_attn.k_proj.ori_model.weight is skipped since its requires_grad=False
2026/02/05 19:30:07 - mmengine - WARNING - lmm.model.layers.11.self_attn.k_proj.ori_model.bias is skipped since its requires_grad=False
2026/02/05 19:30:07 - mmengine - WARNING - lmm.model.layers.11.self_attn.v_proj.ori_model.weight is skipped since its requires_grad=False
2026/02/05 19:30:07 - mmengine - WARNING - lmm.model.layers.11.self_attn.v_proj.ori_model.bias is skipped since its requires_grad=False
2026/02/05 19:30:07 - mmengine - WARNING - lmm.model.layers.11.self_attn.o_proj.ori_model.weight is skipped since its requires_grad=False
2026/02/05 19:30:07 - mmengine - WARNING - lmm.model.layers.11.mlp.gate_proj.ori_model.weight is skipped since its requires_grad=False
2026/02/05 19:30:07 - mmengine - WARNING - lmm.model.layers.11.mlp.up_proj.ori_model.weight is skipped since its requires_grad=False
2026/02/05 19:30:07 - mmengine - WARNING - lmm.model.layers.11.mlp.down_proj.ori_model.weight is skipped since its requires_grad=False
2026/02/05 19:30:07 - mmengine - WARNING - lmm.model.layers.11.input_layernorm.weight is skipped since its requires_grad=False
2026/02/05 19:30:07 - mmengine - WARNING - lmm.model.layers.11.post_attention_layernorm.weight is skipped since its requires_grad=False
2026/02/05 19:30:07 - mmengine - WARNING - lmm.model.layers.12.self_attn.q_proj.ori_model.weight is skipped since its requires_grad=False
2026/02/05 19:30:07 - mmengine - WARNING - lmm.model.layers.12.self_attn.q_proj.ori_model.bias is skipped since its requires_grad=False
2026/02/05 19:30:07 - mmengine - WARNING - lmm.model.layers.12.self_attn.k_proj.ori_model.weight is skipped since its requires_grad=False
2026/02/05 19:30:07 - mmengine - WARNING - lmm.model.layers.12.self_attn.k_proj.ori_model.bias is skipped since its requires_grad=False
2026/02/05 19:30:07 - mmengine - WARNING - lmm.model.layers.12.self_attn.v_proj.ori_model.weight is skipped since its requires_grad=False
2026/02/05 19:30:07 - mmengine - WARNING - lmm.model.layers.12.self_attn.v_proj.ori_model.bias is skipped since its requires_grad=False
2026/02/05 19:30:07 - mmengine - WARNING - lmm.model.layers.12.self_attn.o_proj.ori_model.weight is skipped since its requires_grad=False
2026/02/05 19:30:07 - mmengine - WARNING - lmm.model.layers.12.mlp.gate_proj.ori_model.weight is skipped since its requires_grad=False
2026/02/05 19:30:07 - mmengine - WARNING - lmm.model.layers.12.mlp.up_proj.ori_model.weight is skipped since its requires_grad=False
2026/02/05 19:30:07 - mmengine - WARNING - lmm.model.layers.12.mlp.down_proj.ori_model.weight is skipped since its requires_grad=False
2026/02/05 19:30:07 - mmengine - WARNING - lmm.model.layers.12.input_layernorm.weight is skipped since its requires_grad=False
2026/02/05 19:30:07 - mmengine - WARNING - lmm.model.layers.12.post_attention_layernorm.weight is skipped since its requires_grad=False
2026/02/05 19:30:07 - mmengine - WARNING - lmm.model.layers.13.self_attn.q_proj.ori_model.weight is skipped since its requires_grad=False
2026/02/05 19:30:07 - mmengine - WARNING - lmm.model.layers.13.self_attn.q_proj.ori_model.bias is skipped since its requires_grad=False
2026/02/05 19:30:07 - mmengine - WARNING - lmm.model.layers.13.self_attn.k_proj.ori_model.weight is skipped since its requires_grad=False
2026/02/05 19:30:07 - mmengine - WARNING - lmm.model.layers.13.self_attn.k_proj.ori_model.bias is skipped since its requires_grad=False
2026/02/05 19:30:07 - mmengine - WARNING - lmm.model.layers.13.self_attn.v_proj.ori_model.weight is skipped since its requires_grad=False
2026/02/05 19:30:07 - mmengine - WARNING - lmm.model.layers.13.self_attn.v_proj.ori_model.bias is skipped since its requires_grad=False
2026/02/05 19:30:07 - mmengine - WARNING - lmm.model.layers.13.self_attn.o_proj.ori_model.weight is skipped since its requires_grad=False
2026/02/05 19:30:07 - mmengine - WARNING - lmm.model.layers.13.mlp.gate_proj.ori_model.weight is skipped since its requires_grad=False
2026/02/05 19:30:07 - mmengine - WARNING - lmm.model.layers.13.mlp.up_proj.ori_model.weight is skipped since its requires_grad=False
2026/02/05 19:30:07 - mmengine - WARNING - lmm.model.layers.13.mlp.down_proj.ori_model.weight is skipped since its requires_grad=False
2026/02/05 19:30:07 - mmengine - WARNING - lmm.model.layers.13.input_layernorm.weight is skipped since its requires_grad=False
2026/02/05 19:30:07 - mmengine - WARNING - lmm.model.layers.13.post_attention_layernorm.weight is skipped since its requires_grad=False
2026/02/05 19:30:07 - mmengine - WARNING - lmm.model.layers.14.self_attn.q_proj.ori_model.weight is skipped since its requires_grad=False
2026/02/05 19:30:07 - mmengine - WARNING - lmm.model.layers.14.self_attn.q_proj.ori_model.bias is skipped since its requires_grad=False
2026/02/05 19:30:07 - mmengine - WARNING - lmm.model.layers.14.self_attn.k_proj.ori_model.weight is skipped since its requires_grad=False
2026/02/05 19:30:07 - mmengine - WARNING - lmm.model.layers.14.self_attn.k_proj.ori_model.bias is skipped since its requires_grad=False
2026/02/05 19:30:07 - mmengine - WARNING - lmm.model.layers.14.self_attn.v_proj.ori_model.weight is skipped since its requires_grad=False
2026/02/05 19:30:07 - mmengine - WARNING - lmm.model.layers.14.self_attn.v_proj.ori_model.bias is skipped since its requires_grad=False
2026/02/05 19:30:07 - mmengine - WARNING - lmm.model.layers.14.self_attn.o_proj.ori_model.weight is skipped since its requires_grad=False
2026/02/05 19:30:07 - mmengine - WARNING - lmm.model.layers.14.mlp.gate_proj.ori_model.weight is skipped since its requires_grad=False
2026/02/05 19:30:07 - mmengine - WARNING - lmm.model.layers.14.mlp.up_proj.ori_model.weight is skipped since its requires_grad=False
2026/02/05 19:30:07 - mmengine - WARNING - lmm.model.layers.14.mlp.down_proj.ori_model.weight is skipped since its requires_grad=False
2026/02/05 19:30:07 - mmengine - WARNING - lmm.model.layers.14.input_layernorm.weight is skipped since its requires_grad=False
2026/02/05 19:30:07 - mmengine - WARNING - lmm.model.layers.14.post_attention_layernorm.weight is skipped since its requires_grad=False
2026/02/05 19:30:07 - mmengine - WARNING - lmm.model.layers.15.self_attn.q_proj.ori_model.weight is skipped since its requires_grad=False
2026/02/05 19:30:07 - mmengine - WARNING - lmm.model.layers.15.self_attn.q_proj.ori_model.bias is skipped since its requires_grad=False
2026/02/05 19:30:07 - mmengine - WARNING - lmm.model.layers.15.self_attn.k_proj.ori_model.weight is skipped since its requires_grad=False
2026/02/05 19:30:07 - mmengine - WARNING - lmm.model.layers.15.self_attn.k_proj.ori_model.bias is skipped since its requires_grad=False
2026/02/05 19:30:07 - mmengine - WARNING - lmm.model.layers.15.self_attn.v_proj.ori_model.weight is skipped since its requires_grad=False
2026/02/05 19:30:07 - mmengine - WARNING - lmm.model.layers.15.self_attn.v_proj.ori_model.bias is skipped since its requires_grad=False
2026/02/05 19:30:07 - mmengine - WARNING - lmm.model.layers.15.self_attn.o_proj.ori_model.weight is skipped since its requires_grad=False
2026/02/05 19:30:07 - mmengine - WARNING - lmm.model.layers.15.mlp.gate_proj.ori_model.weight is skipped since its requires_grad=False
2026/02/05 19:30:07 - mmengine - WARNING - lmm.model.layers.15.mlp.up_proj.ori_model.weight is skipped since its requires_grad=False
2026/02/05 19:30:07 - mmengine - WARNING - lmm.model.layers.15.mlp.down_proj.ori_model.weight is skipped since its requires_grad=False
2026/02/05 19:30:07 - mmengine - WARNING - lmm.model.layers.15.input_layernorm.weight is skipped since its requires_grad=False
2026/02/05 19:30:07 - mmengine - WARNING - lmm.model.layers.15.post_attention_layernorm.weight is skipped since its requires_grad=False
2026/02/05 19:30:07 - mmengine - WARNING - lmm.model.layers.16.self_attn.q_proj.ori_model.weight is skipped since its requires_grad=False
2026/02/05 19:30:07 - mmengine - WARNING - lmm.model.layers.16.self_attn.q_proj.ori_model.bias is skipped since its requires_grad=False
2026/02/05 19:30:07 - mmengine - WARNING - lmm.model.layers.16.self_attn.k_proj.ori_model.weight is skipped since its requires_grad=False
2026/02/05 19:30:07 - mmengine - WARNING - lmm.model.layers.16.self_attn.k_proj.ori_model.bias is skipped since its requires_grad=False
2026/02/05 19:30:07 - mmengine - WARNING - lmm.model.layers.16.self_attn.v_proj.ori_model.weight is skipped since its requires_grad=False
2026/02/05 19:30:07 - mmengine - WARNING - lmm.model.layers.16.self_attn.v_proj.ori_model.bias is skipped since its requires_grad=False
2026/02/05 19:30:07 - mmengine - WARNING - lmm.model.layers.16.self_attn.o_proj.ori_model.weight is skipped since its requires_grad=False
2026/02/05 19:30:07 - mmengine - WARNING - lmm.model.layers.16.mlp.gate_proj.ori_model.weight is skipped since its requires_grad=False
2026/02/05 19:30:07 - mmengine - WARNING - lmm.model.layers.16.mlp.up_proj.ori_model.weight is skipped since its requires_grad=False
2026/02/05 19:30:07 - mmengine - WARNING - lmm.model.layers.16.mlp.down_proj.ori_model.weight is skipped since its requires_grad=False
2026/02/05 19:30:07 - mmengine - WARNING - lmm.model.layers.16.input_layernorm.weight is skipped since its requires_grad=False
2026/02/05 19:30:07 - mmengine - WARNING - lmm.model.layers.16.post_attention_layernorm.weight is skipped since its requires_grad=False
2026/02/05 19:30:07 - mmengine - WARNING - lmm.model.layers.17.self_attn.q_proj.ori_model.weight is skipped since its requires_grad=False
2026/02/05 19:30:07 - mmengine - WARNING - lmm.model.layers.17.self_attn.q_proj.ori_model.bias is skipped since its requires_grad=False
2026/02/05 19:30:07 - mmengine - WARNING - lmm.model.layers.17.self_attn.k_proj.ori_model.weight is skipped since its requires_grad=False
2026/02/05 19:30:07 - mmengine - WARNING - lmm.model.layers.17.self_attn.k_proj.ori_model.bias is skipped since its requires_grad=False
2026/02/05 19:30:07 - mmengine - WARNING - lmm.model.layers.17.self_attn.v_proj.ori_model.weight is skipped since its requires_grad=False
2026/02/05 19:30:07 - mmengine - WARNING - lmm.model.layers.17.self_attn.v_proj.ori_model.bias is skipped since its requires_grad=False
2026/02/05 19:30:07 - mmengine - WARNING - lmm.model.layers.17.self_attn.o_proj.ori_model.weight is skipped since its requires_grad=False
2026/02/05 19:30:07 - mmengine - WARNING - lmm.model.layers.17.mlp.gate_proj.ori_model.weight is skipped since its requires_grad=False
2026/02/05 19:30:07 - mmengine - WARNING - lmm.model.layers.17.mlp.up_proj.ori_model.weight is skipped since its requires_grad=False
2026/02/05 19:30:07 - mmengine - WARNING - lmm.model.layers.17.mlp.down_proj.ori_model.weight is skipped since its requires_grad=False
2026/02/05 19:30:07 - mmengine - WARNING - lmm.model.layers.17.input_layernorm.weight is skipped since its requires_grad=False
2026/02/05 19:30:07 - mmengine - WARNING - lmm.model.layers.17.post_attention_layernorm.weight is skipped since its requires_grad=False
2026/02/05 19:30:07 - mmengine - WARNING - lmm.model.layers.18.self_attn.q_proj.ori_model.weight is skipped since its requires_grad=False
2026/02/05 19:30:07 - mmengine - WARNING - lmm.model.layers.18.self_attn.q_proj.ori_model.bias is skipped since its requires_grad=False
2026/02/05 19:30:07 - mmengine - WARNING - lmm.model.layers.18.self_attn.k_proj.ori_model.weight is skipped since its requires_grad=False
2026/02/05 19:30:07 - mmengine - WARNING - lmm.model.layers.18.self_attn.k_proj.ori_model.bias is skipped since its requires_grad=False
2026/02/05 19:30:07 - mmengine - WARNING - lmm.model.layers.18.self_attn.v_proj.ori_model.weight is skipped since its requires_grad=False
2026/02/05 19:30:07 - mmengine - WARNING - lmm.model.layers.18.self_attn.v_proj.ori_model.bias is skipped since its requires_grad=False
2026/02/05 19:30:07 - mmengine - WARNING - lmm.model.layers.18.self_attn.o_proj.ori_model.weight is skipped since its requires_grad=False
2026/02/05 19:30:07 - mmengine - WARNING - lmm.model.layers.18.mlp.gate_proj.ori_model.weight is skipped since its requires_grad=False
2026/02/05 19:30:07 - mmengine - WARNING - lmm.model.layers.18.mlp.up_proj.ori_model.weight is skipped since its requires_grad=False
2026/02/05 19:30:07 - mmengine - WARNING - lmm.model.layers.18.mlp.down_proj.ori_model.weight is skipped since its requires_grad=False
2026/02/05 19:30:07 - mmengine - WARNING - lmm.model.layers.18.input_layernorm.weight is skipped since its requires_grad=False
2026/02/05 19:30:07 - mmengine - WARNING - lmm.model.layers.18.post_attention_layernorm.weight is skipped since its requires_grad=False
2026/02/05 19:30:07 - mmengine - WARNING - lmm.model.layers.19.self_attn.q_proj.ori_model.weight is skipped since its requires_grad=False
2026/02/05 19:30:07 - mmengine - WARNING - lmm.model.layers.19.self_attn.q_proj.ori_model.bias is skipped since its requires_grad=False
2026/02/05 19:30:07 - mmengine - WARNING - lmm.model.layers.19.self_attn.k_proj.ori_model.weight is skipped since its requires_grad=False
2026/02/05 19:30:07 - mmengine - WARNING - lmm.model.layers.19.self_attn.k_proj.ori_model.bias is skipped since its requires_grad=False
2026/02/05 19:30:07 - mmengine - WARNING - lmm.model.layers.19.self_attn.v_proj.ori_model.weight is skipped since its requires_grad=False
2026/02/05 19:30:07 - mmengine - WARNING - lmm.model.layers.19.self_attn.v_proj.ori_model.bias is skipped since its requires_grad=False
2026/02/05 19:30:07 - mmengine - WARNING - lmm.model.layers.19.self_attn.o_proj.ori_model.weight is skipped since its requires_grad=False
2026/02/05 19:30:07 - mmengine - WARNING - lmm.model.layers.19.mlp.gate_proj.ori_model.weight is skipped since its requires_grad=False
2026/02/05 19:30:07 - mmengine - WARNING - lmm.model.layers.19.mlp.up_proj.ori_model.weight is skipped since its requires_grad=False
2026/02/05 19:30:07 - mmengine - WARNING - lmm.model.layers.19.mlp.down_proj.ori_model.weight is skipped since its requires_grad=False
2026/02/05 19:30:07 - mmengine - WARNING - lmm.model.layers.19.input_layernorm.weight is skipped since its requires_grad=False
2026/02/05 19:30:07 - mmengine - WARNING - lmm.model.layers.19.post_attention_layernorm.weight is skipped since its requires_grad=False
2026/02/05 19:30:07 - mmengine - WARNING - lmm.model.layers.20.self_attn.q_proj.ori_model.weight is skipped since its requires_grad=False
2026/02/05 19:30:07 - mmengine - WARNING - lmm.model.layers.20.self_attn.q_proj.ori_model.bias is skipped since its requires_grad=False
2026/02/05 19:30:07 - mmengine - WARNING - lmm.model.layers.20.self_attn.k_proj.ori_model.weight is skipped since its requires_grad=False
2026/02/05 19:30:07 - mmengine - WARNING - lmm.model.layers.20.self_attn.k_proj.ori_model.bias is skipped since its requires_grad=False
2026/02/05 19:30:07 - mmengine - WARNING - lmm.model.layers.20.self_attn.v_proj.ori_model.weight is skipped since its requires_grad=False
2026/02/05 19:30:07 - mmengine - WARNING - lmm.model.layers.20.self_attn.v_proj.ori_model.bias is skipped since its requires_grad=False
2026/02/05 19:30:07 - mmengine - WARNING - lmm.model.layers.20.self_attn.o_proj.ori_model.weight is skipped since its requires_grad=False
2026/02/05 19:30:07 - mmengine - WARNING - lmm.model.layers.20.mlp.gate_proj.ori_model.weight is skipped since its requires_grad=False
2026/02/05 19:30:07 - mmengine - WARNING - lmm.model.layers.20.mlp.up_proj.ori_model.weight is skipped since its requires_grad=False
2026/02/05 19:30:07 - mmengine - WARNING - lmm.model.layers.20.mlp.down_proj.ori_model.weight is skipped since its requires_grad=False
2026/02/05 19:30:07 - mmengine - WARNING - lmm.model.layers.20.input_layernorm.weight is skipped since its requires_grad=False
2026/02/05 19:30:07 - mmengine - WARNING - lmm.model.layers.20.post_attention_layernorm.weight is skipped since its requires_grad=False
2026/02/05 19:30:07 - mmengine - WARNING - lmm.model.layers.21.self_attn.q_proj.ori_model.weight is skipped since its requires_grad=False
2026/02/05 19:30:07 - mmengine - WARNING - lmm.model.layers.21.self_attn.q_proj.ori_model.bias is skipped since its requires_grad=False
2026/02/05 19:30:07 - mmengine - WARNING - lmm.model.layers.21.self_attn.k_proj.ori_model.weight is skipped since its requires_grad=False
2026/02/05 19:30:07 - mmengine - WARNING - lmm.model.layers.21.self_attn.k_proj.ori_model.bias is skipped since its requires_grad=False
2026/02/05 19:30:07 - mmengine - WARNING - lmm.model.layers.21.self_attn.v_proj.ori_model.weight is skipped since its requires_grad=False
2026/02/05 19:30:07 - mmengine - WARNING - lmm.model.layers.21.self_attn.v_proj.ori_model.bias is skipped since its requires_grad=False
2026/02/05 19:30:07 - mmengine - WARNING - lmm.model.layers.21.self_attn.o_proj.ori_model.weight is skipped since its requires_grad=False
2026/02/05 19:30:07 - mmengine - WARNING - lmm.model.layers.21.mlp.gate_proj.ori_model.weight is skipped since its requires_grad=False
2026/02/05 19:30:07 - mmengine - WARNING - lmm.model.layers.21.mlp.up_proj.ori_model.weight is skipped since its requires_grad=False
2026/02/05 19:30:07 - mmengine - WARNING - lmm.model.layers.21.mlp.down_proj.ori_model.weight is skipped since its requires_grad=False
2026/02/05 19:30:07 - mmengine - WARNING - lmm.model.layers.21.input_layernorm.weight is skipped since its requires_grad=False
2026/02/05 19:30:07 - mmengine - WARNING - lmm.model.layers.21.post_attention_layernorm.weight is skipped since its requires_grad=False
2026/02/05 19:30:07 - mmengine - WARNING - lmm.model.layers.22.self_attn.q_proj.ori_model.weight is skipped since its requires_grad=False
2026/02/05 19:30:07 - mmengine - WARNING - lmm.model.layers.22.self_attn.q_proj.ori_model.bias is skipped since its requires_grad=False
2026/02/05 19:30:07 - mmengine - WARNING - lmm.model.layers.22.self_attn.k_proj.ori_model.weight is skipped since its requires_grad=False
2026/02/05 19:30:07 - mmengine - WARNING - lmm.model.layers.22.self_attn.k_proj.ori_model.bias is skipped since its requires_grad=False
2026/02/05 19:30:07 - mmengine - WARNING - lmm.model.layers.22.self_attn.v_proj.ori_model.weight is skipped since its requires_grad=False
2026/02/05 19:30:07 - mmengine - WARNING - lmm.model.layers.22.self_attn.v_proj.ori_model.bias is skipped since its requires_grad=False
2026/02/05 19:30:07 - mmengine - WARNING - lmm.model.layers.22.self_attn.o_proj.ori_model.weight is skipped since its requires_grad=False
2026/02/05 19:30:07 - mmengine - WARNING - lmm.model.layers.22.mlp.gate_proj.ori_model.weight is skipped since its requires_grad=False
2026/02/05 19:30:07 - mmengine - WARNING - lmm.model.layers.22.mlp.up_proj.ori_model.weight is skipped since its requires_grad=False
2026/02/05 19:30:07 - mmengine - WARNING - lmm.model.layers.22.mlp.down_proj.ori_model.weight is skipped since its requires_grad=False
2026/02/05 19:30:07 - mmengine - WARNING - lmm.model.layers.22.input_layernorm.weight is skipped since its requires_grad=False
2026/02/05 19:30:07 - mmengine - WARNING - lmm.model.layers.22.post_attention_layernorm.weight is skipped since its requires_grad=False
2026/02/05 19:30:07 - mmengine - WARNING - lmm.model.layers.23.self_attn.q_proj.ori_model.weight is skipped since its requires_grad=False
2026/02/05 19:30:07 - mmengine - WARNING - lmm.model.layers.23.self_attn.q_proj.ori_model.bias is skipped since its requires_grad=False
2026/02/05 19:30:07 - mmengine - WARNING - lmm.model.layers.23.self_attn.k_proj.ori_model.weight is skipped since its requires_grad=False
2026/02/05 19:30:07 - mmengine - WARNING - lmm.model.layers.23.self_attn.k_proj.ori_model.bias is skipped since its requires_grad=False
2026/02/05 19:30:07 - mmengine - WARNING - lmm.model.layers.23.self_attn.v_proj.ori_model.weight is skipped since its requires_grad=False
2026/02/05 19:30:07 - mmengine - WARNING - lmm.model.layers.23.self_attn.v_proj.ori_model.bias is skipped since its requires_grad=False
2026/02/05 19:30:07 - mmengine - WARNING - lmm.model.layers.23.self_attn.o_proj.ori_model.weight is skipped since its requires_grad=False
2026/02/05 19:30:07 - mmengine - WARNING - lmm.model.layers.23.mlp.gate_proj.ori_model.weight is skipped since its requires_grad=False
2026/02/05 19:30:07 - mmengine - WARNING - lmm.model.layers.23.mlp.up_proj.ori_model.weight is skipped since its requires_grad=False
2026/02/05 19:30:07 - mmengine - WARNING - lmm.model.layers.23.mlp.down_proj.ori_model.weight is skipped since its requires_grad=False
2026/02/05 19:30:07 - mmengine - WARNING - lmm.model.layers.23.input_layernorm.weight is skipped since its requires_grad=False
2026/02/05 19:30:07 - mmengine - WARNING - lmm.model.layers.23.post_attention_layernorm.weight is skipped since its requires_grad=False
2026/02/05 19:30:07 - mmengine - WARNING - lmm.model.norm.weight is skipped since its requires_grad=False
2026/02/05 19:30:07 - mmengine - WARNING - lmm.lm_head.weight is skipped since its requires_grad=False
2026/02/05 19:30:07 - mmengine - INFO - LR is set based on batch size of 16 and the current batch size is 16. Scaling the original LR by 1.0.
Name of parameter - Initialization information

level_embed - torch.Size([4, 256]): 
The value is the same before and after calling `init_weights` of GroundingDINO  

backbone.patch_embed.projection.weight - torch.Size([96, 3, 4, 4]): 
The value is the same before and after calling `init_weights` of GroundingDINO  

backbone.patch_embed.projection.bias - torch.Size([96]): 
The value is the same before and after calling `init_weights` of GroundingDINO  

backbone.patch_embed.norm.weight - torch.Size([96]): 
The value is the same before and after calling `init_weights` of GroundingDINO  

backbone.patch_embed.norm.bias - torch.Size([96]): 
The value is the same before and after calling `init_weights` of GroundingDINO  

backbone.stages.0.blocks.0.norm1.weight - torch.Size([96]): 
The value is the same before and after calling `init_weights` of GroundingDINO  

backbone.stages.0.blocks.0.norm1.bias - torch.Size([96]): 
The value is the same before and after calling `init_weights` of GroundingDINO  

backbone.stages.0.blocks.0.attn.w_msa.relative_position_bias_table - torch.Size([169, 3]): 
The value is the same before and after calling `init_weights` of GroundingDINO  

backbone.stages.0.blocks.0.attn.w_msa.qkv.weight - torch.Size([288, 96]): 
The value is the same before and after calling `init_weights` of GroundingDINO  

backbone.stages.0.blocks.0.attn.w_msa.qkv.bias - torch.Size([288]): 
The value is the same before and after calling `init_weights` of GroundingDINO  

backbone.stages.0.blocks.0.attn.w_msa.proj.weight - torch.Size([96, 96]): 
The value is the same before and after calling `init_weights` of GroundingDINO  

backbone.stages.0.blocks.0.attn.w_msa.proj.bias - torch.Size([96]): 
The value is the same before and after calling `init_weights` of GroundingDINO  

backbone.stages.0.blocks.0.norm2.weight - torch.Size([96]): 
The value is the same before and after calling `init_weights` of GroundingDINO  

backbone.stages.0.blocks.0.norm2.bias - torch.Size([96]): 
The value is the same before and after calling `init_weights` of GroundingDINO  

backbone.stages.0.blocks.0.ffn.layers.0.0.weight - torch.Size([384, 96]): 
The value is the same before and after calling `init_weights` of GroundingDINO  

backbone.stages.0.blocks.0.ffn.layers.0.0.bias - torch.Size([384]): 
The value is the same before and after calling `init_weights` of GroundingDINO  

backbone.stages.0.blocks.0.ffn.layers.1.weight - torch.Size([96, 384]): 
The value is the same before and after calling `init_weights` of GroundingDINO  

backbone.stages.0.blocks.0.ffn.layers.1.bias - torch.Size([96]): 
The value is the same before and after calling `init_weights` of GroundingDINO  

backbone.stages.0.blocks.1.norm1.weight - torch.Size([96]): 
The value is the same before and after calling `init_weights` of GroundingDINO  

backbone.stages.0.blocks.1.norm1.bias - torch.Size([96]): 
The value is the same before and after calling `init_weights` of GroundingDINO  

backbone.stages.0.blocks.1.attn.w_msa.relative_position_bias_table - torch.Size([169, 3]): 
The value is the same before and after calling `init_weights` of GroundingDINO  

backbone.stages.0.blocks.1.attn.w_msa.qkv.weight - torch.Size([288, 96]): 
The value is the same before and after calling `init_weights` of GroundingDINO  

backbone.stages.0.blocks.1.attn.w_msa.qkv.bias - torch.Size([288]): 
The value is the same before and after calling `init_weights` of GroundingDINO  

backbone.stages.0.blocks.1.attn.w_msa.proj.weight - torch.Size([96, 96]): 
The value is the same before and after calling `init_weights` of GroundingDINO  

backbone.stages.0.blocks.1.attn.w_msa.proj.bias - torch.Size([96]): 
The value is the same before and after calling `init_weights` of GroundingDINO  

backbone.stages.0.blocks.1.norm2.weight - torch.Size([96]): 
The value is the same before and after calling `init_weights` of GroundingDINO  

backbone.stages.0.blocks.1.norm2.bias - torch.Size([96]): 
The value is the same before and after calling `init_weights` of GroundingDINO  

backbone.stages.0.blocks.1.ffn.layers.0.0.weight - torch.Size([384, 96]): 
The value is the same before and after calling `init_weights` of GroundingDINO  

backbone.stages.0.blocks.1.ffn.layers.0.0.bias - torch.Size([384]): 
The value is the same before and after calling `init_weights` of GroundingDINO  

backbone.stages.0.blocks.1.ffn.layers.1.weight - torch.Size([96, 384]): 
The value is the same before and after calling `init_weights` of GroundingDINO  

backbone.stages.0.blocks.1.ffn.layers.1.bias - torch.Size([96]): 
The value is the same before and after calling `init_weights` of GroundingDINO  

backbone.stages.0.downsample.norm.weight - torch.Size([384]): 
The value is the same before and after calling `init_weights` of GroundingDINO  

backbone.stages.0.downsample.norm.bias - torch.Size([384]): 
The value is the same before and after calling `init_weights` of GroundingDINO  

backbone.stages.0.downsample.reduction.weight - torch.Size([192, 384]): 
The value is the same before and after calling `init_weights` of GroundingDINO  

backbone.stages.1.blocks.0.norm1.weight - torch.Size([192]): 
The value is the same before and after calling `init_weights` of GroundingDINO  

backbone.stages.1.blocks.0.norm1.bias - torch.Size([192]): 
The value is the same before and after calling `init_weights` of GroundingDINO  

backbone.stages.1.blocks.0.attn.w_msa.relative_position_bias_table - torch.Size([169, 6]): 
The value is the same before and after calling `init_weights` of GroundingDINO  

backbone.stages.1.blocks.0.attn.w_msa.qkv.weight - torch.Size([576, 192]): 
The value is the same before and after calling `init_weights` of GroundingDINO  

backbone.stages.1.blocks.0.attn.w_msa.qkv.bias - torch.Size([576]): 
The value is the same before and after calling `init_weights` of GroundingDINO  

backbone.stages.1.blocks.0.attn.w_msa.proj.weight - torch.Size([192, 192]): 
The value is the same before and after calling `init_weights` of GroundingDINO  

backbone.stages.1.blocks.0.attn.w_msa.proj.bias - torch.Size([192]): 
The value is the same before and after calling `init_weights` of GroundingDINO  

backbone.stages.1.blocks.0.norm2.weight - torch.Size([192]): 
The value is the same before and after calling `init_weights` of GroundingDINO  

backbone.stages.1.blocks.0.norm2.bias - torch.Size([192]): 
The value is the same before and after calling `init_weights` of GroundingDINO  

backbone.stages.1.blocks.0.ffn.layers.0.0.weight - torch.Size([768, 192]): 
The value is the same before and after calling `init_weights` of GroundingDINO  

backbone.stages.1.blocks.0.ffn.layers.0.0.bias - torch.Size([768]): 
The value is the same before and after calling `init_weights` of GroundingDINO  

backbone.stages.1.blocks.0.ffn.layers.1.weight - torch.Size([192, 768]): 
The value is the same before and after calling `init_weights` of GroundingDINO  

backbone.stages.1.blocks.0.ffn.layers.1.bias - torch.Size([192]): 
The value is the same before and after calling `init_weights` of GroundingDINO  

backbone.stages.1.blocks.1.norm1.weight - torch.Size([192]): 
The value is the same before and after calling `init_weights` of GroundingDINO  

backbone.stages.1.blocks.1.norm1.bias - torch.Size([192]): 
The value is the same before and after calling `init_weights` of GroundingDINO  

backbone.stages.1.blocks.1.attn.w_msa.relative_position_bias_table - torch.Size([169, 6]): 
The value is the same before and after calling `init_weights` of GroundingDINO  

backbone.stages.1.blocks.1.attn.w_msa.qkv.weight - torch.Size([576, 192]): 
The value is the same before and after calling `init_weights` of GroundingDINO  

backbone.stages.1.blocks.1.attn.w_msa.qkv.bias - torch.Size([576]): 
The value is the same before and after calling `init_weights` of GroundingDINO  

backbone.stages.1.blocks.1.attn.w_msa.proj.weight - torch.Size([192, 192]): 
The value is the same before and after calling `init_weights` of GroundingDINO  

backbone.stages.1.blocks.1.attn.w_msa.proj.bias - torch.Size([192]): 
The value is the same before and after calling `init_weights` of GroundingDINO  

backbone.stages.1.blocks.1.norm2.weight - torch.Size([192]): 
The value is the same before and after calling `init_weights` of GroundingDINO  

backbone.stages.1.blocks.1.norm2.bias - torch.Size([192]): 
The value is the same before and after calling `init_weights` of GroundingDINO  

backbone.stages.1.blocks.1.ffn.layers.0.0.weight - torch.Size([768, 192]): 
The value is the same before and after calling `init_weights` of GroundingDINO  

backbone.stages.1.blocks.1.ffn.layers.0.0.bias - torch.Size([768]): 
The value is the same before and after calling `init_weights` of GroundingDINO  

backbone.stages.1.blocks.1.ffn.layers.1.weight - torch.Size([192, 768]): 
The value is the same before and after calling `init_weights` of GroundingDINO  

backbone.stages.1.blocks.1.ffn.layers.1.bias - torch.Size([192]): 
The value is the same before and after calling `init_weights` of GroundingDINO  

backbone.stages.1.downsample.norm.weight - torch.Size([768]): 
The value is the same before and after calling `init_weights` of GroundingDINO  

backbone.stages.1.downsample.norm.bias - torch.Size([768]): 
The value is the same before and after calling `init_weights` of GroundingDINO  

backbone.stages.1.downsample.reduction.weight - torch.Size([384, 768]): 
The value is the same before and after calling `init_weights` of GroundingDINO  

backbone.stages.2.blocks.0.norm1.weight - torch.Size([384]): 
The value is the same before and after calling `init_weights` of GroundingDINO  

backbone.stages.2.blocks.0.norm1.bias - torch.Size([384]): 
The value is the same before and after calling `init_weights` of GroundingDINO  

backbone.stages.2.blocks.0.attn.w_msa.relative_position_bias_table - torch.Size([169, 12]): 
The value is the same before and after calling `init_weights` of GroundingDINO  

backbone.stages.2.blocks.0.attn.w_msa.qkv.weight - torch.Size([1152, 384]): 
The value is the same before and after calling `init_weights` of GroundingDINO  

backbone.stages.2.blocks.0.attn.w_msa.qkv.bias - torch.Size([1152]): 
The value is the same before and after calling `init_weights` of GroundingDINO  

backbone.stages.2.blocks.0.attn.w_msa.proj.weight - torch.Size([384, 384]): 
The value is the same before and after calling `init_weights` of GroundingDINO  

backbone.stages.2.blocks.0.attn.w_msa.proj.bias - torch.Size([384]): 
The value is the same before and after calling `init_weights` of GroundingDINO  

backbone.stages.2.blocks.0.norm2.weight - torch.Size([384]): 
The value is the same before and after calling `init_weights` of GroundingDINO  

backbone.stages.2.blocks.0.norm2.bias - torch.Size([384]): 
The value is the same before and after calling `init_weights` of GroundingDINO  

backbone.stages.2.blocks.0.ffn.layers.0.0.weight - torch.Size([1536, 384]): 
The value is the same before and after calling `init_weights` of GroundingDINO  

backbone.stages.2.blocks.0.ffn.layers.0.0.bias - torch.Size([1536]): 
The value is the same before and after calling `init_weights` of GroundingDINO  

backbone.stages.2.blocks.0.ffn.layers.1.weight - torch.Size([384, 1536]): 
The value is the same before and after calling `init_weights` of GroundingDINO  

backbone.stages.2.blocks.0.ffn.layers.1.bias - torch.Size([384]): 
The value is the same before and after calling `init_weights` of GroundingDINO  

backbone.stages.2.blocks.1.norm1.weight - torch.Size([384]): 
The value is the same before and after calling `init_weights` of GroundingDINO  

backbone.stages.2.blocks.1.norm1.bias - torch.Size([384]): 
The value is the same before and after calling `init_weights` of GroundingDINO  

backbone.stages.2.blocks.1.attn.w_msa.relative_position_bias_table - torch.Size([169, 12]): 
The value is the same before and after calling `init_weights` of GroundingDINO  

backbone.stages.2.blocks.1.attn.w_msa.qkv.weight - torch.Size([1152, 384]): 
The value is the same before and after calling `init_weights` of GroundingDINO  

backbone.stages.2.blocks.1.attn.w_msa.qkv.bias - torch.Size([1152]): 
The value is the same before and after calling `init_weights` of GroundingDINO  

backbone.stages.2.blocks.1.attn.w_msa.proj.weight - torch.Size([384, 384]): 
The value is the same before and after calling `init_weights` of GroundingDINO  

backbone.stages.2.blocks.1.attn.w_msa.proj.bias - torch.Size([384]): 
The value is the same before and after calling `init_weights` of GroundingDINO  

backbone.stages.2.blocks.1.norm2.weight - torch.Size([384]): 
The value is the same before and after calling `init_weights` of GroundingDINO  

backbone.stages.2.blocks.1.norm2.bias - torch.Size([384]): 
The value is the same before and after calling `init_weights` of GroundingDINO  

backbone.stages.2.blocks.1.ffn.layers.0.0.weight - torch.Size([1536, 384]): 
The value is the same before and after calling `init_weights` of GroundingDINO  

backbone.stages.2.blocks.1.ffn.layers.0.0.bias - torch.Size([1536]): 
The value is the same before and after calling `init_weights` of GroundingDINO  

backbone.stages.2.blocks.1.ffn.layers.1.weight - torch.Size([384, 1536]): 
The value is the same before and after calling `init_weights` of GroundingDINO  

backbone.stages.2.blocks.1.ffn.layers.1.bias - torch.Size([384]): 
The value is the same before and after calling `init_weights` of GroundingDINO  

backbone.stages.2.blocks.2.norm1.weight - torch.Size([384]): 
The value is the same before and after calling `init_weights` of GroundingDINO  

backbone.stages.2.blocks.2.norm1.bias - torch.Size([384]): 
The value is the same before and after calling `init_weights` of GroundingDINO  

backbone.stages.2.blocks.2.attn.w_msa.relative_position_bias_table - torch.Size([169, 12]): 
The value is the same before and after calling `init_weights` of GroundingDINO  

backbone.stages.2.blocks.2.attn.w_msa.qkv.weight - torch.Size([1152, 384]): 
The value is the same before and after calling `init_weights` of GroundingDINO  

backbone.stages.2.blocks.2.attn.w_msa.qkv.bias - torch.Size([1152]): 
The value is the same before and after calling `init_weights` of GroundingDINO  

backbone.stages.2.blocks.2.attn.w_msa.proj.weight - torch.Size([384, 384]): 
The value is the same before and after calling `init_weights` of GroundingDINO  

backbone.stages.2.blocks.2.attn.w_msa.proj.bias - torch.Size([384]): 
The value is the same before and after calling `init_weights` of GroundingDINO  

backbone.stages.2.blocks.2.norm2.weight - torch.Size([384]): 
The value is the same before and after calling `init_weights` of GroundingDINO  

backbone.stages.2.blocks.2.norm2.bias - torch.Size([384]): 
The value is the same before and after calling `init_weights` of GroundingDINO  

backbone.stages.2.blocks.2.ffn.layers.0.0.weight - torch.Size([1536, 384]): 
The value is the same before and after calling `init_weights` of GroundingDINO  

backbone.stages.2.blocks.2.ffn.layers.0.0.bias - torch.Size([1536]): 
The value is the same before and after calling `init_weights` of GroundingDINO  

backbone.stages.2.blocks.2.ffn.layers.1.weight - torch.Size([384, 1536]): 
The value is the same before and after calling `init_weights` of GroundingDINO  

backbone.stages.2.blocks.2.ffn.layers.1.bias - torch.Size([384]): 
The value is the same before and after calling `init_weights` of GroundingDINO  

backbone.stages.2.blocks.3.norm1.weight - torch.Size([384]): 
The value is the same before and after calling `init_weights` of GroundingDINO  

backbone.stages.2.blocks.3.norm1.bias - torch.Size([384]): 
The value is the same before and after calling `init_weights` of GroundingDINO  

backbone.stages.2.blocks.3.attn.w_msa.relative_position_bias_table - torch.Size([169, 12]): 
The value is the same before and after calling `init_weights` of GroundingDINO  

backbone.stages.2.blocks.3.attn.w_msa.qkv.weight - torch.Size([1152, 384]): 
The value is the same before and after calling `init_weights` of GroundingDINO  

backbone.stages.2.blocks.3.attn.w_msa.qkv.bias - torch.Size([1152]): 
The value is the same before and after calling `init_weights` of GroundingDINO  

backbone.stages.2.blocks.3.attn.w_msa.proj.weight - torch.Size([384, 384]): 
The value is the same before and after calling `init_weights` of GroundingDINO  

backbone.stages.2.blocks.3.attn.w_msa.proj.bias - torch.Size([384]): 
The value is the same before and after calling `init_weights` of GroundingDINO  

backbone.stages.2.blocks.3.norm2.weight - torch.Size([384]): 
The value is the same before and after calling `init_weights` of GroundingDINO  

backbone.stages.2.blocks.3.norm2.bias - torch.Size([384]): 
The value is the same before and after calling `init_weights` of GroundingDINO  

backbone.stages.2.blocks.3.ffn.layers.0.0.weight - torch.Size([1536, 384]): 
The value is the same before and after calling `init_weights` of GroundingDINO  

backbone.stages.2.blocks.3.ffn.layers.0.0.bias - torch.Size([1536]): 
The value is the same before and after calling `init_weights` of GroundingDINO  

backbone.stages.2.blocks.3.ffn.layers.1.weight - torch.Size([384, 1536]): 
The value is the same before and after calling `init_weights` of GroundingDINO  

backbone.stages.2.blocks.3.ffn.layers.1.bias - torch.Size([384]): 
The value is the same before and after calling `init_weights` of GroundingDINO  

backbone.stages.2.blocks.4.norm1.weight - torch.Size([384]): 
The value is the same before and after calling `init_weights` of GroundingDINO  

backbone.stages.2.blocks.4.norm1.bias - torch.Size([384]): 
The value is the same before and after calling `init_weights` of GroundingDINO  

backbone.stages.2.blocks.4.attn.w_msa.relative_position_bias_table - torch.Size([169, 12]): 
The value is the same before and after calling `init_weights` of GroundingDINO  

backbone.stages.2.blocks.4.attn.w_msa.qkv.weight - torch.Size([1152, 384]): 
The value is the same before and after calling `init_weights` of GroundingDINO  

backbone.stages.2.blocks.4.attn.w_msa.qkv.bias - torch.Size([1152]): 
The value is the same before and after calling `init_weights` of GroundingDINO  

backbone.stages.2.blocks.4.attn.w_msa.proj.weight - torch.Size([384, 384]): 
The value is the same before and after calling `init_weights` of GroundingDINO  

backbone.stages.2.blocks.4.attn.w_msa.proj.bias - torch.Size([384]): 
The value is the same before and after calling `init_weights` of GroundingDINO  

backbone.stages.2.blocks.4.norm2.weight - torch.Size([384]): 
The value is the same before and after calling `init_weights` of GroundingDINO  

backbone.stages.2.blocks.4.norm2.bias - torch.Size([384]): 
The value is the same before and after calling `init_weights` of GroundingDINO  

backbone.stages.2.blocks.4.ffn.layers.0.0.weight - torch.Size([1536, 384]): 
The value is the same before and after calling `init_weights` of GroundingDINO  

backbone.stages.2.blocks.4.ffn.layers.0.0.bias - torch.Size([1536]): 
The value is the same before and after calling `init_weights` of GroundingDINO  

backbone.stages.2.blocks.4.ffn.layers.1.weight - torch.Size([384, 1536]): 
The value is the same before and after calling `init_weights` of GroundingDINO  

backbone.stages.2.blocks.4.ffn.layers.1.bias - torch.Size([384]): 
The value is the same before and after calling `init_weights` of GroundingDINO  

backbone.stages.2.blocks.5.norm1.weight - torch.Size([384]): 
The value is the same before and after calling `init_weights` of GroundingDINO  

backbone.stages.2.blocks.5.norm1.bias - torch.Size([384]): 
The value is the same before and after calling `init_weights` of GroundingDINO  

backbone.stages.2.blocks.5.attn.w_msa.relative_position_bias_table - torch.Size([169, 12]): 
The value is the same before and after calling `init_weights` of GroundingDINO  

backbone.stages.2.blocks.5.attn.w_msa.qkv.weight - torch.Size([1152, 384]): 
The value is the same before and after calling `init_weights` of GroundingDINO  

backbone.stages.2.blocks.5.attn.w_msa.qkv.bias - torch.Size([1152]): 
The value is the same before and after calling `init_weights` of GroundingDINO  

backbone.stages.2.blocks.5.attn.w_msa.proj.weight - torch.Size([384, 384]): 
The value is the same before and after calling `init_weights` of GroundingDINO  

backbone.stages.2.blocks.5.attn.w_msa.proj.bias - torch.Size([384]): 
The value is the same before and after calling `init_weights` of GroundingDINO  

backbone.stages.2.blocks.5.norm2.weight - torch.Size([384]): 
The value is the same before and after calling `init_weights` of GroundingDINO  

backbone.stages.2.blocks.5.norm2.bias - torch.Size([384]): 
The value is the same before and after calling `init_weights` of GroundingDINO  

backbone.stages.2.blocks.5.ffn.layers.0.0.weight - torch.Size([1536, 384]): 
The value is the same before and after calling `init_weights` of GroundingDINO  

backbone.stages.2.blocks.5.ffn.layers.0.0.bias - torch.Size([1536]): 
The value is the same before and after calling `init_weights` of GroundingDINO  

backbone.stages.2.blocks.5.ffn.layers.1.weight - torch.Size([384, 1536]): 
The value is the same before and after calling `init_weights` of GroundingDINO  

backbone.stages.2.blocks.5.ffn.layers.1.bias - torch.Size([384]): 
The value is the same before and after calling `init_weights` of GroundingDINO  

backbone.stages.2.downsample.norm.weight - torch.Size([1536]): 
The value is the same before and after calling `init_weights` of GroundingDINO  

backbone.stages.2.downsample.norm.bias - torch.Size([1536]): 
The value is the same before and after calling `init_weights` of GroundingDINO  

backbone.stages.2.downsample.reduction.weight - torch.Size([768, 1536]): 
The value is the same before and after calling `init_weights` of GroundingDINO  

backbone.stages.3.blocks.0.norm1.weight - torch.Size([768]): 
The value is the same before and after calling `init_weights` of GroundingDINO  

backbone.stages.3.blocks.0.norm1.bias - torch.Size([768]): 
The value is the same before and after calling `init_weights` of GroundingDINO  

backbone.stages.3.blocks.0.attn.w_msa.relative_position_bias_table - torch.Size([169, 24]): 
The value is the same before and after calling `init_weights` of GroundingDINO  

backbone.stages.3.blocks.0.attn.w_msa.qkv.weight - torch.Size([2304, 768]): 
The value is the same before and after calling `init_weights` of GroundingDINO  

backbone.stages.3.blocks.0.attn.w_msa.qkv.bias - torch.Size([2304]): 
The value is the same before and after calling `init_weights` of GroundingDINO  

backbone.stages.3.blocks.0.attn.w_msa.proj.weight - torch.Size([768, 768]): 
The value is the same before and after calling `init_weights` of GroundingDINO  

backbone.stages.3.blocks.0.attn.w_msa.proj.bias - torch.Size([768]): 
The value is the same before and after calling `init_weights` of GroundingDINO  

backbone.stages.3.blocks.0.norm2.weight - torch.Size([768]): 
The value is the same before and after calling `init_weights` of GroundingDINO  

backbone.stages.3.blocks.0.norm2.bias - torch.Size([768]): 
The value is the same before and after calling `init_weights` of GroundingDINO  

backbone.stages.3.blocks.0.ffn.layers.0.0.weight - torch.Size([3072, 768]): 
The value is the same before and after calling `init_weights` of GroundingDINO  

backbone.stages.3.blocks.0.ffn.layers.0.0.bias - torch.Size([3072]): 
The value is the same before and after calling `init_weights` of GroundingDINO  

backbone.stages.3.blocks.0.ffn.layers.1.weight - torch.Size([768, 3072]): 
The value is the same before and after calling `init_weights` of GroundingDINO  

backbone.stages.3.blocks.0.ffn.layers.1.bias - torch.Size([768]): 
The value is the same before and after calling `init_weights` of GroundingDINO  

backbone.stages.3.blocks.1.norm1.weight - torch.Size([768]): 
The value is the same before and after calling `init_weights` of GroundingDINO  

backbone.stages.3.blocks.1.norm1.bias - torch.Size([768]): 
The value is the same before and after calling `init_weights` of GroundingDINO  

backbone.stages.3.blocks.1.attn.w_msa.relative_position_bias_table - torch.Size([169, 24]): 
The value is the same before and after calling `init_weights` of GroundingDINO  

backbone.stages.3.blocks.1.attn.w_msa.qkv.weight - torch.Size([2304, 768]): 
The value is the same before and after calling `init_weights` of GroundingDINO  

backbone.stages.3.blocks.1.attn.w_msa.qkv.bias - torch.Size([2304]): 
The value is the same before and after calling `init_weights` of GroundingDINO  

backbone.stages.3.blocks.1.attn.w_msa.proj.weight - torch.Size([768, 768]): 
The value is the same before and after calling `init_weights` of GroundingDINO  

backbone.stages.3.blocks.1.attn.w_msa.proj.bias - torch.Size([768]): 
The value is the same before and after calling `init_weights` of GroundingDINO  

backbone.stages.3.blocks.1.norm2.weight - torch.Size([768]): 
The value is the same before and after calling `init_weights` of GroundingDINO  

backbone.stages.3.blocks.1.norm2.bias - torch.Size([768]): 
The value is the same before and after calling `init_weights` of GroundingDINO  

backbone.stages.3.blocks.1.ffn.layers.0.0.weight - torch.Size([3072, 768]): 
The value is the same before and after calling `init_weights` of GroundingDINO  

backbone.stages.3.blocks.1.ffn.layers.0.0.bias - torch.Size([3072]): 
The value is the same before and after calling `init_weights` of GroundingDINO  

backbone.stages.3.blocks.1.ffn.layers.1.weight - torch.Size([768, 3072]): 
The value is the same before and after calling `init_weights` of GroundingDINO  

backbone.stages.3.blocks.1.ffn.layers.1.bias - torch.Size([768]): 
The value is the same before and after calling `init_weights` of GroundingDINO  

backbone.norm1.weight - torch.Size([192]): 
The value is the same before and after calling `init_weights` of GroundingDINO  

backbone.norm1.bias - torch.Size([192]): 
The value is the same before and after calling `init_weights` of GroundingDINO  

backbone.norm2.weight - torch.Size([384]): 
The value is the same before and after calling `init_weights` of GroundingDINO  

backbone.norm2.bias - torch.Size([384]): 
The value is the same before and after calling `init_weights` of GroundingDINO  

backbone.norm3.weight - torch.Size([768]): 
The value is the same before and after calling `init_weights` of GroundingDINO  

backbone.norm3.bias - torch.Size([768]): 
The value is the same before and after calling `init_weights` of GroundingDINO  

neck.convs.0.conv.weight - torch.Size([256, 192, 1, 1]): 
XavierInit: gain=1, distribution=uniform, bias=0 

neck.convs.0.conv.bias - torch.Size([256]): 
The value is the same before and after calling `init_weights` of GroundingDINO  

neck.convs.0.gn.weight - torch.Size([256]): 
The value is the same before and after calling `init_weights` of GroundingDINO  

neck.convs.0.gn.bias - torch.Size([256]): 
The value is the same before and after calling `init_weights` of GroundingDINO  

neck.convs.1.conv.weight - torch.Size([256, 384, 1, 1]): 
XavierInit: gain=1, distribution=uniform, bias=0 

neck.convs.1.conv.bias - torch.Size([256]): 
The value is the same before and after calling `init_weights` of GroundingDINO  

neck.convs.1.gn.weight - torch.Size([256]): 
The value is the same before and after calling `init_weights` of GroundingDINO  

neck.convs.1.gn.bias - torch.Size([256]): 
The value is the same before and after calling `init_weights` of GroundingDINO  

neck.convs.2.conv.weight - torch.Size([256, 768, 1, 1]): 
XavierInit: gain=1, distribution=uniform, bias=0 

neck.convs.2.conv.bias - torch.Size([256]): 
The value is the same before and after calling `init_weights` of GroundingDINO  

neck.convs.2.gn.weight - torch.Size([256]): 
The value is the same before and after calling `init_weights` of GroundingDINO  

neck.convs.2.gn.bias - torch.Size([256]): 
The value is the same before and after calling `init_weights` of GroundingDINO  

neck.extra_convs.0.conv.weight - torch.Size([256, 768, 3, 3]): 
XavierInit: gain=1, distribution=uniform, bias=0 

neck.extra_convs.0.conv.bias - torch.Size([256]): 
The value is the same before and after calling `init_weights` of GroundingDINO  

neck.extra_convs.0.gn.weight - torch.Size([256]): 
The value is the same before and after calling `init_weights` of GroundingDINO  

neck.extra_convs.0.gn.bias - torch.Size([256]): 
The value is the same before and after calling `init_weights` of GroundingDINO  

bbox_head.cls_branches.0.bias - torch.Size([1]): 
The value is the same before and after calling `init_weights` of GroundingDINO  

bbox_head.cls_branches.1.bias - torch.Size([1]): 
The value is the same before and after calling `init_weights` of GroundingDINO  

bbox_head.cls_branches.2.bias - torch.Size([1]): 
The value is the same before and after calling `init_weights` of GroundingDINO  

bbox_head.cls_branches.3.bias - torch.Size([1]): 
The value is the same before and after calling `init_weights` of GroundingDINO  

bbox_head.cls_branches.4.bias - torch.Size([1]): 
The value is the same before and after calling `init_weights` of GroundingDINO  

bbox_head.cls_branches.5.bias - torch.Size([1]): 
The value is the same before and after calling `init_weights` of GroundingDINO  

bbox_head.cls_branches.6.bias - torch.Size([1]): 
The value is the same before and after calling `init_weights` of GroundingDINO  

bbox_head.reg_branches.0.0.weight - torch.Size([256, 256]): 
The value is the same before and after calling `init_weights` of GroundingDINO  

bbox_head.reg_branches.0.0.bias - torch.Size([256]): 
The value is the same before and after calling `init_weights` of GroundingDINO  

bbox_head.reg_branches.0.2.weight - torch.Size([256, 256]): 
The value is the same before and after calling `init_weights` of GroundingDINO  

bbox_head.reg_branches.0.2.bias - torch.Size([256]): 
The value is the same before and after calling `init_weights` of GroundingDINO  

bbox_head.reg_branches.0.4.weight - torch.Size([4, 256]): 
Initialized by user-defined `init_weights` in GroundingDINOHead  

bbox_head.reg_branches.0.4.bias - torch.Size([4]): 
Initialized by user-defined `init_weights` in GroundingDINOHead  

bbox_head.reg_branches.1.0.weight - torch.Size([256, 256]): 
The value is the same before and after calling `init_weights` of GroundingDINO  

bbox_head.reg_branches.1.0.bias - torch.Size([256]): 
The value is the same before and after calling `init_weights` of GroundingDINO  

bbox_head.reg_branches.1.2.weight - torch.Size([256, 256]): 
The value is the same before and after calling `init_weights` of GroundingDINO  

bbox_head.reg_branches.1.2.bias - torch.Size([256]): 
The value is the same before and after calling `init_weights` of GroundingDINO  

bbox_head.reg_branches.1.4.weight - torch.Size([4, 256]): 
Initialized by user-defined `init_weights` in GroundingDINOHead  

bbox_head.reg_branches.1.4.bias - torch.Size([4]): 
Initialized by user-defined `init_weights` in GroundingDINOHead  

bbox_head.reg_branches.2.0.weight - torch.Size([256, 256]): 
The value is the same before and after calling `init_weights` of GroundingDINO  

bbox_head.reg_branches.2.0.bias - torch.Size([256]): 
The value is the same before and after calling `init_weights` of GroundingDINO  

bbox_head.reg_branches.2.2.weight - torch.Size([256, 256]): 
The value is the same before and after calling `init_weights` of GroundingDINO  

bbox_head.reg_branches.2.2.bias - torch.Size([256]): 
The value is the same before and after calling `init_weights` of GroundingDINO  

bbox_head.reg_branches.2.4.weight - torch.Size([4, 256]): 
Initialized by user-defined `init_weights` in GroundingDINOHead  

bbox_head.reg_branches.2.4.bias - torch.Size([4]): 
Initialized by user-defined `init_weights` in GroundingDINOHead  

bbox_head.reg_branches.3.0.weight - torch.Size([256, 256]): 
The value is the same before and after calling `init_weights` of GroundingDINO  

bbox_head.reg_branches.3.0.bias - torch.Size([256]): 
The value is the same before and after calling `init_weights` of GroundingDINO  

bbox_head.reg_branches.3.2.weight - torch.Size([256, 256]): 
The value is the same before and after calling `init_weights` of GroundingDINO  

bbox_head.reg_branches.3.2.bias - torch.Size([256]): 
The value is the same before and after calling `init_weights` of GroundingDINO  

bbox_head.reg_branches.3.4.weight - torch.Size([4, 256]): 
Initialized by user-defined `init_weights` in GroundingDINOHead  

bbox_head.reg_branches.3.4.bias - torch.Size([4]): 
Initialized by user-defined `init_weights` in GroundingDINOHead  

bbox_head.reg_branches.4.0.weight - torch.Size([256, 256]): 
The value is the same before and after calling `init_weights` of GroundingDINO  

bbox_head.reg_branches.4.0.bias - torch.Size([256]): 
The value is the same before and after calling `init_weights` of GroundingDINO  

bbox_head.reg_branches.4.2.weight - torch.Size([256, 256]): 
The value is the same before and after calling `init_weights` of GroundingDINO  

bbox_head.reg_branches.4.2.bias - torch.Size([256]): 
The value is the same before and after calling `init_weights` of GroundingDINO  

bbox_head.reg_branches.4.4.weight - torch.Size([4, 256]): 
Initialized by user-defined `init_weights` in GroundingDINOHead  

bbox_head.reg_branches.4.4.bias - torch.Size([4]): 
Initialized by user-defined `init_weights` in GroundingDINOHead  

bbox_head.reg_branches.5.0.weight - torch.Size([256, 256]): 
The value is the same before and after calling `init_weights` of GroundingDINO  

bbox_head.reg_branches.5.0.bias - torch.Size([256]): 
The value is the same before and after calling `init_weights` of GroundingDINO  

bbox_head.reg_branches.5.2.weight - torch.Size([256, 256]): 
The value is the same before and after calling `init_weights` of GroundingDINO  

bbox_head.reg_branches.5.2.bias - torch.Size([256]): 
The value is the same before and after calling `init_weights` of GroundingDINO  

bbox_head.reg_branches.5.4.weight - torch.Size([4, 256]): 
Initialized by user-defined `init_weights` in GroundingDINOHead  

bbox_head.reg_branches.5.4.bias - torch.Size([4]): 
Initialized by user-defined `init_weights` in GroundingDINOHead  

bbox_head.reg_branches.6.0.weight - torch.Size([256, 256]): 
The value is the same before and after calling `init_weights` of GroundingDINO  

bbox_head.reg_branches.6.0.bias - torch.Size([256]): 
The value is the same before and after calling `init_weights` of GroundingDINO  

bbox_head.reg_branches.6.2.weight - torch.Size([256, 256]): 
The value is the same before and after calling `init_weights` of GroundingDINO  

bbox_head.reg_branches.6.2.bias - torch.Size([256]): 
The value is the same before and after calling `init_weights` of GroundingDINO  

bbox_head.reg_branches.6.4.weight - torch.Size([4, 256]): 
Initialized by user-defined `init_weights` in GroundingDINOHead  

bbox_head.reg_branches.6.4.bias - torch.Size([4]): 
Initialized by user-defined `init_weights` in GroundingDINOHead  

encoder.layers.0.self_attn.sampling_offsets.weight - torch.Size([256, 256]): 
The value is the same before and after calling `init_weights` of GroundingDINO  

encoder.layers.0.self_attn.sampling_offsets.bias - torch.Size([256]): 
The value is the same before and after calling `init_weights` of GroundingDINO  

encoder.layers.0.self_attn.attention_weights.weight - torch.Size([128, 256]): 
The value is the same before and after calling `init_weights` of GroundingDINO  

encoder.layers.0.self_attn.attention_weights.bias - torch.Size([128]): 
The value is the same before and after calling `init_weights` of GroundingDINO  

encoder.layers.0.self_attn.value_proj.weight - torch.Size([256, 256]): 
The value is the same before and after calling `init_weights` of GroundingDINO  

encoder.layers.0.self_attn.value_proj.bias - torch.Size([256]): 
The value is the same before and after calling `init_weights` of GroundingDINO  

encoder.layers.0.self_attn.output_proj.weight - torch.Size([256, 256]): 
The value is the same before and after calling `init_weights` of GroundingDINO  

encoder.layers.0.self_attn.output_proj.bias - torch.Size([256]): 
The value is the same before and after calling `init_weights` of GroundingDINO  

encoder.layers.0.ffn.layers.0.0.weight - torch.Size([2048, 256]): 
The value is the same before and after calling `init_weights` of GroundingDINO  

encoder.layers.0.ffn.layers.0.0.bias - torch.Size([2048]): 
The value is the same before and after calling `init_weights` of GroundingDINO  

encoder.layers.0.ffn.layers.1.weight - torch.Size([256, 2048]): 
The value is the same before and after calling `init_weights` of GroundingDINO  

encoder.layers.0.ffn.layers.1.bias - torch.Size([256]): 
The value is the same before and after calling `init_weights` of GroundingDINO  

encoder.layers.0.norms.0.weight - torch.Size([256]): 
The value is the same before and after calling `init_weights` of GroundingDINO  

encoder.layers.0.norms.0.bias - torch.Size([256]): 
The value is the same before and after calling `init_weights` of GroundingDINO  

encoder.layers.0.norms.1.weight - torch.Size([256]): 
The value is the same before and after calling `init_weights` of GroundingDINO  

encoder.layers.0.norms.1.bias - torch.Size([256]): 
The value is the same before and after calling `init_weights` of GroundingDINO  

encoder.layers.1.self_attn.sampling_offsets.weight - torch.Size([256, 256]): 
The value is the same before and after calling `init_weights` of GroundingDINO  

encoder.layers.1.self_attn.sampling_offsets.bias - torch.Size([256]): 
The value is the same before and after calling `init_weights` of GroundingDINO  

encoder.layers.1.self_attn.attention_weights.weight - torch.Size([128, 256]): 
The value is the same before and after calling `init_weights` of GroundingDINO  

encoder.layers.1.self_attn.attention_weights.bias - torch.Size([128]): 
The value is the same before and after calling `init_weights` of GroundingDINO  

encoder.layers.1.self_attn.value_proj.weight - torch.Size([256, 256]): 
The value is the same before and after calling `init_weights` of GroundingDINO  

encoder.layers.1.self_attn.value_proj.bias - torch.Size([256]): 
The value is the same before and after calling `init_weights` of GroundingDINO  

encoder.layers.1.self_attn.output_proj.weight - torch.Size([256, 256]): 
The value is the same before and after calling `init_weights` of GroundingDINO  

encoder.layers.1.self_attn.output_proj.bias - torch.Size([256]): 
The value is the same before and after calling `init_weights` of GroundingDINO  

encoder.layers.1.ffn.layers.0.0.weight - torch.Size([2048, 256]): 
The value is the same before and after calling `init_weights` of GroundingDINO  

encoder.layers.1.ffn.layers.0.0.bias - torch.Size([2048]): 
The value is the same before and after calling `init_weights` of GroundingDINO  

encoder.layers.1.ffn.layers.1.weight - torch.Size([256, 2048]): 
The value is the same before and after calling `init_weights` of GroundingDINO  

encoder.layers.1.ffn.layers.1.bias - torch.Size([256]): 
The value is the same before and after calling `init_weights` of GroundingDINO  

encoder.layers.1.norms.0.weight - torch.Size([256]): 
The value is the same before and after calling `init_weights` of GroundingDINO  

encoder.layers.1.norms.0.bias - torch.Size([256]): 
The value is the same before and after calling `init_weights` of GroundingDINO  

encoder.layers.1.norms.1.weight - torch.Size([256]): 
The value is the same before and after calling `init_weights` of GroundingDINO  

encoder.layers.1.norms.1.bias - torch.Size([256]): 
The value is the same before and after calling `init_weights` of GroundingDINO  

encoder.layers.2.self_attn.sampling_offsets.weight - torch.Size([256, 256]): 
The value is the same before and after calling `init_weights` of GroundingDINO  

encoder.layers.2.self_attn.sampling_offsets.bias - torch.Size([256]): 
The value is the same before and after calling `init_weights` of GroundingDINO  

encoder.layers.2.self_attn.attention_weights.weight - torch.Size([128, 256]): 
The value is the same before and after calling `init_weights` of GroundingDINO  

encoder.layers.2.self_attn.attention_weights.bias - torch.Size([128]): 
The value is the same before and after calling `init_weights` of GroundingDINO  

encoder.layers.2.self_attn.value_proj.weight - torch.Size([256, 256]): 
The value is the same before and after calling `init_weights` of GroundingDINO  

encoder.layers.2.self_attn.value_proj.bias - torch.Size([256]): 
The value is the same before and after calling `init_weights` of GroundingDINO  

encoder.layers.2.self_attn.output_proj.weight - torch.Size([256, 256]): 
The value is the same before and after calling `init_weights` of GroundingDINO  

encoder.layers.2.self_attn.output_proj.bias - torch.Size([256]): 
The value is the same before and after calling `init_weights` of GroundingDINO  

encoder.layers.2.ffn.layers.0.0.weight - torch.Size([2048, 256]): 
The value is the same before and after calling `init_weights` of GroundingDINO  

encoder.layers.2.ffn.layers.0.0.bias - torch.Size([2048]): 
The value is the same before and after calling `init_weights` of GroundingDINO  

encoder.layers.2.ffn.layers.1.weight - torch.Size([256, 2048]): 
The value is the same before and after calling `init_weights` of GroundingDINO  

encoder.layers.2.ffn.layers.1.bias - torch.Size([256]): 
The value is the same before and after calling `init_weights` of GroundingDINO  

encoder.layers.2.norms.0.weight - torch.Size([256]): 
The value is the same before and after calling `init_weights` of GroundingDINO  

encoder.layers.2.norms.0.bias - torch.Size([256]): 
The value is the same before and after calling `init_weights` of GroundingDINO  

encoder.layers.2.norms.1.weight - torch.Size([256]): 
The value is the same before and after calling `init_weights` of GroundingDINO  

encoder.layers.2.norms.1.bias - torch.Size([256]): 
The value is the same before and after calling `init_weights` of GroundingDINO  

encoder.layers.3.self_attn.sampling_offsets.weight - torch.Size([256, 256]): 
The value is the same before and after calling `init_weights` of GroundingDINO  

encoder.layers.3.self_attn.sampling_offsets.bias - torch.Size([256]): 
The value is the same before and after calling `init_weights` of GroundingDINO  

encoder.layers.3.self_attn.attention_weights.weight - torch.Size([128, 256]): 
The value is the same before and after calling `init_weights` of GroundingDINO  

encoder.layers.3.self_attn.attention_weights.bias - torch.Size([128]): 
The value is the same before and after calling `init_weights` of GroundingDINO  

encoder.layers.3.self_attn.value_proj.weight - torch.Size([256, 256]): 
The value is the same before and after calling `init_weights` of GroundingDINO  

encoder.layers.3.self_attn.value_proj.bias - torch.Size([256]): 
The value is the same before and after calling `init_weights` of GroundingDINO  

encoder.layers.3.self_attn.output_proj.weight - torch.Size([256, 256]): 
The value is the same before and after calling `init_weights` of GroundingDINO  

encoder.layers.3.self_attn.output_proj.bias - torch.Size([256]): 
The value is the same before and after calling `init_weights` of GroundingDINO  

encoder.layers.3.ffn.layers.0.0.weight - torch.Size([2048, 256]): 
The value is the same before and after calling `init_weights` of GroundingDINO  

encoder.layers.3.ffn.layers.0.0.bias - torch.Size([2048]): 
The value is the same before and after calling `init_weights` of GroundingDINO  

encoder.layers.3.ffn.layers.1.weight - torch.Size([256, 2048]): 
The value is the same before and after calling `init_weights` of GroundingDINO  

encoder.layers.3.ffn.layers.1.bias - torch.Size([256]): 
The value is the same before and after calling `init_weights` of GroundingDINO  

encoder.layers.3.norms.0.weight - torch.Size([256]): 
The value is the same before and after calling `init_weights` of GroundingDINO  

encoder.layers.3.norms.0.bias - torch.Size([256]): 
The value is the same before and after calling `init_weights` of GroundingDINO  

encoder.layers.3.norms.1.weight - torch.Size([256]): 
The value is the same before and after calling `init_weights` of GroundingDINO  

encoder.layers.3.norms.1.bias - torch.Size([256]): 
The value is the same before and after calling `init_weights` of GroundingDINO  

encoder.layers.4.self_attn.sampling_offsets.weight - torch.Size([256, 256]): 
The value is the same before and after calling `init_weights` of GroundingDINO  

encoder.layers.4.self_attn.sampling_offsets.bias - torch.Size([256]): 
The value is the same before and after calling `init_weights` of GroundingDINO  

encoder.layers.4.self_attn.attention_weights.weight - torch.Size([128, 256]): 
The value is the same before and after calling `init_weights` of GroundingDINO  

encoder.layers.4.self_attn.attention_weights.bias - torch.Size([128]): 
The value is the same before and after calling `init_weights` of GroundingDINO  

encoder.layers.4.self_attn.value_proj.weight - torch.Size([256, 256]): 
The value is the same before and after calling `init_weights` of GroundingDINO  

encoder.layers.4.self_attn.value_proj.bias - torch.Size([256]): 
The value is the same before and after calling `init_weights` of GroundingDINO  

encoder.layers.4.self_attn.output_proj.weight - torch.Size([256, 256]): 
The value is the same before and after calling `init_weights` of GroundingDINO  

encoder.layers.4.self_attn.output_proj.bias - torch.Size([256]): 
The value is the same before and after calling `init_weights` of GroundingDINO  

encoder.layers.4.ffn.layers.0.0.weight - torch.Size([2048, 256]): 
The value is the same before and after calling `init_weights` of GroundingDINO  

encoder.layers.4.ffn.layers.0.0.bias - torch.Size([2048]): 
The value is the same before and after calling `init_weights` of GroundingDINO  

encoder.layers.4.ffn.layers.1.weight - torch.Size([256, 2048]): 
The value is the same before and after calling `init_weights` of GroundingDINO  

encoder.layers.4.ffn.layers.1.bias - torch.Size([256]): 
The value is the same before and after calling `init_weights` of GroundingDINO  

encoder.layers.4.norms.0.weight - torch.Size([256]): 
The value is the same before and after calling `init_weights` of GroundingDINO  

encoder.layers.4.norms.0.bias - torch.Size([256]): 
The value is the same before and after calling `init_weights` of GroundingDINO  

encoder.layers.4.norms.1.weight - torch.Size([256]): 
The value is the same before and after calling `init_weights` of GroundingDINO  

encoder.layers.4.norms.1.bias - torch.Size([256]): 
The value is the same before and after calling `init_weights` of GroundingDINO  

encoder.layers.5.self_attn.sampling_offsets.weight - torch.Size([256, 256]): 
The value is the same before and after calling `init_weights` of GroundingDINO  

encoder.layers.5.self_attn.sampling_offsets.bias - torch.Size([256]): 
The value is the same before and after calling `init_weights` of GroundingDINO  

encoder.layers.5.self_attn.attention_weights.weight - torch.Size([128, 256]): 
The value is the same before and after calling `init_weights` of GroundingDINO  

encoder.layers.5.self_attn.attention_weights.bias - torch.Size([128]): 
The value is the same before and after calling `init_weights` of GroundingDINO  

encoder.layers.5.self_attn.value_proj.weight - torch.Size([256, 256]): 
The value is the same before and after calling `init_weights` of GroundingDINO  

encoder.layers.5.self_attn.value_proj.bias - torch.Size([256]): 
The value is the same before and after calling `init_weights` of GroundingDINO  

encoder.layers.5.self_attn.output_proj.weight - torch.Size([256, 256]): 
The value is the same before and after calling `init_weights` of GroundingDINO  

encoder.layers.5.self_attn.output_proj.bias - torch.Size([256]): 
The value is the same before and after calling `init_weights` of GroundingDINO  

encoder.layers.5.ffn.layers.0.0.weight - torch.Size([2048, 256]): 
The value is the same before and after calling `init_weights` of GroundingDINO  

encoder.layers.5.ffn.layers.0.0.bias - torch.Size([2048]): 
The value is the same before and after calling `init_weights` of GroundingDINO  

encoder.layers.5.ffn.layers.1.weight - torch.Size([256, 2048]): 
The value is the same before and after calling `init_weights` of GroundingDINO  

encoder.layers.5.ffn.layers.1.bias - torch.Size([256]): 
The value is the same before and after calling `init_weights` of GroundingDINO  

encoder.layers.5.norms.0.weight - torch.Size([256]): 
The value is the same before and after calling `init_weights` of GroundingDINO  

encoder.layers.5.norms.0.bias - torch.Size([256]): 
The value is the same before and after calling `init_weights` of GroundingDINO  

encoder.layers.5.norms.1.weight - torch.Size([256]): 
The value is the same before and after calling `init_weights` of GroundingDINO  

encoder.layers.5.norms.1.bias - torch.Size([256]): 
The value is the same before and after calling `init_weights` of GroundingDINO  

encoder.text_layers.0.self_attn.attn.in_proj_weight - torch.Size([768, 256]): 
The value is the same before and after calling `init_weights` of GroundingDINO  

encoder.text_layers.0.self_attn.attn.in_proj_bias - torch.Size([768]): 
The value is the same before and after calling `init_weights` of GroundingDINO  

encoder.text_layers.0.self_attn.attn.out_proj.weight - torch.Size([256, 256]): 
The value is the same before and after calling `init_weights` of GroundingDINO  

encoder.text_layers.0.self_attn.attn.out_proj.bias - torch.Size([256]): 
The value is the same before and after calling `init_weights` of GroundingDINO  

encoder.text_layers.0.ffn.layers.0.0.weight - torch.Size([1024, 256]): 
The value is the same before and after calling `init_weights` of GroundingDINO  

encoder.text_layers.0.ffn.layers.0.0.bias - torch.Size([1024]): 
The value is the same before and after calling `init_weights` of GroundingDINO  

encoder.text_layers.0.ffn.layers.1.weight - torch.Size([256, 1024]): 
The value is the same before and after calling `init_weights` of GroundingDINO  

encoder.text_layers.0.ffn.layers.1.bias - torch.Size([256]): 
The value is the same before and after calling `init_weights` of GroundingDINO  

encoder.text_layers.0.norms.0.weight - torch.Size([256]): 
The value is the same before and after calling `init_weights` of GroundingDINO  

encoder.text_layers.0.norms.0.bias - torch.Size([256]): 
The value is the same before and after calling `init_weights` of GroundingDINO  

encoder.text_layers.0.norms.1.weight - torch.Size([256]): 
The value is the same before and after calling `init_weights` of GroundingDINO  

encoder.text_layers.0.norms.1.bias - torch.Size([256]): 
The value is the same before and after calling `init_weights` of GroundingDINO  

encoder.text_layers.1.self_attn.attn.in_proj_weight - torch.Size([768, 256]): 
The value is the same before and after calling `init_weights` of GroundingDINO  

encoder.text_layers.1.self_attn.attn.in_proj_bias - torch.Size([768]): 
The value is the same before and after calling `init_weights` of GroundingDINO  

encoder.text_layers.1.self_attn.attn.out_proj.weight - torch.Size([256, 256]): 
The value is the same before and after calling `init_weights` of GroundingDINO  

encoder.text_layers.1.self_attn.attn.out_proj.bias - torch.Size([256]): 
The value is the same before and after calling `init_weights` of GroundingDINO  

encoder.text_layers.1.ffn.layers.0.0.weight - torch.Size([1024, 256]): 
The value is the same before and after calling `init_weights` of GroundingDINO  

encoder.text_layers.1.ffn.layers.0.0.bias - torch.Size([1024]): 
The value is the same before and after calling `init_weights` of GroundingDINO  

encoder.text_layers.1.ffn.layers.1.weight - torch.Size([256, 1024]): 
The value is the same before and after calling `init_weights` of GroundingDINO  

encoder.text_layers.1.ffn.layers.1.bias - torch.Size([256]): 
The value is the same before and after calling `init_weights` of GroundingDINO  

encoder.text_layers.1.norms.0.weight - torch.Size([256]): 
The value is the same before and after calling `init_weights` of GroundingDINO  

encoder.text_layers.1.norms.0.bias - torch.Size([256]): 
The value is the same before and after calling `init_weights` of GroundingDINO  

encoder.text_layers.1.norms.1.weight - torch.Size([256]): 
The value is the same before and after calling `init_weights` of GroundingDINO  

encoder.text_layers.1.norms.1.bias - torch.Size([256]): 
The value is the same before and after calling `init_weights` of GroundingDINO  

encoder.text_layers.2.self_attn.attn.in_proj_weight - torch.Size([768, 256]): 
The value is the same before and after calling `init_weights` of GroundingDINO  

encoder.text_layers.2.self_attn.attn.in_proj_bias - torch.Size([768]): 
The value is the same before and after calling `init_weights` of GroundingDINO  

encoder.text_layers.2.self_attn.attn.out_proj.weight - torch.Size([256, 256]): 
The value is the same before and after calling `init_weights` of GroundingDINO  

encoder.text_layers.2.self_attn.attn.out_proj.bias - torch.Size([256]): 
The value is the same before and after calling `init_weights` of GroundingDINO  

encoder.text_layers.2.ffn.layers.0.0.weight - torch.Size([1024, 256]): 
The value is the same before and after calling `init_weights` of GroundingDINO  

encoder.text_layers.2.ffn.layers.0.0.bias - torch.Size([1024]): 
The value is the same before and after calling `init_weights` of GroundingDINO  

encoder.text_layers.2.ffn.layers.1.weight - torch.Size([256, 1024]): 
The value is the same before and after calling `init_weights` of GroundingDINO  

encoder.text_layers.2.ffn.layers.1.bias - torch.Size([256]): 
The value is the same before and after calling `init_weights` of GroundingDINO  

encoder.text_layers.2.norms.0.weight - torch.Size([256]): 
The value is the same before and after calling `init_weights` of GroundingDINO  

encoder.text_layers.2.norms.0.bias - torch.Size([256]): 
The value is the same before and after calling `init_weights` of GroundingDINO  

encoder.text_layers.2.norms.1.weight - torch.Size([256]): 
The value is the same before and after calling `init_weights` of GroundingDINO  

encoder.text_layers.2.norms.1.bias - torch.Size([256]): 
The value is the same before and after calling `init_weights` of GroundingDINO  

encoder.text_layers.3.self_attn.attn.in_proj_weight - torch.Size([768, 256]): 
The value is the same before and after calling `init_weights` of GroundingDINO  

encoder.text_layers.3.self_attn.attn.in_proj_bias - torch.Size([768]): 
The value is the same before and after calling `init_weights` of GroundingDINO  

encoder.text_layers.3.self_attn.attn.out_proj.weight - torch.Size([256, 256]): 
The value is the same before and after calling `init_weights` of GroundingDINO  

encoder.text_layers.3.self_attn.attn.out_proj.bias - torch.Size([256]): 
The value is the same before and after calling `init_weights` of GroundingDINO  

encoder.text_layers.3.ffn.layers.0.0.weight - torch.Size([1024, 256]): 
The value is the same before and after calling `init_weights` of GroundingDINO  

encoder.text_layers.3.ffn.layers.0.0.bias - torch.Size([1024]): 
The value is the same before and after calling `init_weights` of GroundingDINO  

encoder.text_layers.3.ffn.layers.1.weight - torch.Size([256, 1024]): 
The value is the same before and after calling `init_weights` of GroundingDINO  

encoder.text_layers.3.ffn.layers.1.bias - torch.Size([256]): 
The value is the same before and after calling `init_weights` of GroundingDINO  

encoder.text_layers.3.norms.0.weight - torch.Size([256]): 
The value is the same before and after calling `init_weights` of GroundingDINO  

encoder.text_layers.3.norms.0.bias - torch.Size([256]): 
The value is the same before and after calling `init_weights` of GroundingDINO  

encoder.text_layers.3.norms.1.weight - torch.Size([256]): 
The value is the same before and after calling `init_weights` of GroundingDINO  

encoder.text_layers.3.norms.1.bias - torch.Size([256]): 
The value is the same before and after calling `init_weights` of GroundingDINO  

encoder.text_layers.4.self_attn.attn.in_proj_weight - torch.Size([768, 256]): 
The value is the same before and after calling `init_weights` of GroundingDINO  

encoder.text_layers.4.self_attn.attn.in_proj_bias - torch.Size([768]): 
The value is the same before and after calling `init_weights` of GroundingDINO  

encoder.text_layers.4.self_attn.attn.out_proj.weight - torch.Size([256, 256]): 
The value is the same before and after calling `init_weights` of GroundingDINO  

encoder.text_layers.4.self_attn.attn.out_proj.bias - torch.Size([256]): 
The value is the same before and after calling `init_weights` of GroundingDINO  

encoder.text_layers.4.ffn.layers.0.0.weight - torch.Size([1024, 256]): 
The value is the same before and after calling `init_weights` of GroundingDINO  

encoder.text_layers.4.ffn.layers.0.0.bias - torch.Size([1024]): 
The value is the same before and after calling `init_weights` of GroundingDINO  

encoder.text_layers.4.ffn.layers.1.weight - torch.Size([256, 1024]): 
The value is the same before and after calling `init_weights` of GroundingDINO  

encoder.text_layers.4.ffn.layers.1.bias - torch.Size([256]): 
The value is the same before and after calling `init_weights` of GroundingDINO  

encoder.text_layers.4.norms.0.weight - torch.Size([256]): 
The value is the same before and after calling `init_weights` of GroundingDINO  

encoder.text_layers.4.norms.0.bias - torch.Size([256]): 
The value is the same before and after calling `init_weights` of GroundingDINO  

encoder.text_layers.4.norms.1.weight - torch.Size([256]): 
The value is the same before and after calling `init_weights` of GroundingDINO  

encoder.text_layers.4.norms.1.bias - torch.Size([256]): 
The value is the same before and after calling `init_weights` of GroundingDINO  

encoder.text_layers.5.self_attn.attn.in_proj_weight - torch.Size([768, 256]): 
The value is the same before and after calling `init_weights` of GroundingDINO  

encoder.text_layers.5.self_attn.attn.in_proj_bias - torch.Size([768]): 
The value is the same before and after calling `init_weights` of GroundingDINO  

encoder.text_layers.5.self_attn.attn.out_proj.weight - torch.Size([256, 256]): 
The value is the same before and after calling `init_weights` of GroundingDINO  

encoder.text_layers.5.self_attn.attn.out_proj.bias - torch.Size([256]): 
The value is the same before and after calling `init_weights` of GroundingDINO  

encoder.text_layers.5.ffn.layers.0.0.weight - torch.Size([1024, 256]): 
The value is the same before and after calling `init_weights` of GroundingDINO  

encoder.text_layers.5.ffn.layers.0.0.bias - torch.Size([1024]): 
The value is the same before and after calling `init_weights` of GroundingDINO  

encoder.text_layers.5.ffn.layers.1.weight - torch.Size([256, 1024]): 
The value is the same before and after calling `init_weights` of GroundingDINO  

encoder.text_layers.5.ffn.layers.1.bias - torch.Size([256]): 
The value is the same before and after calling `init_weights` of GroundingDINO  

encoder.text_layers.5.norms.0.weight - torch.Size([256]): 
The value is the same before and after calling `init_weights` of GroundingDINO  

encoder.text_layers.5.norms.0.bias - torch.Size([256]): 
The value is the same before and after calling `init_weights` of GroundingDINO  

encoder.text_layers.5.norms.1.weight - torch.Size([256]): 
The value is the same before and after calling `init_weights` of GroundingDINO  

encoder.text_layers.5.norms.1.bias - torch.Size([256]): 
The value is the same before and after calling `init_weights` of GroundingDINO  

encoder.fusion_layers.0.gamma_v - torch.Size([256]): 
The value is the same before and after calling `init_weights` of GroundingDINO  

encoder.fusion_layers.0.gamma_l - torch.Size([256]): 
The value is the same before and after calling `init_weights` of GroundingDINO  

encoder.fusion_layers.0.layer_norm_v.weight - torch.Size([256]): 
The value is the same before and after calling `init_weights` of GroundingDINO  

encoder.fusion_layers.0.layer_norm_v.bias - torch.Size([256]): 
The value is the same before and after calling `init_weights` of GroundingDINO  

encoder.fusion_layers.0.layer_norm_l.weight - torch.Size([256]): 
The value is the same before and after calling `init_weights` of GroundingDINO  

encoder.fusion_layers.0.layer_norm_l.bias - torch.Size([256]): 
The value is the same before and after calling `init_weights` of GroundingDINO  

encoder.fusion_layers.0.attn.v_proj.weight - torch.Size([1024, 256]): 
The value is the same before and after calling `init_weights` of GroundingDINO  

encoder.fusion_layers.0.attn.v_proj.bias - torch.Size([1024]): 
The value is the same before and after calling `init_weights` of GroundingDINO  

encoder.fusion_layers.0.attn.l_proj.weight - torch.Size([1024, 256]): 
The value is the same before and after calling `init_weights` of GroundingDINO  

encoder.fusion_layers.0.attn.l_proj.bias - torch.Size([1024]): 
The value is the same before and after calling `init_weights` of GroundingDINO  

encoder.fusion_layers.0.attn.values_v_proj.weight - torch.Size([1024, 256]): 
The value is the same before and after calling `init_weights` of GroundingDINO  

encoder.fusion_layers.0.attn.values_v_proj.bias - torch.Size([1024]): 
The value is the same before and after calling `init_weights` of GroundingDINO  

encoder.fusion_layers.0.attn.values_l_proj.weight - torch.Size([1024, 256]): 
The value is the same before and after calling `init_weights` of GroundingDINO  

encoder.fusion_layers.0.attn.values_l_proj.bias - torch.Size([1024]): 
The value is the same before and after calling `init_weights` of GroundingDINO  

encoder.fusion_layers.0.attn.out_v_proj.weight - torch.Size([256, 1024]): 
The value is the same before and after calling `init_weights` of GroundingDINO  

encoder.fusion_layers.0.attn.out_v_proj.bias - torch.Size([256]): 
The value is the same before and after calling `init_weights` of GroundingDINO  

encoder.fusion_layers.0.attn.out_l_proj.weight - torch.Size([256, 1024]): 
The value is the same before and after calling `init_weights` of GroundingDINO  

encoder.fusion_layers.0.attn.out_l_proj.bias - torch.Size([256]): 
The value is the same before and after calling `init_weights` of GroundingDINO  

encoder.fusion_layers.1.gamma_v - torch.Size([256]): 
The value is the same before and after calling `init_weights` of GroundingDINO  

encoder.fusion_layers.1.gamma_l - torch.Size([256]): 
The value is the same before and after calling `init_weights` of GroundingDINO  

encoder.fusion_layers.1.layer_norm_v.weight - torch.Size([256]): 
The value is the same before and after calling `init_weights` of GroundingDINO  

encoder.fusion_layers.1.layer_norm_v.bias - torch.Size([256]): 
The value is the same before and after calling `init_weights` of GroundingDINO  

encoder.fusion_layers.1.layer_norm_l.weight - torch.Size([256]): 
The value is the same before and after calling `init_weights` of GroundingDINO  

encoder.fusion_layers.1.layer_norm_l.bias - torch.Size([256]): 
The value is the same before and after calling `init_weights` of GroundingDINO  

encoder.fusion_layers.1.attn.v_proj.weight - torch.Size([1024, 256]): 
The value is the same before and after calling `init_weights` of GroundingDINO  

encoder.fusion_layers.1.attn.v_proj.bias - torch.Size([1024]): 
The value is the same before and after calling `init_weights` of GroundingDINO  

encoder.fusion_layers.1.attn.l_proj.weight - torch.Size([1024, 256]): 
The value is the same before and after calling `init_weights` of GroundingDINO  

encoder.fusion_layers.1.attn.l_proj.bias - torch.Size([1024]): 
The value is the same before and after calling `init_weights` of GroundingDINO  

encoder.fusion_layers.1.attn.values_v_proj.weight - torch.Size([1024, 256]): 
The value is the same before and after calling `init_weights` of GroundingDINO  

encoder.fusion_layers.1.attn.values_v_proj.bias - torch.Size([1024]): 
The value is the same before and after calling `init_weights` of GroundingDINO  

encoder.fusion_layers.1.attn.values_l_proj.weight - torch.Size([1024, 256]): 
The value is the same before and after calling `init_weights` of GroundingDINO  

encoder.fusion_layers.1.attn.values_l_proj.bias - torch.Size([1024]): 
The value is the same before and after calling `init_weights` of GroundingDINO  

encoder.fusion_layers.1.attn.out_v_proj.weight - torch.Size([256, 1024]): 
The value is the same before and after calling `init_weights` of GroundingDINO  

encoder.fusion_layers.1.attn.out_v_proj.bias - torch.Size([256]): 
The value is the same before and after calling `init_weights` of GroundingDINO  

encoder.fusion_layers.1.attn.out_l_proj.weight - torch.Size([256, 1024]): 
The value is the same before and after calling `init_weights` of GroundingDINO  

encoder.fusion_layers.1.attn.out_l_proj.bias - torch.Size([256]): 
The value is the same before and after calling `init_weights` of GroundingDINO  

encoder.fusion_layers.2.gamma_v - torch.Size([256]): 
The value is the same before and after calling `init_weights` of GroundingDINO  

encoder.fusion_layers.2.gamma_l - torch.Size([256]): 
The value is the same before and after calling `init_weights` of GroundingDINO  

encoder.fusion_layers.2.layer_norm_v.weight - torch.Size([256]): 
The value is the same before and after calling `init_weights` of GroundingDINO  

encoder.fusion_layers.2.layer_norm_v.bias - torch.Size([256]): 
The value is the same before and after calling `init_weights` of GroundingDINO  

encoder.fusion_layers.2.layer_norm_l.weight - torch.Size([256]): 
The value is the same before and after calling `init_weights` of GroundingDINO  

encoder.fusion_layers.2.layer_norm_l.bias - torch.Size([256]): 
The value is the same before and after calling `init_weights` of GroundingDINO  

encoder.fusion_layers.2.attn.v_proj.weight - torch.Size([1024, 256]): 
The value is the same before and after calling `init_weights` of GroundingDINO  

encoder.fusion_layers.2.attn.v_proj.bias - torch.Size([1024]): 
The value is the same before and after calling `init_weights` of GroundingDINO  

encoder.fusion_layers.2.attn.l_proj.weight - torch.Size([1024, 256]): 
The value is the same before and after calling `init_weights` of GroundingDINO  

encoder.fusion_layers.2.attn.l_proj.bias - torch.Size([1024]): 
The value is the same before and after calling `init_weights` of GroundingDINO  

encoder.fusion_layers.2.attn.values_v_proj.weight - torch.Size([1024, 256]): 
The value is the same before and after calling `init_weights` of GroundingDINO  

encoder.fusion_layers.2.attn.values_v_proj.bias - torch.Size([1024]): 
The value is the same before and after calling `init_weights` of GroundingDINO  

encoder.fusion_layers.2.attn.values_l_proj.weight - torch.Size([1024, 256]): 
The value is the same before and after calling `init_weights` of GroundingDINO  

encoder.fusion_layers.2.attn.values_l_proj.bias - torch.Size([1024]): 
The value is the same before and after calling `init_weights` of GroundingDINO  

encoder.fusion_layers.2.attn.out_v_proj.weight - torch.Size([256, 1024]): 
The value is the same before and after calling `init_weights` of GroundingDINO  

encoder.fusion_layers.2.attn.out_v_proj.bias - torch.Size([256]): 
The value is the same before and after calling `init_weights` of GroundingDINO  

encoder.fusion_layers.2.attn.out_l_proj.weight - torch.Size([256, 1024]): 
The value is the same before and after calling `init_weights` of GroundingDINO  

encoder.fusion_layers.2.attn.out_l_proj.bias - torch.Size([256]): 
The value is the same before and after calling `init_weights` of GroundingDINO  

encoder.fusion_layers.3.gamma_v - torch.Size([256]): 
The value is the same before and after calling `init_weights` of GroundingDINO  

encoder.fusion_layers.3.gamma_l - torch.Size([256]): 
The value is the same before and after calling `init_weights` of GroundingDINO  

encoder.fusion_layers.3.layer_norm_v.weight - torch.Size([256]): 
The value is the same before and after calling `init_weights` of GroundingDINO  

encoder.fusion_layers.3.layer_norm_v.bias - torch.Size([256]): 
The value is the same before and after calling `init_weights` of GroundingDINO  

encoder.fusion_layers.3.layer_norm_l.weight - torch.Size([256]): 
The value is the same before and after calling `init_weights` of GroundingDINO  

encoder.fusion_layers.3.layer_norm_l.bias - torch.Size([256]): 
The value is the same before and after calling `init_weights` of GroundingDINO  

encoder.fusion_layers.3.attn.v_proj.weight - torch.Size([1024, 256]): 
The value is the same before and after calling `init_weights` of GroundingDINO  

encoder.fusion_layers.3.attn.v_proj.bias - torch.Size([1024]): 
The value is the same before and after calling `init_weights` of GroundingDINO  

encoder.fusion_layers.3.attn.l_proj.weight - torch.Size([1024, 256]): 
The value is the same before and after calling `init_weights` of GroundingDINO  

encoder.fusion_layers.3.attn.l_proj.bias - torch.Size([1024]): 
The value is the same before and after calling `init_weights` of GroundingDINO  

encoder.fusion_layers.3.attn.values_v_proj.weight - torch.Size([1024, 256]): 
The value is the same before and after calling `init_weights` of GroundingDINO  

encoder.fusion_layers.3.attn.values_v_proj.bias - torch.Size([1024]): 
The value is the same before and after calling `init_weights` of GroundingDINO  

encoder.fusion_layers.3.attn.values_l_proj.weight - torch.Size([1024, 256]): 
The value is the same before and after calling `init_weights` of GroundingDINO  

encoder.fusion_layers.3.attn.values_l_proj.bias - torch.Size([1024]): 
The value is the same before and after calling `init_weights` of GroundingDINO  

encoder.fusion_layers.3.attn.out_v_proj.weight - torch.Size([256, 1024]): 
The value is the same before and after calling `init_weights` of GroundingDINO  

encoder.fusion_layers.3.attn.out_v_proj.bias - torch.Size([256]): 
The value is the same before and after calling `init_weights` of GroundingDINO  

encoder.fusion_layers.3.attn.out_l_proj.weight - torch.Size([256, 1024]): 
The value is the same before and after calling `init_weights` of GroundingDINO  

encoder.fusion_layers.3.attn.out_l_proj.bias - torch.Size([256]): 
The value is the same before and after calling `init_weights` of GroundingDINO  

encoder.fusion_layers.4.gamma_v - torch.Size([256]): 
The value is the same before and after calling `init_weights` of GroundingDINO  

encoder.fusion_layers.4.gamma_l - torch.Size([256]): 
The value is the same before and after calling `init_weights` of GroundingDINO  

encoder.fusion_layers.4.layer_norm_v.weight - torch.Size([256]): 
The value is the same before and after calling `init_weights` of GroundingDINO  

encoder.fusion_layers.4.layer_norm_v.bias - torch.Size([256]): 
The value is the same before and after calling `init_weights` of GroundingDINO  

encoder.fusion_layers.4.layer_norm_l.weight - torch.Size([256]): 
The value is the same before and after calling `init_weights` of GroundingDINO  

encoder.fusion_layers.4.layer_norm_l.bias - torch.Size([256]): 
The value is the same before and after calling `init_weights` of GroundingDINO  

encoder.fusion_layers.4.attn.v_proj.weight - torch.Size([1024, 256]): 
The value is the same before and after calling `init_weights` of GroundingDINO  

encoder.fusion_layers.4.attn.v_proj.bias - torch.Size([1024]): 
The value is the same before and after calling `init_weights` of GroundingDINO  

encoder.fusion_layers.4.attn.l_proj.weight - torch.Size([1024, 256]): 
The value is the same before and after calling `init_weights` of GroundingDINO  

encoder.fusion_layers.4.attn.l_proj.bias - torch.Size([1024]): 
The value is the same before and after calling `init_weights` of GroundingDINO  

encoder.fusion_layers.4.attn.values_v_proj.weight - torch.Size([1024, 256]): 
The value is the same before and after calling `init_weights` of GroundingDINO  

encoder.fusion_layers.4.attn.values_v_proj.bias - torch.Size([1024]): 
The value is the same before and after calling `init_weights` of GroundingDINO  

encoder.fusion_layers.4.attn.values_l_proj.weight - torch.Size([1024, 256]): 
The value is the same before and after calling `init_weights` of GroundingDINO  

encoder.fusion_layers.4.attn.values_l_proj.bias - torch.Size([1024]): 
The value is the same before and after calling `init_weights` of GroundingDINO  

encoder.fusion_layers.4.attn.out_v_proj.weight - torch.Size([256, 1024]): 
The value is the same before and after calling `init_weights` of GroundingDINO  

encoder.fusion_layers.4.attn.out_v_proj.bias - torch.Size([256]): 
The value is the same before and after calling `init_weights` of GroundingDINO  

encoder.fusion_layers.4.attn.out_l_proj.weight - torch.Size([256, 1024]): 
The value is the same before and after calling `init_weights` of GroundingDINO  

encoder.fusion_layers.4.attn.out_l_proj.bias - torch.Size([256]): 
The value is the same before and after calling `init_weights` of GroundingDINO  

encoder.fusion_layers.5.gamma_v - torch.Size([256]): 
The value is the same before and after calling `init_weights` of GroundingDINO  

encoder.fusion_layers.5.gamma_l - torch.Size([256]): 
The value is the same before and after calling `init_weights` of GroundingDINO  

encoder.fusion_layers.5.layer_norm_v.weight - torch.Size([256]): 
The value is the same before and after calling `init_weights` of GroundingDINO  

encoder.fusion_layers.5.layer_norm_v.bias - torch.Size([256]): 
The value is the same before and after calling `init_weights` of GroundingDINO  

encoder.fusion_layers.5.layer_norm_l.weight - torch.Size([256]): 
The value is the same before and after calling `init_weights` of GroundingDINO  

encoder.fusion_layers.5.layer_norm_l.bias - torch.Size([256]): 
The value is the same before and after calling `init_weights` of GroundingDINO  

encoder.fusion_layers.5.attn.v_proj.weight - torch.Size([1024, 256]): 
The value is the same before and after calling `init_weights` of GroundingDINO  

encoder.fusion_layers.5.attn.v_proj.bias - torch.Size([1024]): 
The value is the same before and after calling `init_weights` of GroundingDINO  

encoder.fusion_layers.5.attn.l_proj.weight - torch.Size([1024, 256]): 
The value is the same before and after calling `init_weights` of GroundingDINO  

encoder.fusion_layers.5.attn.l_proj.bias - torch.Size([1024]): 
The value is the same before and after calling `init_weights` of GroundingDINO  

encoder.fusion_layers.5.attn.values_v_proj.weight - torch.Size([1024, 256]): 
The value is the same before and after calling `init_weights` of GroundingDINO  

encoder.fusion_layers.5.attn.values_v_proj.bias - torch.Size([1024]): 
The value is the same before and after calling `init_weights` of GroundingDINO  

encoder.fusion_layers.5.attn.values_l_proj.weight - torch.Size([1024, 256]): 
The value is the same before and after calling `init_weights` of GroundingDINO  

encoder.fusion_layers.5.attn.values_l_proj.bias - torch.Size([1024]): 
The value is the same before and after calling `init_weights` of GroundingDINO  

encoder.fusion_layers.5.attn.out_v_proj.weight - torch.Size([256, 1024]): 
The value is the same before and after calling `init_weights` of GroundingDINO  

encoder.fusion_layers.5.attn.out_v_proj.bias - torch.Size([256]): 
The value is the same before and after calling `init_weights` of GroundingDINO  

encoder.fusion_layers.5.attn.out_l_proj.weight - torch.Size([256, 1024]): 
The value is the same before and after calling `init_weights` of GroundingDINO  

encoder.fusion_layers.5.attn.out_l_proj.bias - torch.Size([256]): 
The value is the same before and after calling `init_weights` of GroundingDINO  

decoder.layers.0.self_attn.attn.in_proj_weight - torch.Size([768, 256]): 
The value is the same before and after calling `init_weights` of GroundingDINO  

decoder.layers.0.self_attn.attn.in_proj_bias - torch.Size([768]): 
The value is the same before and after calling `init_weights` of GroundingDINO  

decoder.layers.0.self_attn.attn.out_proj.weight - torch.Size([256, 256]): 
The value is the same before and after calling `init_weights` of GroundingDINO  

decoder.layers.0.self_attn.attn.out_proj.bias - torch.Size([256]): 
The value is the same before and after calling `init_weights` of GroundingDINO  

decoder.layers.0.cross_attn_text.attn.in_proj_weight - torch.Size([768, 256]): 
The value is the same before and after calling `init_weights` of GroundingDINO  

decoder.layers.0.cross_attn_text.attn.in_proj_bias - torch.Size([768]): 
The value is the same before and after calling `init_weights` of GroundingDINO  

decoder.layers.0.cross_attn_text.attn.out_proj.weight - torch.Size([256, 256]): 
The value is the same before and after calling `init_weights` of GroundingDINO  

decoder.layers.0.cross_attn_text.attn.out_proj.bias - torch.Size([256]): 
The value is the same before and after calling `init_weights` of GroundingDINO  

decoder.layers.0.cross_attn.sampling_offsets.weight - torch.Size([256, 256]): 
The value is the same before and after calling `init_weights` of GroundingDINO  

decoder.layers.0.cross_attn.sampling_offsets.bias - torch.Size([256]): 
The value is the same before and after calling `init_weights` of GroundingDINO  

decoder.layers.0.cross_attn.attention_weights.weight - torch.Size([128, 256]): 
The value is the same before and after calling `init_weights` of GroundingDINO  

decoder.layers.0.cross_attn.attention_weights.bias - torch.Size([128]): 
The value is the same before and after calling `init_weights` of GroundingDINO  

decoder.layers.0.cross_attn.value_proj.weight - torch.Size([256, 256]): 
The value is the same before and after calling `init_weights` of GroundingDINO  

decoder.layers.0.cross_attn.value_proj.bias - torch.Size([256]): 
The value is the same before and after calling `init_weights` of GroundingDINO  

decoder.layers.0.cross_attn.output_proj.weight - torch.Size([256, 256]): 
The value is the same before and after calling `init_weights` of GroundingDINO  

decoder.layers.0.cross_attn.output_proj.bias - torch.Size([256]): 
The value is the same before and after calling `init_weights` of GroundingDINO  

decoder.layers.0.ffn.layers.0.0.weight - torch.Size([2048, 256]): 
The value is the same before and after calling `init_weights` of GroundingDINO  

decoder.layers.0.ffn.layers.0.0.bias - torch.Size([2048]): 
The value is the same before and after calling `init_weights` of GroundingDINO  

decoder.layers.0.ffn.layers.1.weight - torch.Size([256, 2048]): 
The value is the same before and after calling `init_weights` of GroundingDINO  

decoder.layers.0.ffn.layers.1.bias - torch.Size([256]): 
The value is the same before and after calling `init_weights` of GroundingDINO  

decoder.layers.0.norms.0.weight - torch.Size([256]): 
The value is the same before and after calling `init_weights` of GroundingDINO  

decoder.layers.0.norms.0.bias - torch.Size([256]): 
The value is the same before and after calling `init_weights` of GroundingDINO  

decoder.layers.0.norms.1.weight - torch.Size([256]): 
The value is the same before and after calling `init_weights` of GroundingDINO  

decoder.layers.0.norms.1.bias - torch.Size([256]): 
The value is the same before and after calling `init_weights` of GroundingDINO  

decoder.layers.0.norms.2.weight - torch.Size([256]): 
The value is the same before and after calling `init_weights` of GroundingDINO  

decoder.layers.0.norms.2.bias - torch.Size([256]): 
The value is the same before and after calling `init_weights` of GroundingDINO  

decoder.layers.0.norms.3.weight - torch.Size([256]): 
The value is the same before and after calling `init_weights` of GroundingDINO  

decoder.layers.0.norms.3.bias - torch.Size([256]): 
The value is the same before and after calling `init_weights` of GroundingDINO  

decoder.layers.1.self_attn.attn.in_proj_weight - torch.Size([768, 256]): 
The value is the same before and after calling `init_weights` of GroundingDINO  

decoder.layers.1.self_attn.attn.in_proj_bias - torch.Size([768]): 
The value is the same before and after calling `init_weights` of GroundingDINO  

decoder.layers.1.self_attn.attn.out_proj.weight - torch.Size([256, 256]): 
The value is the same before and after calling `init_weights` of GroundingDINO  

decoder.layers.1.self_attn.attn.out_proj.bias - torch.Size([256]): 
The value is the same before and after calling `init_weights` of GroundingDINO  

decoder.layers.1.cross_attn_text.attn.in_proj_weight - torch.Size([768, 256]): 
The value is the same before and after calling `init_weights` of GroundingDINO  

decoder.layers.1.cross_attn_text.attn.in_proj_bias - torch.Size([768]): 
The value is the same before and after calling `init_weights` of GroundingDINO  

decoder.layers.1.cross_attn_text.attn.out_proj.weight - torch.Size([256, 256]): 
The value is the same before and after calling `init_weights` of GroundingDINO  

decoder.layers.1.cross_attn_text.attn.out_proj.bias - torch.Size([256]): 
The value is the same before and after calling `init_weights` of GroundingDINO  

decoder.layers.1.cross_attn.sampling_offsets.weight - torch.Size([256, 256]): 
The value is the same before and after calling `init_weights` of GroundingDINO  

decoder.layers.1.cross_attn.sampling_offsets.bias - torch.Size([256]): 
The value is the same before and after calling `init_weights` of GroundingDINO  

decoder.layers.1.cross_attn.attention_weights.weight - torch.Size([128, 256]): 
The value is the same before and after calling `init_weights` of GroundingDINO  

decoder.layers.1.cross_attn.attention_weights.bias - torch.Size([128]): 
The value is the same before and after calling `init_weights` of GroundingDINO  

decoder.layers.1.cross_attn.value_proj.weight - torch.Size([256, 256]): 
The value is the same before and after calling `init_weights` of GroundingDINO  

decoder.layers.1.cross_attn.value_proj.bias - torch.Size([256]): 
The value is the same before and after calling `init_weights` of GroundingDINO  

decoder.layers.1.cross_attn.output_proj.weight - torch.Size([256, 256]): 
The value is the same before and after calling `init_weights` of GroundingDINO  

decoder.layers.1.cross_attn.output_proj.bias - torch.Size([256]): 
The value is the same before and after calling `init_weights` of GroundingDINO  

decoder.layers.1.ffn.layers.0.0.weight - torch.Size([2048, 256]): 
The value is the same before and after calling `init_weights` of GroundingDINO  

decoder.layers.1.ffn.layers.0.0.bias - torch.Size([2048]): 
The value is the same before and after calling `init_weights` of GroundingDINO  

decoder.layers.1.ffn.layers.1.weight - torch.Size([256, 2048]): 
The value is the same before and after calling `init_weights` of GroundingDINO  

decoder.layers.1.ffn.layers.1.bias - torch.Size([256]): 
The value is the same before and after calling `init_weights` of GroundingDINO  

decoder.layers.1.norms.0.weight - torch.Size([256]): 
The value is the same before and after calling `init_weights` of GroundingDINO  

decoder.layers.1.norms.0.bias - torch.Size([256]): 
The value is the same before and after calling `init_weights` of GroundingDINO  

decoder.layers.1.norms.1.weight - torch.Size([256]): 
The value is the same before and after calling `init_weights` of GroundingDINO  

decoder.layers.1.norms.1.bias - torch.Size([256]): 
The value is the same before and after calling `init_weights` of GroundingDINO  

decoder.layers.1.norms.2.weight - torch.Size([256]): 
The value is the same before and after calling `init_weights` of GroundingDINO  

decoder.layers.1.norms.2.bias - torch.Size([256]): 
The value is the same before and after calling `init_weights` of GroundingDINO  

decoder.layers.1.norms.3.weight - torch.Size([256]): 
The value is the same before and after calling `init_weights` of GroundingDINO  

decoder.layers.1.norms.3.bias - torch.Size([256]): 
The value is the same before and after calling `init_weights` of GroundingDINO  

decoder.layers.2.self_attn.attn.in_proj_weight - torch.Size([768, 256]): 
The value is the same before and after calling `init_weights` of GroundingDINO  

decoder.layers.2.self_attn.attn.in_proj_bias - torch.Size([768]): 
The value is the same before and after calling `init_weights` of GroundingDINO  

decoder.layers.2.self_attn.attn.out_proj.weight - torch.Size([256, 256]): 
The value is the same before and after calling `init_weights` of GroundingDINO  

decoder.layers.2.self_attn.attn.out_proj.bias - torch.Size([256]): 
The value is the same before and after calling `init_weights` of GroundingDINO  

decoder.layers.2.cross_attn_text.attn.in_proj_weight - torch.Size([768, 256]): 
The value is the same before and after calling `init_weights` of GroundingDINO  

decoder.layers.2.cross_attn_text.attn.in_proj_bias - torch.Size([768]): 
The value is the same before and after calling `init_weights` of GroundingDINO  

decoder.layers.2.cross_attn_text.attn.out_proj.weight - torch.Size([256, 256]): 
The value is the same before and after calling `init_weights` of GroundingDINO  

decoder.layers.2.cross_attn_text.attn.out_proj.bias - torch.Size([256]): 
The value is the same before and after calling `init_weights` of GroundingDINO  

decoder.layers.2.cross_attn.sampling_offsets.weight - torch.Size([256, 256]): 
The value is the same before and after calling `init_weights` of GroundingDINO  

decoder.layers.2.cross_attn.sampling_offsets.bias - torch.Size([256]): 
The value is the same before and after calling `init_weights` of GroundingDINO  

decoder.layers.2.cross_attn.attention_weights.weight - torch.Size([128, 256]): 
The value is the same before and after calling `init_weights` of GroundingDINO  

decoder.layers.2.cross_attn.attention_weights.bias - torch.Size([128]): 
The value is the same before and after calling `init_weights` of GroundingDINO  

decoder.layers.2.cross_attn.value_proj.weight - torch.Size([256, 256]): 
The value is the same before and after calling `init_weights` of GroundingDINO  

decoder.layers.2.cross_attn.value_proj.bias - torch.Size([256]): 
The value is the same before and after calling `init_weights` of GroundingDINO  

decoder.layers.2.cross_attn.output_proj.weight - torch.Size([256, 256]): 
The value is the same before and after calling `init_weights` of GroundingDINO  

decoder.layers.2.cross_attn.output_proj.bias - torch.Size([256]): 
The value is the same before and after calling `init_weights` of GroundingDINO  

decoder.layers.2.ffn.layers.0.0.weight - torch.Size([2048, 256]): 
The value is the same before and after calling `init_weights` of GroundingDINO  

decoder.layers.2.ffn.layers.0.0.bias - torch.Size([2048]): 
The value is the same before and after calling `init_weights` of GroundingDINO  

decoder.layers.2.ffn.layers.1.weight - torch.Size([256, 2048]): 
The value is the same before and after calling `init_weights` of GroundingDINO  

decoder.layers.2.ffn.layers.1.bias - torch.Size([256]): 
The value is the same before and after calling `init_weights` of GroundingDINO  

decoder.layers.2.norms.0.weight - torch.Size([256]): 
The value is the same before and after calling `init_weights` of GroundingDINO  

decoder.layers.2.norms.0.bias - torch.Size([256]): 
The value is the same before and after calling `init_weights` of GroundingDINO  

decoder.layers.2.norms.1.weight - torch.Size([256]): 
The value is the same before and after calling `init_weights` of GroundingDINO  

decoder.layers.2.norms.1.bias - torch.Size([256]): 
The value is the same before and after calling `init_weights` of GroundingDINO  

decoder.layers.2.norms.2.weight - torch.Size([256]): 
The value is the same before and after calling `init_weights` of GroundingDINO  

decoder.layers.2.norms.2.bias - torch.Size([256]): 
The value is the same before and after calling `init_weights` of GroundingDINO  

decoder.layers.2.norms.3.weight - torch.Size([256]): 
The value is the same before and after calling `init_weights` of GroundingDINO  

decoder.layers.2.norms.3.bias - torch.Size([256]): 
The value is the same before and after calling `init_weights` of GroundingDINO  

decoder.layers.3.self_attn.attn.in_proj_weight - torch.Size([768, 256]): 
The value is the same before and after calling `init_weights` of GroundingDINO  

decoder.layers.3.self_attn.attn.in_proj_bias - torch.Size([768]): 
The value is the same before and after calling `init_weights` of GroundingDINO  

decoder.layers.3.self_attn.attn.out_proj.weight - torch.Size([256, 256]): 
The value is the same before and after calling `init_weights` of GroundingDINO  

decoder.layers.3.self_attn.attn.out_proj.bias - torch.Size([256]): 
The value is the same before and after calling `init_weights` of GroundingDINO  

decoder.layers.3.cross_attn_text.attn.in_proj_weight - torch.Size([768, 256]): 
The value is the same before and after calling `init_weights` of GroundingDINO  

decoder.layers.3.cross_attn_text.attn.in_proj_bias - torch.Size([768]): 
The value is the same before and after calling `init_weights` of GroundingDINO  

decoder.layers.3.cross_attn_text.attn.out_proj.weight - torch.Size([256, 256]): 
The value is the same before and after calling `init_weights` of GroundingDINO  

decoder.layers.3.cross_attn_text.attn.out_proj.bias - torch.Size([256]): 
The value is the same before and after calling `init_weights` of GroundingDINO  

decoder.layers.3.cross_attn.sampling_offsets.weight - torch.Size([256, 256]): 
The value is the same before and after calling `init_weights` of GroundingDINO  

decoder.layers.3.cross_attn.sampling_offsets.bias - torch.Size([256]): 
The value is the same before and after calling `init_weights` of GroundingDINO  

decoder.layers.3.cross_attn.attention_weights.weight - torch.Size([128, 256]): 
The value is the same before and after calling `init_weights` of GroundingDINO  

decoder.layers.3.cross_attn.attention_weights.bias - torch.Size([128]): 
The value is the same before and after calling `init_weights` of GroundingDINO  

decoder.layers.3.cross_attn.value_proj.weight - torch.Size([256, 256]): 
The value is the same before and after calling `init_weights` of GroundingDINO  

decoder.layers.3.cross_attn.value_proj.bias - torch.Size([256]): 
The value is the same before and after calling `init_weights` of GroundingDINO  

decoder.layers.3.cross_attn.output_proj.weight - torch.Size([256, 256]): 
The value is the same before and after calling `init_weights` of GroundingDINO  

decoder.layers.3.cross_attn.output_proj.bias - torch.Size([256]): 
The value is the same before and after calling `init_weights` of GroundingDINO  

decoder.layers.3.ffn.layers.0.0.weight - torch.Size([2048, 256]): 
The value is the same before and after calling `init_weights` of GroundingDINO  

decoder.layers.3.ffn.layers.0.0.bias - torch.Size([2048]): 
The value is the same before and after calling `init_weights` of GroundingDINO  

decoder.layers.3.ffn.layers.1.weight - torch.Size([256, 2048]): 
The value is the same before and after calling `init_weights` of GroundingDINO  

decoder.layers.3.ffn.layers.1.bias - torch.Size([256]): 
The value is the same before and after calling `init_weights` of GroundingDINO  

decoder.layers.3.norms.0.weight - torch.Size([256]): 
The value is the same before and after calling `init_weights` of GroundingDINO  

decoder.layers.3.norms.0.bias - torch.Size([256]): 
The value is the same before and after calling `init_weights` of GroundingDINO  

decoder.layers.3.norms.1.weight - torch.Size([256]): 
The value is the same before and after calling `init_weights` of GroundingDINO  

decoder.layers.3.norms.1.bias - torch.Size([256]): 
The value is the same before and after calling `init_weights` of GroundingDINO  

decoder.layers.3.norms.2.weight - torch.Size([256]): 
The value is the same before and after calling `init_weights` of GroundingDINO  

decoder.layers.3.norms.2.bias - torch.Size([256]): 
The value is the same before and after calling `init_weights` of GroundingDINO  

decoder.layers.3.norms.3.weight - torch.Size([256]): 
The value is the same before and after calling `init_weights` of GroundingDINO  

decoder.layers.3.norms.3.bias - torch.Size([256]): 
The value is the same before and after calling `init_weights` of GroundingDINO  

decoder.layers.4.self_attn.attn.in_proj_weight - torch.Size([768, 256]): 
The value is the same before and after calling `init_weights` of GroundingDINO  

decoder.layers.4.self_attn.attn.in_proj_bias - torch.Size([768]): 
The value is the same before and after calling `init_weights` of GroundingDINO  

decoder.layers.4.self_attn.attn.out_proj.weight - torch.Size([256, 256]): 
The value is the same before and after calling `init_weights` of GroundingDINO  

decoder.layers.4.self_attn.attn.out_proj.bias - torch.Size([256]): 
The value is the same before and after calling `init_weights` of GroundingDINO  

decoder.layers.4.cross_attn_text.attn.in_proj_weight - torch.Size([768, 256]): 
The value is the same before and after calling `init_weights` of GroundingDINO  

decoder.layers.4.cross_attn_text.attn.in_proj_bias - torch.Size([768]): 
The value is the same before and after calling `init_weights` of GroundingDINO  

decoder.layers.4.cross_attn_text.attn.out_proj.weight - torch.Size([256, 256]): 
The value is the same before and after calling `init_weights` of GroundingDINO  

decoder.layers.4.cross_attn_text.attn.out_proj.bias - torch.Size([256]): 
The value is the same before and after calling `init_weights` of GroundingDINO  

decoder.layers.4.cross_attn.sampling_offsets.weight - torch.Size([256, 256]): 
The value is the same before and after calling `init_weights` of GroundingDINO  

decoder.layers.4.cross_attn.sampling_offsets.bias - torch.Size([256]): 
The value is the same before and after calling `init_weights` of GroundingDINO  

decoder.layers.4.cross_attn.attention_weights.weight - torch.Size([128, 256]): 
The value is the same before and after calling `init_weights` of GroundingDINO  

decoder.layers.4.cross_attn.attention_weights.bias - torch.Size([128]): 
The value is the same before and after calling `init_weights` of GroundingDINO  

decoder.layers.4.cross_attn.value_proj.weight - torch.Size([256, 256]): 
The value is the same before and after calling `init_weights` of GroundingDINO  

decoder.layers.4.cross_attn.value_proj.bias - torch.Size([256]): 
The value is the same before and after calling `init_weights` of GroundingDINO  

decoder.layers.4.cross_attn.output_proj.weight - torch.Size([256, 256]): 
The value is the same before and after calling `init_weights` of GroundingDINO  

decoder.layers.4.cross_attn.output_proj.bias - torch.Size([256]): 
The value is the same before and after calling `init_weights` of GroundingDINO  

decoder.layers.4.ffn.layers.0.0.weight - torch.Size([2048, 256]): 
The value is the same before and after calling `init_weights` of GroundingDINO  

decoder.layers.4.ffn.layers.0.0.bias - torch.Size([2048]): 
The value is the same before and after calling `init_weights` of GroundingDINO  

decoder.layers.4.ffn.layers.1.weight - torch.Size([256, 2048]): 
The value is the same before and after calling `init_weights` of GroundingDINO  

decoder.layers.4.ffn.layers.1.bias - torch.Size([256]): 
The value is the same before and after calling `init_weights` of GroundingDINO  

decoder.layers.4.norms.0.weight - torch.Size([256]): 
The value is the same before and after calling `init_weights` of GroundingDINO  

decoder.layers.4.norms.0.bias - torch.Size([256]): 
The value is the same before and after calling `init_weights` of GroundingDINO  

decoder.layers.4.norms.1.weight - torch.Size([256]): 
The value is the same before and after calling `init_weights` of GroundingDINO  

decoder.layers.4.norms.1.bias - torch.Size([256]): 
The value is the same before and after calling `init_weights` of GroundingDINO  

decoder.layers.4.norms.2.weight - torch.Size([256]): 
The value is the same before and after calling `init_weights` of GroundingDINO  

decoder.layers.4.norms.2.bias - torch.Size([256]): 
The value is the same before and after calling `init_weights` of GroundingDINO  

decoder.layers.4.norms.3.weight - torch.Size([256]): 
The value is the same before and after calling `init_weights` of GroundingDINO  

decoder.layers.4.norms.3.bias - torch.Size([256]): 
The value is the same before and after calling `init_weights` of GroundingDINO  

decoder.layers.5.self_attn.attn.in_proj_weight - torch.Size([768, 256]): 
The value is the same before and after calling `init_weights` of GroundingDINO  

decoder.layers.5.self_attn.attn.in_proj_bias - torch.Size([768]): 
The value is the same before and after calling `init_weights` of GroundingDINO  

decoder.layers.5.self_attn.attn.out_proj.weight - torch.Size([256, 256]): 
The value is the same before and after calling `init_weights` of GroundingDINO  

decoder.layers.5.self_attn.attn.out_proj.bias - torch.Size([256]): 
The value is the same before and after calling `init_weights` of GroundingDINO  

decoder.layers.5.cross_attn_text.attn.in_proj_weight - torch.Size([768, 256]): 
The value is the same before and after calling `init_weights` of GroundingDINO  

decoder.layers.5.cross_attn_text.attn.in_proj_bias - torch.Size([768]): 
The value is the same before and after calling `init_weights` of GroundingDINO  

decoder.layers.5.cross_attn_text.attn.out_proj.weight - torch.Size([256, 256]): 
The value is the same before and after calling `init_weights` of GroundingDINO  

decoder.layers.5.cross_attn_text.attn.out_proj.bias - torch.Size([256]): 
The value is the same before and after calling `init_weights` of GroundingDINO  

decoder.layers.5.cross_attn.sampling_offsets.weight - torch.Size([256, 256]): 
The value is the same before and after calling `init_weights` of GroundingDINO  

decoder.layers.5.cross_attn.sampling_offsets.bias - torch.Size([256]): 
The value is the same before and after calling `init_weights` of GroundingDINO  

decoder.layers.5.cross_attn.attention_weights.weight - torch.Size([128, 256]): 
The value is the same before and after calling `init_weights` of GroundingDINO  

decoder.layers.5.cross_attn.attention_weights.bias - torch.Size([128]): 
The value is the same before and after calling `init_weights` of GroundingDINO  

decoder.layers.5.cross_attn.value_proj.weight - torch.Size([256, 256]): 
The value is the same before and after calling `init_weights` of GroundingDINO  

decoder.layers.5.cross_attn.value_proj.bias - torch.Size([256]): 
The value is the same before and after calling `init_weights` of GroundingDINO  

decoder.layers.5.cross_attn.output_proj.weight - torch.Size([256, 256]): 
The value is the same before and after calling `init_weights` of GroundingDINO  

decoder.layers.5.cross_attn.output_proj.bias - torch.Size([256]): 
The value is the same before and after calling `init_weights` of GroundingDINO  

decoder.layers.5.ffn.layers.0.0.weight - torch.Size([2048, 256]): 
The value is the same before and after calling `init_weights` of GroundingDINO  

decoder.layers.5.ffn.layers.0.0.bias - torch.Size([2048]): 
The value is the same before and after calling `init_weights` of GroundingDINO  

decoder.layers.5.ffn.layers.1.weight - torch.Size([256, 2048]): 
The value is the same before and after calling `init_weights` of GroundingDINO  

decoder.layers.5.ffn.layers.1.bias - torch.Size([256]): 
The value is the same before and after calling `init_weights` of GroundingDINO  

decoder.layers.5.norms.0.weight - torch.Size([256]): 
The value is the same before and after calling `init_weights` of GroundingDINO  

decoder.layers.5.norms.0.bias - torch.Size([256]): 
The value is the same before and after calling `init_weights` of GroundingDINO  

decoder.layers.5.norms.1.weight - torch.Size([256]): 
The value is the same before and after calling `init_weights` of GroundingDINO  

decoder.layers.5.norms.1.bias - torch.Size([256]): 
The value is the same before and after calling `init_weights` of GroundingDINO  

decoder.layers.5.norms.2.weight - torch.Size([256]): 
The value is the same before and after calling `init_weights` of GroundingDINO  

decoder.layers.5.norms.2.bias - torch.Size([256]): 
The value is the same before and after calling `init_weights` of GroundingDINO  

decoder.layers.5.norms.3.weight - torch.Size([256]): 
The value is the same before and after calling `init_weights` of GroundingDINO  

decoder.layers.5.norms.3.bias - torch.Size([256]): 
The value is the same before and after calling `init_weights` of GroundingDINO  

decoder.ref_point_head.layers.0.weight - torch.Size([256, 512]): 
The value is the same before and after calling `init_weights` of GroundingDINO  

decoder.ref_point_head.layers.0.bias - torch.Size([256]): 
The value is the same before and after calling `init_weights` of GroundingDINO  

decoder.ref_point_head.layers.1.weight - torch.Size([256, 256]): 
The value is the same before and after calling `init_weights` of GroundingDINO  

decoder.ref_point_head.layers.1.bias - torch.Size([256]): 
The value is the same before and after calling `init_weights` of GroundingDINO  

decoder.norm.weight - torch.Size([256]): 
The value is the same before and after calling `init_weights` of GroundingDINO  

decoder.norm.bias - torch.Size([256]): 
The value is the same before and after calling `init_weights` of GroundingDINO  

query_embedding.weight - torch.Size([900, 256]): 
The value is the same before and after calling `init_weights` of GroundingDINO  

memory_trans_fc.weight - torch.Size([256, 256]): 
The value is the same before and after calling `init_weights` of GroundingDINO  

memory_trans_fc.bias - torch.Size([256]): 
The value is the same before and after calling `init_weights` of GroundingDINO  

memory_trans_norm.weight - torch.Size([256]): 
The value is the same before and after calling `init_weights` of GroundingDINO  

memory_trans_norm.bias - torch.Size([256]): 
The value is the same before and after calling `init_weights` of GroundingDINO  

language_model.language_backbone.body.model.embeddings.word_embeddings.weight - torch.Size([30522, 768]): 
The value is the same before and after calling `init_weights` of GroundingDINO  

language_model.language_backbone.body.model.embeddings.position_embeddings.weight - torch.Size([512, 768]): 
The value is the same before and after calling `init_weights` of GroundingDINO  

language_model.language_backbone.body.model.embeddings.token_type_embeddings.weight - torch.Size([2, 768]): 
The value is the same before and after calling `init_weights` of GroundingDINO  

language_model.language_backbone.body.model.embeddings.LayerNorm.weight - torch.Size([768]): 
The value is the same before and after calling `init_weights` of GroundingDINO  

language_model.language_backbone.body.model.embeddings.LayerNorm.bias - torch.Size([768]): 
The value is the same before and after calling `init_weights` of GroundingDINO  

language_model.language_backbone.body.model.encoder.layer.0.attention.self.query.weight - torch.Size([768, 768]): 
The value is the same before and after calling `init_weights` of GroundingDINO  

language_model.language_backbone.body.model.encoder.layer.0.attention.self.query.bias - torch.Size([768]): 
The value is the same before and after calling `init_weights` of GroundingDINO  

language_model.language_backbone.body.model.encoder.layer.0.attention.self.key.weight - torch.Size([768, 768]): 
The value is the same before and after calling `init_weights` of GroundingDINO  

language_model.language_backbone.body.model.encoder.layer.0.attention.self.key.bias - torch.Size([768]): 
The value is the same before and after calling `init_weights` of GroundingDINO  

language_model.language_backbone.body.model.encoder.layer.0.attention.self.value.weight - torch.Size([768, 768]): 
The value is the same before and after calling `init_weights` of GroundingDINO  

language_model.language_backbone.body.model.encoder.layer.0.attention.self.value.bias - torch.Size([768]): 
The value is the same before and after calling `init_weights` of GroundingDINO  

language_model.language_backbone.body.model.encoder.layer.0.attention.output.dense.weight - torch.Size([768, 768]): 
The value is the same before and after calling `init_weights` of GroundingDINO  

language_model.language_backbone.body.model.encoder.layer.0.attention.output.dense.bias - torch.Size([768]): 
The value is the same before and after calling `init_weights` of GroundingDINO  

language_model.language_backbone.body.model.encoder.layer.0.attention.output.LayerNorm.weight - torch.Size([768]): 
The value is the same before and after calling `init_weights` of GroundingDINO  

language_model.language_backbone.body.model.encoder.layer.0.attention.output.LayerNorm.bias - torch.Size([768]): 
The value is the same before and after calling `init_weights` of GroundingDINO  

language_model.language_backbone.body.model.encoder.layer.0.intermediate.dense.weight - torch.Size([3072, 768]): 
The value is the same before and after calling `init_weights` of GroundingDINO  

language_model.language_backbone.body.model.encoder.layer.0.intermediate.dense.bias - torch.Size([3072]): 
The value is the same before and after calling `init_weights` of GroundingDINO  

language_model.language_backbone.body.model.encoder.layer.0.output.dense.weight - torch.Size([768, 3072]): 
The value is the same before and after calling `init_weights` of GroundingDINO  

language_model.language_backbone.body.model.encoder.layer.0.output.dense.bias - torch.Size([768]): 
The value is the same before and after calling `init_weights` of GroundingDINO  

language_model.language_backbone.body.model.encoder.layer.0.output.LayerNorm.weight - torch.Size([768]): 
The value is the same before and after calling `init_weights` of GroundingDINO  

language_model.language_backbone.body.model.encoder.layer.0.output.LayerNorm.bias - torch.Size([768]): 
The value is the same before and after calling `init_weights` of GroundingDINO  

language_model.language_backbone.body.model.encoder.layer.1.attention.self.query.weight - torch.Size([768, 768]): 
The value is the same before and after calling `init_weights` of GroundingDINO  

language_model.language_backbone.body.model.encoder.layer.1.attention.self.query.bias - torch.Size([768]): 
The value is the same before and after calling `init_weights` of GroundingDINO  

language_model.language_backbone.body.model.encoder.layer.1.attention.self.key.weight - torch.Size([768, 768]): 
The value is the same before and after calling `init_weights` of GroundingDINO  

language_model.language_backbone.body.model.encoder.layer.1.attention.self.key.bias - torch.Size([768]): 
The value is the same before and after calling `init_weights` of GroundingDINO  

language_model.language_backbone.body.model.encoder.layer.1.attention.self.value.weight - torch.Size([768, 768]): 
The value is the same before and after calling `init_weights` of GroundingDINO  

language_model.language_backbone.body.model.encoder.layer.1.attention.self.value.bias - torch.Size([768]): 
The value is the same before and after calling `init_weights` of GroundingDINO  

language_model.language_backbone.body.model.encoder.layer.1.attention.output.dense.weight - torch.Size([768, 768]): 
The value is the same before and after calling `init_weights` of GroundingDINO  

language_model.language_backbone.body.model.encoder.layer.1.attention.output.dense.bias - torch.Size([768]): 
The value is the same before and after calling `init_weights` of GroundingDINO  

language_model.language_backbone.body.model.encoder.layer.1.attention.output.LayerNorm.weight - torch.Size([768]): 
The value is the same before and after calling `init_weights` of GroundingDINO  

language_model.language_backbone.body.model.encoder.layer.1.attention.output.LayerNorm.bias - torch.Size([768]): 
The value is the same before and after calling `init_weights` of GroundingDINO  

language_model.language_backbone.body.model.encoder.layer.1.intermediate.dense.weight - torch.Size([3072, 768]): 
The value is the same before and after calling `init_weights` of GroundingDINO  

language_model.language_backbone.body.model.encoder.layer.1.intermediate.dense.bias - torch.Size([3072]): 
The value is the same before and after calling `init_weights` of GroundingDINO  

language_model.language_backbone.body.model.encoder.layer.1.output.dense.weight - torch.Size([768, 3072]): 
The value is the same before and after calling `init_weights` of GroundingDINO  

language_model.language_backbone.body.model.encoder.layer.1.output.dense.bias - torch.Size([768]): 
The value is the same before and after calling `init_weights` of GroundingDINO  

language_model.language_backbone.body.model.encoder.layer.1.output.LayerNorm.weight - torch.Size([768]): 
The value is the same before and after calling `init_weights` of GroundingDINO  

language_model.language_backbone.body.model.encoder.layer.1.output.LayerNorm.bias - torch.Size([768]): 
The value is the same before and after calling `init_weights` of GroundingDINO  

language_model.language_backbone.body.model.encoder.layer.2.attention.self.query.weight - torch.Size([768, 768]): 
The value is the same before and after calling `init_weights` of GroundingDINO  

language_model.language_backbone.body.model.encoder.layer.2.attention.self.query.bias - torch.Size([768]): 
The value is the same before and after calling `init_weights` of GroundingDINO  

language_model.language_backbone.body.model.encoder.layer.2.attention.self.key.weight - torch.Size([768, 768]): 
The value is the same before and after calling `init_weights` of GroundingDINO  

language_model.language_backbone.body.model.encoder.layer.2.attention.self.key.bias - torch.Size([768]): 
The value is the same before and after calling `init_weights` of GroundingDINO  

language_model.language_backbone.body.model.encoder.layer.2.attention.self.value.weight - torch.Size([768, 768]): 
The value is the same before and after calling `init_weights` of GroundingDINO  

language_model.language_backbone.body.model.encoder.layer.2.attention.self.value.bias - torch.Size([768]): 
The value is the same before and after calling `init_weights` of GroundingDINO  

language_model.language_backbone.body.model.encoder.layer.2.attention.output.dense.weight - torch.Size([768, 768]): 
The value is the same before and after calling `init_weights` of GroundingDINO  

language_model.language_backbone.body.model.encoder.layer.2.attention.output.dense.bias - torch.Size([768]): 
The value is the same before and after calling `init_weights` of GroundingDINO  

language_model.language_backbone.body.model.encoder.layer.2.attention.output.LayerNorm.weight - torch.Size([768]): 
The value is the same before and after calling `init_weights` of GroundingDINO  

language_model.language_backbone.body.model.encoder.layer.2.attention.output.LayerNorm.bias - torch.Size([768]): 
The value is the same before and after calling `init_weights` of GroundingDINO  

language_model.language_backbone.body.model.encoder.layer.2.intermediate.dense.weight - torch.Size([3072, 768]): 
The value is the same before and after calling `init_weights` of GroundingDINO  

language_model.language_backbone.body.model.encoder.layer.2.intermediate.dense.bias - torch.Size([3072]): 
The value is the same before and after calling `init_weights` of GroundingDINO  

language_model.language_backbone.body.model.encoder.layer.2.output.dense.weight - torch.Size([768, 3072]): 
The value is the same before and after calling `init_weights` of GroundingDINO  

language_model.language_backbone.body.model.encoder.layer.2.output.dense.bias - torch.Size([768]): 
The value is the same before and after calling `init_weights` of GroundingDINO  

language_model.language_backbone.body.model.encoder.layer.2.output.LayerNorm.weight - torch.Size([768]): 
The value is the same before and after calling `init_weights` of GroundingDINO  

language_model.language_backbone.body.model.encoder.layer.2.output.LayerNorm.bias - torch.Size([768]): 
The value is the same before and after calling `init_weights` of GroundingDINO  

language_model.language_backbone.body.model.encoder.layer.3.attention.self.query.weight - torch.Size([768, 768]): 
The value is the same before and after calling `init_weights` of GroundingDINO  

language_model.language_backbone.body.model.encoder.layer.3.attention.self.query.bias - torch.Size([768]): 
The value is the same before and after calling `init_weights` of GroundingDINO  

language_model.language_backbone.body.model.encoder.layer.3.attention.self.key.weight - torch.Size([768, 768]): 
The value is the same before and after calling `init_weights` of GroundingDINO  

language_model.language_backbone.body.model.encoder.layer.3.attention.self.key.bias - torch.Size([768]): 
The value is the same before and after calling `init_weights` of GroundingDINO  

language_model.language_backbone.body.model.encoder.layer.3.attention.self.value.weight - torch.Size([768, 768]): 
The value is the same before and after calling `init_weights` of GroundingDINO  

language_model.language_backbone.body.model.encoder.layer.3.attention.self.value.bias - torch.Size([768]): 
The value is the same before and after calling `init_weights` of GroundingDINO  

language_model.language_backbone.body.model.encoder.layer.3.attention.output.dense.weight - torch.Size([768, 768]): 
The value is the same before and after calling `init_weights` of GroundingDINO  

language_model.language_backbone.body.model.encoder.layer.3.attention.output.dense.bias - torch.Size([768]): 
The value is the same before and after calling `init_weights` of GroundingDINO  

language_model.language_backbone.body.model.encoder.layer.3.attention.output.LayerNorm.weight - torch.Size([768]): 
The value is the same before and after calling `init_weights` of GroundingDINO  

language_model.language_backbone.body.model.encoder.layer.3.attention.output.LayerNorm.bias - torch.Size([768]): 
The value is the same before and after calling `init_weights` of GroundingDINO  

language_model.language_backbone.body.model.encoder.layer.3.intermediate.dense.weight - torch.Size([3072, 768]): 
The value is the same before and after calling `init_weights` of GroundingDINO  

language_model.language_backbone.body.model.encoder.layer.3.intermediate.dense.bias - torch.Size([3072]): 
The value is the same before and after calling `init_weights` of GroundingDINO  

language_model.language_backbone.body.model.encoder.layer.3.output.dense.weight - torch.Size([768, 3072]): 
The value is the same before and after calling `init_weights` of GroundingDINO  

language_model.language_backbone.body.model.encoder.layer.3.output.dense.bias - torch.Size([768]): 
The value is the same before and after calling `init_weights` of GroundingDINO  

language_model.language_backbone.body.model.encoder.layer.3.output.LayerNorm.weight - torch.Size([768]): 
The value is the same before and after calling `init_weights` of GroundingDINO  

language_model.language_backbone.body.model.encoder.layer.3.output.LayerNorm.bias - torch.Size([768]): 
The value is the same before and after calling `init_weights` of GroundingDINO  

language_model.language_backbone.body.model.encoder.layer.4.attention.self.query.weight - torch.Size([768, 768]): 
The value is the same before and after calling `init_weights` of GroundingDINO  

language_model.language_backbone.body.model.encoder.layer.4.attention.self.query.bias - torch.Size([768]): 
The value is the same before and after calling `init_weights` of GroundingDINO  

language_model.language_backbone.body.model.encoder.layer.4.attention.self.key.weight - torch.Size([768, 768]): 
The value is the same before and after calling `init_weights` of GroundingDINO  

language_model.language_backbone.body.model.encoder.layer.4.attention.self.key.bias - torch.Size([768]): 
The value is the same before and after calling `init_weights` of GroundingDINO  

language_model.language_backbone.body.model.encoder.layer.4.attention.self.value.weight - torch.Size([768, 768]): 
The value is the same before and after calling `init_weights` of GroundingDINO  

language_model.language_backbone.body.model.encoder.layer.4.attention.self.value.bias - torch.Size([768]): 
The value is the same before and after calling `init_weights` of GroundingDINO  

language_model.language_backbone.body.model.encoder.layer.4.attention.output.dense.weight - torch.Size([768, 768]): 
The value is the same before and after calling `init_weights` of GroundingDINO  

language_model.language_backbone.body.model.encoder.layer.4.attention.output.dense.bias - torch.Size([768]): 
The value is the same before and after calling `init_weights` of GroundingDINO  

language_model.language_backbone.body.model.encoder.layer.4.attention.output.LayerNorm.weight - torch.Size([768]): 
The value is the same before and after calling `init_weights` of GroundingDINO  

language_model.language_backbone.body.model.encoder.layer.4.attention.output.LayerNorm.bias - torch.Size([768]): 
The value is the same before and after calling `init_weights` of GroundingDINO  

language_model.language_backbone.body.model.encoder.layer.4.intermediate.dense.weight - torch.Size([3072, 768]): 
The value is the same before and after calling `init_weights` of GroundingDINO  

language_model.language_backbone.body.model.encoder.layer.4.intermediate.dense.bias - torch.Size([3072]): 
The value is the same before and after calling `init_weights` of GroundingDINO  

language_model.language_backbone.body.model.encoder.layer.4.output.dense.weight - torch.Size([768, 3072]): 
The value is the same before and after calling `init_weights` of GroundingDINO  

language_model.language_backbone.body.model.encoder.layer.4.output.dense.bias - torch.Size([768]): 
The value is the same before and after calling `init_weights` of GroundingDINO  

language_model.language_backbone.body.model.encoder.layer.4.output.LayerNorm.weight - torch.Size([768]): 
The value is the same before and after calling `init_weights` of GroundingDINO  

language_model.language_backbone.body.model.encoder.layer.4.output.LayerNorm.bias - torch.Size([768]): 
The value is the same before and after calling `init_weights` of GroundingDINO  

language_model.language_backbone.body.model.encoder.layer.5.attention.self.query.weight - torch.Size([768, 768]): 
The value is the same before and after calling `init_weights` of GroundingDINO  

language_model.language_backbone.body.model.encoder.layer.5.attention.self.query.bias - torch.Size([768]): 
The value is the same before and after calling `init_weights` of GroundingDINO  

language_model.language_backbone.body.model.encoder.layer.5.attention.self.key.weight - torch.Size([768, 768]): 
The value is the same before and after calling `init_weights` of GroundingDINO  

language_model.language_backbone.body.model.encoder.layer.5.attention.self.key.bias - torch.Size([768]): 
The value is the same before and after calling `init_weights` of GroundingDINO  

language_model.language_backbone.body.model.encoder.layer.5.attention.self.value.weight - torch.Size([768, 768]): 
The value is the same before and after calling `init_weights` of GroundingDINO  

language_model.language_backbone.body.model.encoder.layer.5.attention.self.value.bias - torch.Size([768]): 
The value is the same before and after calling `init_weights` of GroundingDINO  

language_model.language_backbone.body.model.encoder.layer.5.attention.output.dense.weight - torch.Size([768, 768]): 
The value is the same before and after calling `init_weights` of GroundingDINO  

language_model.language_backbone.body.model.encoder.layer.5.attention.output.dense.bias - torch.Size([768]): 
The value is the same before and after calling `init_weights` of GroundingDINO  

language_model.language_backbone.body.model.encoder.layer.5.attention.output.LayerNorm.weight - torch.Size([768]): 
The value is the same before and after calling `init_weights` of GroundingDINO  

language_model.language_backbone.body.model.encoder.layer.5.attention.output.LayerNorm.bias - torch.Size([768]): 
The value is the same before and after calling `init_weights` of GroundingDINO  

language_model.language_backbone.body.model.encoder.layer.5.intermediate.dense.weight - torch.Size([3072, 768]): 
The value is the same before and after calling `init_weights` of GroundingDINO  

language_model.language_backbone.body.model.encoder.layer.5.intermediate.dense.bias - torch.Size([3072]): 
The value is the same before and after calling `init_weights` of GroundingDINO  

language_model.language_backbone.body.model.encoder.layer.5.output.dense.weight - torch.Size([768, 3072]): 
The value is the same before and after calling `init_weights` of GroundingDINO  

language_model.language_backbone.body.model.encoder.layer.5.output.dense.bias - torch.Size([768]): 
The value is the same before and after calling `init_weights` of GroundingDINO  

language_model.language_backbone.body.model.encoder.layer.5.output.LayerNorm.weight - torch.Size([768]): 
The value is the same before and after calling `init_weights` of GroundingDINO  

language_model.language_backbone.body.model.encoder.layer.5.output.LayerNorm.bias - torch.Size([768]): 
The value is the same before and after calling `init_weights` of GroundingDINO  

language_model.language_backbone.body.model.encoder.layer.6.attention.self.query.weight - torch.Size([768, 768]): 
The value is the same before and after calling `init_weights` of GroundingDINO  

language_model.language_backbone.body.model.encoder.layer.6.attention.self.query.bias - torch.Size([768]): 
The value is the same before and after calling `init_weights` of GroundingDINO  

language_model.language_backbone.body.model.encoder.layer.6.attention.self.key.weight - torch.Size([768, 768]): 
The value is the same before and after calling `init_weights` of GroundingDINO  

language_model.language_backbone.body.model.encoder.layer.6.attention.self.key.bias - torch.Size([768]): 
The value is the same before and after calling `init_weights` of GroundingDINO  

language_model.language_backbone.body.model.encoder.layer.6.attention.self.value.weight - torch.Size([768, 768]): 
The value is the same before and after calling `init_weights` of GroundingDINO  

language_model.language_backbone.body.model.encoder.layer.6.attention.self.value.bias - torch.Size([768]): 
The value is the same before and after calling `init_weights` of GroundingDINO  

language_model.language_backbone.body.model.encoder.layer.6.attention.output.dense.weight - torch.Size([768, 768]): 
The value is the same before and after calling `init_weights` of GroundingDINO  

language_model.language_backbone.body.model.encoder.layer.6.attention.output.dense.bias - torch.Size([768]): 
The value is the same before and after calling `init_weights` of GroundingDINO  

language_model.language_backbone.body.model.encoder.layer.6.attention.output.LayerNorm.weight - torch.Size([768]): 
The value is the same before and after calling `init_weights` of GroundingDINO  

language_model.language_backbone.body.model.encoder.layer.6.attention.output.LayerNorm.bias - torch.Size([768]): 
The value is the same before and after calling `init_weights` of GroundingDINO  

language_model.language_backbone.body.model.encoder.layer.6.intermediate.dense.weight - torch.Size([3072, 768]): 
The value is the same before and after calling `init_weights` of GroundingDINO  

language_model.language_backbone.body.model.encoder.layer.6.intermediate.dense.bias - torch.Size([3072]): 
The value is the same before and after calling `init_weights` of GroundingDINO  

language_model.language_backbone.body.model.encoder.layer.6.output.dense.weight - torch.Size([768, 3072]): 
The value is the same before and after calling `init_weights` of GroundingDINO  

language_model.language_backbone.body.model.encoder.layer.6.output.dense.bias - torch.Size([768]): 
The value is the same before and after calling `init_weights` of GroundingDINO  

language_model.language_backbone.body.model.encoder.layer.6.output.LayerNorm.weight - torch.Size([768]): 
The value is the same before and after calling `init_weights` of GroundingDINO  

language_model.language_backbone.body.model.encoder.layer.6.output.LayerNorm.bias - torch.Size([768]): 
The value is the same before and after calling `init_weights` of GroundingDINO  

language_model.language_backbone.body.model.encoder.layer.7.attention.self.query.weight - torch.Size([768, 768]): 
The value is the same before and after calling `init_weights` of GroundingDINO  

language_model.language_backbone.body.model.encoder.layer.7.attention.self.query.bias - torch.Size([768]): 
The value is the same before and after calling `init_weights` of GroundingDINO  

language_model.language_backbone.body.model.encoder.layer.7.attention.self.key.weight - torch.Size([768, 768]): 
The value is the same before and after calling `init_weights` of GroundingDINO  

language_model.language_backbone.body.model.encoder.layer.7.attention.self.key.bias - torch.Size([768]): 
The value is the same before and after calling `init_weights` of GroundingDINO  

language_model.language_backbone.body.model.encoder.layer.7.attention.self.value.weight - torch.Size([768, 768]): 
The value is the same before and after calling `init_weights` of GroundingDINO  

language_model.language_backbone.body.model.encoder.layer.7.attention.self.value.bias - torch.Size([768]): 
The value is the same before and after calling `init_weights` of GroundingDINO  

language_model.language_backbone.body.model.encoder.layer.7.attention.output.dense.weight - torch.Size([768, 768]): 
The value is the same before and after calling `init_weights` of GroundingDINO  

language_model.language_backbone.body.model.encoder.layer.7.attention.output.dense.bias - torch.Size([768]): 
The value is the same before and after calling `init_weights` of GroundingDINO  

language_model.language_backbone.body.model.encoder.layer.7.attention.output.LayerNorm.weight - torch.Size([768]): 
The value is the same before and after calling `init_weights` of GroundingDINO  

language_model.language_backbone.body.model.encoder.layer.7.attention.output.LayerNorm.bias - torch.Size([768]): 
The value is the same before and after calling `init_weights` of GroundingDINO  

language_model.language_backbone.body.model.encoder.layer.7.intermediate.dense.weight - torch.Size([3072, 768]): 
The value is the same before and after calling `init_weights` of GroundingDINO  

language_model.language_backbone.body.model.encoder.layer.7.intermediate.dense.bias - torch.Size([3072]): 
The value is the same before and after calling `init_weights` of GroundingDINO  

language_model.language_backbone.body.model.encoder.layer.7.output.dense.weight - torch.Size([768, 3072]): 
The value is the same before and after calling `init_weights` of GroundingDINO  

language_model.language_backbone.body.model.encoder.layer.7.output.dense.bias - torch.Size([768]): 
The value is the same before and after calling `init_weights` of GroundingDINO  

language_model.language_backbone.body.model.encoder.layer.7.output.LayerNorm.weight - torch.Size([768]): 
The value is the same before and after calling `init_weights` of GroundingDINO  

language_model.language_backbone.body.model.encoder.layer.7.output.LayerNorm.bias - torch.Size([768]): 
The value is the same before and after calling `init_weights` of GroundingDINO  

language_model.language_backbone.body.model.encoder.layer.8.attention.self.query.weight - torch.Size([768, 768]): 
The value is the same before and after calling `init_weights` of GroundingDINO  

language_model.language_backbone.body.model.encoder.layer.8.attention.self.query.bias - torch.Size([768]): 
The value is the same before and after calling `init_weights` of GroundingDINO  

language_model.language_backbone.body.model.encoder.layer.8.attention.self.key.weight - torch.Size([768, 768]): 
The value is the same before and after calling `init_weights` of GroundingDINO  

language_model.language_backbone.body.model.encoder.layer.8.attention.self.key.bias - torch.Size([768]): 
The value is the same before and after calling `init_weights` of GroundingDINO  

language_model.language_backbone.body.model.encoder.layer.8.attention.self.value.weight - torch.Size([768, 768]): 
The value is the same before and after calling `init_weights` of GroundingDINO  

language_model.language_backbone.body.model.encoder.layer.8.attention.self.value.bias - torch.Size([768]): 
The value is the same before and after calling `init_weights` of GroundingDINO  

language_model.language_backbone.body.model.encoder.layer.8.attention.output.dense.weight - torch.Size([768, 768]): 
The value is the same before and after calling `init_weights` of GroundingDINO  

language_model.language_backbone.body.model.encoder.layer.8.attention.output.dense.bias - torch.Size([768]): 
The value is the same before and after calling `init_weights` of GroundingDINO  

language_model.language_backbone.body.model.encoder.layer.8.attention.output.LayerNorm.weight - torch.Size([768]): 
The value is the same before and after calling `init_weights` of GroundingDINO  

language_model.language_backbone.body.model.encoder.layer.8.attention.output.LayerNorm.bias - torch.Size([768]): 
The value is the same before and after calling `init_weights` of GroundingDINO  

language_model.language_backbone.body.model.encoder.layer.8.intermediate.dense.weight - torch.Size([3072, 768]): 
The value is the same before and after calling `init_weights` of GroundingDINO  

language_model.language_backbone.body.model.encoder.layer.8.intermediate.dense.bias - torch.Size([3072]): 
The value is the same before and after calling `init_weights` of GroundingDINO  

language_model.language_backbone.body.model.encoder.layer.8.output.dense.weight - torch.Size([768, 3072]): 
The value is the same before and after calling `init_weights` of GroundingDINO  

language_model.language_backbone.body.model.encoder.layer.8.output.dense.bias - torch.Size([768]): 
The value is the same before and after calling `init_weights` of GroundingDINO  

language_model.language_backbone.body.model.encoder.layer.8.output.LayerNorm.weight - torch.Size([768]): 
The value is the same before and after calling `init_weights` of GroundingDINO  

language_model.language_backbone.body.model.encoder.layer.8.output.LayerNorm.bias - torch.Size([768]): 
The value is the same before and after calling `init_weights` of GroundingDINO  

language_model.language_backbone.body.model.encoder.layer.9.attention.self.query.weight - torch.Size([768, 768]): 
The value is the same before and after calling `init_weights` of GroundingDINO  

language_model.language_backbone.body.model.encoder.layer.9.attention.self.query.bias - torch.Size([768]): 
The value is the same before and after calling `init_weights` of GroundingDINO  

language_model.language_backbone.body.model.encoder.layer.9.attention.self.key.weight - torch.Size([768, 768]): 
The value is the same before and after calling `init_weights` of GroundingDINO  

language_model.language_backbone.body.model.encoder.layer.9.attention.self.key.bias - torch.Size([768]): 
The value is the same before and after calling `init_weights` of GroundingDINO  

language_model.language_backbone.body.model.encoder.layer.9.attention.self.value.weight - torch.Size([768, 768]): 
The value is the same before and after calling `init_weights` of GroundingDINO  

language_model.language_backbone.body.model.encoder.layer.9.attention.self.value.bias - torch.Size([768]): 
The value is the same before and after calling `init_weights` of GroundingDINO  

language_model.language_backbone.body.model.encoder.layer.9.attention.output.dense.weight - torch.Size([768, 768]): 
The value is the same before and after calling `init_weights` of GroundingDINO  

language_model.language_backbone.body.model.encoder.layer.9.attention.output.dense.bias - torch.Size([768]): 
The value is the same before and after calling `init_weights` of GroundingDINO  

language_model.language_backbone.body.model.encoder.layer.9.attention.output.LayerNorm.weight - torch.Size([768]): 
The value is the same before and after calling `init_weights` of GroundingDINO  

language_model.language_backbone.body.model.encoder.layer.9.attention.output.LayerNorm.bias - torch.Size([768]): 
The value is the same before and after calling `init_weights` of GroundingDINO  

language_model.language_backbone.body.model.encoder.layer.9.intermediate.dense.weight - torch.Size([3072, 768]): 
The value is the same before and after calling `init_weights` of GroundingDINO  

language_model.language_backbone.body.model.encoder.layer.9.intermediate.dense.bias - torch.Size([3072]): 
The value is the same before and after calling `init_weights` of GroundingDINO  

language_model.language_backbone.body.model.encoder.layer.9.output.dense.weight - torch.Size([768, 3072]): 
The value is the same before and after calling `init_weights` of GroundingDINO  

language_model.language_backbone.body.model.encoder.layer.9.output.dense.bias - torch.Size([768]): 
The value is the same before and after calling `init_weights` of GroundingDINO  

language_model.language_backbone.body.model.encoder.layer.9.output.LayerNorm.weight - torch.Size([768]): 
The value is the same before and after calling `init_weights` of GroundingDINO  

language_model.language_backbone.body.model.encoder.layer.9.output.LayerNorm.bias - torch.Size([768]): 
The value is the same before and after calling `init_weights` of GroundingDINO  

language_model.language_backbone.body.model.encoder.layer.10.attention.self.query.weight - torch.Size([768, 768]): 
The value is the same before and after calling `init_weights` of GroundingDINO  

language_model.language_backbone.body.model.encoder.layer.10.attention.self.query.bias - torch.Size([768]): 
The value is the same before and after calling `init_weights` of GroundingDINO  

language_model.language_backbone.body.model.encoder.layer.10.attention.self.key.weight - torch.Size([768, 768]): 
The value is the same before and after calling `init_weights` of GroundingDINO  

language_model.language_backbone.body.model.encoder.layer.10.attention.self.key.bias - torch.Size([768]): 
The value is the same before and after calling `init_weights` of GroundingDINO  

language_model.language_backbone.body.model.encoder.layer.10.attention.self.value.weight - torch.Size([768, 768]): 
The value is the same before and after calling `init_weights` of GroundingDINO  

language_model.language_backbone.body.model.encoder.layer.10.attention.self.value.bias - torch.Size([768]): 
The value is the same before and after calling `init_weights` of GroundingDINO  

language_model.language_backbone.body.model.encoder.layer.10.attention.output.dense.weight - torch.Size([768, 768]): 
The value is the same before and after calling `init_weights` of GroundingDINO  

language_model.language_backbone.body.model.encoder.layer.10.attention.output.dense.bias - torch.Size([768]): 
The value is the same before and after calling `init_weights` of GroundingDINO  

language_model.language_backbone.body.model.encoder.layer.10.attention.output.LayerNorm.weight - torch.Size([768]): 
The value is the same before and after calling `init_weights` of GroundingDINO  

language_model.language_backbone.body.model.encoder.layer.10.attention.output.LayerNorm.bias - torch.Size([768]): 
The value is the same before and after calling `init_weights` of GroundingDINO  

language_model.language_backbone.body.model.encoder.layer.10.intermediate.dense.weight - torch.Size([3072, 768]): 
The value is the same before and after calling `init_weights` of GroundingDINO  

language_model.language_backbone.body.model.encoder.layer.10.intermediate.dense.bias - torch.Size([3072]): 
The value is the same before and after calling `init_weights` of GroundingDINO  

language_model.language_backbone.body.model.encoder.layer.10.output.dense.weight - torch.Size([768, 3072]): 
The value is the same before and after calling `init_weights` of GroundingDINO  

language_model.language_backbone.body.model.encoder.layer.10.output.dense.bias - torch.Size([768]): 
The value is the same before and after calling `init_weights` of GroundingDINO  

language_model.language_backbone.body.model.encoder.layer.10.output.LayerNorm.weight - torch.Size([768]): 
The value is the same before and after calling `init_weights` of GroundingDINO  

language_model.language_backbone.body.model.encoder.layer.10.output.LayerNorm.bias - torch.Size([768]): 
The value is the same before and after calling `init_weights` of GroundingDINO  

language_model.language_backbone.body.model.encoder.layer.11.attention.self.query.weight - torch.Size([768, 768]): 
The value is the same before and after calling `init_weights` of GroundingDINO  

language_model.language_backbone.body.model.encoder.layer.11.attention.self.query.bias - torch.Size([768]): 
The value is the same before and after calling `init_weights` of GroundingDINO  

language_model.language_backbone.body.model.encoder.layer.11.attention.self.key.weight - torch.Size([768, 768]): 
The value is the same before and after calling `init_weights` of GroundingDINO  

language_model.language_backbone.body.model.encoder.layer.11.attention.self.key.bias - torch.Size([768]): 
The value is the same before and after calling `init_weights` of GroundingDINO  

language_model.language_backbone.body.model.encoder.layer.11.attention.self.value.weight - torch.Size([768, 768]): 
The value is the same before and after calling `init_weights` of GroundingDINO  

language_model.language_backbone.body.model.encoder.layer.11.attention.self.value.bias - torch.Size([768]): 
The value is the same before and after calling `init_weights` of GroundingDINO  

language_model.language_backbone.body.model.encoder.layer.11.attention.output.dense.weight - torch.Size([768, 768]): 
The value is the same before and after calling `init_weights` of GroundingDINO  

language_model.language_backbone.body.model.encoder.layer.11.attention.output.dense.bias - torch.Size([768]): 
The value is the same before and after calling `init_weights` of GroundingDINO  

language_model.language_backbone.body.model.encoder.layer.11.attention.output.LayerNorm.weight - torch.Size([768]): 
The value is the same before and after calling `init_weights` of GroundingDINO  

language_model.language_backbone.body.model.encoder.layer.11.attention.output.LayerNorm.bias - torch.Size([768]): 
The value is the same before and after calling `init_weights` of GroundingDINO  

language_model.language_backbone.body.model.encoder.layer.11.intermediate.dense.weight - torch.Size([3072, 768]): 
The value is the same before and after calling `init_weights` of GroundingDINO  

language_model.language_backbone.body.model.encoder.layer.11.intermediate.dense.bias - torch.Size([3072]): 
The value is the same before and after calling `init_weights` of GroundingDINO  

language_model.language_backbone.body.model.encoder.layer.11.output.dense.weight - torch.Size([768, 3072]): 
The value is the same before and after calling `init_weights` of GroundingDINO  

language_model.language_backbone.body.model.encoder.layer.11.output.dense.bias - torch.Size([768]): 
The value is the same before and after calling `init_weights` of GroundingDINO  

language_model.language_backbone.body.model.encoder.layer.11.output.LayerNorm.weight - torch.Size([768]): 
The value is the same before and after calling `init_weights` of GroundingDINO  

language_model.language_backbone.body.model.encoder.layer.11.output.LayerNorm.bias - torch.Size([768]): 
The value is the same before and after calling `init_weights` of GroundingDINO  

text_feat_map.weight - torch.Size([256, 768]): 
The value is the same before and after calling `init_weights` of GroundingDINO  

text_feat_map.bias - torch.Size([256]): 
The value is the same before and after calling `init_weights` of GroundingDINO  

dn_query_generator.label_embedding.weight - torch.Size([256, 256]): 
The value is the same before and after calling `init_weights` of GroundingDINO  

lmm.model.embed_tokens.weight - torch.Size([151647, 896]): 
The value is the same before and after calling `init_weights` of GroundingDINO  

lmm.model.layers.0.self_attn.q_proj.lora_A.weight - torch.Size([128, 896]): 
The value is the same before and after calling `init_weights` of GroundingDINO  

lmm.model.layers.0.self_attn.q_proj.lora_B.weight - torch.Size([896, 128]): 
The value is the same before and after calling `init_weights` of GroundingDINO  

lmm.model.layers.0.self_attn.q_proj.ori_model.weight - torch.Size([896, 896]): 
The value is the same before and after calling `init_weights` of GroundingDINO  

lmm.model.layers.0.self_attn.q_proj.ori_model.bias - torch.Size([896]): 
The value is the same before and after calling `init_weights` of GroundingDINO  

lmm.model.layers.0.self_attn.k_proj.lora_A.weight - torch.Size([128, 896]): 
The value is the same before and after calling `init_weights` of GroundingDINO  

lmm.model.layers.0.self_attn.k_proj.lora_B.weight - torch.Size([128, 128]): 
The value is the same before and after calling `init_weights` of GroundingDINO  

lmm.model.layers.0.self_attn.k_proj.ori_model.weight - torch.Size([128, 896]): 
The value is the same before and after calling `init_weights` of GroundingDINO  

lmm.model.layers.0.self_attn.k_proj.ori_model.bias - torch.Size([128]): 
The value is the same before and after calling `init_weights` of GroundingDINO  

lmm.model.layers.0.self_attn.v_proj.lora_A.weight - torch.Size([128, 896]): 
The value is the same before and after calling `init_weights` of GroundingDINO  

lmm.model.layers.0.self_attn.v_proj.lora_B.weight - torch.Size([128, 128]): 
The value is the same before and after calling `init_weights` of GroundingDINO  

lmm.model.layers.0.self_attn.v_proj.ori_model.weight - torch.Size([128, 896]): 
The value is the same before and after calling `init_weights` of GroundingDINO  

lmm.model.layers.0.self_attn.v_proj.ori_model.bias - torch.Size([128]): 
The value is the same before and after calling `init_weights` of GroundingDINO  

lmm.model.layers.0.self_attn.o_proj.lora_A.weight - torch.Size([128, 896]): 
The value is the same before and after calling `init_weights` of GroundingDINO  

lmm.model.layers.0.self_attn.o_proj.lora_B.weight - torch.Size([896, 128]): 
The value is the same before and after calling `init_weights` of GroundingDINO  

lmm.model.layers.0.self_attn.o_proj.ori_model.weight - torch.Size([896, 896]): 
The value is the same before and after calling `init_weights` of GroundingDINO  

lmm.model.layers.0.mlp.gate_proj.lora_A.weight - torch.Size([128, 896]): 
The value is the same before and after calling `init_weights` of GroundingDINO  

lmm.model.layers.0.mlp.gate_proj.lora_B.weight - torch.Size([4864, 128]): 
The value is the same before and after calling `init_weights` of GroundingDINO  

lmm.model.layers.0.mlp.gate_proj.ori_model.weight - torch.Size([4864, 896]): 
The value is the same before and after calling `init_weights` of GroundingDINO  

lmm.model.layers.0.mlp.up_proj.lora_A.weight - torch.Size([128, 896]): 
The value is the same before and after calling `init_weights` of GroundingDINO  

lmm.model.layers.0.mlp.up_proj.lora_B.weight - torch.Size([4864, 128]): 
The value is the same before and after calling `init_weights` of GroundingDINO  

lmm.model.layers.0.mlp.up_proj.ori_model.weight - torch.Size([4864, 896]): 
The value is the same before and after calling `init_weights` of GroundingDINO  

lmm.model.layers.0.mlp.down_proj.lora_A.weight - torch.Size([128, 4864]): 
The value is the same before and after calling `init_weights` of GroundingDINO  

lmm.model.layers.0.mlp.down_proj.lora_B.weight - torch.Size([896, 128]): 
The value is the same before and after calling `init_weights` of GroundingDINO  

lmm.model.layers.0.mlp.down_proj.ori_model.weight - torch.Size([896, 4864]): 
The value is the same before and after calling `init_weights` of GroundingDINO  

lmm.model.layers.0.input_layernorm.weight - torch.Size([896]): 
The value is the same before and after calling `init_weights` of GroundingDINO  

lmm.model.layers.0.post_attention_layernorm.weight - torch.Size([896]): 
The value is the same before and after calling `init_weights` of GroundingDINO  

lmm.model.layers.0.down_proj.weight - torch.Size([256, 896]): 
The value is the same before and after calling `init_weights` of GroundingDINO  

lmm.model.layers.0.down_proj.bias - torch.Size([256]): 
The value is the same before and after calling `init_weights` of GroundingDINO  

lmm.model.layers.0.up_proj.weight - torch.Size([896, 256]): 
The value is the same before and after calling `init_weights` of GroundingDINO  

lmm.model.layers.0.up_proj.bias - torch.Size([896]): 
The value is the same before and after calling `init_weights` of GroundingDINO  

lmm.model.layers.0.corss_attn_norm.weight - torch.Size([896]): 
The value is the same before and after calling `init_weights` of GroundingDINO  

lmm.model.layers.0.cross_attn.sampling_offsets.weight - torch.Size([256, 256]): 
The value is the same before and after calling `init_weights` of GroundingDINO  

lmm.model.layers.0.cross_attn.sampling_offsets.bias - torch.Size([256]): 
The value is the same before and after calling `init_weights` of GroundingDINO  

lmm.model.layers.0.cross_attn.attention_weights.weight - torch.Size([128, 256]): 
The value is the same before and after calling `init_weights` of GroundingDINO  

lmm.model.layers.0.cross_attn.attention_weights.bias - torch.Size([128]): 
The value is the same before and after calling `init_weights` of GroundingDINO  

lmm.model.layers.0.cross_attn.value_proj.weight - torch.Size([256, 256]): 
The value is the same before and after calling `init_weights` of GroundingDINO  

lmm.model.layers.0.cross_attn.value_proj.bias - torch.Size([256]): 
The value is the same before and after calling `init_weights` of GroundingDINO  

lmm.model.layers.0.cross_attn.output_proj.weight - torch.Size([256, 256]): 
The value is the same before and after calling `init_weights` of GroundingDINO  

lmm.model.layers.0.cross_attn.output_proj.bias - torch.Size([256]): 
The value is the same before and after calling `init_weights` of GroundingDINO  

lmm.model.layers.1.self_attn.q_proj.lora_A.weight - torch.Size([128, 896]): 
The value is the same before and after calling `init_weights` of GroundingDINO  

lmm.model.layers.1.self_attn.q_proj.lora_B.weight - torch.Size([896, 128]): 
The value is the same before and after calling `init_weights` of GroundingDINO  

lmm.model.layers.1.self_attn.q_proj.ori_model.weight - torch.Size([896, 896]): 
The value is the same before and after calling `init_weights` of GroundingDINO  

lmm.model.layers.1.self_attn.q_proj.ori_model.bias - torch.Size([896]): 
The value is the same before and after calling `init_weights` of GroundingDINO  

lmm.model.layers.1.self_attn.k_proj.lora_A.weight - torch.Size([128, 896]): 
The value is the same before and after calling `init_weights` of GroundingDINO  

lmm.model.layers.1.self_attn.k_proj.lora_B.weight - torch.Size([128, 128]): 
The value is the same before and after calling `init_weights` of GroundingDINO  

lmm.model.layers.1.self_attn.k_proj.ori_model.weight - torch.Size([128, 896]): 
The value is the same before and after calling `init_weights` of GroundingDINO  

lmm.model.layers.1.self_attn.k_proj.ori_model.bias - torch.Size([128]): 
The value is the same before and after calling `init_weights` of GroundingDINO  

lmm.model.layers.1.self_attn.v_proj.lora_A.weight - torch.Size([128, 896]): 
The value is the same before and after calling `init_weights` of GroundingDINO  

lmm.model.layers.1.self_attn.v_proj.lora_B.weight - torch.Size([128, 128]): 
The value is the same before and after calling `init_weights` of GroundingDINO  

lmm.model.layers.1.self_attn.v_proj.ori_model.weight - torch.Size([128, 896]): 
The value is the same before and after calling `init_weights` of GroundingDINO  

lmm.model.layers.1.self_attn.v_proj.ori_model.bias - torch.Size([128]): 
The value is the same before and after calling `init_weights` of GroundingDINO  

lmm.model.layers.1.self_attn.o_proj.lora_A.weight - torch.Size([128, 896]): 
The value is the same before and after calling `init_weights` of GroundingDINO  

lmm.model.layers.1.self_attn.o_proj.lora_B.weight - torch.Size([896, 128]): 
The value is the same before and after calling `init_weights` of GroundingDINO  

lmm.model.layers.1.self_attn.o_proj.ori_model.weight - torch.Size([896, 896]): 
The value is the same before and after calling `init_weights` of GroundingDINO  

lmm.model.layers.1.mlp.gate_proj.lora_A.weight - torch.Size([128, 896]): 
The value is the same before and after calling `init_weights` of GroundingDINO  

lmm.model.layers.1.mlp.gate_proj.lora_B.weight - torch.Size([4864, 128]): 
The value is the same before and after calling `init_weights` of GroundingDINO  

lmm.model.layers.1.mlp.gate_proj.ori_model.weight - torch.Size([4864, 896]): 
The value is the same before and after calling `init_weights` of GroundingDINO  

lmm.model.layers.1.mlp.up_proj.lora_A.weight - torch.Size([128, 896]): 
The value is the same before and after calling `init_weights` of GroundingDINO  

lmm.model.layers.1.mlp.up_proj.lora_B.weight - torch.Size([4864, 128]): 
The value is the same before and after calling `init_weights` of GroundingDINO  

lmm.model.layers.1.mlp.up_proj.ori_model.weight - torch.Size([4864, 896]): 
The value is the same before and after calling `init_weights` of GroundingDINO  

lmm.model.layers.1.mlp.down_proj.lora_A.weight - torch.Size([128, 4864]): 
The value is the same before and after calling `init_weights` of GroundingDINO  

lmm.model.layers.1.mlp.down_proj.lora_B.weight - torch.Size([896, 128]): 
The value is the same before and after calling `init_weights` of GroundingDINO  

lmm.model.layers.1.mlp.down_proj.ori_model.weight - torch.Size([896, 4864]): 
The value is the same before and after calling `init_weights` of GroundingDINO  

lmm.model.layers.1.input_layernorm.weight - torch.Size([896]): 
The value is the same before and after calling `init_weights` of GroundingDINO  

lmm.model.layers.1.post_attention_layernorm.weight - torch.Size([896]): 
The value is the same before and after calling `init_weights` of GroundingDINO  

lmm.model.layers.2.self_attn.q_proj.lora_A.weight - torch.Size([128, 896]): 
The value is the same before and after calling `init_weights` of GroundingDINO  

lmm.model.layers.2.self_attn.q_proj.lora_B.weight - torch.Size([896, 128]): 
The value is the same before and after calling `init_weights` of GroundingDINO  

lmm.model.layers.2.self_attn.q_proj.ori_model.weight - torch.Size([896, 896]): 
The value is the same before and after calling `init_weights` of GroundingDINO  

lmm.model.layers.2.self_attn.q_proj.ori_model.bias - torch.Size([896]): 
The value is the same before and after calling `init_weights` of GroundingDINO  

lmm.model.layers.2.self_attn.k_proj.lora_A.weight - torch.Size([128, 896]): 
The value is the same before and after calling `init_weights` of GroundingDINO  

lmm.model.layers.2.self_attn.k_proj.lora_B.weight - torch.Size([128, 128]): 
The value is the same before and after calling `init_weights` of GroundingDINO  

lmm.model.layers.2.self_attn.k_proj.ori_model.weight - torch.Size([128, 896]): 
The value is the same before and after calling `init_weights` of GroundingDINO  

lmm.model.layers.2.self_attn.k_proj.ori_model.bias - torch.Size([128]): 
The value is the same before and after calling `init_weights` of GroundingDINO  

lmm.model.layers.2.self_attn.v_proj.lora_A.weight - torch.Size([128, 896]): 
The value is the same before and after calling `init_weights` of GroundingDINO  

lmm.model.layers.2.self_attn.v_proj.lora_B.weight - torch.Size([128, 128]): 
The value is the same before and after calling `init_weights` of GroundingDINO  

lmm.model.layers.2.self_attn.v_proj.ori_model.weight - torch.Size([128, 896]): 
The value is the same before and after calling `init_weights` of GroundingDINO  

lmm.model.layers.2.self_attn.v_proj.ori_model.bias - torch.Size([128]): 
The value is the same before and after calling `init_weights` of GroundingDINO  

lmm.model.layers.2.self_attn.o_proj.lora_A.weight - torch.Size([128, 896]): 
The value is the same before and after calling `init_weights` of GroundingDINO  

lmm.model.layers.2.self_attn.o_proj.lora_B.weight - torch.Size([896, 128]): 
The value is the same before and after calling `init_weights` of GroundingDINO  

lmm.model.layers.2.self_attn.o_proj.ori_model.weight - torch.Size([896, 896]): 
The value is the same before and after calling `init_weights` of GroundingDINO  

lmm.model.layers.2.mlp.gate_proj.lora_A.weight - torch.Size([128, 896]): 
The value is the same before and after calling `init_weights` of GroundingDINO  

lmm.model.layers.2.mlp.gate_proj.lora_B.weight - torch.Size([4864, 128]): 
The value is the same before and after calling `init_weights` of GroundingDINO  

lmm.model.layers.2.mlp.gate_proj.ori_model.weight - torch.Size([4864, 896]): 
The value is the same before and after calling `init_weights` of GroundingDINO  

lmm.model.layers.2.mlp.up_proj.lora_A.weight - torch.Size([128, 896]): 
The value is the same before and after calling `init_weights` of GroundingDINO  

lmm.model.layers.2.mlp.up_proj.lora_B.weight - torch.Size([4864, 128]): 
The value is the same before and after calling `init_weights` of GroundingDINO  

lmm.model.layers.2.mlp.up_proj.ori_model.weight - torch.Size([4864, 896]): 
The value is the same before and after calling `init_weights` of GroundingDINO  

lmm.model.layers.2.mlp.down_proj.lora_A.weight - torch.Size([128, 4864]): 
The value is the same before and after calling `init_weights` of GroundingDINO  

lmm.model.layers.2.mlp.down_proj.lora_B.weight - torch.Size([896, 128]): 
The value is the same before and after calling `init_weights` of GroundingDINO  

lmm.model.layers.2.mlp.down_proj.ori_model.weight - torch.Size([896, 4864]): 
The value is the same before and after calling `init_weights` of GroundingDINO  

lmm.model.layers.2.input_layernorm.weight - torch.Size([896]): 
The value is the same before and after calling `init_weights` of GroundingDINO  

lmm.model.layers.2.post_attention_layernorm.weight - torch.Size([896]): 
The value is the same before and after calling `init_weights` of GroundingDINO  

lmm.model.layers.3.self_attn.q_proj.lora_A.weight - torch.Size([128, 896]): 
The value is the same before and after calling `init_weights` of GroundingDINO  

lmm.model.layers.3.self_attn.q_proj.lora_B.weight - torch.Size([896, 128]): 
The value is the same before and after calling `init_weights` of GroundingDINO  

lmm.model.layers.3.self_attn.q_proj.ori_model.weight - torch.Size([896, 896]): 
The value is the same before and after calling `init_weights` of GroundingDINO  

lmm.model.layers.3.self_attn.q_proj.ori_model.bias - torch.Size([896]): 
The value is the same before and after calling `init_weights` of GroundingDINO  

lmm.model.layers.3.self_attn.k_proj.lora_A.weight - torch.Size([128, 896]): 
The value is the same before and after calling `init_weights` of GroundingDINO  

lmm.model.layers.3.self_attn.k_proj.lora_B.weight - torch.Size([128, 128]): 
The value is the same before and after calling `init_weights` of GroundingDINO  

lmm.model.layers.3.self_attn.k_proj.ori_model.weight - torch.Size([128, 896]): 
The value is the same before and after calling `init_weights` of GroundingDINO  

lmm.model.layers.3.self_attn.k_proj.ori_model.bias - torch.Size([128]): 
The value is the same before and after calling `init_weights` of GroundingDINO  

lmm.model.layers.3.self_attn.v_proj.lora_A.weight - torch.Size([128, 896]): 
The value is the same before and after calling `init_weights` of GroundingDINO  

lmm.model.layers.3.self_attn.v_proj.lora_B.weight - torch.Size([128, 128]): 
The value is the same before and after calling `init_weights` of GroundingDINO  

lmm.model.layers.3.self_attn.v_proj.ori_model.weight - torch.Size([128, 896]): 
The value is the same before and after calling `init_weights` of GroundingDINO  

lmm.model.layers.3.self_attn.v_proj.ori_model.bias - torch.Size([128]): 
The value is the same before and after calling `init_weights` of GroundingDINO  

lmm.model.layers.3.self_attn.o_proj.lora_A.weight - torch.Size([128, 896]): 
The value is the same before and after calling `init_weights` of GroundingDINO  

lmm.model.layers.3.self_attn.o_proj.lora_B.weight - torch.Size([896, 128]): 
The value is the same before and after calling `init_weights` of GroundingDINO  

lmm.model.layers.3.self_attn.o_proj.ori_model.weight - torch.Size([896, 896]): 
The value is the same before and after calling `init_weights` of GroundingDINO  

lmm.model.layers.3.mlp.gate_proj.lora_A.weight - torch.Size([128, 896]): 
The value is the same before and after calling `init_weights` of GroundingDINO  

lmm.model.layers.3.mlp.gate_proj.lora_B.weight - torch.Size([4864, 128]): 
The value is the same before and after calling `init_weights` of GroundingDINO  

lmm.model.layers.3.mlp.gate_proj.ori_model.weight - torch.Size([4864, 896]): 
The value is the same before and after calling `init_weights` of GroundingDINO  

lmm.model.layers.3.mlp.up_proj.lora_A.weight - torch.Size([128, 896]): 
The value is the same before and after calling `init_weights` of GroundingDINO  

lmm.model.layers.3.mlp.up_proj.lora_B.weight - torch.Size([4864, 128]): 
The value is the same before and after calling `init_weights` of GroundingDINO  

lmm.model.layers.3.mlp.up_proj.ori_model.weight - torch.Size([4864, 896]): 
The value is the same before and after calling `init_weights` of GroundingDINO  

lmm.model.layers.3.mlp.down_proj.lora_A.weight - torch.Size([128, 4864]): 
The value is the same before and after calling `init_weights` of GroundingDINO  

lmm.model.layers.3.mlp.down_proj.lora_B.weight - torch.Size([896, 128]): 
The value is the same before and after calling `init_weights` of GroundingDINO  

lmm.model.layers.3.mlp.down_proj.ori_model.weight - torch.Size([896, 4864]): 
The value is the same before and after calling `init_weights` of GroundingDINO  

lmm.model.layers.3.input_layernorm.weight - torch.Size([896]): 
The value is the same before and after calling `init_weights` of GroundingDINO  

lmm.model.layers.3.post_attention_layernorm.weight - torch.Size([896]): 
The value is the same before and after calling `init_weights` of GroundingDINO  

lmm.model.layers.4.self_attn.q_proj.lora_A.weight - torch.Size([128, 896]): 
The value is the same before and after calling `init_weights` of GroundingDINO  

lmm.model.layers.4.self_attn.q_proj.lora_B.weight - torch.Size([896, 128]): 
The value is the same before and after calling `init_weights` of GroundingDINO  

lmm.model.layers.4.self_attn.q_proj.ori_model.weight - torch.Size([896, 896]): 
The value is the same before and after calling `init_weights` of GroundingDINO  

lmm.model.layers.4.self_attn.q_proj.ori_model.bias - torch.Size([896]): 
The value is the same before and after calling `init_weights` of GroundingDINO  

lmm.model.layers.4.self_attn.k_proj.lora_A.weight - torch.Size([128, 896]): 
The value is the same before and after calling `init_weights` of GroundingDINO  

lmm.model.layers.4.self_attn.k_proj.lora_B.weight - torch.Size([128, 128]): 
The value is the same before and after calling `init_weights` of GroundingDINO  

lmm.model.layers.4.self_attn.k_proj.ori_model.weight - torch.Size([128, 896]): 
The value is the same before and after calling `init_weights` of GroundingDINO  

lmm.model.layers.4.self_attn.k_proj.ori_model.bias - torch.Size([128]): 
The value is the same before and after calling `init_weights` of GroundingDINO  

lmm.model.layers.4.self_attn.v_proj.lora_A.weight - torch.Size([128, 896]): 
The value is the same before and after calling `init_weights` of GroundingDINO  

lmm.model.layers.4.self_attn.v_proj.lora_B.weight - torch.Size([128, 128]): 
The value is the same before and after calling `init_weights` of GroundingDINO  

lmm.model.layers.4.self_attn.v_proj.ori_model.weight - torch.Size([128, 896]): 
The value is the same before and after calling `init_weights` of GroundingDINO  

lmm.model.layers.4.self_attn.v_proj.ori_model.bias - torch.Size([128]): 
The value is the same before and after calling `init_weights` of GroundingDINO  

lmm.model.layers.4.self_attn.o_proj.lora_A.weight - torch.Size([128, 896]): 
The value is the same before and after calling `init_weights` of GroundingDINO  

lmm.model.layers.4.self_attn.o_proj.lora_B.weight - torch.Size([896, 128]): 
The value is the same before and after calling `init_weights` of GroundingDINO  

lmm.model.layers.4.self_attn.o_proj.ori_model.weight - torch.Size([896, 896]): 
The value is the same before and after calling `init_weights` of GroundingDINO  

lmm.model.layers.4.mlp.gate_proj.lora_A.weight - torch.Size([128, 896]): 
The value is the same before and after calling `init_weights` of GroundingDINO  

lmm.model.layers.4.mlp.gate_proj.lora_B.weight - torch.Size([4864, 128]): 
The value is the same before and after calling `init_weights` of GroundingDINO  

lmm.model.layers.4.mlp.gate_proj.ori_model.weight - torch.Size([4864, 896]): 
The value is the same before and after calling `init_weights` of GroundingDINO  

lmm.model.layers.4.mlp.up_proj.lora_A.weight - torch.Size([128, 896]): 
The value is the same before and after calling `init_weights` of GroundingDINO  

lmm.model.layers.4.mlp.up_proj.lora_B.weight - torch.Size([4864, 128]): 
The value is the same before and after calling `init_weights` of GroundingDINO  

lmm.model.layers.4.mlp.up_proj.ori_model.weight - torch.Size([4864, 896]): 
The value is the same before and after calling `init_weights` of GroundingDINO  

lmm.model.layers.4.mlp.down_proj.lora_A.weight - torch.Size([128, 4864]): 
The value is the same before and after calling `init_weights` of GroundingDINO  

lmm.model.layers.4.mlp.down_proj.lora_B.weight - torch.Size([896, 128]): 
The value is the same before and after calling `init_weights` of GroundingDINO  

lmm.model.layers.4.mlp.down_proj.ori_model.weight - torch.Size([896, 4864]): 
The value is the same before and after calling `init_weights` of GroundingDINO  

lmm.model.layers.4.input_layernorm.weight - torch.Size([896]): 
The value is the same before and after calling `init_weights` of GroundingDINO  

lmm.model.layers.4.post_attention_layernorm.weight - torch.Size([896]): 
The value is the same before and after calling `init_weights` of GroundingDINO  

lmm.model.layers.4.down_proj.weight - torch.Size([256, 896]): 
The value is the same before and after calling `init_weights` of GroundingDINO  

lmm.model.layers.4.down_proj.bias - torch.Size([256]): 
The value is the same before and after calling `init_weights` of GroundingDINO  

lmm.model.layers.4.up_proj.weight - torch.Size([896, 256]): 
The value is the same before and after calling `init_weights` of GroundingDINO  

lmm.model.layers.4.up_proj.bias - torch.Size([896]): 
The value is the same before and after calling `init_weights` of GroundingDINO  

lmm.model.layers.4.corss_attn_norm.weight - torch.Size([896]): 
The value is the same before and after calling `init_weights` of GroundingDINO  

lmm.model.layers.4.cross_attn.sampling_offsets.weight - torch.Size([256, 256]): 
The value is the same before and after calling `init_weights` of GroundingDINO  

lmm.model.layers.4.cross_attn.sampling_offsets.bias - torch.Size([256]): 
The value is the same before and after calling `init_weights` of GroundingDINO  

lmm.model.layers.4.cross_attn.attention_weights.weight - torch.Size([128, 256]): 
The value is the same before and after calling `init_weights` of GroundingDINO  

lmm.model.layers.4.cross_attn.attention_weights.bias - torch.Size([128]): 
The value is the same before and after calling `init_weights` of GroundingDINO  

lmm.model.layers.4.cross_attn.value_proj.weight - torch.Size([256, 256]): 
The value is the same before and after calling `init_weights` of GroundingDINO  

lmm.model.layers.4.cross_attn.value_proj.bias - torch.Size([256]): 
The value is the same before and after calling `init_weights` of GroundingDINO  

lmm.model.layers.4.cross_attn.output_proj.weight - torch.Size([256, 256]): 
The value is the same before and after calling `init_weights` of GroundingDINO  

lmm.model.layers.4.cross_attn.output_proj.bias - torch.Size([256]): 
The value is the same before and after calling `init_weights` of GroundingDINO  

lmm.model.layers.5.self_attn.q_proj.lora_A.weight - torch.Size([128, 896]): 
The value is the same before and after calling `init_weights` of GroundingDINO  

lmm.model.layers.5.self_attn.q_proj.lora_B.weight - torch.Size([896, 128]): 
The value is the same before and after calling `init_weights` of GroundingDINO  

lmm.model.layers.5.self_attn.q_proj.ori_model.weight - torch.Size([896, 896]): 
The value is the same before and after calling `init_weights` of GroundingDINO  

lmm.model.layers.5.self_attn.q_proj.ori_model.bias - torch.Size([896]): 
The value is the same before and after calling `init_weights` of GroundingDINO  

lmm.model.layers.5.self_attn.k_proj.lora_A.weight - torch.Size([128, 896]): 
The value is the same before and after calling `init_weights` of GroundingDINO  

lmm.model.layers.5.self_attn.k_proj.lora_B.weight - torch.Size([128, 128]): 
The value is the same before and after calling `init_weights` of GroundingDINO  

lmm.model.layers.5.self_attn.k_proj.ori_model.weight - torch.Size([128, 896]): 
The value is the same before and after calling `init_weights` of GroundingDINO  

lmm.model.layers.5.self_attn.k_proj.ori_model.bias - torch.Size([128]): 
The value is the same before and after calling `init_weights` of GroundingDINO  

lmm.model.layers.5.self_attn.v_proj.lora_A.weight - torch.Size([128, 896]): 
The value is the same before and after calling `init_weights` of GroundingDINO  

lmm.model.layers.5.self_attn.v_proj.lora_B.weight - torch.Size([128, 128]): 
The value is the same before and after calling `init_weights` of GroundingDINO  

lmm.model.layers.5.self_attn.v_proj.ori_model.weight - torch.Size([128, 896]): 
The value is the same before and after calling `init_weights` of GroundingDINO  

lmm.model.layers.5.self_attn.v_proj.ori_model.bias - torch.Size([128]): 
The value is the same before and after calling `init_weights` of GroundingDINO  

lmm.model.layers.5.self_attn.o_proj.lora_A.weight - torch.Size([128, 896]): 
The value is the same before and after calling `init_weights` of GroundingDINO  

lmm.model.layers.5.self_attn.o_proj.lora_B.weight - torch.Size([896, 128]): 
The value is the same before and after calling `init_weights` of GroundingDINO  

lmm.model.layers.5.self_attn.o_proj.ori_model.weight - torch.Size([896, 896]): 
The value is the same before and after calling `init_weights` of GroundingDINO  

lmm.model.layers.5.mlp.gate_proj.lora_A.weight - torch.Size([128, 896]): 
The value is the same before and after calling `init_weights` of GroundingDINO  

lmm.model.layers.5.mlp.gate_proj.lora_B.weight - torch.Size([4864, 128]): 
The value is the same before and after calling `init_weights` of GroundingDINO  

lmm.model.layers.5.mlp.gate_proj.ori_model.weight - torch.Size([4864, 896]): 
The value is the same before and after calling `init_weights` of GroundingDINO  

lmm.model.layers.5.mlp.up_proj.lora_A.weight - torch.Size([128, 896]): 
The value is the same before and after calling `init_weights` of GroundingDINO  

lmm.model.layers.5.mlp.up_proj.lora_B.weight - torch.Size([4864, 128]): 
The value is the same before and after calling `init_weights` of GroundingDINO  

lmm.model.layers.5.mlp.up_proj.ori_model.weight - torch.Size([4864, 896]): 
The value is the same before and after calling `init_weights` of GroundingDINO  

lmm.model.layers.5.mlp.down_proj.lora_A.weight - torch.Size([128, 4864]): 
The value is the same before and after calling `init_weights` of GroundingDINO  

lmm.model.layers.5.mlp.down_proj.lora_B.weight - torch.Size([896, 128]): 
The value is the same before and after calling `init_weights` of GroundingDINO  

lmm.model.layers.5.mlp.down_proj.ori_model.weight - torch.Size([896, 4864]): 
The value is the same before and after calling `init_weights` of GroundingDINO  

lmm.model.layers.5.input_layernorm.weight - torch.Size([896]): 
The value is the same before and after calling `init_weights` of GroundingDINO  

lmm.model.layers.5.post_attention_layernorm.weight - torch.Size([896]): 
The value is the same before and after calling `init_weights` of GroundingDINO  

lmm.model.layers.6.self_attn.q_proj.lora_A.weight - torch.Size([128, 896]): 
The value is the same before and after calling `init_weights` of GroundingDINO  

lmm.model.layers.6.self_attn.q_proj.lora_B.weight - torch.Size([896, 128]): 
The value is the same before and after calling `init_weights` of GroundingDINO  

lmm.model.layers.6.self_attn.q_proj.ori_model.weight - torch.Size([896, 896]): 
The value is the same before and after calling `init_weights` of GroundingDINO  

lmm.model.layers.6.self_attn.q_proj.ori_model.bias - torch.Size([896]): 
The value is the same before and after calling `init_weights` of GroundingDINO  

lmm.model.layers.6.self_attn.k_proj.lora_A.weight - torch.Size([128, 896]): 
The value is the same before and after calling `init_weights` of GroundingDINO  

lmm.model.layers.6.self_attn.k_proj.lora_B.weight - torch.Size([128, 128]): 
The value is the same before and after calling `init_weights` of GroundingDINO  

lmm.model.layers.6.self_attn.k_proj.ori_model.weight - torch.Size([128, 896]): 
The value is the same before and after calling `init_weights` of GroundingDINO  

lmm.model.layers.6.self_attn.k_proj.ori_model.bias - torch.Size([128]): 
The value is the same before and after calling `init_weights` of GroundingDINO  

lmm.model.layers.6.self_attn.v_proj.lora_A.weight - torch.Size([128, 896]): 
The value is the same before and after calling `init_weights` of GroundingDINO  

lmm.model.layers.6.self_attn.v_proj.lora_B.weight - torch.Size([128, 128]): 
The value is the same before and after calling `init_weights` of GroundingDINO  

lmm.model.layers.6.self_attn.v_proj.ori_model.weight - torch.Size([128, 896]): 
The value is the same before and after calling `init_weights` of GroundingDINO  

lmm.model.layers.6.self_attn.v_proj.ori_model.bias - torch.Size([128]): 
The value is the same before and after calling `init_weights` of GroundingDINO  

lmm.model.layers.6.self_attn.o_proj.lora_A.weight - torch.Size([128, 896]): 
The value is the same before and after calling `init_weights` of GroundingDINO  

lmm.model.layers.6.self_attn.o_proj.lora_B.weight - torch.Size([896, 128]): 
The value is the same before and after calling `init_weights` of GroundingDINO  

lmm.model.layers.6.self_attn.o_proj.ori_model.weight - torch.Size([896, 896]): 
The value is the same before and after calling `init_weights` of GroundingDINO  

lmm.model.layers.6.mlp.gate_proj.lora_A.weight - torch.Size([128, 896]): 
The value is the same before and after calling `init_weights` of GroundingDINO  

lmm.model.layers.6.mlp.gate_proj.lora_B.weight - torch.Size([4864, 128]): 
The value is the same before and after calling `init_weights` of GroundingDINO  

lmm.model.layers.6.mlp.gate_proj.ori_model.weight - torch.Size([4864, 896]): 
The value is the same before and after calling `init_weights` of GroundingDINO  

lmm.model.layers.6.mlp.up_proj.lora_A.weight - torch.Size([128, 896]): 
The value is the same before and after calling `init_weights` of GroundingDINO  

lmm.model.layers.6.mlp.up_proj.lora_B.weight - torch.Size([4864, 128]): 
The value is the same before and after calling `init_weights` of GroundingDINO  

lmm.model.layers.6.mlp.up_proj.ori_model.weight - torch.Size([4864, 896]): 
The value is the same before and after calling `init_weights` of GroundingDINO  

lmm.model.layers.6.mlp.down_proj.lora_A.weight - torch.Size([128, 4864]): 
The value is the same before and after calling `init_weights` of GroundingDINO  

lmm.model.layers.6.mlp.down_proj.lora_B.weight - torch.Size([896, 128]): 
The value is the same before and after calling `init_weights` of GroundingDINO  

lmm.model.layers.6.mlp.down_proj.ori_model.weight - torch.Size([896, 4864]): 
The value is the same before and after calling `init_weights` of GroundingDINO  

lmm.model.layers.6.input_layernorm.weight - torch.Size([896]): 
The value is the same before and after calling `init_weights` of GroundingDINO  

lmm.model.layers.6.post_attention_layernorm.weight - torch.Size([896]): 
The value is the same before and after calling `init_weights` of GroundingDINO  

lmm.model.layers.7.self_attn.q_proj.lora_A.weight - torch.Size([128, 896]): 
The value is the same before and after calling `init_weights` of GroundingDINO  

lmm.model.layers.7.self_attn.q_proj.lora_B.weight - torch.Size([896, 128]): 
The value is the same before and after calling `init_weights` of GroundingDINO  

lmm.model.layers.7.self_attn.q_proj.ori_model.weight - torch.Size([896, 896]): 
The value is the same before and after calling `init_weights` of GroundingDINO  

lmm.model.layers.7.self_attn.q_proj.ori_model.bias - torch.Size([896]): 
The value is the same before and after calling `init_weights` of GroundingDINO  

lmm.model.layers.7.self_attn.k_proj.lora_A.weight - torch.Size([128, 896]): 
The value is the same before and after calling `init_weights` of GroundingDINO  

lmm.model.layers.7.self_attn.k_proj.lora_B.weight - torch.Size([128, 128]): 
The value is the same before and after calling `init_weights` of GroundingDINO  

lmm.model.layers.7.self_attn.k_proj.ori_model.weight - torch.Size([128, 896]): 
The value is the same before and after calling `init_weights` of GroundingDINO  

lmm.model.layers.7.self_attn.k_proj.ori_model.bias - torch.Size([128]): 
The value is the same before and after calling `init_weights` of GroundingDINO  

lmm.model.layers.7.self_attn.v_proj.lora_A.weight - torch.Size([128, 896]): 
The value is the same before and after calling `init_weights` of GroundingDINO  

lmm.model.layers.7.self_attn.v_proj.lora_B.weight - torch.Size([128, 128]): 
The value is the same before and after calling `init_weights` of GroundingDINO  

lmm.model.layers.7.self_attn.v_proj.ori_model.weight - torch.Size([128, 896]): 
The value is the same before and after calling `init_weights` of GroundingDINO  

lmm.model.layers.7.self_attn.v_proj.ori_model.bias - torch.Size([128]): 
The value is the same before and after calling `init_weights` of GroundingDINO  

lmm.model.layers.7.self_attn.o_proj.lora_A.weight - torch.Size([128, 896]): 
The value is the same before and after calling `init_weights` of GroundingDINO  

lmm.model.layers.7.self_attn.o_proj.lora_B.weight - torch.Size([896, 128]): 
The value is the same before and after calling `init_weights` of GroundingDINO  

lmm.model.layers.7.self_attn.o_proj.ori_model.weight - torch.Size([896, 896]): 
The value is the same before and after calling `init_weights` of GroundingDINO  

lmm.model.layers.7.mlp.gate_proj.lora_A.weight - torch.Size([128, 896]): 
The value is the same before and after calling `init_weights` of GroundingDINO  

lmm.model.layers.7.mlp.gate_proj.lora_B.weight - torch.Size([4864, 128]): 
The value is the same before and after calling `init_weights` of GroundingDINO  

lmm.model.layers.7.mlp.gate_proj.ori_model.weight - torch.Size([4864, 896]): 
The value is the same before and after calling `init_weights` of GroundingDINO  

lmm.model.layers.7.mlp.up_proj.lora_A.weight - torch.Size([128, 896]): 
The value is the same before and after calling `init_weights` of GroundingDINO  

lmm.model.layers.7.mlp.up_proj.lora_B.weight - torch.Size([4864, 128]): 
The value is the same before and after calling `init_weights` of GroundingDINO  

lmm.model.layers.7.mlp.up_proj.ori_model.weight - torch.Size([4864, 896]): 
The value is the same before and after calling `init_weights` of GroundingDINO  

lmm.model.layers.7.mlp.down_proj.lora_A.weight - torch.Size([128, 4864]): 
The value is the same before and after calling `init_weights` of GroundingDINO  

lmm.model.layers.7.mlp.down_proj.lora_B.weight - torch.Size([896, 128]): 
The value is the same before and after calling `init_weights` of GroundingDINO  

lmm.model.layers.7.mlp.down_proj.ori_model.weight - torch.Size([896, 4864]): 
The value is the same before and after calling `init_weights` of GroundingDINO  

lmm.model.layers.7.input_layernorm.weight - torch.Size([896]): 
The value is the same before and after calling `init_weights` of GroundingDINO  

lmm.model.layers.7.post_attention_layernorm.weight - torch.Size([896]): 
The value is the same before and after calling `init_weights` of GroundingDINO  

lmm.model.layers.8.self_attn.q_proj.lora_A.weight - torch.Size([128, 896]): 
The value is the same before and after calling `init_weights` of GroundingDINO  

lmm.model.layers.8.self_attn.q_proj.lora_B.weight - torch.Size([896, 128]): 
The value is the same before and after calling `init_weights` of GroundingDINO  

lmm.model.layers.8.self_attn.q_proj.ori_model.weight - torch.Size([896, 896]): 
The value is the same before and after calling `init_weights` of GroundingDINO  

lmm.model.layers.8.self_attn.q_proj.ori_model.bias - torch.Size([896]): 
The value is the same before and after calling `init_weights` of GroundingDINO  

lmm.model.layers.8.self_attn.k_proj.lora_A.weight - torch.Size([128, 896]): 
The value is the same before and after calling `init_weights` of GroundingDINO  

lmm.model.layers.8.self_attn.k_proj.lora_B.weight - torch.Size([128, 128]): 
The value is the same before and after calling `init_weights` of GroundingDINO  

lmm.model.layers.8.self_attn.k_proj.ori_model.weight - torch.Size([128, 896]): 
The value is the same before and after calling `init_weights` of GroundingDINO  

lmm.model.layers.8.self_attn.k_proj.ori_model.bias - torch.Size([128]): 
The value is the same before and after calling `init_weights` of GroundingDINO  

lmm.model.layers.8.self_attn.v_proj.lora_A.weight - torch.Size([128, 896]): 
The value is the same before and after calling `init_weights` of GroundingDINO  

lmm.model.layers.8.self_attn.v_proj.lora_B.weight - torch.Size([128, 128]): 
The value is the same before and after calling `init_weights` of GroundingDINO  

lmm.model.layers.8.self_attn.v_proj.ori_model.weight - torch.Size([128, 896]): 
The value is the same before and after calling `init_weights` of GroundingDINO  

lmm.model.layers.8.self_attn.v_proj.ori_model.bias - torch.Size([128]): 
The value is the same before and after calling `init_weights` of GroundingDINO  

lmm.model.layers.8.self_attn.o_proj.lora_A.weight - torch.Size([128, 896]): 
The value is the same before and after calling `init_weights` of GroundingDINO  

lmm.model.layers.8.self_attn.o_proj.lora_B.weight - torch.Size([896, 128]): 
The value is the same before and after calling `init_weights` of GroundingDINO  

lmm.model.layers.8.self_attn.o_proj.ori_model.weight - torch.Size([896, 896]): 
The value is the same before and after calling `init_weights` of GroundingDINO  

lmm.model.layers.8.mlp.gate_proj.lora_A.weight - torch.Size([128, 896]): 
The value is the same before and after calling `init_weights` of GroundingDINO  

lmm.model.layers.8.mlp.gate_proj.lora_B.weight - torch.Size([4864, 128]): 
The value is the same before and after calling `init_weights` of GroundingDINO  

lmm.model.layers.8.mlp.gate_proj.ori_model.weight - torch.Size([4864, 896]): 
The value is the same before and after calling `init_weights` of GroundingDINO  

lmm.model.layers.8.mlp.up_proj.lora_A.weight - torch.Size([128, 896]): 
The value is the same before and after calling `init_weights` of GroundingDINO  

lmm.model.layers.8.mlp.up_proj.lora_B.weight - torch.Size([4864, 128]): 
The value is the same before and after calling `init_weights` of GroundingDINO  

lmm.model.layers.8.mlp.up_proj.ori_model.weight - torch.Size([4864, 896]): 
The value is the same before and after calling `init_weights` of GroundingDINO  

lmm.model.layers.8.mlp.down_proj.lora_A.weight - torch.Size([128, 4864]): 
The value is the same before and after calling `init_weights` of GroundingDINO  

lmm.model.layers.8.mlp.down_proj.lora_B.weight - torch.Size([896, 128]): 
The value is the same before and after calling `init_weights` of GroundingDINO  

lmm.model.layers.8.mlp.down_proj.ori_model.weight - torch.Size([896, 4864]): 
The value is the same before and after calling `init_weights` of GroundingDINO  

lmm.model.layers.8.input_layernorm.weight - torch.Size([896]): 
The value is the same before and after calling `init_weights` of GroundingDINO  

lmm.model.layers.8.post_attention_layernorm.weight - torch.Size([896]): 
The value is the same before and after calling `init_weights` of GroundingDINO  

lmm.model.layers.8.down_proj.weight - torch.Size([256, 896]): 
The value is the same before and after calling `init_weights` of GroundingDINO  

lmm.model.layers.8.down_proj.bias - torch.Size([256]): 
The value is the same before and after calling `init_weights` of GroundingDINO  

lmm.model.layers.8.up_proj.weight - torch.Size([896, 256]): 
The value is the same before and after calling `init_weights` of GroundingDINO  

lmm.model.layers.8.up_proj.bias - torch.Size([896]): 
The value is the same before and after calling `init_weights` of GroundingDINO  

lmm.model.layers.8.corss_attn_norm.weight - torch.Size([896]): 
The value is the same before and after calling `init_weights` of GroundingDINO  

lmm.model.layers.8.cross_attn.sampling_offsets.weight - torch.Size([256, 256]): 
The value is the same before and after calling `init_weights` of GroundingDINO  

lmm.model.layers.8.cross_attn.sampling_offsets.bias - torch.Size([256]): 
The value is the same before and after calling `init_weights` of GroundingDINO  

lmm.model.layers.8.cross_attn.attention_weights.weight - torch.Size([128, 256]): 
The value is the same before and after calling `init_weights` of GroundingDINO  

lmm.model.layers.8.cross_attn.attention_weights.bias - torch.Size([128]): 
The value is the same before and after calling `init_weights` of GroundingDINO  

lmm.model.layers.8.cross_attn.value_proj.weight - torch.Size([256, 256]): 
The value is the same before and after calling `init_weights` of GroundingDINO  

lmm.model.layers.8.cross_attn.value_proj.bias - torch.Size([256]): 
The value is the same before and after calling `init_weights` of GroundingDINO  

lmm.model.layers.8.cross_attn.output_proj.weight - torch.Size([256, 256]): 
The value is the same before and after calling `init_weights` of GroundingDINO  

lmm.model.layers.8.cross_attn.output_proj.bias - torch.Size([256]): 
The value is the same before and after calling `init_weights` of GroundingDINO  

lmm.model.layers.9.self_attn.q_proj.lora_A.weight - torch.Size([128, 896]): 
The value is the same before and after calling `init_weights` of GroundingDINO  

lmm.model.layers.9.self_attn.q_proj.lora_B.weight - torch.Size([896, 128]): 
The value is the same before and after calling `init_weights` of GroundingDINO  

lmm.model.layers.9.self_attn.q_proj.ori_model.weight - torch.Size([896, 896]): 
The value is the same before and after calling `init_weights` of GroundingDINO  

lmm.model.layers.9.self_attn.q_proj.ori_model.bias - torch.Size([896]): 
The value is the same before and after calling `init_weights` of GroundingDINO  

lmm.model.layers.9.self_attn.k_proj.lora_A.weight - torch.Size([128, 896]): 
The value is the same before and after calling `init_weights` of GroundingDINO  

lmm.model.layers.9.self_attn.k_proj.lora_B.weight - torch.Size([128, 128]): 
The value is the same before and after calling `init_weights` of GroundingDINO  

lmm.model.layers.9.self_attn.k_proj.ori_model.weight - torch.Size([128, 896]): 
The value is the same before and after calling `init_weights` of GroundingDINO  

lmm.model.layers.9.self_attn.k_proj.ori_model.bias - torch.Size([128]): 
The value is the same before and after calling `init_weights` of GroundingDINO  

lmm.model.layers.9.self_attn.v_proj.lora_A.weight - torch.Size([128, 896]): 
The value is the same before and after calling `init_weights` of GroundingDINO  

lmm.model.layers.9.self_attn.v_proj.lora_B.weight - torch.Size([128, 128]): 
The value is the same before and after calling `init_weights` of GroundingDINO  

lmm.model.layers.9.self_attn.v_proj.ori_model.weight - torch.Size([128, 896]): 
The value is the same before and after calling `init_weights` of GroundingDINO  

lmm.model.layers.9.self_attn.v_proj.ori_model.bias - torch.Size([128]): 
The value is the same before and after calling `init_weights` of GroundingDINO  

lmm.model.layers.9.self_attn.o_proj.lora_A.weight - torch.Size([128, 896]): 
The value is the same before and after calling `init_weights` of GroundingDINO  

lmm.model.layers.9.self_attn.o_proj.lora_B.weight - torch.Size([896, 128]): 
The value is the same before and after calling `init_weights` of GroundingDINO  

lmm.model.layers.9.self_attn.o_proj.ori_model.weight - torch.Size([896, 896]): 
The value is the same before and after calling `init_weights` of GroundingDINO  

lmm.model.layers.9.mlp.gate_proj.lora_A.weight - torch.Size([128, 896]): 
The value is the same before and after calling `init_weights` of GroundingDINO  

lmm.model.layers.9.mlp.gate_proj.lora_B.weight - torch.Size([4864, 128]): 
The value is the same before and after calling `init_weights` of GroundingDINO  

lmm.model.layers.9.mlp.gate_proj.ori_model.weight - torch.Size([4864, 896]): 
The value is the same before and after calling `init_weights` of GroundingDINO  

lmm.model.layers.9.mlp.up_proj.lora_A.weight - torch.Size([128, 896]): 
The value is the same before and after calling `init_weights` of GroundingDINO  

lmm.model.layers.9.mlp.up_proj.lora_B.weight - torch.Size([4864, 128]): 
The value is the same before and after calling `init_weights` of GroundingDINO  

lmm.model.layers.9.mlp.up_proj.ori_model.weight - torch.Size([4864, 896]): 
The value is the same before and after calling `init_weights` of GroundingDINO  

lmm.model.layers.9.mlp.down_proj.lora_A.weight - torch.Size([128, 4864]): 
The value is the same before and after calling `init_weights` of GroundingDINO  

lmm.model.layers.9.mlp.down_proj.lora_B.weight - torch.Size([896, 128]): 
The value is the same before and after calling `init_weights` of GroundingDINO  

lmm.model.layers.9.mlp.down_proj.ori_model.weight - torch.Size([896, 4864]): 
The value is the same before and after calling `init_weights` of GroundingDINO  

lmm.model.layers.9.input_layernorm.weight - torch.Size([896]): 
The value is the same before and after calling `init_weights` of GroundingDINO  

lmm.model.layers.9.post_attention_layernorm.weight - torch.Size([896]): 
The value is the same before and after calling `init_weights` of GroundingDINO  

lmm.model.layers.10.self_attn.q_proj.lora_A.weight - torch.Size([128, 896]): 
The value is the same before and after calling `init_weights` of GroundingDINO  

lmm.model.layers.10.self_attn.q_proj.lora_B.weight - torch.Size([896, 128]): 
The value is the same before and after calling `init_weights` of GroundingDINO  

lmm.model.layers.10.self_attn.q_proj.ori_model.weight - torch.Size([896, 896]): 
The value is the same before and after calling `init_weights` of GroundingDINO  

lmm.model.layers.10.self_attn.q_proj.ori_model.bias - torch.Size([896]): 
The value is the same before and after calling `init_weights` of GroundingDINO  

lmm.model.layers.10.self_attn.k_proj.lora_A.weight - torch.Size([128, 896]): 
The value is the same before and after calling `init_weights` of GroundingDINO  

lmm.model.layers.10.self_attn.k_proj.lora_B.weight - torch.Size([128, 128]): 
The value is the same before and after calling `init_weights` of GroundingDINO  

lmm.model.layers.10.self_attn.k_proj.ori_model.weight - torch.Size([128, 896]): 
The value is the same before and after calling `init_weights` of GroundingDINO  

lmm.model.layers.10.self_attn.k_proj.ori_model.bias - torch.Size([128]): 
The value is the same before and after calling `init_weights` of GroundingDINO  

lmm.model.layers.10.self_attn.v_proj.lora_A.weight - torch.Size([128, 896]): 
The value is the same before and after calling `init_weights` of GroundingDINO  

lmm.model.layers.10.self_attn.v_proj.lora_B.weight - torch.Size([128, 128]): 
The value is the same before and after calling `init_weights` of GroundingDINO  

lmm.model.layers.10.self_attn.v_proj.ori_model.weight - torch.Size([128, 896]): 
The value is the same before and after calling `init_weights` of GroundingDINO  

lmm.model.layers.10.self_attn.v_proj.ori_model.bias - torch.Size([128]): 
The value is the same before and after calling `init_weights` of GroundingDINO  

lmm.model.layers.10.self_attn.o_proj.lora_A.weight - torch.Size([128, 896]): 
The value is the same before and after calling `init_weights` of GroundingDINO  

lmm.model.layers.10.self_attn.o_proj.lora_B.weight - torch.Size([896, 128]): 
The value is the same before and after calling `init_weights` of GroundingDINO  

lmm.model.layers.10.self_attn.o_proj.ori_model.weight - torch.Size([896, 896]): 
The value is the same before and after calling `init_weights` of GroundingDINO  

lmm.model.layers.10.mlp.gate_proj.lora_A.weight - torch.Size([128, 896]): 
The value is the same before and after calling `init_weights` of GroundingDINO  

lmm.model.layers.10.mlp.gate_proj.lora_B.weight - torch.Size([4864, 128]): 
The value is the same before and after calling `init_weights` of GroundingDINO  

lmm.model.layers.10.mlp.gate_proj.ori_model.weight - torch.Size([4864, 896]): 
The value is the same before and after calling `init_weights` of GroundingDINO  

lmm.model.layers.10.mlp.up_proj.lora_A.weight - torch.Size([128, 896]): 
The value is the same before and after calling `init_weights` of GroundingDINO  

lmm.model.layers.10.mlp.up_proj.lora_B.weight - torch.Size([4864, 128]): 
The value is the same before and after calling `init_weights` of GroundingDINO  

lmm.model.layers.10.mlp.up_proj.ori_model.weight - torch.Size([4864, 896]): 
The value is the same before and after calling `init_weights` of GroundingDINO  

lmm.model.layers.10.mlp.down_proj.lora_A.weight - torch.Size([128, 4864]): 
The value is the same before and after calling `init_weights` of GroundingDINO  

lmm.model.layers.10.mlp.down_proj.lora_B.weight - torch.Size([896, 128]): 
The value is the same before and after calling `init_weights` of GroundingDINO  

lmm.model.layers.10.mlp.down_proj.ori_model.weight - torch.Size([896, 4864]): 
The value is the same before and after calling `init_weights` of GroundingDINO  

lmm.model.layers.10.input_layernorm.weight - torch.Size([896]): 
The value is the same before and after calling `init_weights` of GroundingDINO  

lmm.model.layers.10.post_attention_layernorm.weight - torch.Size([896]): 
The value is the same before and after calling `init_weights` of GroundingDINO  

lmm.model.layers.11.self_attn.q_proj.lora_A.weight - torch.Size([128, 896]): 
The value is the same before and after calling `init_weights` of GroundingDINO  

lmm.model.layers.11.self_attn.q_proj.lora_B.weight - torch.Size([896, 128]): 
The value is the same before and after calling `init_weights` of GroundingDINO  

lmm.model.layers.11.self_attn.q_proj.ori_model.weight - torch.Size([896, 896]): 
The value is the same before and after calling `init_weights` of GroundingDINO  

lmm.model.layers.11.self_attn.q_proj.ori_model.bias - torch.Size([896]): 
The value is the same before and after calling `init_weights` of GroundingDINO  

lmm.model.layers.11.self_attn.k_proj.lora_A.weight - torch.Size([128, 896]): 
The value is the same before and after calling `init_weights` of GroundingDINO  

lmm.model.layers.11.self_attn.k_proj.lora_B.weight - torch.Size([128, 128]): 
The value is the same before and after calling `init_weights` of GroundingDINO  

lmm.model.layers.11.self_attn.k_proj.ori_model.weight - torch.Size([128, 896]): 
The value is the same before and after calling `init_weights` of GroundingDINO  

lmm.model.layers.11.self_attn.k_proj.ori_model.bias - torch.Size([128]): 
The value is the same before and after calling `init_weights` of GroundingDINO  

lmm.model.layers.11.self_attn.v_proj.lora_A.weight - torch.Size([128, 896]): 
The value is the same before and after calling `init_weights` of GroundingDINO  

lmm.model.layers.11.self_attn.v_proj.lora_B.weight - torch.Size([128, 128]): 
The value is the same before and after calling `init_weights` of GroundingDINO  

lmm.model.layers.11.self_attn.v_proj.ori_model.weight - torch.Size([128, 896]): 
The value is the same before and after calling `init_weights` of GroundingDINO  

lmm.model.layers.11.self_attn.v_proj.ori_model.bias - torch.Size([128]): 
The value is the same before and after calling `init_weights` of GroundingDINO  

lmm.model.layers.11.self_attn.o_proj.lora_A.weight - torch.Size([128, 896]): 
The value is the same before and after calling `init_weights` of GroundingDINO  

lmm.model.layers.11.self_attn.o_proj.lora_B.weight - torch.Size([896, 128]): 
The value is the same before and after calling `init_weights` of GroundingDINO  

lmm.model.layers.11.self_attn.o_proj.ori_model.weight - torch.Size([896, 896]): 
The value is the same before and after calling `init_weights` of GroundingDINO  

lmm.model.layers.11.mlp.gate_proj.lora_A.weight - torch.Size([128, 896]): 
The value is the same before and after calling `init_weights` of GroundingDINO  

lmm.model.layers.11.mlp.gate_proj.lora_B.weight - torch.Size([4864, 128]): 
The value is the same before and after calling `init_weights` of GroundingDINO  

lmm.model.layers.11.mlp.gate_proj.ori_model.weight - torch.Size([4864, 896]): 
The value is the same before and after calling `init_weights` of GroundingDINO  

lmm.model.layers.11.mlp.up_proj.lora_A.weight - torch.Size([128, 896]): 
The value is the same before and after calling `init_weights` of GroundingDINO  

lmm.model.layers.11.mlp.up_proj.lora_B.weight - torch.Size([4864, 128]): 
The value is the same before and after calling `init_weights` of GroundingDINO  

lmm.model.layers.11.mlp.up_proj.ori_model.weight - torch.Size([4864, 896]): 
The value is the same before and after calling `init_weights` of GroundingDINO  

lmm.model.layers.11.mlp.down_proj.lora_A.weight - torch.Size([128, 4864]): 
The value is the same before and after calling `init_weights` of GroundingDINO  

lmm.model.layers.11.mlp.down_proj.lora_B.weight - torch.Size([896, 128]): 
The value is the same before and after calling `init_weights` of GroundingDINO  

lmm.model.layers.11.mlp.down_proj.ori_model.weight - torch.Size([896, 4864]): 
The value is the same before and after calling `init_weights` of GroundingDINO  

lmm.model.layers.11.input_layernorm.weight - torch.Size([896]): 
The value is the same before and after calling `init_weights` of GroundingDINO  

lmm.model.layers.11.post_attention_layernorm.weight - torch.Size([896]): 
The value is the same before and after calling `init_weights` of GroundingDINO  

lmm.model.layers.12.self_attn.q_proj.lora_A.weight - torch.Size([128, 896]): 
The value is the same before and after calling `init_weights` of GroundingDINO  

lmm.model.layers.12.self_attn.q_proj.lora_B.weight - torch.Size([896, 128]): 
The value is the same before and after calling `init_weights` of GroundingDINO  

lmm.model.layers.12.self_attn.q_proj.ori_model.weight - torch.Size([896, 896]): 
The value is the same before and after calling `init_weights` of GroundingDINO  

lmm.model.layers.12.self_attn.q_proj.ori_model.bias - torch.Size([896]): 
The value is the same before and after calling `init_weights` of GroundingDINO  

lmm.model.layers.12.self_attn.k_proj.lora_A.weight - torch.Size([128, 896]): 
The value is the same before and after calling `init_weights` of GroundingDINO  

lmm.model.layers.12.self_attn.k_proj.lora_B.weight - torch.Size([128, 128]): 
The value is the same before and after calling `init_weights` of GroundingDINO  

lmm.model.layers.12.self_attn.k_proj.ori_model.weight - torch.Size([128, 896]): 
The value is the same before and after calling `init_weights` of GroundingDINO  

lmm.model.layers.12.self_attn.k_proj.ori_model.bias - torch.Size([128]): 
The value is the same before and after calling `init_weights` of GroundingDINO  

lmm.model.layers.12.self_attn.v_proj.lora_A.weight - torch.Size([128, 896]): 
The value is the same before and after calling `init_weights` of GroundingDINO  

lmm.model.layers.12.self_attn.v_proj.lora_B.weight - torch.Size([128, 128]): 
The value is the same before and after calling `init_weights` of GroundingDINO  

lmm.model.layers.12.self_attn.v_proj.ori_model.weight - torch.Size([128, 896]): 
The value is the same before and after calling `init_weights` of GroundingDINO  

lmm.model.layers.12.self_attn.v_proj.ori_model.bias - torch.Size([128]): 
The value is the same before and after calling `init_weights` of GroundingDINO  

lmm.model.layers.12.self_attn.o_proj.lora_A.weight - torch.Size([128, 896]): 
The value is the same before and after calling `init_weights` of GroundingDINO  

lmm.model.layers.12.self_attn.o_proj.lora_B.weight - torch.Size([896, 128]): 
The value is the same before and after calling `init_weights` of GroundingDINO  

lmm.model.layers.12.self_attn.o_proj.ori_model.weight - torch.Size([896, 896]): 
The value is the same before and after calling `init_weights` of GroundingDINO  

lmm.model.layers.12.mlp.gate_proj.lora_A.weight - torch.Size([128, 896]): 
The value is the same before and after calling `init_weights` of GroundingDINO  

lmm.model.layers.12.mlp.gate_proj.lora_B.weight - torch.Size([4864, 128]): 
The value is the same before and after calling `init_weights` of GroundingDINO  

lmm.model.layers.12.mlp.gate_proj.ori_model.weight - torch.Size([4864, 896]): 
The value is the same before and after calling `init_weights` of GroundingDINO  

lmm.model.layers.12.mlp.up_proj.lora_A.weight - torch.Size([128, 896]): 
The value is the same before and after calling `init_weights` of GroundingDINO  

lmm.model.layers.12.mlp.up_proj.lora_B.weight - torch.Size([4864, 128]): 
The value is the same before and after calling `init_weights` of GroundingDINO  

lmm.model.layers.12.mlp.up_proj.ori_model.weight - torch.Size([4864, 896]): 
The value is the same before and after calling `init_weights` of GroundingDINO  

lmm.model.layers.12.mlp.down_proj.lora_A.weight - torch.Size([128, 4864]): 
The value is the same before and after calling `init_weights` of GroundingDINO  

lmm.model.layers.12.mlp.down_proj.lora_B.weight - torch.Size([896, 128]): 
The value is the same before and after calling `init_weights` of GroundingDINO  

lmm.model.layers.12.mlp.down_proj.ori_model.weight - torch.Size([896, 4864]): 
The value is the same before and after calling `init_weights` of GroundingDINO  

lmm.model.layers.12.input_layernorm.weight - torch.Size([896]): 
The value is the same before and after calling `init_weights` of GroundingDINO  

lmm.model.layers.12.post_attention_layernorm.weight - torch.Size([896]): 
The value is the same before and after calling `init_weights` of GroundingDINO  

lmm.model.layers.12.down_proj.weight - torch.Size([256, 896]): 
The value is the same before and after calling `init_weights` of GroundingDINO  

lmm.model.layers.12.down_proj.bias - torch.Size([256]): 
The value is the same before and after calling `init_weights` of GroundingDINO  

lmm.model.layers.12.up_proj.weight - torch.Size([896, 256]): 
The value is the same before and after calling `init_weights` of GroundingDINO  

lmm.model.layers.12.up_proj.bias - torch.Size([896]): 
The value is the same before and after calling `init_weights` of GroundingDINO  

lmm.model.layers.12.corss_attn_norm.weight - torch.Size([896]): 
The value is the same before and after calling `init_weights` of GroundingDINO  

lmm.model.layers.12.cross_attn.sampling_offsets.weight - torch.Size([256, 256]): 
The value is the same before and after calling `init_weights` of GroundingDINO  

lmm.model.layers.12.cross_attn.sampling_offsets.bias - torch.Size([256]): 
The value is the same before and after calling `init_weights` of GroundingDINO  

lmm.model.layers.12.cross_attn.attention_weights.weight - torch.Size([128, 256]): 
The value is the same before and after calling `init_weights` of GroundingDINO  

lmm.model.layers.12.cross_attn.attention_weights.bias - torch.Size([128]): 
The value is the same before and after calling `init_weights` of GroundingDINO  

lmm.model.layers.12.cross_attn.value_proj.weight - torch.Size([256, 256]): 
The value is the same before and after calling `init_weights` of GroundingDINO  

lmm.model.layers.12.cross_attn.value_proj.bias - torch.Size([256]): 
The value is the same before and after calling `init_weights` of GroundingDINO  

lmm.model.layers.12.cross_attn.output_proj.weight - torch.Size([256, 256]): 
The value is the same before and after calling `init_weights` of GroundingDINO  

lmm.model.layers.12.cross_attn.output_proj.bias - torch.Size([256]): 
The value is the same before and after calling `init_weights` of GroundingDINO  

lmm.model.layers.13.self_attn.q_proj.lora_A.weight - torch.Size([128, 896]): 
The value is the same before and after calling `init_weights` of GroundingDINO  

lmm.model.layers.13.self_attn.q_proj.lora_B.weight - torch.Size([896, 128]): 
The value is the same before and after calling `init_weights` of GroundingDINO  

lmm.model.layers.13.self_attn.q_proj.ori_model.weight - torch.Size([896, 896]): 
The value is the same before and after calling `init_weights` of GroundingDINO  

lmm.model.layers.13.self_attn.q_proj.ori_model.bias - torch.Size([896]): 
The value is the same before and after calling `init_weights` of GroundingDINO  

lmm.model.layers.13.self_attn.k_proj.lora_A.weight - torch.Size([128, 896]): 
The value is the same before and after calling `init_weights` of GroundingDINO  

lmm.model.layers.13.self_attn.k_proj.lora_B.weight - torch.Size([128, 128]): 
The value is the same before and after calling `init_weights` of GroundingDINO  

lmm.model.layers.13.self_attn.k_proj.ori_model.weight - torch.Size([128, 896]): 
The value is the same before and after calling `init_weights` of GroundingDINO  

lmm.model.layers.13.self_attn.k_proj.ori_model.bias - torch.Size([128]): 
The value is the same before and after calling `init_weights` of GroundingDINO  

lmm.model.layers.13.self_attn.v_proj.lora_A.weight - torch.Size([128, 896]): 
The value is the same before and after calling `init_weights` of GroundingDINO  

lmm.model.layers.13.self_attn.v_proj.lora_B.weight - torch.Size([128, 128]): 
The value is the same before and after calling `init_weights` of GroundingDINO  

lmm.model.layers.13.self_attn.v_proj.ori_model.weight - torch.Size([128, 896]): 
The value is the same before and after calling `init_weights` of GroundingDINO  

lmm.model.layers.13.self_attn.v_proj.ori_model.bias - torch.Size([128]): 
The value is the same before and after calling `init_weights` of GroundingDINO  

lmm.model.layers.13.self_attn.o_proj.lora_A.weight - torch.Size([128, 896]): 
The value is the same before and after calling `init_weights` of GroundingDINO  

lmm.model.layers.13.self_attn.o_proj.lora_B.weight - torch.Size([896, 128]): 
The value is the same before and after calling `init_weights` of GroundingDINO  

lmm.model.layers.13.self_attn.o_proj.ori_model.weight - torch.Size([896, 896]): 
The value is the same before and after calling `init_weights` of GroundingDINO  

lmm.model.layers.13.mlp.gate_proj.lora_A.weight - torch.Size([128, 896]): 
The value is the same before and after calling `init_weights` of GroundingDINO  

lmm.model.layers.13.mlp.gate_proj.lora_B.weight - torch.Size([4864, 128]): 
The value is the same before and after calling `init_weights` of GroundingDINO  

lmm.model.layers.13.mlp.gate_proj.ori_model.weight - torch.Size([4864, 896]): 
The value is the same before and after calling `init_weights` of GroundingDINO  

lmm.model.layers.13.mlp.up_proj.lora_A.weight - torch.Size([128, 896]): 
The value is the same before and after calling `init_weights` of GroundingDINO  

lmm.model.layers.13.mlp.up_proj.lora_B.weight - torch.Size([4864, 128]): 
The value is the same before and after calling `init_weights` of GroundingDINO  

lmm.model.layers.13.mlp.up_proj.ori_model.weight - torch.Size([4864, 896]): 
The value is the same before and after calling `init_weights` of GroundingDINO  

lmm.model.layers.13.mlp.down_proj.lora_A.weight - torch.Size([128, 4864]): 
The value is the same before and after calling `init_weights` of GroundingDINO  

lmm.model.layers.13.mlp.down_proj.lora_B.weight - torch.Size([896, 128]): 
The value is the same before and after calling `init_weights` of GroundingDINO  

lmm.model.layers.13.mlp.down_proj.ori_model.weight - torch.Size([896, 4864]): 
The value is the same before and after calling `init_weights` of GroundingDINO  

lmm.model.layers.13.input_layernorm.weight - torch.Size([896]): 
The value is the same before and after calling `init_weights` of GroundingDINO  

lmm.model.layers.13.post_attention_layernorm.weight - torch.Size([896]): 
The value is the same before and after calling `init_weights` of GroundingDINO  

lmm.model.layers.14.self_attn.q_proj.lora_A.weight - torch.Size([128, 896]): 
The value is the same before and after calling `init_weights` of GroundingDINO  

lmm.model.layers.14.self_attn.q_proj.lora_B.weight - torch.Size([896, 128]): 
The value is the same before and after calling `init_weights` of GroundingDINO  

lmm.model.layers.14.self_attn.q_proj.ori_model.weight - torch.Size([896, 896]): 
The value is the same before and after calling `init_weights` of GroundingDINO  

lmm.model.layers.14.self_attn.q_proj.ori_model.bias - torch.Size([896]): 
The value is the same before and after calling `init_weights` of GroundingDINO  

lmm.model.layers.14.self_attn.k_proj.lora_A.weight - torch.Size([128, 896]): 
The value is the same before and after calling `init_weights` of GroundingDINO  

lmm.model.layers.14.self_attn.k_proj.lora_B.weight - torch.Size([128, 128]): 
The value is the same before and after calling `init_weights` of GroundingDINO  

lmm.model.layers.14.self_attn.k_proj.ori_model.weight - torch.Size([128, 896]): 
The value is the same before and after calling `init_weights` of GroundingDINO  

lmm.model.layers.14.self_attn.k_proj.ori_model.bias - torch.Size([128]): 
The value is the same before and after calling `init_weights` of GroundingDINO  

lmm.model.layers.14.self_attn.v_proj.lora_A.weight - torch.Size([128, 896]): 
The value is the same before and after calling `init_weights` of GroundingDINO  

lmm.model.layers.14.self_attn.v_proj.lora_B.weight - torch.Size([128, 128]): 
The value is the same before and after calling `init_weights` of GroundingDINO  

lmm.model.layers.14.self_attn.v_proj.ori_model.weight - torch.Size([128, 896]): 
The value is the same before and after calling `init_weights` of GroundingDINO  

lmm.model.layers.14.self_attn.v_proj.ori_model.bias - torch.Size([128]): 
The value is the same before and after calling `init_weights` of GroundingDINO  

lmm.model.layers.14.self_attn.o_proj.lora_A.weight - torch.Size([128, 896]): 
The value is the same before and after calling `init_weights` of GroundingDINO  

lmm.model.layers.14.self_attn.o_proj.lora_B.weight - torch.Size([896, 128]): 
The value is the same before and after calling `init_weights` of GroundingDINO  

lmm.model.layers.14.self_attn.o_proj.ori_model.weight - torch.Size([896, 896]): 
The value is the same before and after calling `init_weights` of GroundingDINO  

lmm.model.layers.14.mlp.gate_proj.lora_A.weight - torch.Size([128, 896]): 
The value is the same before and after calling `init_weights` of GroundingDINO  

lmm.model.layers.14.mlp.gate_proj.lora_B.weight - torch.Size([4864, 128]): 
The value is the same before and after calling `init_weights` of GroundingDINO  

lmm.model.layers.14.mlp.gate_proj.ori_model.weight - torch.Size([4864, 896]): 
The value is the same before and after calling `init_weights` of GroundingDINO  

lmm.model.layers.14.mlp.up_proj.lora_A.weight - torch.Size([128, 896]): 
The value is the same before and after calling `init_weights` of GroundingDINO  

lmm.model.layers.14.mlp.up_proj.lora_B.weight - torch.Size([4864, 128]): 
The value is the same before and after calling `init_weights` of GroundingDINO  

lmm.model.layers.14.mlp.up_proj.ori_model.weight - torch.Size([4864, 896]): 
The value is the same before and after calling `init_weights` of GroundingDINO  

lmm.model.layers.14.mlp.down_proj.lora_A.weight - torch.Size([128, 4864]): 
The value is the same before and after calling `init_weights` of GroundingDINO  

lmm.model.layers.14.mlp.down_proj.lora_B.weight - torch.Size([896, 128]): 
The value is the same before and after calling `init_weights` of GroundingDINO  

lmm.model.layers.14.mlp.down_proj.ori_model.weight - torch.Size([896, 4864]): 
The value is the same before and after calling `init_weights` of GroundingDINO  

lmm.model.layers.14.input_layernorm.weight - torch.Size([896]): 
The value is the same before and after calling `init_weights` of GroundingDINO  

lmm.model.layers.14.post_attention_layernorm.weight - torch.Size([896]): 
The value is the same before and after calling `init_weights` of GroundingDINO  

lmm.model.layers.15.self_attn.q_proj.lora_A.weight - torch.Size([128, 896]): 
The value is the same before and after calling `init_weights` of GroundingDINO  

lmm.model.layers.15.self_attn.q_proj.lora_B.weight - torch.Size([896, 128]): 
The value is the same before and after calling `init_weights` of GroundingDINO  

lmm.model.layers.15.self_attn.q_proj.ori_model.weight - torch.Size([896, 896]): 
The value is the same before and after calling `init_weights` of GroundingDINO  

lmm.model.layers.15.self_attn.q_proj.ori_model.bias - torch.Size([896]): 
The value is the same before and after calling `init_weights` of GroundingDINO  

lmm.model.layers.15.self_attn.k_proj.lora_A.weight - torch.Size([128, 896]): 
The value is the same before and after calling `init_weights` of GroundingDINO  

lmm.model.layers.15.self_attn.k_proj.lora_B.weight - torch.Size([128, 128]): 
The value is the same before and after calling `init_weights` of GroundingDINO  

lmm.model.layers.15.self_attn.k_proj.ori_model.weight - torch.Size([128, 896]): 
The value is the same before and after calling `init_weights` of GroundingDINO  

lmm.model.layers.15.self_attn.k_proj.ori_model.bias - torch.Size([128]): 
The value is the same before and after calling `init_weights` of GroundingDINO  

lmm.model.layers.15.self_attn.v_proj.lora_A.weight - torch.Size([128, 896]): 
The value is the same before and after calling `init_weights` of GroundingDINO  

lmm.model.layers.15.self_attn.v_proj.lora_B.weight - torch.Size([128, 128]): 
The value is the same before and after calling `init_weights` of GroundingDINO  

lmm.model.layers.15.self_attn.v_proj.ori_model.weight - torch.Size([128, 896]): 
The value is the same before and after calling `init_weights` of GroundingDINO  

lmm.model.layers.15.self_attn.v_proj.ori_model.bias - torch.Size([128]): 
The value is the same before and after calling `init_weights` of GroundingDINO  

lmm.model.layers.15.self_attn.o_proj.lora_A.weight - torch.Size([128, 896]): 
The value is the same before and after calling `init_weights` of GroundingDINO  

lmm.model.layers.15.self_attn.o_proj.lora_B.weight - torch.Size([896, 128]): 
The value is the same before and after calling `init_weights` of GroundingDINO  

lmm.model.layers.15.self_attn.o_proj.ori_model.weight - torch.Size([896, 896]): 
The value is the same before and after calling `init_weights` of GroundingDINO  

lmm.model.layers.15.mlp.gate_proj.lora_A.weight - torch.Size([128, 896]): 
The value is the same before and after calling `init_weights` of GroundingDINO  

lmm.model.layers.15.mlp.gate_proj.lora_B.weight - torch.Size([4864, 128]): 
The value is the same before and after calling `init_weights` of GroundingDINO  

lmm.model.layers.15.mlp.gate_proj.ori_model.weight - torch.Size([4864, 896]): 
The value is the same before and after calling `init_weights` of GroundingDINO  

lmm.model.layers.15.mlp.up_proj.lora_A.weight - torch.Size([128, 896]): 
The value is the same before and after calling `init_weights` of GroundingDINO  

lmm.model.layers.15.mlp.up_proj.lora_B.weight - torch.Size([4864, 128]): 
The value is the same before and after calling `init_weights` of GroundingDINO  

lmm.model.layers.15.mlp.up_proj.ori_model.weight - torch.Size([4864, 896]): 
The value is the same before and after calling `init_weights` of GroundingDINO  

lmm.model.layers.15.mlp.down_proj.lora_A.weight - torch.Size([128, 4864]): 
The value is the same before and after calling `init_weights` of GroundingDINO  

lmm.model.layers.15.mlp.down_proj.lora_B.weight - torch.Size([896, 128]): 
The value is the same before and after calling `init_weights` of GroundingDINO  

lmm.model.layers.15.mlp.down_proj.ori_model.weight - torch.Size([896, 4864]): 
The value is the same before and after calling `init_weights` of GroundingDINO  

lmm.model.layers.15.input_layernorm.weight - torch.Size([896]): 
The value is the same before and after calling `init_weights` of GroundingDINO  

lmm.model.layers.15.post_attention_layernorm.weight - torch.Size([896]): 
The value is the same before and after calling `init_weights` of GroundingDINO  

lmm.model.layers.16.self_attn.q_proj.lora_A.weight - torch.Size([128, 896]): 
The value is the same before and after calling `init_weights` of GroundingDINO  

lmm.model.layers.16.self_attn.q_proj.lora_B.weight - torch.Size([896, 128]): 
The value is the same before and after calling `init_weights` of GroundingDINO  

lmm.model.layers.16.self_attn.q_proj.ori_model.weight - torch.Size([896, 896]): 
The value is the same before and after calling `init_weights` of GroundingDINO  

lmm.model.layers.16.self_attn.q_proj.ori_model.bias - torch.Size([896]): 
The value is the same before and after calling `init_weights` of GroundingDINO  

lmm.model.layers.16.self_attn.k_proj.lora_A.weight - torch.Size([128, 896]): 
The value is the same before and after calling `init_weights` of GroundingDINO  

lmm.model.layers.16.self_attn.k_proj.lora_B.weight - torch.Size([128, 128]): 
The value is the same before and after calling `init_weights` of GroundingDINO  

lmm.model.layers.16.self_attn.k_proj.ori_model.weight - torch.Size([128, 896]): 
The value is the same before and after calling `init_weights` of GroundingDINO  

lmm.model.layers.16.self_attn.k_proj.ori_model.bias - torch.Size([128]): 
The value is the same before and after calling `init_weights` of GroundingDINO  

lmm.model.layers.16.self_attn.v_proj.lora_A.weight - torch.Size([128, 896]): 
The value is the same before and after calling `init_weights` of GroundingDINO  

lmm.model.layers.16.self_attn.v_proj.lora_B.weight - torch.Size([128, 128]): 
The value is the same before and after calling `init_weights` of GroundingDINO  

lmm.model.layers.16.self_attn.v_proj.ori_model.weight - torch.Size([128, 896]): 
The value is the same before and after calling `init_weights` of GroundingDINO  

lmm.model.layers.16.self_attn.v_proj.ori_model.bias - torch.Size([128]): 
The value is the same before and after calling `init_weights` of GroundingDINO  

lmm.model.layers.16.self_attn.o_proj.lora_A.weight - torch.Size([128, 896]): 
The value is the same before and after calling `init_weights` of GroundingDINO  

lmm.model.layers.16.self_attn.o_proj.lora_B.weight - torch.Size([896, 128]): 
The value is the same before and after calling `init_weights` of GroundingDINO  

lmm.model.layers.16.self_attn.o_proj.ori_model.weight - torch.Size([896, 896]): 
The value is the same before and after calling `init_weights` of GroundingDINO  

lmm.model.layers.16.mlp.gate_proj.lora_A.weight - torch.Size([128, 896]): 
The value is the same before and after calling `init_weights` of GroundingDINO  

lmm.model.layers.16.mlp.gate_proj.lora_B.weight - torch.Size([4864, 128]): 
The value is the same before and after calling `init_weights` of GroundingDINO  

lmm.model.layers.16.mlp.gate_proj.ori_model.weight - torch.Size([4864, 896]): 
The value is the same before and after calling `init_weights` of GroundingDINO  

lmm.model.layers.16.mlp.up_proj.lora_A.weight - torch.Size([128, 896]): 
The value is the same before and after calling `init_weights` of GroundingDINO  

lmm.model.layers.16.mlp.up_proj.lora_B.weight - torch.Size([4864, 128]): 
The value is the same before and after calling `init_weights` of GroundingDINO  

lmm.model.layers.16.mlp.up_proj.ori_model.weight - torch.Size([4864, 896]): 
The value is the same before and after calling `init_weights` of GroundingDINO  

lmm.model.layers.16.mlp.down_proj.lora_A.weight - torch.Size([128, 4864]): 
The value is the same before and after calling `init_weights` of GroundingDINO  

lmm.model.layers.16.mlp.down_proj.lora_B.weight - torch.Size([896, 128]): 
The value is the same before and after calling `init_weights` of GroundingDINO  

lmm.model.layers.16.mlp.down_proj.ori_model.weight - torch.Size([896, 4864]): 
The value is the same before and after calling `init_weights` of GroundingDINO  

lmm.model.layers.16.input_layernorm.weight - torch.Size([896]): 
The value is the same before and after calling `init_weights` of GroundingDINO  

lmm.model.layers.16.post_attention_layernorm.weight - torch.Size([896]): 
The value is the same before and after calling `init_weights` of GroundingDINO  

lmm.model.layers.16.down_proj.weight - torch.Size([256, 896]): 
The value is the same before and after calling `init_weights` of GroundingDINO  

lmm.model.layers.16.down_proj.bias - torch.Size([256]): 
The value is the same before and after calling `init_weights` of GroundingDINO  

lmm.model.layers.16.up_proj.weight - torch.Size([896, 256]): 
The value is the same before and after calling `init_weights` of GroundingDINO  

lmm.model.layers.16.up_proj.bias - torch.Size([896]): 
The value is the same before and after calling `init_weights` of GroundingDINO  

lmm.model.layers.16.corss_attn_norm.weight - torch.Size([896]): 
The value is the same before and after calling `init_weights` of GroundingDINO  

lmm.model.layers.16.cross_attn.sampling_offsets.weight - torch.Size([256, 256]): 
The value is the same before and after calling `init_weights` of GroundingDINO  

lmm.model.layers.16.cross_attn.sampling_offsets.bias - torch.Size([256]): 
The value is the same before and after calling `init_weights` of GroundingDINO  

lmm.model.layers.16.cross_attn.attention_weights.weight - torch.Size([128, 256]): 
The value is the same before and after calling `init_weights` of GroundingDINO  

lmm.model.layers.16.cross_attn.attention_weights.bias - torch.Size([128]): 
The value is the same before and after calling `init_weights` of GroundingDINO  

lmm.model.layers.16.cross_attn.value_proj.weight - torch.Size([256, 256]): 
The value is the same before and after calling `init_weights` of GroundingDINO  

lmm.model.layers.16.cross_attn.value_proj.bias - torch.Size([256]): 
The value is the same before and after calling `init_weights` of GroundingDINO  

lmm.model.layers.16.cross_attn.output_proj.weight - torch.Size([256, 256]): 
The value is the same before and after calling `init_weights` of GroundingDINO  

lmm.model.layers.16.cross_attn.output_proj.bias - torch.Size([256]): 
The value is the same before and after calling `init_weights` of GroundingDINO  

lmm.model.layers.17.self_attn.q_proj.lora_A.weight - torch.Size([128, 896]): 
The value is the same before and after calling `init_weights` of GroundingDINO  

lmm.model.layers.17.self_attn.q_proj.lora_B.weight - torch.Size([896, 128]): 
The value is the same before and after calling `init_weights` of GroundingDINO  

lmm.model.layers.17.self_attn.q_proj.ori_model.weight - torch.Size([896, 896]): 
The value is the same before and after calling `init_weights` of GroundingDINO  

lmm.model.layers.17.self_attn.q_proj.ori_model.bias - torch.Size([896]): 
The value is the same before and after calling `init_weights` of GroundingDINO  

lmm.model.layers.17.self_attn.k_proj.lora_A.weight - torch.Size([128, 896]): 
The value is the same before and after calling `init_weights` of GroundingDINO  

lmm.model.layers.17.self_attn.k_proj.lora_B.weight - torch.Size([128, 128]): 
The value is the same before and after calling `init_weights` of GroundingDINO  

lmm.model.layers.17.self_attn.k_proj.ori_model.weight - torch.Size([128, 896]): 
The value is the same before and after calling `init_weights` of GroundingDINO  

lmm.model.layers.17.self_attn.k_proj.ori_model.bias - torch.Size([128]): 
The value is the same before and after calling `init_weights` of GroundingDINO  

lmm.model.layers.17.self_attn.v_proj.lora_A.weight - torch.Size([128, 896]): 
The value is the same before and after calling `init_weights` of GroundingDINO  

lmm.model.layers.17.self_attn.v_proj.lora_B.weight - torch.Size([128, 128]): 
The value is the same before and after calling `init_weights` of GroundingDINO  

lmm.model.layers.17.self_attn.v_proj.ori_model.weight - torch.Size([128, 896]): 
The value is the same before and after calling `init_weights` of GroundingDINO  

lmm.model.layers.17.self_attn.v_proj.ori_model.bias - torch.Size([128]): 
The value is the same before and after calling `init_weights` of GroundingDINO  

lmm.model.layers.17.self_attn.o_proj.lora_A.weight - torch.Size([128, 896]): 
The value is the same before and after calling `init_weights` of GroundingDINO  

lmm.model.layers.17.self_attn.o_proj.lora_B.weight - torch.Size([896, 128]): 
The value is the same before and after calling `init_weights` of GroundingDINO  

lmm.model.layers.17.self_attn.o_proj.ori_model.weight - torch.Size([896, 896]): 
The value is the same before and after calling `init_weights` of GroundingDINO  

lmm.model.layers.17.mlp.gate_proj.lora_A.weight - torch.Size([128, 896]): 
The value is the same before and after calling `init_weights` of GroundingDINO  

lmm.model.layers.17.mlp.gate_proj.lora_B.weight - torch.Size([4864, 128]): 
The value is the same before and after calling `init_weights` of GroundingDINO  

lmm.model.layers.17.mlp.gate_proj.ori_model.weight - torch.Size([4864, 896]): 
The value is the same before and after calling `init_weights` of GroundingDINO  

lmm.model.layers.17.mlp.up_proj.lora_A.weight - torch.Size([128, 896]): 
The value is the same before and after calling `init_weights` of GroundingDINO  

lmm.model.layers.17.mlp.up_proj.lora_B.weight - torch.Size([4864, 128]): 
The value is the same before and after calling `init_weights` of GroundingDINO  

lmm.model.layers.17.mlp.up_proj.ori_model.weight - torch.Size([4864, 896]): 
The value is the same before and after calling `init_weights` of GroundingDINO  

lmm.model.layers.17.mlp.down_proj.lora_A.weight - torch.Size([128, 4864]): 
The value is the same before and after calling `init_weights` of GroundingDINO  

lmm.model.layers.17.mlp.down_proj.lora_B.weight - torch.Size([896, 128]): 
The value is the same before and after calling `init_weights` of GroundingDINO  

lmm.model.layers.17.mlp.down_proj.ori_model.weight - torch.Size([896, 4864]): 
The value is the same before and after calling `init_weights` of GroundingDINO  

lmm.model.layers.17.input_layernorm.weight - torch.Size([896]): 
The value is the same before and after calling `init_weights` of GroundingDINO  

lmm.model.layers.17.post_attention_layernorm.weight - torch.Size([896]): 
The value is the same before and after calling `init_weights` of GroundingDINO  

lmm.model.layers.18.self_attn.q_proj.lora_A.weight - torch.Size([128, 896]): 
The value is the same before and after calling `init_weights` of GroundingDINO  

lmm.model.layers.18.self_attn.q_proj.lora_B.weight - torch.Size([896, 128]): 
The value is the same before and after calling `init_weights` of GroundingDINO  

lmm.model.layers.18.self_attn.q_proj.ori_model.weight - torch.Size([896, 896]): 
The value is the same before and after calling `init_weights` of GroundingDINO  

lmm.model.layers.18.self_attn.q_proj.ori_model.bias - torch.Size([896]): 
The value is the same before and after calling `init_weights` of GroundingDINO  

lmm.model.layers.18.self_attn.k_proj.lora_A.weight - torch.Size([128, 896]): 
The value is the same before and after calling `init_weights` of GroundingDINO  

lmm.model.layers.18.self_attn.k_proj.lora_B.weight - torch.Size([128, 128]): 
The value is the same before and after calling `init_weights` of GroundingDINO  

lmm.model.layers.18.self_attn.k_proj.ori_model.weight - torch.Size([128, 896]): 
The value is the same before and after calling `init_weights` of GroundingDINO  

lmm.model.layers.18.self_attn.k_proj.ori_model.bias - torch.Size([128]): 
The value is the same before and after calling `init_weights` of GroundingDINO  

lmm.model.layers.18.self_attn.v_proj.lora_A.weight - torch.Size([128, 896]): 
The value is the same before and after calling `init_weights` of GroundingDINO  

lmm.model.layers.18.self_attn.v_proj.lora_B.weight - torch.Size([128, 128]): 
The value is the same before and after calling `init_weights` of GroundingDINO  

lmm.model.layers.18.self_attn.v_proj.ori_model.weight - torch.Size([128, 896]): 
The value is the same before and after calling `init_weights` of GroundingDINO  

lmm.model.layers.18.self_attn.v_proj.ori_model.bias - torch.Size([128]): 
The value is the same before and after calling `init_weights` of GroundingDINO  

lmm.model.layers.18.self_attn.o_proj.lora_A.weight - torch.Size([128, 896]): 
The value is the same before and after calling `init_weights` of GroundingDINO  

lmm.model.layers.18.self_attn.o_proj.lora_B.weight - torch.Size([896, 128]): 
The value is the same before and after calling `init_weights` of GroundingDINO  

lmm.model.layers.18.self_attn.o_proj.ori_model.weight - torch.Size([896, 896]): 
The value is the same before and after calling `init_weights` of GroundingDINO  

lmm.model.layers.18.mlp.gate_proj.lora_A.weight - torch.Size([128, 896]): 
The value is the same before and after calling `init_weights` of GroundingDINO  

lmm.model.layers.18.mlp.gate_proj.lora_B.weight - torch.Size([4864, 128]): 
The value is the same before and after calling `init_weights` of GroundingDINO  

lmm.model.layers.18.mlp.gate_proj.ori_model.weight - torch.Size([4864, 896]): 
The value is the same before and after calling `init_weights` of GroundingDINO  

lmm.model.layers.18.mlp.up_proj.lora_A.weight - torch.Size([128, 896]): 
The value is the same before and after calling `init_weights` of GroundingDINO  

lmm.model.layers.18.mlp.up_proj.lora_B.weight - torch.Size([4864, 128]): 
The value is the same before and after calling `init_weights` of GroundingDINO  

lmm.model.layers.18.mlp.up_proj.ori_model.weight - torch.Size([4864, 896]): 
The value is the same before and after calling `init_weights` of GroundingDINO  

lmm.model.layers.18.mlp.down_proj.lora_A.weight - torch.Size([128, 4864]): 
The value is the same before and after calling `init_weights` of GroundingDINO  

lmm.model.layers.18.mlp.down_proj.lora_B.weight - torch.Size([896, 128]): 
The value is the same before and after calling `init_weights` of GroundingDINO  

lmm.model.layers.18.mlp.down_proj.ori_model.weight - torch.Size([896, 4864]): 
The value is the same before and after calling `init_weights` of GroundingDINO  

lmm.model.layers.18.input_layernorm.weight - torch.Size([896]): 
The value is the same before and after calling `init_weights` of GroundingDINO  

lmm.model.layers.18.post_attention_layernorm.weight - torch.Size([896]): 
The value is the same before and after calling `init_weights` of GroundingDINO  

lmm.model.layers.19.self_attn.q_proj.lora_A.weight - torch.Size([128, 896]): 
The value is the same before and after calling `init_weights` of GroundingDINO  

lmm.model.layers.19.self_attn.q_proj.lora_B.weight - torch.Size([896, 128]): 
The value is the same before and after calling `init_weights` of GroundingDINO  

lmm.model.layers.19.self_attn.q_proj.ori_model.weight - torch.Size([896, 896]): 
The value is the same before and after calling `init_weights` of GroundingDINO  

lmm.model.layers.19.self_attn.q_proj.ori_model.bias - torch.Size([896]): 
The value is the same before and after calling `init_weights` of GroundingDINO  

lmm.model.layers.19.self_attn.k_proj.lora_A.weight - torch.Size([128, 896]): 
The value is the same before and after calling `init_weights` of GroundingDINO  

lmm.model.layers.19.self_attn.k_proj.lora_B.weight - torch.Size([128, 128]): 
The value is the same before and after calling `init_weights` of GroundingDINO  

lmm.model.layers.19.self_attn.k_proj.ori_model.weight - torch.Size([128, 896]): 
The value is the same before and after calling `init_weights` of GroundingDINO  

lmm.model.layers.19.self_attn.k_proj.ori_model.bias - torch.Size([128]): 
The value is the same before and after calling `init_weights` of GroundingDINO  

lmm.model.layers.19.self_attn.v_proj.lora_A.weight - torch.Size([128, 896]): 
The value is the same before and after calling `init_weights` of GroundingDINO  

lmm.model.layers.19.self_attn.v_proj.lora_B.weight - torch.Size([128, 128]): 
The value is the same before and after calling `init_weights` of GroundingDINO  

lmm.model.layers.19.self_attn.v_proj.ori_model.weight - torch.Size([128, 896]): 
The value is the same before and after calling `init_weights` of GroundingDINO  

lmm.model.layers.19.self_attn.v_proj.ori_model.bias - torch.Size([128]): 
The value is the same before and after calling `init_weights` of GroundingDINO  

lmm.model.layers.19.self_attn.o_proj.lora_A.weight - torch.Size([128, 896]): 
The value is the same before and after calling `init_weights` of GroundingDINO  

lmm.model.layers.19.self_attn.o_proj.lora_B.weight - torch.Size([896, 128]): 
The value is the same before and after calling `init_weights` of GroundingDINO  

lmm.model.layers.19.self_attn.o_proj.ori_model.weight - torch.Size([896, 896]): 
The value is the same before and after calling `init_weights` of GroundingDINO  

lmm.model.layers.19.mlp.gate_proj.lora_A.weight - torch.Size([128, 896]): 
The value is the same before and after calling `init_weights` of GroundingDINO  

lmm.model.layers.19.mlp.gate_proj.lora_B.weight - torch.Size([4864, 128]): 
The value is the same before and after calling `init_weights` of GroundingDINO  

lmm.model.layers.19.mlp.gate_proj.ori_model.weight - torch.Size([4864, 896]): 
The value is the same before and after calling `init_weights` of GroundingDINO  

lmm.model.layers.19.mlp.up_proj.lora_A.weight - torch.Size([128, 896]): 
The value is the same before and after calling `init_weights` of GroundingDINO  

lmm.model.layers.19.mlp.up_proj.lora_B.weight - torch.Size([4864, 128]): 
The value is the same before and after calling `init_weights` of GroundingDINO  

lmm.model.layers.19.mlp.up_proj.ori_model.weight - torch.Size([4864, 896]): 
The value is the same before and after calling `init_weights` of GroundingDINO  

lmm.model.layers.19.mlp.down_proj.lora_A.weight - torch.Size([128, 4864]): 
The value is the same before and after calling `init_weights` of GroundingDINO  

lmm.model.layers.19.mlp.down_proj.lora_B.weight - torch.Size([896, 128]): 
The value is the same before and after calling `init_weights` of GroundingDINO  

lmm.model.layers.19.mlp.down_proj.ori_model.weight - torch.Size([896, 4864]): 
The value is the same before and after calling `init_weights` of GroundingDINO  

lmm.model.layers.19.input_layernorm.weight - torch.Size([896]): 
The value is the same before and after calling `init_weights` of GroundingDINO  

lmm.model.layers.19.post_attention_layernorm.weight - torch.Size([896]): 
The value is the same before and after calling `init_weights` of GroundingDINO  

lmm.model.layers.20.self_attn.q_proj.lora_A.weight - torch.Size([128, 896]): 
The value is the same before and after calling `init_weights` of GroundingDINO  

lmm.model.layers.20.self_attn.q_proj.lora_B.weight - torch.Size([896, 128]): 
The value is the same before and after calling `init_weights` of GroundingDINO  

lmm.model.layers.20.self_attn.q_proj.ori_model.weight - torch.Size([896, 896]): 
The value is the same before and after calling `init_weights` of GroundingDINO  

lmm.model.layers.20.self_attn.q_proj.ori_model.bias - torch.Size([896]): 
The value is the same before and after calling `init_weights` of GroundingDINO  

lmm.model.layers.20.self_attn.k_proj.lora_A.weight - torch.Size([128, 896]): 
The value is the same before and after calling `init_weights` of GroundingDINO  

lmm.model.layers.20.self_attn.k_proj.lora_B.weight - torch.Size([128, 128]): 
The value is the same before and after calling `init_weights` of GroundingDINO  

lmm.model.layers.20.self_attn.k_proj.ori_model.weight - torch.Size([128, 896]): 
The value is the same before and after calling `init_weights` of GroundingDINO  

lmm.model.layers.20.self_attn.k_proj.ori_model.bias - torch.Size([128]): 
The value is the same before and after calling `init_weights` of GroundingDINO  

lmm.model.layers.20.self_attn.v_proj.lora_A.weight - torch.Size([128, 896]): 
The value is the same before and after calling `init_weights` of GroundingDINO  

lmm.model.layers.20.self_attn.v_proj.lora_B.weight - torch.Size([128, 128]): 
The value is the same before and after calling `init_weights` of GroundingDINO  

lmm.model.layers.20.self_attn.v_proj.ori_model.weight - torch.Size([128, 896]): 
The value is the same before and after calling `init_weights` of GroundingDINO  

lmm.model.layers.20.self_attn.v_proj.ori_model.bias - torch.Size([128]): 
The value is the same before and after calling `init_weights` of GroundingDINO  

lmm.model.layers.20.self_attn.o_proj.lora_A.weight - torch.Size([128, 896]): 
The value is the same before and after calling `init_weights` of GroundingDINO  

lmm.model.layers.20.self_attn.o_proj.lora_B.weight - torch.Size([896, 128]): 
The value is the same before and after calling `init_weights` of GroundingDINO  

lmm.model.layers.20.self_attn.o_proj.ori_model.weight - torch.Size([896, 896]): 
The value is the same before and after calling `init_weights` of GroundingDINO  

lmm.model.layers.20.mlp.gate_proj.lora_A.weight - torch.Size([128, 896]): 
The value is the same before and after calling `init_weights` of GroundingDINO  

lmm.model.layers.20.mlp.gate_proj.lora_B.weight - torch.Size([4864, 128]): 
The value is the same before and after calling `init_weights` of GroundingDINO  

lmm.model.layers.20.mlp.gate_proj.ori_model.weight - torch.Size([4864, 896]): 
The value is the same before and after calling `init_weights` of GroundingDINO  

lmm.model.layers.20.mlp.up_proj.lora_A.weight - torch.Size([128, 896]): 
The value is the same before and after calling `init_weights` of GroundingDINO  

lmm.model.layers.20.mlp.up_proj.lora_B.weight - torch.Size([4864, 128]): 
The value is the same before and after calling `init_weights` of GroundingDINO  

lmm.model.layers.20.mlp.up_proj.ori_model.weight - torch.Size([4864, 896]): 
The value is the same before and after calling `init_weights` of GroundingDINO  

lmm.model.layers.20.mlp.down_proj.lora_A.weight - torch.Size([128, 4864]): 
The value is the same before and after calling `init_weights` of GroundingDINO  

lmm.model.layers.20.mlp.down_proj.lora_B.weight - torch.Size([896, 128]): 
The value is the same before and after calling `init_weights` of GroundingDINO  

lmm.model.layers.20.mlp.down_proj.ori_model.weight - torch.Size([896, 4864]): 
The value is the same before and after calling `init_weights` of GroundingDINO  

lmm.model.layers.20.input_layernorm.weight - torch.Size([896]): 
The value is the same before and after calling `init_weights` of GroundingDINO  

lmm.model.layers.20.post_attention_layernorm.weight - torch.Size([896]): 
The value is the same before and after calling `init_weights` of GroundingDINO  

lmm.model.layers.20.down_proj.weight - torch.Size([256, 896]): 
The value is the same before and after calling `init_weights` of GroundingDINO  

lmm.model.layers.20.down_proj.bias - torch.Size([256]): 
The value is the same before and after calling `init_weights` of GroundingDINO  

lmm.model.layers.20.up_proj.weight - torch.Size([896, 256]): 
The value is the same before and after calling `init_weights` of GroundingDINO  

lmm.model.layers.20.up_proj.bias - torch.Size([896]): 
The value is the same before and after calling `init_weights` of GroundingDINO  

lmm.model.layers.20.corss_attn_norm.weight - torch.Size([896]): 
The value is the same before and after calling `init_weights` of GroundingDINO  

lmm.model.layers.20.cross_attn.sampling_offsets.weight - torch.Size([256, 256]): 
The value is the same before and after calling `init_weights` of GroundingDINO  

lmm.model.layers.20.cross_attn.sampling_offsets.bias - torch.Size([256]): 
The value is the same before and after calling `init_weights` of GroundingDINO  

lmm.model.layers.20.cross_attn.attention_weights.weight - torch.Size([128, 256]): 
The value is the same before and after calling `init_weights` of GroundingDINO  

lmm.model.layers.20.cross_attn.attention_weights.bias - torch.Size([128]): 
The value is the same before and after calling `init_weights` of GroundingDINO  

lmm.model.layers.20.cross_attn.value_proj.weight - torch.Size([256, 256]): 
The value is the same before and after calling `init_weights` of GroundingDINO  

lmm.model.layers.20.cross_attn.value_proj.bias - torch.Size([256]): 
The value is the same before and after calling `init_weights` of GroundingDINO  

lmm.model.layers.20.cross_attn.output_proj.weight - torch.Size([256, 256]): 
The value is the same before and after calling `init_weights` of GroundingDINO  

lmm.model.layers.20.cross_attn.output_proj.bias - torch.Size([256]): 
The value is the same before and after calling `init_weights` of GroundingDINO  

lmm.model.layers.21.self_attn.q_proj.lora_A.weight - torch.Size([128, 896]): 
The value is the same before and after calling `init_weights` of GroundingDINO  

lmm.model.layers.21.self_attn.q_proj.lora_B.weight - torch.Size([896, 128]): 
The value is the same before and after calling `init_weights` of GroundingDINO  

lmm.model.layers.21.self_attn.q_proj.ori_model.weight - torch.Size([896, 896]): 
The value is the same before and after calling `init_weights` of GroundingDINO  

lmm.model.layers.21.self_attn.q_proj.ori_model.bias - torch.Size([896]): 
The value is the same before and after calling `init_weights` of GroundingDINO  

lmm.model.layers.21.self_attn.k_proj.lora_A.weight - torch.Size([128, 896]): 
The value is the same before and after calling `init_weights` of GroundingDINO  

lmm.model.layers.21.self_attn.k_proj.lora_B.weight - torch.Size([128, 128]): 
The value is the same before and after calling `init_weights` of GroundingDINO  

lmm.model.layers.21.self_attn.k_proj.ori_model.weight - torch.Size([128, 896]): 
The value is the same before and after calling `init_weights` of GroundingDINO  

lmm.model.layers.21.self_attn.k_proj.ori_model.bias - torch.Size([128]): 
The value is the same before and after calling `init_weights` of GroundingDINO  

lmm.model.layers.21.self_attn.v_proj.lora_A.weight - torch.Size([128, 896]): 
The value is the same before and after calling `init_weights` of GroundingDINO  

lmm.model.layers.21.self_attn.v_proj.lora_B.weight - torch.Size([128, 128]): 
The value is the same before and after calling `init_weights` of GroundingDINO  

lmm.model.layers.21.self_attn.v_proj.ori_model.weight - torch.Size([128, 896]): 
The value is the same before and after calling `init_weights` of GroundingDINO  

lmm.model.layers.21.self_attn.v_proj.ori_model.bias - torch.Size([128]): 
The value is the same before and after calling `init_weights` of GroundingDINO  

lmm.model.layers.21.self_attn.o_proj.lora_A.weight - torch.Size([128, 896]): 
The value is the same before and after calling `init_weights` of GroundingDINO  

lmm.model.layers.21.self_attn.o_proj.lora_B.weight - torch.Size([896, 128]): 
The value is the same before and after calling `init_weights` of GroundingDINO  

lmm.model.layers.21.self_attn.o_proj.ori_model.weight - torch.Size([896, 896]): 
The value is the same before and after calling `init_weights` of GroundingDINO  

lmm.model.layers.21.mlp.gate_proj.lora_A.weight - torch.Size([128, 896]): 
The value is the same before and after calling `init_weights` of GroundingDINO  

lmm.model.layers.21.mlp.gate_proj.lora_B.weight - torch.Size([4864, 128]): 
The value is the same before and after calling `init_weights` of GroundingDINO  

lmm.model.layers.21.mlp.gate_proj.ori_model.weight - torch.Size([4864, 896]): 
The value is the same before and after calling `init_weights` of GroundingDINO  

lmm.model.layers.21.mlp.up_proj.lora_A.weight - torch.Size([128, 896]): 
The value is the same before and after calling `init_weights` of GroundingDINO  

lmm.model.layers.21.mlp.up_proj.lora_B.weight - torch.Size([4864, 128]): 
The value is the same before and after calling `init_weights` of GroundingDINO  

lmm.model.layers.21.mlp.up_proj.ori_model.weight - torch.Size([4864, 896]): 
The value is the same before and after calling `init_weights` of GroundingDINO  

lmm.model.layers.21.mlp.down_proj.lora_A.weight - torch.Size([128, 4864]): 
The value is the same before and after calling `init_weights` of GroundingDINO  

lmm.model.layers.21.mlp.down_proj.lora_B.weight - torch.Size([896, 128]): 
The value is the same before and after calling `init_weights` of GroundingDINO  

lmm.model.layers.21.mlp.down_proj.ori_model.weight - torch.Size([896, 4864]): 
The value is the same before and after calling `init_weights` of GroundingDINO  

lmm.model.layers.21.input_layernorm.weight - torch.Size([896]): 
The value is the same before and after calling `init_weights` of GroundingDINO  

lmm.model.layers.21.post_attention_layernorm.weight - torch.Size([896]): 
The value is the same before and after calling `init_weights` of GroundingDINO  

lmm.model.layers.22.self_attn.q_proj.lora_A.weight - torch.Size([128, 896]): 
The value is the same before and after calling `init_weights` of GroundingDINO  

lmm.model.layers.22.self_attn.q_proj.lora_B.weight - torch.Size([896, 128]): 
The value is the same before and after calling `init_weights` of GroundingDINO  

lmm.model.layers.22.self_attn.q_proj.ori_model.weight - torch.Size([896, 896]): 
The value is the same before and after calling `init_weights` of GroundingDINO  

lmm.model.layers.22.self_attn.q_proj.ori_model.bias - torch.Size([896]): 
The value is the same before and after calling `init_weights` of GroundingDINO  

lmm.model.layers.22.self_attn.k_proj.lora_A.weight - torch.Size([128, 896]): 
The value is the same before and after calling `init_weights` of GroundingDINO  

lmm.model.layers.22.self_attn.k_proj.lora_B.weight - torch.Size([128, 128]): 
The value is the same before and after calling `init_weights` of GroundingDINO  

lmm.model.layers.22.self_attn.k_proj.ori_model.weight - torch.Size([128, 896]): 
The value is the same before and after calling `init_weights` of GroundingDINO  

lmm.model.layers.22.self_attn.k_proj.ori_model.bias - torch.Size([128]): 
The value is the same before and after calling `init_weights` of GroundingDINO  

lmm.model.layers.22.self_attn.v_proj.lora_A.weight - torch.Size([128, 896]): 
The value is the same before and after calling `init_weights` of GroundingDINO  

lmm.model.layers.22.self_attn.v_proj.lora_B.weight - torch.Size([128, 128]): 
The value is the same before and after calling `init_weights` of GroundingDINO  

lmm.model.layers.22.self_attn.v_proj.ori_model.weight - torch.Size([128, 896]): 
The value is the same before and after calling `init_weights` of GroundingDINO  

lmm.model.layers.22.self_attn.v_proj.ori_model.bias - torch.Size([128]): 
The value is the same before and after calling `init_weights` of GroundingDINO  

lmm.model.layers.22.self_attn.o_proj.lora_A.weight - torch.Size([128, 896]): 
The value is the same before and after calling `init_weights` of GroundingDINO  

lmm.model.layers.22.self_attn.o_proj.lora_B.weight - torch.Size([896, 128]): 
The value is the same before and after calling `init_weights` of GroundingDINO  

lmm.model.layers.22.self_attn.o_proj.ori_model.weight - torch.Size([896, 896]): 
The value is the same before and after calling `init_weights` of GroundingDINO  

lmm.model.layers.22.mlp.gate_proj.lora_A.weight - torch.Size([128, 896]): 
The value is the same before and after calling `init_weights` of GroundingDINO  

lmm.model.layers.22.mlp.gate_proj.lora_B.weight - torch.Size([4864, 128]): 
The value is the same before and after calling `init_weights` of GroundingDINO  

lmm.model.layers.22.mlp.gate_proj.ori_model.weight - torch.Size([4864, 896]): 
The value is the same before and after calling `init_weights` of GroundingDINO  

lmm.model.layers.22.mlp.up_proj.lora_A.weight - torch.Size([128, 896]): 
The value is the same before and after calling `init_weights` of GroundingDINO  

lmm.model.layers.22.mlp.up_proj.lora_B.weight - torch.Size([4864, 128]): 
The value is the same before and after calling `init_weights` of GroundingDINO  

lmm.model.layers.22.mlp.up_proj.ori_model.weight - torch.Size([4864, 896]): 
The value is the same before and after calling `init_weights` of GroundingDINO  

lmm.model.layers.22.mlp.down_proj.lora_A.weight - torch.Size([128, 4864]): 
The value is the same before and after calling `init_weights` of GroundingDINO  

lmm.model.layers.22.mlp.down_proj.lora_B.weight - torch.Size([896, 128]): 
The value is the same before and after calling `init_weights` of GroundingDINO  

lmm.model.layers.22.mlp.down_proj.ori_model.weight - torch.Size([896, 4864]): 
The value is the same before and after calling `init_weights` of GroundingDINO  

lmm.model.layers.22.input_layernorm.weight - torch.Size([896]): 
The value is the same before and after calling `init_weights` of GroundingDINO  

lmm.model.layers.22.post_attention_layernorm.weight - torch.Size([896]): 
The value is the same before and after calling `init_weights` of GroundingDINO  

lmm.model.layers.23.self_attn.q_proj.lora_A.weight - torch.Size([128, 896]): 
The value is the same before and after calling `init_weights` of GroundingDINO  

lmm.model.layers.23.self_attn.q_proj.lora_B.weight - torch.Size([896, 128]): 
The value is the same before and after calling `init_weights` of GroundingDINO  

lmm.model.layers.23.self_attn.q_proj.ori_model.weight - torch.Size([896, 896]): 
The value is the same before and after calling `init_weights` of GroundingDINO  

lmm.model.layers.23.self_attn.q_proj.ori_model.bias - torch.Size([896]): 
The value is the same before and after calling `init_weights` of GroundingDINO  

lmm.model.layers.23.self_attn.k_proj.lora_A.weight - torch.Size([128, 896]): 
The value is the same before and after calling `init_weights` of GroundingDINO  

lmm.model.layers.23.self_attn.k_proj.lora_B.weight - torch.Size([128, 128]): 
The value is the same before and after calling `init_weights` of GroundingDINO  

lmm.model.layers.23.self_attn.k_proj.ori_model.weight - torch.Size([128, 896]): 
The value is the same before and after calling `init_weights` of GroundingDINO  

lmm.model.layers.23.self_attn.k_proj.ori_model.bias - torch.Size([128]): 
The value is the same before and after calling `init_weights` of GroundingDINO  

lmm.model.layers.23.self_attn.v_proj.lora_A.weight - torch.Size([128, 896]): 
The value is the same before and after calling `init_weights` of GroundingDINO  

lmm.model.layers.23.self_attn.v_proj.lora_B.weight - torch.Size([128, 128]): 
The value is the same before and after calling `init_weights` of GroundingDINO  

lmm.model.layers.23.self_attn.v_proj.ori_model.weight - torch.Size([128, 896]): 
The value is the same before and after calling `init_weights` of GroundingDINO  

lmm.model.layers.23.self_attn.v_proj.ori_model.bias - torch.Size([128]): 
The value is the same before and after calling `init_weights` of GroundingDINO  

lmm.model.layers.23.self_attn.o_proj.lora_A.weight - torch.Size([128, 896]): 
The value is the same before and after calling `init_weights` of GroundingDINO  

lmm.model.layers.23.self_attn.o_proj.lora_B.weight - torch.Size([896, 128]): 
The value is the same before and after calling `init_weights` of GroundingDINO  

lmm.model.layers.23.self_attn.o_proj.ori_model.weight - torch.Size([896, 896]): 
The value is the same before and after calling `init_weights` of GroundingDINO  

lmm.model.layers.23.mlp.gate_proj.lora_A.weight - torch.Size([128, 896]): 
The value is the same before and after calling `init_weights` of GroundingDINO  

lmm.model.layers.23.mlp.gate_proj.lora_B.weight - torch.Size([4864, 128]): 
The value is the same before and after calling `init_weights` of GroundingDINO  

lmm.model.layers.23.mlp.gate_proj.ori_model.weight - torch.Size([4864, 896]): 
The value is the same before and after calling `init_weights` of GroundingDINO  

lmm.model.layers.23.mlp.up_proj.lora_A.weight - torch.Size([128, 896]): 
The value is the same before and after calling `init_weights` of GroundingDINO  

lmm.model.layers.23.mlp.up_proj.lora_B.weight - torch.Size([4864, 128]): 
The value is the same before and after calling `init_weights` of GroundingDINO  

lmm.model.layers.23.mlp.up_proj.ori_model.weight - torch.Size([4864, 896]): 
The value is the same before and after calling `init_weights` of GroundingDINO  

lmm.model.layers.23.mlp.down_proj.lora_A.weight - torch.Size([128, 4864]): 
The value is the same before and after calling `init_weights` of GroundingDINO  

lmm.model.layers.23.mlp.down_proj.lora_B.weight - torch.Size([896, 128]): 
The value is the same before and after calling `init_weights` of GroundingDINO  

lmm.model.layers.23.mlp.down_proj.ori_model.weight - torch.Size([896, 4864]): 
The value is the same before and after calling `init_weights` of GroundingDINO  

lmm.model.layers.23.input_layernorm.weight - torch.Size([896]): 
The value is the same before and after calling `init_weights` of GroundingDINO  

lmm.model.layers.23.post_attention_layernorm.weight - torch.Size([896]): 
The value is the same before and after calling `init_weights` of GroundingDINO  

lmm.model.norm.weight - torch.Size([896]): 
The value is the same before and after calling `init_weights` of GroundingDINO  

ref_point_head.layers.0.weight - torch.Size([256, 512]): 
The value is the same before and after calling `init_weights` of GroundingDINO  

ref_point_head.layers.0.bias - torch.Size([256]): 
The value is the same before and after calling `init_weights` of GroundingDINO  

ref_point_head.layers.1.weight - torch.Size([256, 256]): 
The value is the same before and after calling `init_weights` of GroundingDINO  

ref_point_head.layers.1.bias - torch.Size([256]): 
The value is the same before and after calling `init_weights` of GroundingDINO  

connector.vision_projector.0.0.weight - torch.Size([896, 256]): 
The value is the same before and after calling `init_weights` of GroundingDINO  

connector.vision_projector.0.0.bias - torch.Size([896]): 
The value is the same before and after calling `init_weights` of GroundingDINO  

connector.vision_projector.0.2.weight - torch.Size([896, 896]): 
The value is the same before and after calling `init_weights` of GroundingDINO  

connector.vision_projector.0.2.bias - torch.Size([896]): 
The value is the same before and after calling `init_weights` of GroundingDINO  

connector.pos_proj.weight - torch.Size([896, 512]): 
The value is the same before and after calling `init_weights` of GroundingDINO  

connector.pos_proj.bias - torch.Size([896]): 
The value is the same before and after calling `init_weights` of GroundingDINO  

region_connector.vision_projector.0.0.weight - torch.Size([896, 256]): 
The value is the same before and after calling `init_weights` of GroundingDINO  

region_connector.vision_projector.0.0.bias - torch.Size([896]): 
The value is the same before and after calling `init_weights` of GroundingDINO  

region_connector.vision_projector.0.2.weight - torch.Size([896, 896]): 
The value is the same before and after calling `init_weights` of GroundingDINO  

region_connector.vision_projector.0.2.bias - torch.Size([896]): 
The value is the same before and after calling `init_weights` of GroundingDINO  

region_connector.pos_proj.weight - torch.Size([896, 512]): 
The value is the same before and after calling `init_weights` of GroundingDINO  

region_connector.pos_proj.bias - torch.Size([896]): 
The value is the same before and after calling `init_weights` of GroundingDINO  

image_seperate.weight - torch.Size([1, 896]): 
The value is the same before and after calling `init_weights` of GroundingDINO  
2026/02/05 19:30:18 - mmengine - INFO - Load checkpoint from /home/jovyan/Computer_vision/LLMDet/work_dirs/grounding_dino_swin_t/iter_18000.pth
2026/02/05 19:30:18 - mmengine - INFO - resumed epoch: 0, iter: 18000
2026/02/05 19:30:18 - mmengine - WARNING - "FileClient" will be deprecated in future. Please use io functions in https://mmengine.readthedocs.io/en/latest/api/fileio.html#file-io
2026/02/05 19:30:18 - mmengine - WARNING - "HardDiskBackend" is the alias of "LocalBackend" and the former will be deprecated in future.
2026/02/05 19:30:18 - mmengine - INFO - Checkpoints will be saved to /home/jovyan/Computer_vision/LLMDet/work_dirs/grounding_dino_swin_t.
2026/02/05 19:30:18 - mmengine - WARNING - Advance dataloader 18000 steps to skip data that has already been trained
2026/02/05 19:30:58 - mmengine - WARNING - Reach the end of the dataloader, it will be restarted and continue to iterate. It is recommended to use `mmengine.dataset.InfiniteSampler` to enable the dataloader to iterate infinitely.
2026/02/05 19:34:43 - mmengine - INFO - Iter(train) [18100/25000]  base_lr: 1.0000e-06 lr: 1.0000e-06  eta: 5:05:15  time: 1.0288  data_time: 0.0151  memory: 25214  grad_norm: 23.1195  loss: 5.2339  loss_cls: 0.2956  loss_bbox: 0.0197  loss_iou: 0.0380  d0.loss_cls: 0.3211  d0.loss_bbox: 0.0235  d0.loss_iou: 0.0454  d1.loss_cls: 0.3141  d1.loss_bbox: 0.0201  d1.loss_iou: 0.0394  d2.loss_cls: 0.3054  d2.loss_bbox: 0.0197  d2.loss_iou: 0.0384  d3.loss_cls: 0.3021  d3.loss_bbox: 0.0197  d3.loss_iou: 0.0378  d4.loss_cls: 0.2968  d4.loss_bbox: 0.0197  d4.loss_iou: 0.0380  enc_loss_cls: 0.3308  enc_loss_bbox: 0.0362  enc_loss_iou: 0.0697  dn_loss_cls: 0.2129  dn_loss_bbox: 0.0212  dn_loss_iou: 0.0407  d0.dn_loss_cls: 0.2535  d0.dn_loss_bbox: 0.0552  d0.dn_loss_iou: 0.1058  d1.dn_loss_cls: 0.2422  d1.dn_loss_bbox: 0.0262  d1.dn_loss_iou: 0.0510  d2.dn_loss_cls: 0.2333  d2.dn_loss_bbox: 0.0217  d2.dn_loss_iou: 0.0424  d3.dn_loss_cls: 0.2242  d3.dn_loss_bbox: 0.0211  d3.dn_loss_iou: 0.0406  d4.dn_loss_cls: 0.2155  d4.dn_loss_bbox: 0.0212  d4.dn_loss_iou: 0.0408  d1.loss_lmm_region: 0.2354  loss_lmm_image: 0.4977
2026/02/05 19:36:28 - mmengine - INFO - Iter(train) [18200/25000]  base_lr: 1.0000e-06 lr: 1.0000e-06  eta: 3:29:30  time: 1.0602  data_time: 0.0143  memory: 25141  grad_norm: 24.4617  loss: 3.8892  loss_cls: 0.2168  loss_bbox: 0.0163  loss_iou: 0.0295  d0.loss_cls: 0.2354  d0.loss_bbox: 0.0176  d0.loss_iou: 0.0346  d1.loss_cls: 0.2287  d1.loss_bbox: 0.0160  d1.loss_iou: 0.0301  d2.loss_cls: 0.2225  d2.loss_bbox: 0.0158  d2.loss_iou: 0.0297  d3.loss_cls: 0.2218  d3.loss_bbox: 0.0159  d3.loss_iou: 0.0294  d4.loss_cls: 0.2179  d4.loss_bbox: 0.0162  d4.loss_iou: 0.0296  enc_loss_cls: 0.2458  enc_loss_bbox: 0.0285  enc_loss_iou: 0.0534  dn_loss_cls: 0.1421  dn_loss_bbox: 0.0176  dn_loss_iou: 0.0317  d0.dn_loss_cls: 0.1786  d0.dn_loss_bbox: 0.0432  d0.dn_loss_iou: 0.0802  d1.dn_loss_cls: 0.1671  d1.dn_loss_bbox: 0.0206  d1.dn_loss_iou: 0.0381  d2.dn_loss_cls: 0.1596  d2.dn_loss_bbox: 0.0174  d2.dn_loss_iou: 0.0323  d3.dn_loss_cls: 0.1520  d3.dn_loss_bbox: 0.0175  d3.dn_loss_iou: 0.0317  d4.dn_loss_cls: 0.1454  d4.dn_loss_bbox: 0.0176  d4.dn_loss_iou: 0.0317  d1.loss_lmm_region: 0.1677  loss_lmm_image: 0.4454
2026/02/05 19:38:10 - mmengine - INFO - Iter(train) [18300/25000]  base_lr: 1.0000e-06 lr: 1.0000e-06  eta: 2:55:43  time: 1.0218  data_time: 0.0147  memory: 25201  grad_norm: 23.8857  loss: 4.9171  loss_cls: 0.2894  loss_bbox: 0.0184  loss_iou: 0.0380  d0.loss_cls: 0.3090  d0.loss_bbox: 0.0208  d0.loss_iou: 0.0439  d1.loss_cls: 0.3012  d1.loss_bbox: 0.0187  d1.loss_iou: 0.0390  d2.loss_cls: 0.2968  d2.loss_bbox: 0.0184  d2.loss_iou: 0.0383  d3.loss_cls: 0.2931  d3.loss_bbox: 0.0183  d3.loss_iou: 0.0380  d4.loss_cls: 0.2906  d4.loss_bbox: 0.0183  d4.loss_iou: 0.0378  enc_loss_cls: 0.3156  enc_loss_bbox: 0.0338  enc_loss_iou: 0.0688  dn_loss_cls: 0.1864  dn_loss_bbox: 0.0190  dn_loss_iou: 0.0391  d0.dn_loss_cls: 0.2382  d0.dn_loss_bbox: 0.0531  d0.dn_loss_iou: 0.1040  d1.dn_loss_cls: 0.2235  d1.dn_loss_bbox: 0.0241  d1.dn_loss_iou: 0.0496  d2.dn_loss_cls: 0.2114  d2.dn_loss_bbox: 0.0200  d2.dn_loss_iou: 0.0413  d3.dn_loss_cls: 0.2004  d3.dn_loss_bbox: 0.0194  d3.dn_loss_iou: 0.0394  d4.dn_loss_cls: 0.1896  d4.dn_loss_bbox: 0.0190  d4.dn_loss_iou: 0.0391  d1.loss_lmm_region: 0.1908  loss_lmm_image: 0.4635
2026/02/05 19:39:54 - mmengine - INFO - Iter(train) [18400/25000]  base_lr: 1.0000e-06 lr: 1.0000e-06  eta: 2:38:28  time: 1.0282  data_time: 0.0149  memory: 25129  grad_norm: 24.6397  loss: 4.8564  loss_cls: 0.2866  loss_bbox: 0.0186  loss_iou: 0.0355  d0.loss_cls: 0.3115  d0.loss_bbox: 0.0239  d0.loss_iou: 0.0443  d1.loss_cls: 0.3019  d1.loss_bbox: 0.0199  d1.loss_iou: 0.0376  d2.loss_cls: 0.2939  d2.loss_bbox: 0.0193  d2.loss_iou: 0.0362  d3.loss_cls: 0.2914  d3.loss_bbox: 0.0189  d3.loss_iou: 0.0359  d4.loss_cls: 0.2859  d4.loss_bbox: 0.0186  d4.loss_iou: 0.0354  enc_loss_cls: 0.3255  enc_loss_bbox: 0.0362  enc_loss_iou: 0.0685  dn_loss_cls: 0.1855  dn_loss_bbox: 0.0196  dn_loss_iou: 0.0373  d0.dn_loss_cls: 0.2404  d0.dn_loss_bbox: 0.0520  d0.dn_loss_iou: 0.1008  d1.dn_loss_cls: 0.2268  d1.dn_loss_bbox: 0.0253  d1.dn_loss_iou: 0.0488  d2.dn_loss_cls: 0.2106  d2.dn_loss_bbox: 0.0205  d2.dn_loss_iou: 0.0386  d3.dn_loss_cls: 0.1990  d3.dn_loss_bbox: 0.0198  d3.dn_loss_iou: 0.0376  d4.dn_loss_cls: 0.1891  d4.dn_loss_bbox: 0.0197  d4.dn_loss_iou: 0.0374  d1.loss_lmm_region: 0.1934  loss_lmm_image: 0.4087
2026/02/05 19:41:38 - mmengine - INFO - Iter(train) [18500/25000]  base_lr: 1.0000e-06 lr: 1.0000e-06  eta: 2:27:20  time: 1.0486  data_time: 0.0149  memory: 25268  grad_norm: 24.7482  loss: 4.1644  loss_cls: 0.2438  loss_bbox: 0.0153  loss_iou: 0.0315  d0.loss_cls: 0.2594  d0.loss_bbox: 0.0185  d0.loss_iou: 0.0379  d1.loss_cls: 0.2531  d1.loss_bbox: 0.0157  d1.loss_iou: 0.0328  d2.loss_cls: 0.2465  d2.loss_bbox: 0.0156  d2.loss_iou: 0.0320  d3.loss_cls: 0.2466  d3.loss_bbox: 0.0155  d3.loss_iou: 0.0314  d4.loss_cls: 0.2433  d4.loss_bbox: 0.0154  d4.loss_iou: 0.0314  enc_loss_cls: 0.2704  enc_loss_bbox: 0.0293  enc_loss_iou: 0.0590  dn_loss_cls: 0.1501  dn_loss_bbox: 0.0161  dn_loss_iou: 0.0330  d0.dn_loss_cls: 0.2027  d0.dn_loss_bbox: 0.0450  d0.dn_loss_iou: 0.0881  d1.dn_loss_cls: 0.1862  d1.dn_loss_bbox: 0.0203  d1.dn_loss_iou: 0.0420  d2.dn_loss_cls: 0.1730  d2.dn_loss_bbox: 0.0168  d2.dn_loss_iou: 0.0346  d3.dn_loss_cls: 0.1621  d3.dn_loss_bbox: 0.0161  d3.dn_loss_iou: 0.0330  d4.dn_loss_cls: 0.1530  d4.dn_loss_bbox: 0.0161  d4.dn_loss_iou: 0.0330  d1.loss_lmm_region: 0.1765  loss_lmm_image: 0.4223
2026/02/05 19:43:21 - mmengine - INFO - Iter(train) [18600/25000]  base_lr: 1.0000e-06 lr: 1.0000e-06  eta: 2:19:12  time: 1.0236  data_time: 0.0148  memory: 25198  grad_norm: 24.1611  loss: 4.6929  loss_cls: 0.2699  loss_bbox: 0.0200  loss_iou: 0.0376  d0.loss_cls: 0.2934  d0.loss_bbox: 0.0245  d0.loss_iou: 0.0458  d1.loss_cls: 0.2842  d1.loss_bbox: 0.0223  d1.loss_iou: 0.0407  d2.loss_cls: 0.2789  d2.loss_bbox: 0.0185  d2.loss_iou: 0.0361  d3.loss_cls: 0.2753  d3.loss_bbox: 0.0183  d3.loss_iou: 0.0359  d4.loss_cls: 0.2717  d4.loss_bbox: 0.0203  d4.loss_iou: 0.0381  enc_loss_cls: 0.3040  enc_loss_bbox: 0.0353  enc_loss_iou: 0.0675  dn_loss_cls: 0.1688  dn_loss_bbox: 0.0201  dn_loss_iou: 0.0369  d0.dn_loss_cls: 0.2237  d0.dn_loss_bbox: 0.0472  d0.dn_loss_iou: 0.0931  d1.dn_loss_cls: 0.2063  d1.dn_loss_bbox: 0.0242  d1.dn_loss_iou: 0.0459  d2.dn_loss_cls: 0.1926  d2.dn_loss_bbox: 0.0204  d2.dn_loss_iou: 0.0381  d3.dn_loss_cls: 0.1806  d3.dn_loss_bbox: 0.0200  d3.dn_loss_iou: 0.0368  d4.dn_loss_cls: 0.1716  d4.dn_loss_bbox: 0.0202  d4.dn_loss_iou: 0.0370  d1.loss_lmm_region: 0.1978  loss_lmm_image: 0.4736
2026/02/05 19:45:05 - mmengine - INFO - Iter(train) [18700/25000]  base_lr: 1.0000e-06 lr: 1.0000e-06  eta: 2:13:03  time: 1.0562  data_time: 0.0148  memory: 25088  grad_norm: 23.4394  loss: 4.6604  loss_cls: 0.2848  loss_bbox: 0.0183  loss_iou: 0.0377  d0.loss_cls: 0.3047  d0.loss_bbox: 0.0217  d0.loss_iou: 0.0441  d1.loss_cls: 0.2975  d1.loss_bbox: 0.0187  d1.loss_iou: 0.0393  d2.loss_cls: 0.2906  d2.loss_bbox: 0.0185  d2.loss_iou: 0.0383  d3.loss_cls: 0.2889  d3.loss_bbox: 0.0185  d3.loss_iou: 0.0381  d4.loss_cls: 0.2863  d4.loss_bbox: 0.0183  d4.loss_iou: 0.0378  enc_loss_cls: 0.3135  enc_loss_bbox: 0.0361  enc_loss_iou: 0.0733  dn_loss_cls: 0.1552  dn_loss_bbox: 0.0189  dn_loss_iou: 0.0383  d0.dn_loss_cls: 0.2171  d0.dn_loss_bbox: 0.0501  d0.dn_loss_iou: 0.1008  d1.dn_loss_cls: 0.1961  d1.dn_loss_bbox: 0.0233  d1.dn_loss_iou: 0.0482  d2.dn_loss_cls: 0.1805  d2.dn_loss_bbox: 0.0199  d2.dn_loss_iou: 0.0406  d3.dn_loss_cls: 0.1670  d3.dn_loss_bbox: 0.0190  d3.dn_loss_iou: 0.0385  d4.dn_loss_cls: 0.1580  d4.dn_loss_bbox: 0.0189  d4.dn_loss_iou: 0.0383  d1.loss_lmm_region: 0.1881  loss_lmm_image: 0.4185
2026/02/05 19:46:47 - mmengine - INFO - Iter(train) [18800/25000]  base_lr: 1.0000e-06 lr: 1.0000e-06  eta: 2:07:47  time: 1.0257  data_time: 0.0151  memory: 25261  grad_norm: 23.1328  loss: 4.8729  loss_cls: 0.2924  loss_bbox: 0.0187  loss_iou: 0.0389  d0.loss_cls: 0.3137  d0.loss_bbox: 0.0219  d0.loss_iou: 0.0444  d1.loss_cls: 0.3051  d1.loss_bbox: 0.0189  d1.loss_iou: 0.0396  d2.loss_cls: 0.2995  d2.loss_bbox: 0.0184  d2.loss_iou: 0.0383  d3.loss_cls: 0.2974  d3.loss_bbox: 0.0186  d3.loss_iou: 0.0389  d4.loss_cls: 0.2931  d4.loss_bbox: 0.0186  d4.loss_iou: 0.0389  enc_loss_cls: 0.3236  enc_loss_bbox: 0.0365  enc_loss_iou: 0.0716  dn_loss_cls: 0.1613  dn_loss_bbox: 0.0237  dn_loss_iou: 0.0436  d0.dn_loss_cls: 0.2257  d0.dn_loss_bbox: 0.0596  d0.dn_loss_iou: 0.1088  d1.dn_loss_cls: 0.2049  d1.dn_loss_bbox: 0.0299  d1.dn_loss_iou: 0.0539  d2.dn_loss_cls: 0.1887  d2.dn_loss_bbox: 0.0248  d2.dn_loss_iou: 0.0457  d3.dn_loss_cls: 0.1755  d3.dn_loss_bbox: 0.0238  d3.dn_loss_iou: 0.0440  d4.dn_loss_cls: 0.1663  d4.dn_loss_bbox: 0.0237  d4.dn_loss_iou: 0.0436  d1.loss_lmm_region: 0.2099  loss_lmm_image: 0.4285
2026/02/05 19:48:31 - mmengine - INFO - Iter(train) [18900/25000]  base_lr: 1.0000e-06 lr: 1.0000e-06  eta: 2:03:31  time: 1.0267  data_time: 0.0147  memory: 25088  grad_norm: 22.4942  loss: 4.2037  loss_cls: 0.2476  loss_bbox: 0.0173  loss_iou: 0.0347  d0.loss_cls: 0.2662  d0.loss_bbox: 0.0207  d0.loss_iou: 0.0399  d1.loss_cls: 0.2598  d1.loss_bbox: 0.0178  d1.loss_iou: 0.0356  d2.loss_cls: 0.2535  d2.loss_bbox: 0.0173  d2.loss_iou: 0.0349  d3.loss_cls: 0.2528  d3.loss_bbox: 0.0171  d3.loss_iou: 0.0344  d4.loss_cls: 0.2465  d4.loss_bbox: 0.0172  d4.loss_iou: 0.0346  enc_loss_cls: 0.2775  enc_loss_bbox: 0.0327  enc_loss_iou: 0.0618  dn_loss_cls: 0.1418  dn_loss_bbox: 0.0178  dn_loss_iou: 0.0356  d0.dn_loss_cls: 0.1996  d0.dn_loss_bbox: 0.0449  d0.dn_loss_iou: 0.0871  d1.dn_loss_cls: 0.1789  d1.dn_loss_bbox: 0.0223  d1.dn_loss_iou: 0.0438  d2.dn_loss_cls: 0.1636  d2.dn_loss_bbox: 0.0186  d2.dn_loss_iou: 0.0371  d3.dn_loss_cls: 0.1528  d3.dn_loss_bbox: 0.0178  d3.dn_loss_iou: 0.0356  d4.dn_loss_cls: 0.1437  d4.dn_loss_bbox: 0.0178  d4.dn_loss_iou: 0.0355  d1.loss_lmm_region: 0.1896  loss_lmm_image: 0.4000
2026/02/05 19:50:14 - mmengine - INFO - Exp name: grounding_dino_swin_t_20260205_192927
2026/02/05 19:50:14 - mmengine - INFO - Iter(train) [19000/25000]  base_lr: 1.0000e-06 lr: 1.0000e-06  eta: 1:59:38  time: 1.0365  data_time: 0.0148  memory: 24980  grad_norm: 23.9330  loss: 4.6049  loss_cls: 0.2776  loss_bbox: 0.0197  loss_iou: 0.0353  d0.loss_cls: 0.2997  d0.loss_bbox: 0.0228  d0.loss_iou: 0.0421  d1.loss_cls: 0.2902  d1.loss_bbox: 0.0208  d1.loss_iou: 0.0378  d2.loss_cls: 0.2838  d2.loss_bbox: 0.0199  d2.loss_iou: 0.0363  d3.loss_cls: 0.2824  d3.loss_bbox: 0.0196  d3.loss_iou: 0.0353  d4.loss_cls: 0.2776  d4.loss_bbox: 0.0196  d4.loss_iou: 0.0351  enc_loss_cls: 0.3084  enc_loss_bbox: 0.0337  enc_loss_iou: 0.0671  dn_loss_cls: 0.1538  dn_loss_bbox: 0.0198  dn_loss_iou: 0.0361  d0.dn_loss_cls: 0.2182  d0.dn_loss_bbox: 0.0489  d0.dn_loss_iou: 0.0954  d1.dn_loss_cls: 0.1951  d1.dn_loss_bbox: 0.0242  d1.dn_loss_iou: 0.0463  d2.dn_loss_cls: 0.1795  d2.dn_loss_bbox: 0.0204  d2.dn_loss_iou: 0.0380  d3.dn_loss_cls: 0.1645  d3.dn_loss_bbox: 0.0198  d3.dn_loss_iou: 0.0362  d4.dn_loss_cls: 0.1570  d4.dn_loss_bbox: 0.0198  d4.dn_loss_iou: 0.0361  d1.loss_lmm_region: 0.1885  loss_lmm_image: 0.4423
2026/02/05 19:50:27 - mmengine - INFO - Iter(val) [ 100/2445]    eta: 0:04:47  time: 0.1132  data_time: 0.0014  memory: 5168  
2026/02/05 19:50:38 - mmengine - INFO - Iter(val) [ 200/2445]    eta: 0:04:25  time: 0.1137  data_time: 0.0015  memory: 5137  
2026/02/05 19:50:49 - mmengine - INFO - Iter(val) [ 300/2445]    eta: 0:04:10  time: 0.1141  data_time: 0.0014  memory: 5138  
2026/02/05 19:51:01 - mmengine - INFO - Iter(val) [ 400/2445]    eta: 0:03:57  time: 0.1136  data_time: 0.0014  memory: 5145  
2026/02/05 19:51:12 - mmengine - INFO - Iter(val) [ 500/2445]    eta: 0:03:44  time: 0.1133  data_time: 0.0016  memory: 5152  
2026/02/05 19:51:24 - mmengine - INFO - Iter(val) [ 600/2445]    eta: 0:03:32  time: 0.1134  data_time: 0.0014  memory: 5129  
2026/02/05 19:51:35 - mmengine - INFO - Iter(val) [ 700/2445]    eta: 0:03:20  time: 0.1145  data_time: 0.0016  memory: 5144  
2026/02/05 19:51:46 - mmengine - INFO - Iter(val) [ 800/2445]    eta: 0:03:08  time: 0.1129  data_time: 0.0016  memory: 5129  
2026/02/05 19:51:58 - mmengine - INFO - Iter(val) [ 900/2445]    eta: 0:02:57  time: 0.1129  data_time: 0.0016  memory: 5152  
2026/02/05 19:52:09 - mmengine - INFO - Iter(val) [1000/2445]    eta: 0:02:45  time: 0.1136  data_time: 0.0015  memory: 5130  
2026/02/05 19:52:20 - mmengine - INFO - Iter(val) [1100/2445]    eta: 0:02:33  time: 0.1133  data_time: 0.0016  memory: 5139  
2026/02/05 19:52:32 - mmengine - INFO - Iter(val) [1200/2445]    eta: 0:02:22  time: 0.1137  data_time: 0.0016  memory: 5134  
2026/02/05 19:52:43 - mmengine - INFO - Iter(val) [1300/2445]    eta: 0:02:10  time: 0.1140  data_time: 0.0016  memory: 5121  
2026/02/05 19:52:54 - mmengine - INFO - Iter(val) [1400/2445]    eta: 0:01:59  time: 0.1142  data_time: 0.0015  memory: 5134  
2026/02/05 19:53:06 - mmengine - INFO - Iter(val) [1500/2445]    eta: 0:01:47  time: 0.1133  data_time: 0.0015  memory: 5151  
2026/02/05 19:53:17 - mmengine - INFO - Iter(val) [1600/2445]    eta: 0:01:36  time: 0.1135  data_time: 0.0015  memory: 5129  
2026/02/05 19:53:29 - mmengine - INFO - Iter(val) [1700/2445]    eta: 0:01:25  time: 0.1136  data_time: 0.0015  memory: 5132  
2026/02/05 19:53:40 - mmengine - INFO - Iter(val) [1800/2445]    eta: 0:01:13  time: 0.1135  data_time: 0.0014  memory: 5144  
2026/02/05 19:53:51 - mmengine - INFO - Iter(val) [1900/2445]    eta: 0:01:02  time: 0.1140  data_time: 0.0014  memory: 5132  
2026/02/05 19:54:03 - mmengine - INFO - Iter(val) [2000/2445]    eta: 0:00:50  time: 0.1136  data_time: 0.0016  memory: 5137  
2026/02/05 19:54:14 - mmengine - INFO - Iter(val) [2100/2445]    eta: 0:00:39  time: 0.1134  data_time: 0.0016  memory: 5137  
2026/02/05 19:54:25 - mmengine - INFO - Iter(val) [2200/2445]    eta: 0:00:27  time: 0.1141  data_time: 0.0017  memory: 5136  
2026/02/05 19:54:37 - mmengine - INFO - Iter(val) [2300/2445]    eta: 0:00:16  time: 0.1140  data_time: 0.0016  memory: 5148  
2026/02/05 19:54:48 - mmengine - INFO - Iter(val) [2400/2445]    eta: 0:00:05  time: 0.1137  data_time: 0.0016  memory: 5129  
2026/02/05 19:55:04 - mmengine - INFO - {'recall@1': 0.11578284510214709, 'recall@5': 0.30572677622098166, 'recall@10': 0.42292648073918887}
2026/02/05 19:55:04 - mmengine - INFO - Iter(val) [2445/2445]    lvis_fixed_ap/AP: 0.4160  lvis_fixed_ap/AP50: 0.5257  lvis_fixed_ap/AP75: 0.4424  lvis_fixed_ap/APs: 0.3797  lvis_fixed_ap/APm: 0.5411  lvis_fixed_ap/APl: 0.6120  lvis_fixed_ap/APr: 0.2916  lvis_fixed_ap/APc: 0.3625  lvis_fixed_ap/APf: 0.4858  odvg/recall@1: 0.1158  odvg/recall@5: 0.3057  odvg/recall@10: 0.4229  data_time: 0.0017  time: 0.1141
2026/02/05 19:56:47 - mmengine - INFO - Iter(train) [19100/25000]  base_lr: 1.0000e-06 lr: 1.0000e-06  eta: 1:57:04  time: 1.0222  data_time: 0.0145  memory: 25325  grad_norm: 22.1040  loss: 4.6232  loss_cls: 0.2869  loss_bbox: 0.0191  loss_iou: 0.0401  d0.loss_cls: 0.3073  d0.loss_bbox: 0.0227  d0.loss_iou: 0.0465  d1.loss_cls: 0.3013  d1.loss_bbox: 0.0201  d1.loss_iou: 0.0412  d2.loss_cls: 0.2931  d2.loss_bbox: 0.0195  d2.loss_iou: 0.0406  d3.loss_cls: 0.2932  d3.loss_bbox: 0.0193  d3.loss_iou: 0.0404  d4.loss_cls: 0.2880  d4.loss_bbox: 0.0191  d4.loss_iou: 0.0401  enc_loss_cls: 0.3227  enc_loss_bbox: 0.0337  enc_loss_iou: 0.0686  dn_loss_cls: 0.1397  dn_loss_bbox: 0.0205  dn_loss_iou: 0.0405  d0.dn_loss_cls: 0.2110  d0.dn_loss_bbox: 0.0537  d0.dn_loss_iou: 0.1049  d1.dn_loss_cls: 0.1854  d1.dn_loss_bbox: 0.0260  d1.dn_loss_iou: 0.0509  d2.dn_loss_cls: 0.1665  d2.dn_loss_bbox: 0.0216  d2.dn_loss_iou: 0.0423  d3.dn_loss_cls: 0.1550  d3.dn_loss_bbox: 0.0206  d3.dn_loss_iou: 0.0406  d4.dn_loss_cls: 0.1432  d4.dn_loss_bbox: 0.0204  d4.dn_loss_iou: 0.0406  d1.loss_lmm_region: 0.1933  loss_lmm_image: 0.3827
2026/02/05 19:58:31 - mmengine - INFO - Iter(train) [19200/25000]  base_lr: 1.0000e-06 lr: 1.0000e-06  eta: 1:53:53  time: 1.0345  data_time: 0.0143  memory: 25405  grad_norm: 22.2179  loss: 4.4246  loss_cls: 0.2678  loss_bbox: 0.0181  loss_iou: 0.0338  d0.loss_cls: 0.2805  d0.loss_bbox: 0.0209  d0.loss_iou: 0.0396  d1.loss_cls: 0.2732  d1.loss_bbox: 0.0190  d1.loss_iou: 0.0355  d2.loss_cls: 0.2695  d2.loss_bbox: 0.0180  d2.loss_iou: 0.0340  d3.loss_cls: 0.2715  d3.loss_bbox: 0.0179  d3.loss_iou: 0.0338  d4.loss_cls: 0.2686  d4.loss_bbox: 0.0179  d4.loss_iou: 0.0338  enc_loss_cls: 0.2920  enc_loss_bbox: 0.0320  enc_loss_iou: 0.0602  dn_loss_cls: 0.1434  dn_loss_bbox: 0.0211  dn_loss_iou: 0.0367  d0.dn_loss_cls: 0.2020  d0.dn_loss_bbox: 0.0537  d0.dn_loss_iou: 0.0941  d1.dn_loss_cls: 0.1806  d1.dn_loss_bbox: 0.0278  d1.dn_loss_iou: 0.0472  d2.dn_loss_cls: 0.1671  d2.dn_loss_bbox: 0.0225  d2.dn_loss_iou: 0.0389  d3.dn_loss_cls: 0.1575  d3.dn_loss_bbox: 0.0213  d3.dn_loss_iou: 0.0369  d4.dn_loss_cls: 0.1466  d4.dn_loss_bbox: 0.0211  d4.dn_loss_iou: 0.0367  d1.loss_lmm_region: 0.1934  loss_lmm_image: 0.4385
2026/02/05 20:00:14 - mmengine - INFO - Iter(train) [19300/25000]  base_lr: 1.0000e-06 lr: 1.0000e-06  eta: 1:50:50  time: 1.0350  data_time: 0.0141  memory: 25265  grad_norm: 23.2030  loss: 4.2738  loss_cls: 0.2608  loss_bbox: 0.0157  loss_iou: 0.0356  d0.loss_cls: 0.2800  d0.loss_bbox: 0.0178  d0.loss_iou: 0.0407  d1.loss_cls: 0.2729  d1.loss_bbox: 0.0162  d1.loss_iou: 0.0369  d2.loss_cls: 0.2682  d2.loss_bbox: 0.0158  d2.loss_iou: 0.0359  d3.loss_cls: 0.2650  d3.loss_bbox: 0.0157  d3.loss_iou: 0.0357  d4.loss_cls: 0.2619  d4.loss_bbox: 0.0157  d4.loss_iou: 0.0356  enc_loss_cls: 0.2910  enc_loss_bbox: 0.0303  enc_loss_iou: 0.0628  dn_loss_cls: 0.1310  dn_loss_bbox: 0.0163  dn_loss_iou: 0.0372  d0.dn_loss_cls: 0.1928  d0.dn_loss_bbox: 0.0449  d0.dn_loss_iou: 0.0933  d1.dn_loss_cls: 0.1677  d1.dn_loss_bbox: 0.0205  d1.dn_loss_iou: 0.0454  d2.dn_loss_cls: 0.1524  d2.dn_loss_bbox: 0.0169  d2.dn_loss_iou: 0.0382  d3.dn_loss_cls: 0.1422  d3.dn_loss_bbox: 0.0166  d3.dn_loss_iou: 0.0376  d4.dn_loss_cls: 0.1337  d4.dn_loss_bbox: 0.0163  d4.dn_loss_iou: 0.0373  d1.loss_lmm_region: 0.1766  loss_lmm_image: 0.4464
2026/02/05 20:01:57 - mmengine - INFO - Iter(train) [19400/25000]  base_lr: 1.0000e-06 lr: 1.0000e-06  eta: 1:47:59  time: 1.0201  data_time: 0.0144  memory: 25328  grad_norm: 23.6031  loss: 4.1918  loss_cls: 0.2476  loss_bbox: 0.0150  loss_iou: 0.0308  d0.loss_cls: 0.2646  d0.loss_bbox: 0.0162  d0.loss_iou: 0.0351  d1.loss_cls: 0.2596  d1.loss_bbox: 0.0152  d1.loss_iou: 0.0319  d2.loss_cls: 0.2535  d2.loss_bbox: 0.0150  d2.loss_iou: 0.0312  d3.loss_cls: 0.2517  d3.loss_bbox: 0.0147  d3.loss_iou: 0.0306  d4.loss_cls: 0.2487  d4.loss_bbox: 0.0153  d4.loss_iou: 0.0315  enc_loss_cls: 0.2759  enc_loss_bbox: 0.0280  enc_loss_iou: 0.0563  dn_loss_cls: 0.1443  dn_loss_bbox: 0.0160  dn_loss_iou: 0.0326  d0.dn_loss_cls: 0.2041  d0.dn_loss_bbox: 0.0471  d0.dn_loss_iou: 0.0908  d1.dn_loss_cls: 0.1807  d1.dn_loss_bbox: 0.0207  d1.dn_loss_iou: 0.0421  d2.dn_loss_cls: 0.1639  d2.dn_loss_bbox: 0.0167  d2.dn_loss_iou: 0.0343  d3.dn_loss_cls: 0.1535  d3.dn_loss_bbox: 0.0161  d3.dn_loss_iou: 0.0327  d4.dn_loss_cls: 0.1468  d4.dn_loss_bbox: 0.0160  d4.dn_loss_iou: 0.0326  d1.loss_lmm_region: 0.1978  loss_lmm_image: 0.4346
2026/02/05 20:03:40 - mmengine - INFO - Iter(train) [19500/25000]  base_lr: 1.0000e-06 lr: 1.0000e-06  eta: 1:45:18  time: 1.0496  data_time: 0.0143  memory: 25319  grad_norm: 23.5357  loss: 4.6056  loss_cls: 0.2830  loss_bbox: 0.0193  loss_iou: 0.0357  d0.loss_cls: 0.2991  d0.loss_bbox: 0.0231  d0.loss_iou: 0.0422  d1.loss_cls: 0.2927  d1.loss_bbox: 0.0204  d1.loss_iou: 0.0374  d2.loss_cls: 0.2881  d2.loss_bbox: 0.0193  d2.loss_iou: 0.0362  d3.loss_cls: 0.2853  d3.loss_bbox: 0.0194  d3.loss_iou: 0.0363  d4.loss_cls: 0.2841  d4.loss_bbox: 0.0193  d4.loss_iou: 0.0358  enc_loss_cls: 0.3085  enc_loss_bbox: 0.0338  enc_loss_iou: 0.0638  dn_loss_cls: 0.1450  dn_loss_bbox: 0.0197  dn_loss_iou: 0.0373  d0.dn_loss_cls: 0.2142  d0.dn_loss_bbox: 0.0487  d0.dn_loss_iou: 0.0937  d1.dn_loss_cls: 0.1896  d1.dn_loss_bbox: 0.0255  d1.dn_loss_iou: 0.0482  d2.dn_loss_cls: 0.1698  d2.dn_loss_bbox: 0.0206  d2.dn_loss_iou: 0.0393  d3.dn_loss_cls: 0.1556  d3.dn_loss_bbox: 0.0197  d3.dn_loss_iou: 0.0376  d4.dn_loss_cls: 0.1467  d4.dn_loss_bbox: 0.0197  d4.dn_loss_iou: 0.0373  d1.loss_lmm_region: 0.1944  loss_lmm_image: 0.4606
2026/02/05 20:03:40 - mmengine - INFO - Saving checkpoint at 19500 iterations
2026/02/05 20:05:34 - mmengine - INFO - Iter(train) [19600/25000]  base_lr: 1.0000e-06 lr: 1.0000e-06  eta: 1:43:20  time: 1.0601  data_time: 0.0552  memory: 25371  grad_norm: 21.1556  loss: 4.6527  loss_cls: 0.2682  loss_bbox: 0.0164  loss_iou: 0.0333  d0.loss_cls: 0.2885  d0.loss_bbox: 0.0199  d0.loss_iou: 0.0399  d1.loss_cls: 0.2824  d1.loss_bbox: 0.0170  d1.loss_iou: 0.0348  d2.loss_cls: 0.2753  d2.loss_bbox: 0.0166  d2.loss_iou: 0.0337  d3.loss_cls: 0.2733  d3.loss_bbox: 0.0164  d3.loss_iou: 0.0335  d4.loss_cls: 0.2693  d4.loss_bbox: 0.0164  d4.loss_iou: 0.0332  enc_loss_cls: 0.2994  enc_loss_bbox: 0.0303  enc_loss_iou: 0.0612  dn_loss_cls: 0.1736  dn_loss_bbox: 0.0183  dn_loss_iou: 0.0358  d0.dn_loss_cls: 0.2493  d0.dn_loss_bbox: 0.0509  d0.dn_loss_iou: 0.0976  d1.dn_loss_cls: 0.2207  d1.dn_loss_bbox: 0.0237  d1.dn_loss_iou: 0.0466  d2.dn_loss_cls: 0.1994  d2.dn_loss_bbox: 0.0192  d2.dn_loss_iou: 0.0375  d3.dn_loss_cls: 0.1841  d3.dn_loss_bbox: 0.0184  d3.dn_loss_iou: 0.0360  d4.dn_loss_cls: 0.1754  d4.dn_loss_bbox: 0.0183  d4.dn_loss_iou: 0.0357  d1.loss_lmm_region: 0.2025  loss_lmm_image: 0.4509
2026/02/05 20:07:18 - mmengine - INFO - Iter(train) [19700/25000]  base_lr: 1.0000e-06 lr: 1.0000e-06  eta: 1:40:52  time: 1.0584  data_time: 0.0142  memory: 25261  grad_norm: 24.8338  loss: 4.1611  loss_cls: 0.2406  loss_bbox: 0.0161  loss_iou: 0.0341  d0.loss_cls: 0.2533  d0.loss_bbox: 0.0183  d0.loss_iou: 0.0387  d1.loss_cls: 0.2495  d1.loss_bbox: 0.0167  d1.loss_iou: 0.0352  d2.loss_cls: 0.2456  d2.loss_bbox: 0.0161  d2.loss_iou: 0.0342  d3.loss_cls: 0.2444  d3.loss_bbox: 0.0161  d3.loss_iou: 0.0340  d4.loss_cls: 0.2413  d4.loss_bbox: 0.0162  d4.loss_iou: 0.0340  enc_loss_cls: 0.2646  enc_loss_bbox: 0.0284  enc_loss_iou: 0.0584  dn_loss_cls: 0.1305  dn_loss_bbox: 0.0165  dn_loss_iou: 0.0339  d0.dn_loss_cls: 0.1932  d0.dn_loss_bbox: 0.0452  d0.dn_loss_iou: 0.0874  d1.dn_loss_cls: 0.1697  d1.dn_loss_bbox: 0.0210  d1.dn_loss_iou: 0.0419  d2.dn_loss_cls: 0.1528  d2.dn_loss_bbox: 0.0170  d2.dn_loss_iou: 0.0349  d3.dn_loss_cls: 0.1405  d3.dn_loss_bbox: 0.0165  d3.dn_loss_iou: 0.0338  d4.dn_loss_cls: 0.1333  d4.dn_loss_bbox: 0.0165  d4.dn_loss_iou: 0.0339  d1.loss_lmm_region: 0.2066  loss_lmm_image: 0.5003
2026/02/05 20:09:01 - mmengine - INFO - Iter(train) [19800/25000]  base_lr: 1.0000e-06 lr: 1.0000e-06  eta: 1:38:23  time: 1.0242  data_time: 0.0144  memory: 25306  grad_norm: 21.0715  loss: 3.5240  loss_cls: 0.2119  loss_bbox: 0.0131  loss_iou: 0.0274  d0.loss_cls: 0.2265  d0.loss_bbox: 0.0156  d0.loss_iou: 0.0324  d1.loss_cls: 0.2209  d1.loss_bbox: 0.0137  d1.loss_iou: 0.0280  d2.loss_cls: 0.2158  d2.loss_bbox: 0.0135  d2.loss_iou: 0.0277  d3.loss_cls: 0.2146  d3.loss_bbox: 0.0132  d3.loss_iou: 0.0275  d4.loss_cls: 0.2126  d4.loss_bbox: 0.0132  d4.loss_iou: 0.0274  enc_loss_cls: 0.2316  enc_loss_bbox: 0.0248  enc_loss_iou: 0.0496  dn_loss_cls: 0.1069  dn_loss_bbox: 0.0133  dn_loss_iou: 0.0271  d0.dn_loss_cls: 0.1600  d0.dn_loss_bbox: 0.0367  d0.dn_loss_iou: 0.0728  d1.dn_loss_cls: 0.1388  d1.dn_loss_bbox: 0.0171  d1.dn_loss_iou: 0.0343  d2.dn_loss_cls: 0.1256  d2.dn_loss_bbox: 0.0142  d2.dn_loss_iou: 0.0286  d3.dn_loss_cls: 0.1150  d3.dn_loss_bbox: 0.0133  d3.dn_loss_iou: 0.0272  d4.dn_loss_cls: 0.1088  d4.dn_loss_bbox: 0.0133  d4.dn_loss_iou: 0.0270  d1.loss_lmm_region: 0.1695  loss_lmm_image: 0.4133
2026/02/05 20:10:45 - mmengine - INFO - Iter(train) [19900/25000]  base_lr: 1.0000e-06 lr: 1.0000e-06  eta: 1:36:05  time: 1.0304  data_time: 0.0140  memory: 25233  grad_norm: 23.2296  loss: 4.1136  loss_cls: 0.2606  loss_bbox: 0.0149  loss_iou: 0.0300  d0.loss_cls: 0.2787  d0.loss_bbox: 0.0176  d0.loss_iou: 0.0358  d1.loss_cls: 0.2729  d1.loss_bbox: 0.0179  d1.loss_iou: 0.0329  d2.loss_cls: 0.2675  d2.loss_bbox: 0.0153  d2.loss_iou: 0.0307  d3.loss_cls: 0.2629  d3.loss_bbox: 0.0170  d3.loss_iou: 0.0314  d4.loss_cls: 0.2605  d4.loss_bbox: 0.0149  d4.loss_iou: 0.0299  enc_loss_cls: 0.2891  enc_loss_bbox: 0.0314  enc_loss_iou: 0.0598  dn_loss_cls: 0.1170  dn_loss_bbox: 0.0160  dn_loss_iou: 0.0321  d0.dn_loss_cls: 0.1845  d0.dn_loss_bbox: 0.0481  d0.dn_loss_iou: 0.0935  d1.dn_loss_cls: 0.1553  d1.dn_loss_bbox: 0.0213  d1.dn_loss_iou: 0.0438  d2.dn_loss_cls: 0.1372  d2.dn_loss_bbox: 0.0172  d2.dn_loss_iou: 0.0345  d3.dn_loss_cls: 0.1282  d3.dn_loss_bbox: 0.0163  d3.dn_loss_iou: 0.0324  d4.dn_loss_cls: 0.1187  d4.dn_loss_bbox: 0.0160  d4.dn_loss_iou: 0.0321  d1.loss_lmm_region: 0.2013  loss_lmm_image: 0.3962
2026/02/05 20:12:27 - mmengine - INFO - Exp name: grounding_dino_swin_t_20260205_192927
2026/02/05 20:12:27 - mmengine - INFO - Iter(train) [20000/25000]  base_lr: 1.0000e-06 lr: 1.0000e-06  eta: 1:33:46  time: 1.0326  data_time: 0.0147  memory: 25155  grad_norm: 22.0330  loss: 4.5108  loss_cls: 0.2860  loss_bbox: 0.0194  loss_iou: 0.0408  d0.loss_cls: 0.3084  d0.loss_bbox: 0.0228  d0.loss_iou: 0.0474  d1.loss_cls: 0.2984  d1.loss_bbox: 0.0204  d1.loss_iou: 0.0426  d2.loss_cls: 0.2924  d2.loss_bbox: 0.0196  d2.loss_iou: 0.0408  d3.loss_cls: 0.2897  d3.loss_bbox: 0.0193  d3.loss_iou: 0.0407  d4.loss_cls: 0.2862  d4.loss_bbox: 0.0193  d4.loss_iou: 0.0407  enc_loss_cls: 0.3214  enc_loss_bbox: 0.0347  enc_loss_iou: 0.0694  dn_loss_cls: 0.1181  dn_loss_bbox: 0.0192  dn_loss_iou: 0.0402  d0.dn_loss_cls: 0.1955  d0.dn_loss_bbox: 0.0560  d0.dn_loss_iou: 0.1043  d1.dn_loss_cls: 0.1638  d1.dn_loss_bbox: 0.0250  d1.dn_loss_iou: 0.0504  d2.dn_loss_cls: 0.1437  d2.dn_loss_bbox: 0.0198  d2.dn_loss_iou: 0.0414  d3.dn_loss_cls: 0.1302  d3.dn_loss_bbox: 0.0193  d3.dn_loss_iou: 0.0402  d4.dn_loss_cls: 0.1200  d4.dn_loss_bbox: 0.0191  d4.dn_loss_iou: 0.0401  d1.loss_lmm_region: 0.1837  loss_lmm_image: 0.4204
2026/02/05 20:12:39 - mmengine - INFO - Iter(val) [ 100/2445]    eta: 0:04:28  time: 0.1129  data_time: 0.0014  memory: 5168  
2026/02/05 20:12:50 - mmengine - INFO - Iter(val) [ 200/2445]    eta: 0:04:16  time: 0.1135  data_time: 0.0015  memory: 5137  
2026/02/05 20:13:02 - mmengine - INFO - Iter(val) [ 300/2445]    eta: 0:04:04  time: 0.1143  data_time: 0.0015  memory: 5138  
2026/02/05 20:13:13 - mmengine - INFO - Iter(val) [ 400/2445]    eta: 0:03:53  time: 0.1134  data_time: 0.0013  memory: 5145  
2026/02/05 20:13:24 - mmengine - INFO - Iter(val) [ 500/2445]    eta: 0:03:41  time: 0.1134  data_time: 0.0015  memory: 5152  
2026/02/05 20:13:36 - mmengine - INFO - Iter(val) [ 600/2445]    eta: 0:03:29  time: 0.1135  data_time: 0.0014  memory: 5129  
2026/02/05 20:13:47 - mmengine - INFO - Iter(val) [ 700/2445]    eta: 0:03:18  time: 0.1152  data_time: 0.0016  memory: 5144  
2026/02/05 20:13:59 - mmengine - INFO - Iter(val) [ 800/2445]    eta: 0:03:07  time: 0.1139  data_time: 0.0015  memory: 5129  
2026/02/05 20:14:10 - mmengine - INFO - Iter(val) [ 900/2445]    eta: 0:02:56  time: 0.1140  data_time: 0.0016  memory: 5152  
2026/02/05 20:14:22 - mmengine - INFO - Iter(val) [1000/2445]    eta: 0:02:44  time: 0.1147  data_time: 0.0017  memory: 5130  
2026/02/05 20:14:33 - mmengine - INFO - Iter(val) [1100/2445]    eta: 0:02:33  time: 0.1144  data_time: 0.0016  memory: 5139  
2026/02/05 20:14:44 - mmengine - INFO - Iter(val) [1200/2445]    eta: 0:02:22  time: 0.1144  data_time: 0.0015  memory: 5134  
2026/02/05 20:14:56 - mmengine - INFO - Iter(val) [1300/2445]    eta: 0:02:10  time: 0.1143  data_time: 0.0016  memory: 5121  
2026/02/05 20:15:07 - mmengine - INFO - Iter(val) [1400/2445]    eta: 0:01:59  time: 0.1144  data_time: 0.0017  memory: 5134  
2026/02/05 20:15:19 - mmengine - INFO - Iter(val) [1500/2445]    eta: 0:01:47  time: 0.1134  data_time: 0.0016  memory: 5151  
2026/02/05 20:15:30 - mmengine - INFO - Iter(val) [1600/2445]    eta: 0:01:36  time: 0.1139  data_time: 0.0016  memory: 5129  
2026/02/05 20:15:42 - mmengine - INFO - Iter(val) [1700/2445]    eta: 0:01:25  time: 0.1141  data_time: 0.0016  memory: 5132  
2026/02/05 20:15:53 - mmengine - INFO - Iter(val) [1800/2445]    eta: 0:01:13  time: 0.1136  data_time: 0.0015  memory: 5144  
2026/02/05 20:16:04 - mmengine - INFO - Iter(val) [1900/2445]    eta: 0:01:02  time: 0.1145  data_time: 0.0015  memory: 5132  
2026/02/05 20:16:16 - mmengine - INFO - Iter(val) [2000/2445]    eta: 0:00:50  time: 0.1150  data_time: 0.0016  memory: 5137  
2026/02/05 20:16:27 - mmengine - INFO - Iter(val) [2100/2445]    eta: 0:00:39  time: 0.1136  data_time: 0.0016  memory: 5137  
2026/02/05 20:16:39 - mmengine - INFO - Iter(val) [2200/2445]    eta: 0:00:27  time: 0.1144  data_time: 0.0017  memory: 5136  
2026/02/05 20:16:50 - mmengine - INFO - Iter(val) [2300/2445]    eta: 0:00:16  time: 0.1138  data_time: 0.0016  memory: 5148  
2026/02/05 20:17:01 - mmengine - INFO - Iter(val) [2400/2445]    eta: 0:00:05  time: 0.1143  data_time: 0.0017  memory: 5129  
2026/02/05 20:17:16 - mmengine - INFO - {'recall@1': 0.13911864078375336, 'recall@5': 0.36982452741078026, 'recall@10': 0.49896460273441756}
2026/02/05 20:17:16 - mmengine - INFO - Iter(val) [2445/2445]    lvis_fixed_ap/AP: 0.4160  lvis_fixed_ap/AP50: 0.5257  lvis_fixed_ap/AP75: 0.4424  lvis_fixed_ap/APs: 0.3797  lvis_fixed_ap/APm: 0.5411  lvis_fixed_ap/APl: 0.6120  lvis_fixed_ap/APr: 0.2916  lvis_fixed_ap/APc: 0.3625  lvis_fixed_ap/APf: 0.4858  odvg/recall@1: 0.1391  odvg/recall@5: 0.3698  odvg/recall@10: 0.4990  data_time: 0.0016  time: 0.1141
2026/02/05 20:18:59 - mmengine - INFO - Iter(train) [20100/25000]  base_lr: 1.0000e-06 lr: 1.0000e-06  eta: 1:31:54  time: 1.0222  data_time: 0.0144  memory: 25231  grad_norm: 21.2543  loss: 4.3086  loss_cls: 0.2628  loss_bbox: 0.0243  loss_iou: 0.0435  d0.loss_cls: 0.2831  d0.loss_bbox: 0.0247  d0.loss_iou: 0.0466  d1.loss_cls: 0.2730  d1.loss_bbox: 0.0224  d1.loss_iou: 0.0426  d2.loss_cls: 0.2684  d2.loss_bbox: 0.0246  d2.loss_iou: 0.0438  d3.loss_cls: 0.2665  d3.loss_bbox: 0.0244  d3.loss_iou: 0.0436  d4.loss_cls: 0.2625  d4.loss_bbox: 0.0244  d4.loss_iou: 0.0436  enc_loss_cls: 0.2943  enc_loss_bbox: 0.0360  enc_loss_iou: 0.0689  dn_loss_cls: 0.1128  dn_loss_bbox: 0.0220  dn_loss_iou: 0.0403  d0.dn_loss_cls: 0.1813  d0.dn_loss_bbox: 0.0502  d0.dn_loss_iou: 0.0963  d1.dn_loss_cls: 0.1524  d1.dn_loss_bbox: 0.0260  d1.dn_loss_iou: 0.0492  d2.dn_loss_cls: 0.1349  d2.dn_loss_bbox: 0.0231  d2.dn_loss_iou: 0.0421  d3.dn_loss_cls: 0.1250  d3.dn_loss_bbox: 0.0221  d3.dn_loss_iou: 0.0404  d4.dn_loss_cls: 0.1144  d4.dn_loss_bbox: 0.0220  d4.dn_loss_iou: 0.0403  d1.loss_lmm_region: 0.1856  loss_lmm_image: 0.4043
2026/02/05 20:20:43 - mmengine - INFO - Iter(train) [20200/25000]  base_lr: 1.0000e-06 lr: 1.0000e-06  eta: 1:29:42  time: 1.0475  data_time: 0.0144  memory: 25300  grad_norm: 22.3441  loss: 4.2045  loss_cls: 0.2695  loss_bbox: 0.0174  loss_iou: 0.0349  d0.loss_cls: 0.2827  d0.loss_bbox: 0.0207  d0.loss_iou: 0.0417  d1.loss_cls: 0.2796  d1.loss_bbox: 0.0182  d1.loss_iou: 0.0367  d2.loss_cls: 0.2735  d2.loss_bbox: 0.0174  d2.loss_iou: 0.0354  d3.loss_cls: 0.2726  d3.loss_bbox: 0.0170  d3.loss_iou: 0.0344  d4.loss_cls: 0.2703  d4.loss_bbox: 0.0175  d4.loss_iou: 0.0349  enc_loss_cls: 0.2963  enc_loss_bbox: 0.0330  enc_loss_iou: 0.0652  dn_loss_cls: 0.1093  dn_loss_bbox: 0.0179  dn_loss_iou: 0.0361  d0.dn_loss_cls: 0.1784  d0.dn_loss_bbox: 0.0485  d0.dn_loss_iou: 0.0939  d1.dn_loss_cls: 0.1480  d1.dn_loss_bbox: 0.0237  d1.dn_loss_iou: 0.0464  d2.dn_loss_cls: 0.1315  d2.dn_loss_bbox: 0.0189  d2.dn_loss_iou: 0.0378  d3.dn_loss_cls: 0.1206  d3.dn_loss_bbox: 0.0178  d3.dn_loss_iou: 0.0360  d4.dn_loss_cls: 0.1108  d4.dn_loss_bbox: 0.0179  d4.dn_loss_iou: 0.0361  d1.loss_lmm_region: 0.1861  loss_lmm_image: 0.4201
2026/02/05 20:22:25 - mmengine - INFO - Iter(train) [20300/25000]  base_lr: 1.0000e-06 lr: 1.0000e-06  eta: 1:27:30  time: 1.0257  data_time: 0.0136  memory: 25235  grad_norm: 22.8046  loss: 2.9696  loss_cls: 0.1752  loss_bbox: 0.0111  loss_iou: 0.0218  d0.loss_cls: 0.1872  d0.loss_bbox: 0.0137  d0.loss_iou: 0.0270  d1.loss_cls: 0.1828  d1.loss_bbox: 0.0113  d1.loss_iou: 0.0225  d2.loss_cls: 0.1778  d2.loss_bbox: 0.0108  d2.loss_iou: 0.0217  d3.loss_cls: 0.1758  d3.loss_bbox: 0.0109  d3.loss_iou: 0.0216  d4.loss_cls: 0.1739  d4.loss_bbox: 0.0116  d4.loss_iou: 0.0234  enc_loss_cls: 0.1943  enc_loss_bbox: 0.0207  enc_loss_iou: 0.0416  dn_loss_cls: 0.0827  dn_loss_bbox: 0.0122  dn_loss_iou: 0.0240  d0.dn_loss_cls: 0.1322  d0.dn_loss_bbox: 0.0358  d0.dn_loss_iou: 0.0673  d1.dn_loss_cls: 0.1100  d1.dn_loss_bbox: 0.0157  d1.dn_loss_iou: 0.0309  d2.dn_loss_cls: 0.0965  d2.dn_loss_bbox: 0.0125  d2.dn_loss_iou: 0.0249  d3.dn_loss_cls: 0.0894  d3.dn_loss_bbox: 0.0122  d3.dn_loss_iou: 0.0241  d4.dn_loss_cls: 0.0835  d4.dn_loss_bbox: 0.0122  d4.dn_loss_iou: 0.0241  d1.loss_lmm_region: 0.1496  loss_lmm_image: 0.3931
2026/02/05 20:24:09 - mmengine - INFO - Iter(train) [20400/25000]  base_lr: 1.0000e-06 lr: 1.0000e-06  eta: 1:25:23  time: 1.0305  data_time: 0.0143  memory: 25209  grad_norm: 24.4528  loss: 3.7926  loss_cls: 0.2344  loss_bbox: 0.0159  loss_iou: 0.0338  d0.loss_cls: 0.2513  d0.loss_bbox: 0.0184  d0.loss_iou: 0.0382  d1.loss_cls: 0.2450  d1.loss_bbox: 0.0163  d1.loss_iou: 0.0340  d2.loss_cls: 0.2394  d2.loss_bbox: 0.0161  d2.loss_iou: 0.0335  d3.loss_cls: 0.2362  d3.loss_bbox: 0.0158  d3.loss_iou: 0.0336  d4.loss_cls: 0.2338  d4.loss_bbox: 0.0159  d4.loss_iou: 0.0337  enc_loss_cls: 0.2624  enc_loss_bbox: 0.0273  enc_loss_iou: 0.0556  dn_loss_cls: 0.0989  dn_loss_bbox: 0.0182  dn_loss_iou: 0.0361  d0.dn_loss_cls: 0.1624  d0.dn_loss_bbox: 0.0439  d0.dn_loss_iou: 0.0862  d1.dn_loss_cls: 0.1354  d1.dn_loss_bbox: 0.0213  d1.dn_loss_iou: 0.0433  d2.dn_loss_cls: 0.1181  d2.dn_loss_bbox: 0.0185  d2.dn_loss_iou: 0.0370  d3.dn_loss_cls: 0.1089  d3.dn_loss_bbox: 0.0181  d3.dn_loss_iou: 0.0359  d4.dn_loss_cls: 0.1004  d4.dn_loss_bbox: 0.0182  d4.dn_loss_iou: 0.0360  d1.loss_lmm_region: 0.1711  loss_lmm_image: 0.3944
2026/02/05 20:25:52 - mmengine - INFO - Iter(train) [20500/25000]  base_lr: 1.0000e-06 lr: 1.0000e-06  eta: 1:23:15  time: 1.0276  data_time: 0.0142  memory: 25232  grad_norm: 21.2168  loss: 3.8119  loss_cls: 0.2381  loss_bbox: 0.0164  loss_iou: 0.0327  d0.loss_cls: 0.2547  d0.loss_bbox: 0.0195  d0.loss_iou: 0.0382  d1.loss_cls: 0.2484  d1.loss_bbox: 0.0171  d1.loss_iou: 0.0340  d2.loss_cls: 0.2425  d2.loss_bbox: 0.0167  d2.loss_iou: 0.0329  d3.loss_cls: 0.2410  d3.loss_bbox: 0.0166  d3.loss_iou: 0.0327  d4.loss_cls: 0.2381  d4.loss_bbox: 0.0164  d4.loss_iou: 0.0327  enc_loss_cls: 0.2693  enc_loss_bbox: 0.0300  enc_loss_iou: 0.0584  dn_loss_cls: 0.0888  dn_loss_bbox: 0.0206  dn_loss_iou: 0.0376  d0.dn_loss_cls: 0.1584  d0.dn_loss_bbox: 0.0500  d0.dn_loss_iou: 0.0918  d1.dn_loss_cls: 0.1277  d1.dn_loss_bbox: 0.0265  d1.dn_loss_iou: 0.0466  d2.dn_loss_cls: 0.1081  d2.dn_loss_bbox: 0.0218  d2.dn_loss_iou: 0.0394  d3.dn_loss_cls: 0.0997  d3.dn_loss_bbox: 0.0208  d3.dn_loss_iou: 0.0377  d4.dn_loss_cls: 0.0898  d4.dn_loss_bbox: 0.0206  d4.dn_loss_iou: 0.0377  d1.loss_lmm_region: 0.1793  loss_lmm_image: 0.3827
2026/02/05 20:27:35 - mmengine - INFO - Iter(train) [20600/25000]  base_lr: 1.0000e-06 lr: 1.0000e-06  eta: 1:21:11  time: 1.0190  data_time: 0.0143  memory: 25254  grad_norm: 22.2730  loss: 4.1244  loss_cls: 0.2575  loss_bbox: 0.0180  loss_iou: 0.0338  d0.loss_cls: 0.2752  d0.loss_bbox: 0.0211  d0.loss_iou: 0.0397  d1.loss_cls: 0.2704  d1.loss_bbox: 0.0186  d1.loss_iou: 0.0348  d2.loss_cls: 0.2635  d2.loss_bbox: 0.0180  d2.loss_iou: 0.0340  d3.loss_cls: 0.2615  d3.loss_bbox: 0.0177  d3.loss_iou: 0.0337  d4.loss_cls: 0.2575  d4.loss_bbox: 0.0179  d4.loss_iou: 0.0338  enc_loss_cls: 0.2894  enc_loss_bbox: 0.0340  enc_loss_iou: 0.0624  dn_loss_cls: 0.1103  dn_loss_bbox: 0.0187  dn_loss_iou: 0.0342  d0.dn_loss_cls: 0.1749  d0.dn_loss_bbox: 0.0491  d0.dn_loss_iou: 0.0917  d1.dn_loss_cls: 0.1457  d1.dn_loss_bbox: 0.0236  d1.dn_loss_iou: 0.0439  d2.dn_loss_cls: 0.1293  d2.dn_loss_bbox: 0.0196  d2.dn_loss_iou: 0.0362  d3.dn_loss_cls: 0.1199  d3.dn_loss_bbox: 0.0189  d3.dn_loss_iou: 0.0345  d4.dn_loss_cls: 0.1111  d4.dn_loss_bbox: 0.0187  d4.dn_loss_iou: 0.0343  d1.loss_lmm_region: 0.1814  loss_lmm_image: 0.4359
2026/02/05 20:29:18 - mmengine - INFO - Iter(train) [20700/25000]  base_lr: 1.0000e-06 lr: 1.0000e-06  eta: 1:19:09  time: 1.0454  data_time: 0.0147  memory: 25255  grad_norm: 22.3815  loss: 4.5792  loss_cls: 0.2938  loss_bbox: 0.0179  loss_iou: 0.0385  d0.loss_cls: 0.3117  d0.loss_bbox: 0.0215  d0.loss_iou: 0.0433  d1.loss_cls: 0.3045  d1.loss_bbox: 0.0186  d1.loss_iou: 0.0398  d2.loss_cls: 0.2989  d2.loss_bbox: 0.0179  d2.loss_iou: 0.0381  d3.loss_cls: 0.2980  d3.loss_bbox: 0.0177  d3.loss_iou: 0.0380  d4.loss_cls: 0.2938  d4.loss_bbox: 0.0180  d4.loss_iou: 0.0386  enc_loss_cls: 0.3212  enc_loss_bbox: 0.0371  enc_loss_iou: 0.0684  dn_loss_cls: 0.1249  dn_loss_bbox: 0.0200  dn_loss_iou: 0.0392  d0.dn_loss_cls: 0.2016  d0.dn_loss_bbox: 0.0539  d0.dn_loss_iou: 0.0991  d1.dn_loss_cls: 0.1686  d1.dn_loss_bbox: 0.0258  d1.dn_loss_iou: 0.0504  d2.dn_loss_cls: 0.1479  d2.dn_loss_bbox: 0.0217  d2.dn_loss_iou: 0.0424  d3.dn_loss_cls: 0.1349  d3.dn_loss_bbox: 0.0202  d3.dn_loss_iou: 0.0396  d4.dn_loss_cls: 0.1264  d4.dn_loss_bbox: 0.0199  d4.dn_loss_iou: 0.0392  d1.loss_lmm_region: 0.1946  loss_lmm_image: 0.4334
2026/02/05 20:31:01 - mmengine - INFO - Iter(train) [20800/25000]  base_lr: 1.0000e-06 lr: 1.0000e-06  eta: 1:17:07  time: 1.0244  data_time: 0.0136  memory: 25249  grad_norm: 22.6715  loss: 3.8912  loss_cls: 0.2446  loss_bbox: 0.0183  loss_iou: 0.0342  d0.loss_cls: 0.2652  d0.loss_bbox: 0.0184  d0.loss_iou: 0.0377  d1.loss_cls: 0.2564  d1.loss_bbox: 0.0190  d1.loss_iou: 0.0358  d2.loss_cls: 0.2530  d2.loss_bbox: 0.0184  d2.loss_iou: 0.0345  d3.loss_cls: 0.2502  d3.loss_bbox: 0.0182  d3.loss_iou: 0.0342  d4.loss_cls: 0.2454  d4.loss_bbox: 0.0182  d4.loss_iou: 0.0341  enc_loss_cls: 0.2728  enc_loss_bbox: 0.0291  enc_loss_iou: 0.0571  dn_loss_cls: 0.0942  dn_loss_bbox: 0.0173  dn_loss_iou: 0.0334  d0.dn_loss_cls: 0.1614  d0.dn_loss_bbox: 0.0471  d0.dn_loss_iou: 0.0856  d1.dn_loss_cls: 0.1302  d1.dn_loss_bbox: 0.0217  d1.dn_loss_iou: 0.0407  d2.dn_loss_cls: 0.1142  d2.dn_loss_bbox: 0.0186  d2.dn_loss_iou: 0.0347  d3.dn_loss_cls: 0.1031  d3.dn_loss_bbox: 0.0176  d3.dn_loss_iou: 0.0336  d4.dn_loss_cls: 0.0954  d4.dn_loss_bbox: 0.0173  d4.dn_loss_iou: 0.0333  d1.loss_lmm_region: 0.1716  loss_lmm_image: 0.4258
2026/02/05 20:32:45 - mmengine - INFO - Iter(train) [20900/25000]  base_lr: 1.0000e-06 lr: 1.0000e-06  eta: 1:15:08  time: 1.0443  data_time: 0.0147  memory: 25284  grad_norm: 22.6169  loss: 4.6430  loss_cls: 0.2981  loss_bbox: 0.0218  loss_iou: 0.0444  d0.loss_cls: 0.3191  d0.loss_bbox: 0.0265  d0.loss_iou: 0.0529  d1.loss_cls: 0.3147  d1.loss_bbox: 0.0228  d1.loss_iou: 0.0461  d2.loss_cls: 0.3063  d2.loss_bbox: 0.0219  d2.loss_iou: 0.0449  d3.loss_cls: 0.3022  d3.loss_bbox: 0.0219  d3.loss_iou: 0.0445  d4.loss_cls: 0.2988  d4.loss_bbox: 0.0217  d4.loss_iou: 0.0443  enc_loss_cls: 0.3350  enc_loss_bbox: 0.0402  enc_loss_iou: 0.0770  dn_loss_cls: 0.1027  dn_loss_bbox: 0.0217  dn_loss_iou: 0.0448  d0.dn_loss_cls: 0.1883  d0.dn_loss_bbox: 0.0602  d0.dn_loss_iou: 0.1141  d1.dn_loss_cls: 0.1503  d1.dn_loss_bbox: 0.0269  d1.dn_loss_iou: 0.0552  d2.dn_loss_cls: 0.1275  d2.dn_loss_bbox: 0.0224  d2.dn_loss_iou: 0.0464  d3.dn_loss_cls: 0.1151  d3.dn_loss_bbox: 0.0219  d3.dn_loss_iou: 0.0448  d4.dn_loss_cls: 0.1028  d4.dn_loss_bbox: 0.0217  d4.dn_loss_iou: 0.0448  d1.loss_lmm_region: 0.1992  loss_lmm_image: 0.4269
2026/02/05 20:34:27 - mmengine - INFO - Exp name: grounding_dino_swin_t_20260205_192927
2026/02/05 20:34:27 - mmengine - INFO - Iter(train) [21000/25000]  base_lr: 1.0000e-06 lr: 1.0000e-06  eta: 1:13:08  time: 1.0294  data_time: 0.0144  memory: 25230  grad_norm: 22.0134  loss: 3.9614  loss_cls: 0.2483  loss_bbox: 0.0136  loss_iou: 0.0302  d0.loss_cls: 0.2659  d0.loss_bbox: 0.0161  d0.loss_iou: 0.0344  d1.loss_cls: 0.2596  d1.loss_bbox: 0.0143  d1.loss_iou: 0.0312  d2.loss_cls: 0.2570  d2.loss_bbox: 0.0138  d2.loss_iou: 0.0303  d3.loss_cls: 0.2551  d3.loss_bbox: 0.0136  d3.loss_iou: 0.0303  d4.loss_cls: 0.2492  d4.loss_bbox: 0.0136  d4.loss_iou: 0.0303  enc_loss_cls: 0.2774  enc_loss_bbox: 0.0278  enc_loss_iou: 0.0544  dn_loss_cls: 0.1074  dn_loss_bbox: 0.0159  dn_loss_iou: 0.0332  d0.dn_loss_cls: 0.1807  d0.dn_loss_bbox: 0.0468  d0.dn_loss_iou: 0.0873  d1.dn_loss_cls: 0.1475  d1.dn_loss_bbox: 0.0210  d1.dn_loss_iou: 0.0417  d2.dn_loss_cls: 0.1298  d2.dn_loss_bbox: 0.0170  d2.dn_loss_iou: 0.0342  d3.dn_loss_cls: 0.1170  d3.dn_loss_bbox: 0.0162  d3.dn_loss_iou: 0.0332  d4.dn_loss_cls: 0.1080  d4.dn_loss_bbox: 0.0160  d4.dn_loss_iou: 0.0332  d1.loss_lmm_region: 0.1915  loss_lmm_image: 0.4174
2026/02/05 20:34:27 - mmengine - INFO - Saving checkpoint at 21000 iterations
2026/02/05 20:34:47 - mmengine - INFO - Iter(val) [ 100/2445]    eta: 0:04:28  time: 0.1129  data_time: 0.0016  memory: 5168  
2026/02/05 20:34:58 - mmengine - INFO - Iter(val) [ 200/2445]    eta: 0:04:16  time: 0.1136  data_time: 0.0016  memory: 5137  
2026/02/05 20:35:10 - mmengine - INFO - Iter(val) [ 300/2445]    eta: 0:04:04  time: 0.1141  data_time: 0.0016  memory: 5138  
2026/02/05 20:35:21 - mmengine - INFO - Iter(val) [ 400/2445]    eta: 0:03:53  time: 0.1138  data_time: 0.0016  memory: 5145  
2026/02/05 20:35:33 - mmengine - INFO - Iter(val) [ 500/2445]    eta: 0:03:41  time: 0.1132  data_time: 0.0016  memory: 5152  
2026/02/05 20:35:44 - mmengine - INFO - Iter(val) [ 600/2445]    eta: 0:03:30  time: 0.1135  data_time: 0.0014  memory: 5129  
2026/02/05 20:35:55 - mmengine - INFO - Iter(val) [ 700/2445]    eta: 0:03:18  time: 0.1149  data_time: 0.0015  memory: 5144  
2026/02/05 20:36:07 - mmengine - INFO - Iter(val) [ 800/2445]    eta: 0:03:07  time: 0.1138  data_time: 0.0016  memory: 5129  
2026/02/05 20:36:18 - mmengine - INFO - Iter(val) [ 900/2445]    eta: 0:02:56  time: 0.1139  data_time: 0.0017  memory: 5152  
2026/02/05 20:36:30 - mmengine - INFO - Iter(val) [1000/2445]    eta: 0:02:44  time: 0.1142  data_time: 0.0017  memory: 5130  
2026/02/05 20:36:41 - mmengine - INFO - Iter(val) [1100/2445]    eta: 0:02:33  time: 0.1145  data_time: 0.0016  memory: 5139  
2026/02/05 20:36:53 - mmengine - INFO - Iter(val) [1200/2445]    eta: 0:02:22  time: 0.1143  data_time: 0.0016  memory: 5134  
2026/02/05 20:37:04 - mmengine - INFO - Iter(val) [1300/2445]    eta: 0:02:10  time: 0.1137  data_time: 0.0014  memory: 5121  
2026/02/05 20:37:15 - mmengine - INFO - Iter(val) [1400/2445]    eta: 0:01:59  time: 0.1143  data_time: 0.0015  memory: 5134  
2026/02/05 20:37:27 - mmengine - INFO - Iter(val) [1500/2445]    eta: 0:01:47  time: 0.1134  data_time: 0.0016  memory: 5151  
2026/02/05 20:37:38 - mmengine - INFO - Iter(val) [1600/2445]    eta: 0:01:36  time: 0.1136  data_time: 0.0015  memory: 5129  
2026/02/05 20:37:50 - mmengine - INFO - Iter(val) [1700/2445]    eta: 0:01:24  time: 0.1139  data_time: 0.0017  memory: 5132  
2026/02/05 20:38:01 - mmengine - INFO - Iter(val) [1800/2445]    eta: 0:01:13  time: 0.1133  data_time: 0.0014  memory: 5144  
2026/02/05 20:38:12 - mmengine - INFO - Iter(val) [1900/2445]    eta: 0:01:02  time: 0.1143  data_time: 0.0016  memory: 5132  
2026/02/05 20:38:24 - mmengine - INFO - Iter(val) [2000/2445]    eta: 0:00:50  time: 0.1138  data_time: 0.0015  memory: 5137  
2026/02/05 20:38:35 - mmengine - INFO - Iter(val) [2100/2445]    eta: 0:00:39  time: 0.1133  data_time: 0.0016  memory: 5137  
2026/02/05 20:38:46 - mmengine - INFO - Iter(val) [2200/2445]    eta: 0:00:27  time: 0.1138  data_time: 0.0015  memory: 5136  
2026/02/05 20:38:58 - mmengine - INFO - Iter(val) [2300/2445]    eta: 0:00:16  time: 0.1138  data_time: 0.0014  memory: 5148  
2026/02/05 20:39:09 - mmengine - INFO - Iter(val) [2400/2445]    eta: 0:00:05  time: 0.1137  data_time: 0.0016  memory: 5129  
2026/02/05 20:39:19 - mmengine - INFO - {'recall@1': 0.17093137314264262, 'recall@5': 0.4413093234193541, 'recall@10': 0.5753418021967376}
2026/02/05 20:39:19 - mmengine - INFO - Iter(val) [2445/2445]    lvis_fixed_ap/AP: 0.4160  lvis_fixed_ap/AP50: 0.5257  lvis_fixed_ap/AP75: 0.4424  lvis_fixed_ap/APs: 0.3797  lvis_fixed_ap/APm: 0.5411  lvis_fixed_ap/APl: 0.6120  lvis_fixed_ap/APr: 0.2916  lvis_fixed_ap/APc: 0.3625  lvis_fixed_ap/APf: 0.4858  odvg/recall@1: 0.1709  odvg/recall@5: 0.4413  odvg/recall@10: 0.5753  data_time: 0.0016  time: 0.1139
2026/02/05 20:41:03 - mmengine - INFO - Iter(train) [21100/25000]  base_lr: 1.0000e-06 lr: 1.0000e-06  eta: 1:11:16  time: 1.0274  data_time: 0.0149  memory: 25269  grad_norm: 22.1015  loss: 4.9819  loss_cls: 0.3337  loss_bbox: 0.0208  loss_iou: 0.0434  d0.loss_cls: 0.3547  d0.loss_bbox: 0.0241  d0.loss_iou: 0.0492  d1.loss_cls: 0.3493  d1.loss_bbox: 0.0210  d1.loss_iou: 0.0445  d2.loss_cls: 0.3423  d2.loss_bbox: 0.0210  d2.loss_iou: 0.0432  d3.loss_cls: 0.3375  d3.loss_bbox: 0.0207  d3.loss_iou: 0.0432  d4.loss_cls: 0.3332  d4.loss_bbox: 0.0208  d4.loss_iou: 0.0435  enc_loss_cls: 0.3718  enc_loss_bbox: 0.0375  enc_loss_iou: 0.0758  dn_loss_cls: 0.1200  dn_loss_bbox: 0.0211  dn_loss_iou: 0.0435  d0.dn_loss_cls: 0.2143  d0.dn_loss_bbox: 0.0558  d0.dn_loss_iou: 0.1120  d1.dn_loss_cls: 0.1736  d1.dn_loss_bbox: 0.0262  d1.dn_loss_iou: 0.0549  d2.dn_loss_cls: 0.1499  d2.dn_loss_bbox: 0.0220  d2.dn_loss_iou: 0.0454  d3.dn_loss_cls: 0.1336  d3.dn_loss_bbox: 0.0211  d3.dn_loss_iou: 0.0437  d4.dn_loss_cls: 0.1210  d4.dn_loss_bbox: 0.0210  d4.dn_loss_iou: 0.0434  d1.loss_lmm_region: 0.2095  loss_lmm_image: 0.4189
2026/02/05 20:42:46 - mmengine - INFO - Iter(train) [21200/25000]  base_lr: 1.0000e-06 lr: 1.0000e-06  eta: 1:09:20  time: 1.0478  data_time: 0.0151  memory: 25323  grad_norm: 22.7097  loss: 4.6411  loss_cls: 0.3070  loss_bbox: 0.0239  loss_iou: 0.0455  d0.loss_cls: 0.3311  d0.loss_bbox: 0.0263  d0.loss_iou: 0.0519  d1.loss_cls: 0.3220  d1.loss_bbox: 0.0224  d1.loss_iou: 0.0460  d2.loss_cls: 0.3160  d2.loss_bbox: 0.0225  d2.loss_iou: 0.0457  d3.loss_cls: 0.3162  d3.loss_bbox: 0.0221  d3.loss_iou: 0.0445  d4.loss_cls: 0.3077  d4.loss_bbox: 0.0239  d4.loss_iou: 0.0455  enc_loss_cls: 0.3431  enc_loss_bbox: 0.0389  enc_loss_iou: 0.0757  dn_loss_cls: 0.0970  dn_loss_bbox: 0.0212  dn_loss_iou: 0.0431  d0.dn_loss_cls: 0.1905  d0.dn_loss_bbox: 0.0535  d0.dn_loss_iou: 0.1072  d1.dn_loss_cls: 0.1498  d1.dn_loss_bbox: 0.0259  d1.dn_loss_iou: 0.0532  d2.dn_loss_cls: 0.1254  d2.dn_loss_bbox: 0.0220  d2.dn_loss_iou: 0.0451  d3.dn_loss_cls: 0.1111  d3.dn_loss_bbox: 0.0212  d3.dn_loss_iou: 0.0432  d4.dn_loss_cls: 0.0977  d4.dn_loss_bbox: 0.0212  d4.dn_loss_iou: 0.0431  d1.loss_lmm_region: 0.2130  loss_lmm_image: 0.3787
2026/02/05 20:44:29 - mmengine - INFO - Iter(train) [21300/25000]  base_lr: 1.0000e-06 lr: 1.0000e-06  eta: 1:07:22  time: 1.0246  data_time: 0.0142  memory: 25312  grad_norm: 20.8399  loss: 3.8964  loss_cls: 0.2480  loss_bbox: 0.0156  loss_iou: 0.0317  d0.loss_cls: 0.2632  d0.loss_bbox: 0.0184  d0.loss_iou: 0.0387  d1.loss_cls: 0.2562  d1.loss_bbox: 0.0159  d1.loss_iou: 0.0326  d2.loss_cls: 0.2542  d2.loss_bbox: 0.0155  d2.loss_iou: 0.0319  d3.loss_cls: 0.2526  d3.loss_bbox: 0.0155  d3.loss_iou: 0.0317  d4.loss_cls: 0.2485  d4.loss_bbox: 0.0157  d4.loss_iou: 0.0318  enc_loss_cls: 0.2750  enc_loss_bbox: 0.0279  enc_loss_iou: 0.0562  dn_loss_cls: 0.0921  dn_loss_bbox: 0.0174  dn_loss_iou: 0.0351  d0.dn_loss_cls: 0.1700  d0.dn_loss_bbox: 0.0454  d0.dn_loss_iou: 0.0889  d1.dn_loss_cls: 0.1354  d1.dn_loss_bbox: 0.0207  d1.dn_loss_iou: 0.0429  d2.dn_loss_cls: 0.1153  d2.dn_loss_bbox: 0.0178  d2.dn_loss_iou: 0.0367  d3.dn_loss_cls: 0.1013  d3.dn_loss_bbox: 0.0174  d3.dn_loss_iou: 0.0351  d4.dn_loss_cls: 0.0925  d4.dn_loss_bbox: 0.0174  d4.dn_loss_iou: 0.0351  d1.loss_lmm_region: 0.1890  loss_lmm_image: 0.4140
2026/02/05 20:46:12 - mmengine - INFO - Iter(train) [21400/25000]  base_lr: 1.0000e-06 lr: 1.0000e-06  eta: 1:05:27  time: 1.0348  data_time: 0.0143  memory: 25251  grad_norm: 23.4035  loss: 3.7708  loss_cls: 0.2384  loss_bbox: 0.0175  loss_iou: 0.0299  d0.loss_cls: 0.2590  d0.loss_bbox: 0.0196  d0.loss_iou: 0.0330  d1.loss_cls: 0.2513  d1.loss_bbox: 0.0181  d1.loss_iou: 0.0308  d2.loss_cls: 0.2426  d2.loss_bbox: 0.0177  d2.loss_iou: 0.0303  d3.loss_cls: 0.2393  d3.loss_bbox: 0.0174  d3.loss_iou: 0.0299  d4.loss_cls: 0.2381  d4.loss_bbox: 0.0175  d4.loss_iou: 0.0298  enc_loss_cls: 0.2700  enc_loss_bbox: 0.0307  enc_loss_iou: 0.0529  dn_loss_cls: 0.0938  dn_loss_bbox: 0.0181  dn_loss_iou: 0.0326  d0.dn_loss_cls: 0.1603  d0.dn_loss_bbox: 0.0449  d0.dn_loss_iou: 0.0794  d1.dn_loss_cls: 0.1318  d1.dn_loss_bbox: 0.0220  d1.dn_loss_iou: 0.0388  d2.dn_loss_cls: 0.1156  d2.dn_loss_bbox: 0.0191  d2.dn_loss_iou: 0.0339  d3.dn_loss_cls: 0.1040  d3.dn_loss_bbox: 0.0181  d3.dn_loss_iou: 0.0327  d4.dn_loss_cls: 0.0958  d4.dn_loss_bbox: 0.0181  d4.dn_loss_iou: 0.0327  d1.loss_lmm_region: 0.1618  loss_lmm_image: 0.4036
2026/02/05 20:47:55 - mmengine - INFO - Iter(train) [21500/25000]  base_lr: 1.0000e-06 lr: 1.0000e-06  eta: 1:03:31  time: 1.0235  data_time: 0.0147  memory: 25262  grad_norm: 22.2356  loss: 4.2783  loss_cls: 0.2831  loss_bbox: 0.0190  loss_iou: 0.0407  d0.loss_cls: 0.3035  d0.loss_bbox: 0.0215  d0.loss_iou: 0.0479  d1.loss_cls: 0.2947  d1.loss_bbox: 0.0199  d1.loss_iou: 0.0421  d2.loss_cls: 0.2891  d2.loss_bbox: 0.0193  d2.loss_iou: 0.0417  d3.loss_cls: 0.2882  d3.loss_bbox: 0.0191  d3.loss_iou: 0.0409  d4.loss_cls: 0.2828  d4.loss_bbox: 0.0190  d4.loss_iou: 0.0406  enc_loss_cls: 0.3191  enc_loss_bbox: 0.0335  enc_loss_iou: 0.0716  dn_loss_cls: 0.0803  dn_loss_bbox: 0.0203  dn_loss_iou: 0.0439  d0.dn_loss_cls: 0.1749  d0.dn_loss_bbox: 0.0501  d0.dn_loss_iou: 0.1056  d1.dn_loss_cls: 0.1324  d1.dn_loss_bbox: 0.0244  d1.dn_loss_iou: 0.0528  d2.dn_loss_cls: 0.1080  d2.dn_loss_bbox: 0.0214  d2.dn_loss_iou: 0.0459  d3.dn_loss_cls: 0.0938  d3.dn_loss_bbox: 0.0205  d3.dn_loss_iou: 0.0441  d4.dn_loss_cls: 0.0806  d4.dn_loss_bbox: 0.0204  d4.dn_loss_iou: 0.0440  d1.loss_lmm_region: 0.2020  loss_lmm_image: 0.3757
2026/02/05 20:49:39 - mmengine - INFO - Iter(train) [21600/25000]  base_lr: 1.0000e-06 lr: 1.0000e-06  eta: 1:01:37  time: 1.0281  data_time: 0.0146  memory: 25237  grad_norm: 21.1774  loss: 4.1390  loss_cls: 0.2680  loss_bbox: 0.0171  loss_iou: 0.0346  d0.loss_cls: 0.2825  d0.loss_bbox: 0.0196  d0.loss_iou: 0.0398  d1.loss_cls: 0.2780  d1.loss_bbox: 0.0179  d1.loss_iou: 0.0355  d2.loss_cls: 0.2750  d2.loss_bbox: 0.0172  d2.loss_iou: 0.0343  d3.loss_cls: 0.2725  d3.loss_bbox: 0.0168  d3.loss_iou: 0.0339  d4.loss_cls: 0.2680  d4.loss_bbox: 0.0171  d4.loss_iou: 0.0345  enc_loss_cls: 0.2916  enc_loss_bbox: 0.0299  enc_loss_iou: 0.0580  dn_loss_cls: 0.0969  dn_loss_bbox: 0.0188  dn_loss_iou: 0.0383  d0.dn_loss_cls: 0.1790  d0.dn_loss_bbox: 0.0471  d0.dn_loss_iou: 0.0947  d1.dn_loss_cls: 0.1413  d1.dn_loss_bbox: 0.0234  d1.dn_loss_iou: 0.0475  d2.dn_loss_cls: 0.1196  d2.dn_loss_bbox: 0.0193  d2.dn_loss_iou: 0.0397  d3.dn_loss_cls: 0.1071  d3.dn_loss_bbox: 0.0189  d3.dn_loss_iou: 0.0387  d4.dn_loss_cls: 0.0984  d4.dn_loss_bbox: 0.0188  d4.dn_loss_iou: 0.0384  d1.loss_lmm_region: 0.2005  loss_lmm_image: 0.4112
2026/02/05 20:51:22 - mmengine - INFO - Iter(train) [21700/25000]  base_lr: 1.0000e-06 lr: 1.0000e-06  eta: 0:59:43  time: 1.0343  data_time: 0.0145  memory: 25318  grad_norm: 22.1154  loss: 4.0923  loss_cls: 0.2580  loss_bbox: 0.0180  loss_iou: 0.0333  d0.loss_cls: 0.2796  d0.loss_bbox: 0.0215  d0.loss_iou: 0.0408  d1.loss_cls: 0.2743  d1.loss_bbox: 0.0186  d1.loss_iou: 0.0351  d2.loss_cls: 0.2668  d2.loss_bbox: 0.0175  d2.loss_iou: 0.0332  d3.loss_cls: 0.2625  d3.loss_bbox: 0.0180  d3.loss_iou: 0.0333  d4.loss_cls: 0.2575  d4.loss_bbox: 0.0179  d4.loss_iou: 0.0332  enc_loss_cls: 0.2898  enc_loss_bbox: 0.0352  enc_loss_iou: 0.0624  dn_loss_cls: 0.0881  dn_loss_bbox: 0.0181  dn_loss_iou: 0.0339  d0.dn_loss_cls: 0.1711  d0.dn_loss_bbox: 0.0514  d0.dn_loss_iou: 0.0920  d1.dn_loss_cls: 0.1336  d1.dn_loss_bbox: 0.0228  d1.dn_loss_iou: 0.0422  d2.dn_loss_cls: 0.1130  d2.dn_loss_bbox: 0.0189  d2.dn_loss_iou: 0.0354  d3.dn_loss_cls: 0.0996  d3.dn_loss_bbox: 0.0180  d3.dn_loss_iou: 0.0337  d4.dn_loss_cls: 0.0888  d4.dn_loss_bbox: 0.0181  d4.dn_loss_iou: 0.0339  d1.loss_lmm_region: 0.2030  loss_lmm_image: 0.4704
2026/02/05 20:53:05 - mmengine - INFO - Iter(train) [21800/25000]  base_lr: 1.0000e-06 lr: 1.0000e-06  eta: 0:57:50  time: 1.0314  data_time: 0.0145  memory: 25227  grad_norm: 22.7291  loss: 4.1139  loss_cls: 0.2693  loss_bbox: 0.0182  loss_iou: 0.0388  d0.loss_cls: 0.2908  d0.loss_bbox: 0.0211  d0.loss_iou: 0.0449  d1.loss_cls: 0.2803  d1.loss_bbox: 0.0188  d1.loss_iou: 0.0401  d2.loss_cls: 0.2773  d2.loss_bbox: 0.0185  d2.loss_iou: 0.0391  d3.loss_cls: 0.2756  d3.loss_bbox: 0.0182  d3.loss_iou: 0.0388  d4.loss_cls: 0.2693  d4.loss_bbox: 0.0183  d4.loss_iou: 0.0388  enc_loss_cls: 0.3015  enc_loss_bbox: 0.0311  enc_loss_iou: 0.0646  dn_loss_cls: 0.0765  dn_loss_bbox: 0.0194  dn_loss_iou: 0.0400  d0.dn_loss_cls: 0.1647  d0.dn_loss_bbox: 0.0453  d0.dn_loss_iou: 0.0926  d1.dn_loss_cls: 0.1262  d1.dn_loss_bbox: 0.0233  d1.dn_loss_iou: 0.0479  d2.dn_loss_cls: 0.1033  d2.dn_loss_bbox: 0.0201  d2.dn_loss_iou: 0.0416  d3.dn_loss_cls: 0.0867  d3.dn_loss_bbox: 0.0195  d3.dn_loss_iou: 0.0400  d4.dn_loss_cls: 0.0760  d4.dn_loss_bbox: 0.0193  d4.dn_loss_iou: 0.0400  d1.loss_lmm_region: 0.2019  loss_lmm_image: 0.4164
2026/02/05 20:54:48 - mmengine - INFO - Iter(train) [21900/25000]  base_lr: 1.0000e-06 lr: 1.0000e-06  eta: 0:55:58  time: 1.0416  data_time: 0.0145  memory: 25246  grad_norm: 24.4930  loss: 4.0937  loss_cls: 0.2769  loss_bbox: 0.0194  loss_iou: 0.0403  d0.loss_cls: 0.2980  d0.loss_bbox: 0.0206  d0.loss_iou: 0.0442  d1.loss_cls: 0.2908  d1.loss_bbox: 0.0193  d1.loss_iou: 0.0411  d2.loss_cls: 0.2838  d2.loss_bbox: 0.0195  d2.loss_iou: 0.0407  d3.loss_cls: 0.2800  d3.loss_bbox: 0.0192  d3.loss_iou: 0.0400  d4.loss_cls: 0.2761  d4.loss_bbox: 0.0194  d4.loss_iou: 0.0402  enc_loss_cls: 0.3089  enc_loss_bbox: 0.0303  enc_loss_iou: 0.0624  dn_loss_cls: 0.0640  dn_loss_bbox: 0.0203  dn_loss_iou: 0.0403  d0.dn_loss_cls: 0.1572  d0.dn_loss_bbox: 0.0480  d0.dn_loss_iou: 0.0938  d1.dn_loss_cls: 0.1161  d1.dn_loss_bbox: 0.0239  d1.dn_loss_iou: 0.0481  d2.dn_loss_cls: 0.0917  d2.dn_loss_bbox: 0.0204  d2.dn_loss_iou: 0.0413  d3.dn_loss_cls: 0.0758  d3.dn_loss_bbox: 0.0200  d3.dn_loss_iou: 0.0400  d4.dn_loss_cls: 0.0643  d4.dn_loss_bbox: 0.0202  d4.dn_loss_iou: 0.0403  d1.loss_lmm_region: 0.1818  loss_lmm_image: 0.4148
2026/02/05 20:56:31 - mmengine - INFO - Exp name: grounding_dino_swin_t_20260205_192927
2026/02/05 20:56:31 - mmengine - INFO - Iter(train) [22000/25000]  base_lr: 1.0000e-06 lr: 1.0000e-06  eta: 0:54:05  time: 1.0269  data_time: 0.0146  memory: 25320  grad_norm: 22.1318  loss: 4.0385  loss_cls: 0.2703  loss_bbox: 0.0193  loss_iou: 0.0341  d0.loss_cls: 0.2938  d0.loss_bbox: 0.0197  d0.loss_iou: 0.0372  d1.loss_cls: 0.2847  d1.loss_bbox: 0.0182  d1.loss_iou: 0.0337  d2.loss_cls: 0.2812  d2.loss_bbox: 0.0171  d2.loss_iou: 0.0320  d3.loss_cls: 0.2807  d3.loss_bbox: 0.0173  d3.loss_iou: 0.0325  d4.loss_cls: 0.2723  d4.loss_bbox: 0.0193  d4.loss_iou: 0.0340  enc_loss_cls: 0.3058  enc_loss_bbox: 0.0304  enc_loss_iou: 0.0563  dn_loss_cls: 0.0781  dn_loss_bbox: 0.0193  dn_loss_iou: 0.0334  d0.dn_loss_cls: 0.1643  d0.dn_loss_bbox: 0.0530  d0.dn_loss_iou: 0.0897  d1.dn_loss_cls: 0.1255  d1.dn_loss_bbox: 0.0247  d1.dn_loss_iou: 0.0421  d2.dn_loss_cls: 0.1044  d2.dn_loss_bbox: 0.0200  d2.dn_loss_iou: 0.0350  d3.dn_loss_cls: 0.0895  d3.dn_loss_bbox: 0.0192  d3.dn_loss_iou: 0.0336  d4.dn_loss_cls: 0.0799  d4.dn_loss_bbox: 0.0192  d4.dn_loss_iou: 0.0334  d1.loss_lmm_region: 0.1963  loss_lmm_image: 0.3882
2026/02/05 20:56:42 - mmengine - INFO - Iter(val) [ 100/2445]    eta: 0:04:30  time: 0.1136  data_time: 0.0014  memory: 5168  
2026/02/05 20:56:54 - mmengine - INFO - Iter(val) [ 200/2445]    eta: 0:04:17  time: 0.1143  data_time: 0.0016  memory: 5137  
2026/02/05 20:57:05 - mmengine - INFO - Iter(val) [ 300/2445]    eta: 0:04:06  time: 0.1148  data_time: 0.0016  memory: 5138  
2026/02/05 20:57:17 - mmengine - INFO - Iter(val) [ 400/2445]    eta: 0:03:54  time: 0.1146  data_time: 0.0015  memory: 5145  
2026/02/05 20:57:28 - mmengine - INFO - Iter(val) [ 500/2445]    eta: 0:03:42  time: 0.1141  data_time: 0.0016  memory: 5152  
2026/02/05 20:57:40 - mmengine - INFO - Iter(val) [ 600/2445]    eta: 0:03:31  time: 0.1142  data_time: 0.0015  memory: 5129  
2026/02/05 20:57:51 - mmengine - INFO - Iter(val) [ 700/2445]    eta: 0:03:19  time: 0.1151  data_time: 0.0016  memory: 5144  
2026/02/05 20:58:02 - mmengine - INFO - Iter(val) [ 800/2445]    eta: 0:03:08  time: 0.1128  data_time: 0.0014  memory: 5129  
2026/02/05 20:58:14 - mmengine - INFO - Iter(val) [ 900/2445]    eta: 0:02:56  time: 0.1134  data_time: 0.0015  memory: 5152  
2026/02/05 20:58:25 - mmengine - INFO - Iter(val) [1000/2445]    eta: 0:02:45  time: 0.1141  data_time: 0.0015  memory: 5130  
2026/02/05 20:58:37 - mmengine - INFO - Iter(val) [1100/2445]    eta: 0:02:33  time: 0.1140  data_time: 0.0016  memory: 5139  
2026/02/05 20:58:48 - mmengine - INFO - Iter(val) [1200/2445]    eta: 0:02:22  time: 0.1141  data_time: 0.0016  memory: 5134  
2026/02/05 20:59:00 - mmengine - INFO - Iter(val) [1300/2445]    eta: 0:02:10  time: 0.1140  data_time: 0.0015  memory: 5121  
2026/02/05 20:59:11 - mmengine - INFO - Iter(val) [1400/2445]    eta: 0:01:59  time: 0.1146  data_time: 0.0016  memory: 5134  
2026/02/05 20:59:22 - mmengine - INFO - Iter(val) [1500/2445]    eta: 0:01:47  time: 0.1135  data_time: 0.0015  memory: 5151  
2026/02/05 20:59:34 - mmengine - INFO - Iter(val) [1600/2445]    eta: 0:01:36  time: 0.1134  data_time: 0.0014  memory: 5129  
2026/02/05 20:59:45 - mmengine - INFO - Iter(val) [1700/2445]    eta: 0:01:25  time: 0.1141  data_time: 0.0015  memory: 5132  
2026/02/05 20:59:56 - mmengine - INFO - Iter(val) [1800/2445]    eta: 0:01:13  time: 0.1135  data_time: 0.0015  memory: 5144  
2026/02/05 21:00:08 - mmengine - INFO - Iter(val) [1900/2445]    eta: 0:01:02  time: 0.1146  data_time: 0.0015  memory: 5132  
2026/02/05 21:00:19 - mmengine - INFO - Iter(val) [2000/2445]    eta: 0:00:50  time: 0.1140  data_time: 0.0015  memory: 5137  
2026/02/05 21:00:31 - mmengine - INFO - Iter(val) [2100/2445]    eta: 0:00:39  time: 0.1138  data_time: 0.0016  memory: 5137  
2026/02/05 21:00:42 - mmengine - INFO - Iter(val) [2200/2445]    eta: 0:00:27  time: 0.1146  data_time: 0.0017  memory: 5136  
2026/02/05 21:00:54 - mmengine - INFO - Iter(val) [2300/2445]    eta: 0:00:16  time: 0.1143  data_time: 0.0015  memory: 5148  
2026/02/05 21:01:05 - mmengine - INFO - Iter(val) [2400/2445]    eta: 0:00:05  time: 0.1144  data_time: 0.0017  memory: 5129  
2026/02/05 21:01:20 - mmengine - INFO - {'recall@1': 0.188720830255398, 'recall@5': 0.47934654928127685, 'recall@10': 0.6144810298267072}
2026/02/05 21:01:20 - mmengine - INFO - Iter(val) [2445/2445]    lvis_fixed_ap/AP: 0.4160  lvis_fixed_ap/AP50: 0.5257  lvis_fixed_ap/AP75: 0.4424  lvis_fixed_ap/APs: 0.3797  lvis_fixed_ap/APm: 0.5411  lvis_fixed_ap/APl: 0.6120  lvis_fixed_ap/APr: 0.2916  lvis_fixed_ap/APc: 0.3625  lvis_fixed_ap/APf: 0.4858  odvg/recall@1: 0.1887  odvg/recall@5: 0.4793  odvg/recall@10: 0.6145  data_time: 0.0016  time: 0.1142
2026/02/05 21:03:03 - mmengine - INFO - Iter(train) [22100/25000]  base_lr: 1.0000e-06 lr: 1.0000e-06  eta: 0:52:20  time: 1.0203  data_time: 0.0146  memory: 25317  grad_norm: 22.9933  loss: 4.0419  loss_cls: 0.2687  loss_bbox: 0.0151  loss_iou: 0.0331  d0.loss_cls: 0.2897  d0.loss_bbox: 0.0198  d0.loss_iou: 0.0399  d1.loss_cls: 0.2843  d1.loss_bbox: 0.0168  d1.loss_iou: 0.0357  d2.loss_cls: 0.2743  d2.loss_bbox: 0.0154  d2.loss_iou: 0.0340  d3.loss_cls: 0.2727  d3.loss_bbox: 0.0152  d3.loss_iou: 0.0331  d4.loss_cls: 0.2690  d4.loss_bbox: 0.0151  d4.loss_iou: 0.0330  enc_loss_cls: 0.3003  enc_loss_bbox: 0.0303  enc_loss_iou: 0.0630  dn_loss_cls: 0.0845  dn_loss_bbox: 0.0166  dn_loss_iou: 0.0363  d0.dn_loss_cls: 0.1699  d0.dn_loss_bbox: 0.0484  d0.dn_loss_iou: 0.0968  d1.dn_loss_cls: 0.1332  d1.dn_loss_bbox: 0.0227  d1.dn_loss_iou: 0.0471  d2.dn_loss_cls: 0.1112  d2.dn_loss_bbox: 0.0179  d2.dn_loss_iou: 0.0384  d3.dn_loss_cls: 0.0953  d3.dn_loss_bbox: 0.0169  d3.dn_loss_iou: 0.0366  d4.dn_loss_cls: 0.0857  d4.dn_loss_bbox: 0.0167  d4.dn_loss_iou: 0.0364  d1.loss_lmm_region: 0.1816  loss_lmm_image: 0.3915
2026/02/05 21:04:46 - mmengine - INFO - Iter(train) [22200/25000]  base_lr: 1.0000e-06 lr: 1.0000e-06  eta: 0:50:28  time: 1.0325  data_time: 0.0145  memory: 25304  grad_norm: 21.0255  loss: 3.8756  loss_cls: 0.2668  loss_bbox: 0.0169  loss_iou: 0.0327  d0.loss_cls: 0.2861  d0.loss_bbox: 0.0189  d0.loss_iou: 0.0372  d1.loss_cls: 0.2804  d1.loss_bbox: 0.0177  d1.loss_iou: 0.0341  d2.loss_cls: 0.2753  d2.loss_bbox: 0.0171  d2.loss_iou: 0.0330  d3.loss_cls: 0.2732  d3.loss_bbox: 0.0168  d3.loss_iou: 0.0326  d4.loss_cls: 0.2679  d4.loss_bbox: 0.0168  d4.loss_iou: 0.0326  enc_loss_cls: 0.2947  enc_loss_bbox: 0.0288  enc_loss_iou: 0.0563  dn_loss_cls: 0.0667  dn_loss_bbox: 0.0177  dn_loss_iou: 0.0343  d0.dn_loss_cls: 0.1517  d0.dn_loss_bbox: 0.0449  d0.dn_loss_iou: 0.0876  d1.dn_loss_cls: 0.1129  d1.dn_loss_bbox: 0.0224  d1.dn_loss_iou: 0.0423  d2.dn_loss_cls: 0.0907  d2.dn_loss_bbox: 0.0186  d2.dn_loss_iou: 0.0363  d3.dn_loss_cls: 0.0769  d3.dn_loss_bbox: 0.0178  d3.dn_loss_iou: 0.0346  d4.dn_loss_cls: 0.0671  d4.dn_loss_bbox: 0.0177  d4.dn_loss_iou: 0.0344  d1.loss_lmm_region: 0.1858  loss_lmm_image: 0.3794
2026/02/05 21:06:29 - mmengine - INFO - Iter(train) [22300/25000]  base_lr: 1.0000e-06 lr: 1.0000e-06  eta: 0:48:37  time: 1.0299  data_time: 0.0144  memory: 25202  grad_norm: 21.5983  loss: 4.3279  loss_cls: 0.3073  loss_bbox: 0.0177  loss_iou: 0.0372  d0.loss_cls: 0.3299  d0.loss_bbox: 0.0213  d0.loss_iou: 0.0438  d1.loss_cls: 0.3220  d1.loss_bbox: 0.0185  d1.loss_iou: 0.0386  d2.loss_cls: 0.3145  d2.loss_bbox: 0.0177  d2.loss_iou: 0.0379  d3.loss_cls: 0.3133  d3.loss_bbox: 0.0176  d3.loss_iou: 0.0372  d4.loss_cls: 0.3079  d4.loss_bbox: 0.0178  d4.loss_iou: 0.0373  enc_loss_cls: 0.3476  enc_loss_bbox: 0.0323  enc_loss_iou: 0.0646  dn_loss_cls: 0.0757  dn_loss_bbox: 0.0186  dn_loss_iou: 0.0394  d0.dn_loss_cls: 0.1794  d0.dn_loss_bbox: 0.0514  d0.dn_loss_iou: 0.1000  d1.dn_loss_cls: 0.1303  d1.dn_loss_bbox: 0.0239  d1.dn_loss_iou: 0.0488  d2.dn_loss_cls: 0.1034  d2.dn_loss_bbox: 0.0193  d2.dn_loss_iou: 0.0405  d3.dn_loss_cls: 0.0870  d3.dn_loss_bbox: 0.0188  d3.dn_loss_iou: 0.0394  d4.dn_loss_cls: 0.0756  d4.dn_loss_bbox: 0.0186  d4.dn_loss_iou: 0.0393  d1.loss_lmm_region: 0.1914  loss_lmm_image: 0.3453
2026/02/05 21:08:13 - mmengine - INFO - Iter(train) [22400/25000]  base_lr: 1.0000e-06 lr: 1.0000e-06  eta: 0:46:46  time: 1.0469  data_time: 0.0147  memory: 25255  grad_norm: 19.8124  loss: 4.1425  loss_cls: 0.2836  loss_bbox: 0.0156  loss_iou: 0.0316  d0.loss_cls: 0.3035  d0.loss_bbox: 0.0178  d0.loss_iou: 0.0360  d1.loss_cls: 0.2991  d1.loss_bbox: 0.0170  d1.loss_iou: 0.0338  d2.loss_cls: 0.2904  d2.loss_bbox: 0.0159  d2.loss_iou: 0.0319  d3.loss_cls: 0.2890  d3.loss_bbox: 0.0157  d3.loss_iou: 0.0319  d4.loss_cls: 0.2833  d4.loss_bbox: 0.0156  d4.loss_iou: 0.0317  enc_loss_cls: 0.3156  enc_loss_bbox: 0.0297  enc_loss_iou: 0.0586  dn_loss_cls: 0.0842  dn_loss_bbox: 0.0168  dn_loss_iou: 0.0342  d0.dn_loss_cls: 0.1776  d0.dn_loss_bbox: 0.0479  d0.dn_loss_iou: 0.0916  d1.dn_loss_cls: 0.1369  d1.dn_loss_bbox: 0.0216  d1.dn_loss_iou: 0.0441  d2.dn_loss_cls: 0.1126  d2.dn_loss_bbox: 0.0175  d2.dn_loss_iou: 0.0362  d3.dn_loss_cls: 0.0948  d3.dn_loss_bbox: 0.0170  d3.dn_loss_iou: 0.0343  d4.dn_loss_cls: 0.0849  d4.dn_loss_bbox: 0.0169  d4.dn_loss_iou: 0.0342  d1.loss_lmm_region: 0.1935  loss_lmm_image: 0.3986
2026/02/05 21:09:55 - mmengine - INFO - Iter(train) [22500/25000]  base_lr: 1.0000e-06 lr: 1.0000e-06  eta: 0:44:56  time: 1.0333  data_time: 0.0145  memory: 25228  grad_norm: 22.2152  loss: 3.7222  loss_cls: 0.2606  loss_bbox: 0.0160  loss_iou: 0.0337  d0.loss_cls: 0.2806  d0.loss_bbox: 0.0172  d0.loss_iou: 0.0382  d1.loss_cls: 0.2736  d1.loss_bbox: 0.0162  d1.loss_iou: 0.0346  d2.loss_cls: 0.2666  d2.loss_bbox: 0.0160  d2.loss_iou: 0.0337  d3.loss_cls: 0.2645  d3.loss_bbox: 0.0160  d3.loss_iou: 0.0337  d4.loss_cls: 0.2611  d4.loss_bbox: 0.0160  d4.loss_iou: 0.0337  enc_loss_cls: 0.2918  enc_loss_bbox: 0.0279  enc_loss_iou: 0.0582  dn_loss_cls: 0.0533  dn_loss_bbox: 0.0158  dn_loss_iou: 0.0334  d0.dn_loss_cls: 0.1407  d0.dn_loss_bbox: 0.0427  d0.dn_loss_iou: 0.0876  d1.dn_loss_cls: 0.0985  d1.dn_loss_bbox: 0.0191  d1.dn_loss_iou: 0.0411  d2.dn_loss_cls: 0.0763  d2.dn_loss_bbox: 0.0161  d2.dn_loss_iou: 0.0343  d3.dn_loss_cls: 0.0629  d3.dn_loss_bbox: 0.0158  d3.dn_loss_iou: 0.0336  d4.dn_loss_cls: 0.0539  d4.dn_loss_bbox: 0.0158  d4.dn_loss_iou: 0.0334  d1.loss_lmm_region: 0.1753  loss_lmm_image: 0.3826
2026/02/05 21:09:55 - mmengine - INFO - Saving checkpoint at 22500 iterations
2026/02/05 21:11:47 - mmengine - INFO - Iter(train) [22600/25000]  base_lr: 1.0000e-06 lr: 1.0000e-06  eta: 0:43:10  time: 1.0303  data_time: 0.0144  memory: 25347  grad_norm: 21.7495  loss: 3.7191  loss_cls: 0.2561  loss_bbox: 0.0144  loss_iou: 0.0297  d0.loss_cls: 0.2799  d0.loss_bbox: 0.0161  d0.loss_iou: 0.0338  d1.loss_cls: 0.2745  d1.loss_bbox: 0.0139  d1.loss_iou: 0.0290  d2.loss_cls: 0.2672  d2.loss_bbox: 0.0140  d2.loss_iou: 0.0289  d3.loss_cls: 0.2640  d3.loss_bbox: 0.0140  d3.loss_iou: 0.0290  d4.loss_cls: 0.2564  d4.loss_bbox: 0.0144  d4.loss_iou: 0.0297  enc_loss_cls: 0.2896  enc_loss_bbox: 0.0268  enc_loss_iou: 0.0516  dn_loss_cls: 0.0689  dn_loss_bbox: 0.0144  dn_loss_iou: 0.0296  d0.dn_loss_cls: 0.1549  d0.dn_loss_bbox: 0.0428  d0.dn_loss_iou: 0.0845  d1.dn_loss_cls: 0.1134  d1.dn_loss_bbox: 0.0187  d1.dn_loss_iou: 0.0387  d2.dn_loss_cls: 0.0922  d2.dn_loss_bbox: 0.0153  d2.dn_loss_iou: 0.0310  d3.dn_loss_cls: 0.0782  d3.dn_loss_bbox: 0.0145  d3.dn_loss_iou: 0.0297  d4.dn_loss_cls: 0.0696  d4.dn_loss_bbox: 0.0144  d4.dn_loss_iou: 0.0297  d1.loss_lmm_region: 0.1866  loss_lmm_image: 0.3591
2026/02/05 21:13:30 - mmengine - INFO - Iter(train) [22700/25000]  base_lr: 1.0000e-06 lr: 1.0000e-06  eta: 0:41:20  time: 1.0300  data_time: 0.0144  memory: 25268  grad_norm: 23.1281  loss: 3.7521  loss_cls: 0.2492  loss_bbox: 0.0190  loss_iou: 0.0354  d0.loss_cls: 0.2724  d0.loss_bbox: 0.0217  d0.loss_iou: 0.0414  d1.loss_cls: 0.2655  d1.loss_bbox: 0.0194  d1.loss_iou: 0.0366  d2.loss_cls: 0.2561  d2.loss_bbox: 0.0191  d2.loss_iou: 0.0353  d3.loss_cls: 0.2534  d3.loss_bbox: 0.0189  d3.loss_iou: 0.0353  d4.loss_cls: 0.2495  d4.loss_bbox: 0.0189  d4.loss_iou: 0.0353  enc_loss_cls: 0.2817  enc_loss_bbox: 0.0339  enc_loss_iou: 0.0637  dn_loss_cls: 0.0506  dn_loss_bbox: 0.0197  dn_loss_iou: 0.0365  d0.dn_loss_cls: 0.1430  d0.dn_loss_bbox: 0.0457  d0.dn_loss_iou: 0.0890  d1.dn_loss_cls: 0.0989  d1.dn_loss_bbox: 0.0236  d1.dn_loss_iou: 0.0445  d2.dn_loss_cls: 0.0750  d2.dn_loss_bbox: 0.0204  d2.dn_loss_iou: 0.0376  d3.dn_loss_cls: 0.0598  d3.dn_loss_bbox: 0.0198  d3.dn_loss_iou: 0.0365  d4.dn_loss_cls: 0.0506  d4.dn_loss_bbox: 0.0197  d4.dn_loss_iou: 0.0365  d1.loss_lmm_region: 0.1813  loss_lmm_image: 0.4013
2026/02/05 21:15:14 - mmengine - INFO - Iter(train) [22800/25000]  base_lr: 1.0000e-06 lr: 1.0000e-06  eta: 0:39:30  time: 1.0280  data_time: 0.0144  memory: 25293  grad_norm: 22.5355  loss: 3.5834  loss_cls: 0.2324  loss_bbox: 0.0183  loss_iou: 0.0342  d0.loss_cls: 0.2553  d0.loss_bbox: 0.0206  d0.loss_iou: 0.0387  d1.loss_cls: 0.2492  d1.loss_bbox: 0.0192  d1.loss_iou: 0.0359  d2.loss_cls: 0.2413  d2.loss_bbox: 0.0182  d2.loss_iou: 0.0345  d3.loss_cls: 0.2386  d3.loss_bbox: 0.0180  d3.loss_iou: 0.0340  d4.loss_cls: 0.2333  d4.loss_bbox: 0.0182  d4.loss_iou: 0.0342  enc_loss_cls: 0.2644  enc_loss_bbox: 0.0297  enc_loss_iou: 0.0550  dn_loss_cls: 0.0576  dn_loss_bbox: 0.0181  dn_loss_iou: 0.0351  d0.dn_loss_cls: 0.1358  d0.dn_loss_bbox: 0.0419  d0.dn_loss_iou: 0.0799  d1.dn_loss_cls: 0.0975  d1.dn_loss_bbox: 0.0217  d1.dn_loss_iou: 0.0417  d2.dn_loss_cls: 0.0786  d2.dn_loss_bbox: 0.0187  d2.dn_loss_iou: 0.0360  d3.dn_loss_cls: 0.0639  d3.dn_loss_bbox: 0.0183  d3.dn_loss_iou: 0.0354  d4.dn_loss_cls: 0.0578  d4.dn_loss_bbox: 0.0181  d4.dn_loss_iou: 0.0353  d1.loss_lmm_region: 0.1679  loss_lmm_image: 0.4009
2026/02/05 21:16:57 - mmengine - INFO - Iter(train) [22900/25000]  base_lr: 1.0000e-06 lr: 1.0000e-06  eta: 0:37:40  time: 1.0414  data_time: 0.0144  memory: 25271  grad_norm: 22.6970  loss: 3.7831  loss_cls: 0.2592  loss_bbox: 0.0157  loss_iou: 0.0317  d0.loss_cls: 0.2789  d0.loss_bbox: 0.0194  d0.loss_iou: 0.0371  d1.loss_cls: 0.2710  d1.loss_bbox: 0.0165  d1.loss_iou: 0.0326  d2.loss_cls: 0.2618  d2.loss_bbox: 0.0158  d2.loss_iou: 0.0317  d3.loss_cls: 0.2618  d3.loss_bbox: 0.0156  d3.loss_iou: 0.0317  d4.loss_cls: 0.2595  d4.loss_bbox: 0.0157  d4.loss_iou: 0.0318  enc_loss_cls: 0.2872  enc_loss_bbox: 0.0311  enc_loss_iou: 0.0603  dn_loss_cls: 0.0592  dn_loss_bbox: 0.0160  dn_loss_iou: 0.0326  d0.dn_loss_cls: 0.1418  d0.dn_loss_bbox: 0.0505  d0.dn_loss_iou: 0.0921  d1.dn_loss_cls: 0.0996  d1.dn_loss_bbox: 0.0217  d1.dn_loss_iou: 0.0424  d2.dn_loss_cls: 0.0783  d2.dn_loss_bbox: 0.0170  d2.dn_loss_iou: 0.0347  d3.dn_loss_cls: 0.0665  d3.dn_loss_bbox: 0.0161  d3.dn_loss_iou: 0.0329  d4.dn_loss_cls: 0.0597  d4.dn_loss_bbox: 0.0160  d4.dn_loss_iou: 0.0325  d1.loss_lmm_region: 0.1914  loss_lmm_image: 0.4161
2026/02/05 21:18:40 - mmengine - INFO - Exp name: grounding_dino_swin_t_20260205_192927
2026/02/05 21:18:40 - mmengine - INFO - Iter(train) [23000/25000]  base_lr: 1.0000e-06 lr: 1.0000e-06  eta: 0:35:51  time: 1.0260  data_time: 0.0147  memory: 25221  grad_norm: 23.9941  loss: 3.6278  loss_cls: 0.2499  loss_bbox: 0.0142  loss_iou: 0.0326  d0.loss_cls: 0.2650  d0.loss_bbox: 0.0173  d0.loss_iou: 0.0384  d1.loss_cls: 0.2620  d1.loss_bbox: 0.0155  d1.loss_iou: 0.0352  d2.loss_cls: 0.2569  d2.loss_bbox: 0.0145  d2.loss_iou: 0.0336  d3.loss_cls: 0.2534  d3.loss_bbox: 0.0144  d3.loss_iou: 0.0329  d4.loss_cls: 0.2506  d4.loss_bbox: 0.0145  d4.loss_iou: 0.0329  enc_loss_cls: 0.2776  enc_loss_bbox: 0.0278  enc_loss_iou: 0.0585  dn_loss_cls: 0.0522  dn_loss_bbox: 0.0144  dn_loss_iou: 0.0336  d0.dn_loss_cls: 0.1390  d0.dn_loss_bbox: 0.0390  d0.dn_loss_iou: 0.0836  d1.dn_loss_cls: 0.0965  d1.dn_loss_bbox: 0.0181  d1.dn_loss_iou: 0.0412  d2.dn_loss_cls: 0.0743  d2.dn_loss_bbox: 0.0152  d2.dn_loss_iou: 0.0348  d3.dn_loss_cls: 0.0604  d3.dn_loss_bbox: 0.0145  d3.dn_loss_iou: 0.0337  d4.dn_loss_cls: 0.0523  d4.dn_loss_bbox: 0.0144  d4.dn_loss_iou: 0.0337  d1.loss_lmm_region: 0.1729  loss_lmm_image: 0.4062
2026/02/05 21:18:52 - mmengine - INFO - Iter(val) [ 100/2445]    eta: 0:04:30  time: 0.1140  data_time: 0.0015  memory: 5168  
2026/02/05 21:19:03 - mmengine - INFO - Iter(val) [ 200/2445]    eta: 0:04:17  time: 0.1139  data_time: 0.0015  memory: 5137  
2026/02/05 21:19:15 - mmengine - INFO - Iter(val) [ 300/2445]    eta: 0:04:06  time: 0.1149  data_time: 0.0017  memory: 5138  
2026/02/05 21:19:26 - mmengine - INFO - Iter(val) [ 400/2445]    eta: 0:03:54  time: 0.1141  data_time: 0.0016  memory: 5145  
2026/02/05 21:19:38 - mmengine - INFO - Iter(val) [ 500/2445]    eta: 0:03:42  time: 0.1137  data_time: 0.0017  memory: 5152  
2026/02/05 21:19:49 - mmengine - INFO - Iter(val) [ 600/2445]    eta: 0:03:31  time: 0.1140  data_time: 0.0016  memory: 5129  
2026/02/05 21:20:00 - mmengine - INFO - Iter(val) [ 700/2445]    eta: 0:03:19  time: 0.1145  data_time: 0.0017  memory: 5144  
2026/02/05 21:20:12 - mmengine - INFO - Iter(val) [ 800/2445]    eta: 0:03:07  time: 0.1135  data_time: 0.0015  memory: 5129  
2026/02/05 21:20:23 - mmengine - INFO - Iter(val) [ 900/2445]    eta: 0:02:56  time: 0.1136  data_time: 0.0017  memory: 5152  
2026/02/05 21:20:35 - mmengine - INFO - Iter(val) [1000/2445]    eta: 0:02:44  time: 0.1137  data_time: 0.0016  memory: 5130  
2026/02/05 21:20:46 - mmengine - INFO - Iter(val) [1100/2445]    eta: 0:02:33  time: 0.1136  data_time: 0.0017  memory: 5139  
2026/02/05 21:20:57 - mmengine - INFO - Iter(val) [1200/2445]    eta: 0:02:22  time: 0.1139  data_time: 0.0017  memory: 5134  
2026/02/05 21:21:09 - mmengine - INFO - Iter(val) [1300/2445]    eta: 0:02:10  time: 0.1137  data_time: 0.0016  memory: 5121  
2026/02/05 21:21:20 - mmengine - INFO - Iter(val) [1400/2445]    eta: 0:01:59  time: 0.1140  data_time: 0.0015  memory: 5134  
2026/02/05 21:21:32 - mmengine - INFO - Iter(val) [1500/2445]    eta: 0:01:47  time: 0.1139  data_time: 0.0015  memory: 5151  
2026/02/05 21:21:43 - mmengine - INFO - Iter(val) [1600/2445]    eta: 0:01:36  time: 0.1139  data_time: 0.0015  memory: 5129  
2026/02/05 21:21:54 - mmengine - INFO - Iter(val) [1700/2445]    eta: 0:01:24  time: 0.1144  data_time: 0.0016  memory: 5132  
2026/02/05 21:22:06 - mmengine - INFO - Iter(val) [1800/2445]    eta: 0:01:13  time: 0.1137  data_time: 0.0014  memory: 5144  
2026/02/05 21:22:17 - mmengine - INFO - Iter(val) [1900/2445]    eta: 0:01:02  time: 0.1147  data_time: 0.0014  memory: 5132  
2026/02/05 21:22:29 - mmengine - INFO - Iter(val) [2000/2445]    eta: 0:00:50  time: 0.1142  data_time: 0.0014  memory: 5137  
2026/02/05 21:22:40 - mmengine - INFO - Iter(val) [2100/2445]    eta: 0:00:39  time: 0.1139  data_time: 0.0014  memory: 5137  
2026/02/05 21:22:51 - mmengine - INFO - Iter(val) [2200/2445]    eta: 0:00:27  time: 0.1148  data_time: 0.0016  memory: 5136  
2026/02/05 21:23:03 - mmengine - INFO - Iter(val) [2300/2445]    eta: 0:00:16  time: 0.1138  data_time: 0.0014  memory: 5148  
2026/02/05 21:23:14 - mmengine - INFO - Iter(val) [2400/2445]    eta: 0:00:05  time: 0.1143  data_time: 0.0016  memory: 5129  
2026/02/05 21:23:29 - mmengine - INFO - {'recall@1': 0.19901425336352738, 'recall@5': 0.5004541216077116, 'recall@10': 0.634086973370309}
2026/02/05 21:23:29 - mmengine - INFO - Iter(val) [2445/2445]    lvis_fixed_ap/AP: 0.4160  lvis_fixed_ap/AP50: 0.5257  lvis_fixed_ap/AP75: 0.4424  lvis_fixed_ap/APs: 0.3797  lvis_fixed_ap/APm: 0.5411  lvis_fixed_ap/APl: 0.6120  lvis_fixed_ap/APr: 0.2916  lvis_fixed_ap/APc: 0.3625  lvis_fixed_ap/APf: 0.4858  odvg/recall@1: 0.1990  odvg/recall@5: 0.5005  odvg/recall@10: 0.6341  data_time: 0.0016  time: 0.1141
2026/02/05 21:25:13 - mmengine - INFO - Iter(train) [23100/25000]  base_lr: 1.0000e-06 lr: 1.0000e-06  eta: 0:34:05  time: 1.0347  data_time: 0.0145  memory: 25210  grad_norm: 21.3580  loss: 3.7843  loss_cls: 0.2435  loss_bbox: 0.0178  loss_iou: 0.0352  d0.loss_cls: 0.2670  d0.loss_bbox: 0.0200  d0.loss_iou: 0.0404  d1.loss_cls: 0.2597  d1.loss_bbox: 0.0178  d1.loss_iou: 0.0360  d2.loss_cls: 0.2521  d2.loss_bbox: 0.0179  d2.loss_iou: 0.0354  d3.loss_cls: 0.2489  d3.loss_bbox: 0.0179  d3.loss_iou: 0.0353  d4.loss_cls: 0.2443  d4.loss_bbox: 0.0178  d4.loss_iou: 0.0352  enc_loss_cls: 0.2786  enc_loss_bbox: 0.0306  enc_loss_iou: 0.0613  dn_loss_cls: 0.0628  dn_loss_bbox: 0.0178  dn_loss_iou: 0.0338  d0.dn_loss_cls: 0.1535  d0.dn_loss_bbox: 0.0479  d0.dn_loss_iou: 0.0893  d1.dn_loss_cls: 0.1103  d1.dn_loss_bbox: 0.0218  d1.dn_loss_iou: 0.0418  d2.dn_loss_cls: 0.0866  d2.dn_loss_bbox: 0.0190  d2.dn_loss_iou: 0.0359  d3.dn_loss_cls: 0.0698  d3.dn_loss_bbox: 0.0183  d3.dn_loss_iou: 0.0346  d4.dn_loss_cls: 0.0636  d4.dn_loss_bbox: 0.0180  d4.dn_loss_iou: 0.0339  d1.loss_lmm_region: 0.1935  loss_lmm_image: 0.4195
2026/02/05 21:26:56 - mmengine - INFO - Iter(train) [23200/25000]  base_lr: 1.0000e-06 lr: 1.0000e-06  eta: 0:32:16  time: 1.0265  data_time: 0.0147  memory: 25260  grad_norm: 22.6019  loss: 4.1840  loss_cls: 0.2994  loss_bbox: 0.0209  loss_iou: 0.0396  d0.loss_cls: 0.3194  d0.loss_bbox: 0.0229  d0.loss_iou: 0.0446  d1.loss_cls: 0.3140  d1.loss_bbox: 0.0210  d1.loss_iou: 0.0410  d2.loss_cls: 0.3058  d2.loss_bbox: 0.0209  d2.loss_iou: 0.0394  d3.loss_cls: 0.3023  d3.loss_bbox: 0.0205  d3.loss_iou: 0.0395  d4.loss_cls: 0.2981  d4.loss_bbox: 0.0210  d4.loss_iou: 0.0397  enc_loss_cls: 0.3349  enc_loss_bbox: 0.0354  enc_loss_iou: 0.0666  dn_loss_cls: 0.0555  dn_loss_bbox: 0.0206  dn_loss_iou: 0.0395  d0.dn_loss_cls: 0.1548  d0.dn_loss_bbox: 0.0507  d0.dn_loss_iou: 0.1006  d1.dn_loss_cls: 0.1043  d1.dn_loss_bbox: 0.0244  d1.dn_loss_iou: 0.0486  d2.dn_loss_cls: 0.0788  d2.dn_loss_bbox: 0.0211  d2.dn_loss_iou: 0.0411  d3.dn_loss_cls: 0.0632  d3.dn_loss_bbox: 0.0204  d3.dn_loss_iou: 0.0395  d4.dn_loss_cls: 0.0554  d4.dn_loss_bbox: 0.0206  d4.dn_loss_iou: 0.0395  d1.loss_lmm_region: 0.1883  loss_lmm_image: 0.3702
2026/02/05 21:28:39 - mmengine - INFO - Iter(train) [23300/25000]  base_lr: 1.0000e-06 lr: 1.0000e-06  eta: 0:30:27  time: 1.0268  data_time: 0.0145  memory: 25212  grad_norm: 21.8635  loss: 3.5643  loss_cls: 0.2364  loss_bbox: 0.0172  loss_iou: 0.0322  d0.loss_cls: 0.2524  d0.loss_bbox: 0.0199  d0.loss_iou: 0.0372  d1.loss_cls: 0.2490  d1.loss_bbox: 0.0183  d1.loss_iou: 0.0340  d2.loss_cls: 0.2411  d2.loss_bbox: 0.0174  d2.loss_iou: 0.0327  d3.loss_cls: 0.2390  d3.loss_bbox: 0.0170  d3.loss_iou: 0.0320  d4.loss_cls: 0.2366  d4.loss_bbox: 0.0172  d4.loss_iou: 0.0321  enc_loss_cls: 0.2659  enc_loss_bbox: 0.0298  enc_loss_iou: 0.0566  dn_loss_cls: 0.0557  dn_loss_bbox: 0.0186  dn_loss_iou: 0.0346  d0.dn_loss_cls: 0.1353  d0.dn_loss_bbox: 0.0477  d0.dn_loss_iou: 0.0895  d1.dn_loss_cls: 0.0926  d1.dn_loss_bbox: 0.0236  d1.dn_loss_iou: 0.0441  d2.dn_loss_cls: 0.0715  d2.dn_loss_bbox: 0.0195  d2.dn_loss_iou: 0.0366  d3.dn_loss_cls: 0.0610  d3.dn_loss_bbox: 0.0187  d3.dn_loss_iou: 0.0349  d4.dn_loss_cls: 0.0559  d4.dn_loss_bbox: 0.0186  d4.dn_loss_iou: 0.0347  d1.loss_lmm_region: 0.1760  loss_lmm_image: 0.3813
2026/02/05 21:30:23 - mmengine - INFO - Iter(train) [23400/25000]  base_lr: 1.0000e-06 lr: 1.0000e-06  eta: 0:28:38  time: 1.0414  data_time: 0.0145  memory: 25292  grad_norm: 21.4133  loss: 3.6922  loss_cls: 0.2581  loss_bbox: 0.0150  loss_iou: 0.0315  d0.loss_cls: 0.2765  d0.loss_bbox: 0.0169  d0.loss_iou: 0.0360  d1.loss_cls: 0.2698  d1.loss_bbox: 0.0154  d1.loss_iou: 0.0326  d2.loss_cls: 0.2641  d2.loss_bbox: 0.0153  d2.loss_iou: 0.0321  d3.loss_cls: 0.2626  d3.loss_bbox: 0.0151  d3.loss_iou: 0.0316  d4.loss_cls: 0.2588  d4.loss_bbox: 0.0150  d4.loss_iou: 0.0315  enc_loss_cls: 0.2865  enc_loss_bbox: 0.0266  enc_loss_iou: 0.0553  dn_loss_cls: 0.0540  dn_loss_bbox: 0.0182  dn_loss_iou: 0.0354  d0.dn_loss_cls: 0.1400  d0.dn_loss_bbox: 0.0443  d0.dn_loss_iou: 0.0895  d1.dn_loss_cls: 0.0940  d1.dn_loss_bbox: 0.0218  d1.dn_loss_iou: 0.0431  d2.dn_loss_cls: 0.0723  d2.dn_loss_bbox: 0.0185  d2.dn_loss_iou: 0.0368  d3.dn_loss_cls: 0.0610  d3.dn_loss_bbox: 0.0180  d3.dn_loss_iou: 0.0354  d4.dn_loss_cls: 0.0543  d4.dn_loss_bbox: 0.0182  d4.dn_loss_iou: 0.0355  d1.loss_lmm_region: 0.1802  loss_lmm_image: 0.3755
2026/02/05 21:32:05 - mmengine - INFO - Iter(train) [23500/25000]  base_lr: 1.0000e-06 lr: 1.0000e-06  eta: 0:26:50  time: 1.0255  data_time: 0.0147  memory: 25251  grad_norm: 21.6041  loss: 3.3759  loss_cls: 0.2372  loss_bbox: 0.0141  loss_iou: 0.0297  d0.loss_cls: 0.2568  d0.loss_bbox: 0.0152  d0.loss_iou: 0.0330  d1.loss_cls: 0.2497  d1.loss_bbox: 0.0140  d1.loss_iou: 0.0300  d2.loss_cls: 0.2435  d2.loss_bbox: 0.0140  d2.loss_iou: 0.0297  d3.loss_cls: 0.2416  d3.loss_bbox: 0.0141  d3.loss_iou: 0.0296  d4.loss_cls: 0.2378  d4.loss_bbox: 0.0141  d4.loss_iou: 0.0297  enc_loss_cls: 0.2693  enc_loss_bbox: 0.0250  enc_loss_iou: 0.0517  dn_loss_cls: 0.0425  dn_loss_bbox: 0.0138  dn_loss_iou: 0.0295  d0.dn_loss_cls: 0.1274  d0.dn_loss_bbox: 0.0399  d0.dn_loss_iou: 0.0815  d1.dn_loss_cls: 0.0832  d1.dn_loss_bbox: 0.0181  d1.dn_loss_iou: 0.0376  d2.dn_loss_cls: 0.0615  d2.dn_loss_bbox: 0.0144  d2.dn_loss_iou: 0.0309  d3.dn_loss_cls: 0.0491  d3.dn_loss_bbox: 0.0140  d3.dn_loss_iou: 0.0297  d4.dn_loss_cls: 0.0425  d4.dn_loss_bbox: 0.0138  d4.dn_loss_iou: 0.0296  d1.loss_lmm_region: 0.1841  loss_lmm_image: 0.3528
2026/02/05 21:33:49 - mmengine - INFO - Iter(train) [23600/25000]  base_lr: 1.0000e-06 lr: 1.0000e-06  eta: 0:25:01  time: 1.0296  data_time: 0.0139  memory: 25240  grad_norm: 22.3191  loss: 3.4731  loss_cls: 0.2183  loss_bbox: 0.0174  loss_iou: 0.0322  d0.loss_cls: 0.2338  d0.loss_bbox: 0.0189  d0.loss_iou: 0.0363  d1.loss_cls: 0.2294  d1.loss_bbox: 0.0173  d1.loss_iou: 0.0327  d2.loss_cls: 0.2263  d2.loss_bbox: 0.0175  d2.loss_iou: 0.0327  d3.loss_cls: 0.2214  d3.loss_bbox: 0.0174  d3.loss_iou: 0.0320  d4.loss_cls: 0.2187  d4.loss_bbox: 0.0174  d4.loss_iou: 0.0324  enc_loss_cls: 0.2452  enc_loss_bbox: 0.0272  enc_loss_iou: 0.0530  dn_loss_cls: 0.0578  dn_loss_bbox: 0.0183  dn_loss_iou: 0.0358  d0.dn_loss_cls: 0.1348  d0.dn_loss_bbox: 0.0405  d0.dn_loss_iou: 0.0791  d1.dn_loss_cls: 0.0955  d1.dn_loss_bbox: 0.0213  d1.dn_loss_iou: 0.0421  d2.dn_loss_cls: 0.0768  d2.dn_loss_bbox: 0.0192  d2.dn_loss_iou: 0.0371  d3.dn_loss_cls: 0.0638  d3.dn_loss_bbox: 0.0186  d3.dn_loss_iou: 0.0359  d4.dn_loss_cls: 0.0581  d4.dn_loss_bbox: 0.0184  d4.dn_loss_iou: 0.0359  d1.loss_lmm_region: 0.1692  loss_lmm_image: 0.4376
2026/02/05 21:35:31 - mmengine - INFO - Iter(train) [23700/25000]  base_lr: 1.0000e-06 lr: 1.0000e-06  eta: 0:23:13  time: 1.0240  data_time: 0.0142  memory: 25314  grad_norm: 21.9343  loss: 3.7144  loss_cls: 0.2508  loss_bbox: 0.0176  loss_iou: 0.0333  d0.loss_cls: 0.2702  d0.loss_bbox: 0.0205  d0.loss_iou: 0.0388  d1.loss_cls: 0.2650  d1.loss_bbox: 0.0186  d1.loss_iou: 0.0349  d2.loss_cls: 0.2572  d2.loss_bbox: 0.0181  d2.loss_iou: 0.0342  d3.loss_cls: 0.2537  d3.loss_bbox: 0.0179  d3.loss_iou: 0.0336  d4.loss_cls: 0.2512  d4.loss_bbox: 0.0178  d4.loss_iou: 0.0336  enc_loss_cls: 0.2802  enc_loss_bbox: 0.0301  enc_loss_iou: 0.0586  dn_loss_cls: 0.0560  dn_loss_bbox: 0.0182  dn_loss_iou: 0.0356  d0.dn_loss_cls: 0.1358  d0.dn_loss_bbox: 0.0477  d0.dn_loss_iou: 0.0916  d1.dn_loss_cls: 0.0912  d1.dn_loss_bbox: 0.0223  d1.dn_loss_iou: 0.0434  d2.dn_loss_cls: 0.0711  d2.dn_loss_bbox: 0.0187  d2.dn_loss_iou: 0.0367  d3.dn_loss_cls: 0.0619  d3.dn_loss_bbox: 0.0182  d3.dn_loss_iou: 0.0357  d4.dn_loss_cls: 0.0571  d4.dn_loss_bbox: 0.0182  d4.dn_loss_iou: 0.0355  d1.loss_lmm_region: 0.1856  loss_lmm_image: 0.3981
2026/02/05 21:37:14 - mmengine - INFO - Iter(train) [23800/25000]  base_lr: 1.0000e-06 lr: 1.0000e-06  eta: 0:21:25  time: 1.0243  data_time: 0.0144  memory: 25338  grad_norm: 22.8305  loss: 3.8413  loss_cls: 0.2552  loss_bbox: 0.0201  loss_iou: 0.0357  d0.loss_cls: 0.2785  d0.loss_bbox: 0.0226  d0.loss_iou: 0.0405  d1.loss_cls: 0.2707  d1.loss_bbox: 0.0202  d1.loss_iou: 0.0366  d2.loss_cls: 0.2632  d2.loss_bbox: 0.0204  d2.loss_iou: 0.0359  d3.loss_cls: 0.2622  d3.loss_bbox: 0.0201  d3.loss_iou: 0.0357  d4.loss_cls: 0.2568  d4.loss_bbox: 0.0201  d4.loss_iou: 0.0356  enc_loss_cls: 0.2912  enc_loss_bbox: 0.0323  enc_loss_iou: 0.0596  dn_loss_cls: 0.0556  dn_loss_bbox: 0.0210  dn_loss_iou: 0.0365  d0.dn_loss_cls: 0.1441  d0.dn_loss_bbox: 0.0484  d0.dn_loss_iou: 0.0877  d1.dn_loss_cls: 0.0964  d1.dn_loss_bbox: 0.0245  d1.dn_loss_iou: 0.0441  d2.dn_loss_cls: 0.0741  d2.dn_loss_bbox: 0.0218  d2.dn_loss_iou: 0.0379  d3.dn_loss_cls: 0.0630  d3.dn_loss_bbox: 0.0212  d3.dn_loss_iou: 0.0367  d4.dn_loss_cls: 0.0560  d4.dn_loss_bbox: 0.0211  d4.dn_loss_iou: 0.0365  d1.loss_lmm_region: 0.1877  loss_lmm_image: 0.4137
2026/02/05 21:38:58 - mmengine - INFO - Iter(train) [23900/25000]  base_lr: 1.0000e-06 lr: 1.0000e-06  eta: 0:19:37  time: 1.0341  data_time: 0.0145  memory: 25224  grad_norm: 20.9852  loss: 3.3783  loss_cls: 0.2346  loss_bbox: 0.0139  loss_iou: 0.0270  d0.loss_cls: 0.2523  d0.loss_bbox: 0.0162  d0.loss_iou: 0.0314  d1.loss_cls: 0.2450  d1.loss_bbox: 0.0146  d1.loss_iou: 0.0281  d2.loss_cls: 0.2393  d2.loss_bbox: 0.0140  d2.loss_iou: 0.0276  d3.loss_cls: 0.2369  d3.loss_bbox: 0.0138  d3.loss_iou: 0.0271  d4.loss_cls: 0.2345  d4.loss_bbox: 0.0136  d4.loss_iou: 0.0269  enc_loss_cls: 0.2632  enc_loss_bbox: 0.0270  enc_loss_iou: 0.0501  dn_loss_cls: 0.0472  dn_loss_bbox: 0.0144  dn_loss_iou: 0.0286  d0.dn_loss_cls: 0.1303  d0.dn_loss_bbox: 0.0425  d0.dn_loss_iou: 0.0808  d1.dn_loss_cls: 0.0854  d1.dn_loss_bbox: 0.0186  d1.dn_loss_iou: 0.0366  d2.dn_loss_cls: 0.0646  d2.dn_loss_bbox: 0.0153  d2.dn_loss_iou: 0.0306  d3.dn_loss_cls: 0.0527  d3.dn_loss_bbox: 0.0144  d3.dn_loss_iou: 0.0289  d4.dn_loss_cls: 0.0470  d4.dn_loss_bbox: 0.0144  d4.dn_loss_iou: 0.0286  d1.loss_lmm_region: 0.1744  loss_lmm_image: 0.3855
2026/02/05 21:40:41 - mmengine - INFO - Exp name: grounding_dino_swin_t_20260205_192927
2026/02/05 21:40:41 - mmengine - INFO - Iter(train) [24000/25000]  base_lr: 1.0000e-06 lr: 1.0000e-06  eta: 0:17:49  time: 1.0322  data_time: 0.0151  memory: 25223  grad_norm: 22.0329  loss: 3.9816  loss_cls: 0.2784  loss_bbox: 0.0175  loss_iou: 0.0357  d0.loss_cls: 0.2968  d0.loss_bbox: 0.0216  d0.loss_iou: 0.0418  d1.loss_cls: 0.2895  d1.loss_bbox: 0.0190  d1.loss_iou: 0.0377  d2.loss_cls: 0.2832  d2.loss_bbox: 0.0182  d2.loss_iou: 0.0365  d3.loss_cls: 0.2823  d3.loss_bbox: 0.0176  d3.loss_iou: 0.0360  d4.loss_cls: 0.2790  d4.loss_bbox: 0.0175  d4.loss_iou: 0.0357  enc_loss_cls: 0.3072  enc_loss_bbox: 0.0333  enc_loss_iou: 0.0623  dn_loss_cls: 0.0647  dn_loss_bbox: 0.0182  dn_loss_iou: 0.0369  d0.dn_loss_cls: 0.1497  d0.dn_loss_bbox: 0.0474  d0.dn_loss_iou: 0.0925  d1.dn_loss_cls: 0.1005  d1.dn_loss_bbox: 0.0231  d1.dn_loss_iou: 0.0457  d2.dn_loss_cls: 0.0811  d2.dn_loss_bbox: 0.0194  d2.dn_loss_iou: 0.0390  d3.dn_loss_cls: 0.0712  d3.dn_loss_bbox: 0.0183  d3.dn_loss_iou: 0.0370  d4.dn_loss_cls: 0.0650  d4.dn_loss_bbox: 0.0183  d4.dn_loss_iou: 0.0369  d1.loss_lmm_region: 0.2043  loss_lmm_image: 0.3657
2026/02/05 21:40:41 - mmengine - INFO - Saving checkpoint at 24000 iterations
2026/02/05 21:41:01 - mmengine - INFO - Iter(val) [ 100/2445]    eta: 0:04:31  time: 0.1144  data_time: 0.0014  memory: 5168  
2026/02/05 21:41:12 - mmengine - INFO - Iter(val) [ 200/2445]    eta: 0:04:17  time: 0.1137  data_time: 0.0016  memory: 5137  
2026/02/05 21:41:24 - mmengine - INFO - Iter(val) [ 300/2445]    eta: 0:04:05  time: 0.1146  data_time: 0.0016  memory: 5138  
2026/02/05 21:41:35 - mmengine - INFO - Iter(val) [ 400/2445]    eta: 0:03:54  time: 0.1168  data_time: 0.0016  memory: 5145  
2026/02/05 21:41:47 - mmengine - INFO - Iter(val) [ 500/2445]    eta: 0:03:42  time: 0.1133  data_time: 0.0016  memory: 5152  
2026/02/05 21:41:58 - mmengine - INFO - Iter(val) [ 600/2445]    eta: 0:03:31  time: 0.1138  data_time: 0.0016  memory: 5129  
2026/02/05 21:42:10 - mmengine - INFO - Iter(val) [ 700/2445]    eta: 0:03:19  time: 0.1145  data_time: 0.0017  memory: 5144  
2026/02/05 21:42:21 - mmengine - INFO - Iter(val) [ 800/2445]    eta: 0:03:08  time: 0.1143  data_time: 0.0016  memory: 5129  
2026/02/05 21:42:32 - mmengine - INFO - Iter(val) [ 900/2445]    eta: 0:02:56  time: 0.1143  data_time: 0.0017  memory: 5152  
2026/02/05 21:42:44 - mmengine - INFO - Iter(val) [1000/2445]    eta: 0:02:45  time: 0.1140  data_time: 0.0015  memory: 5130  
2026/02/05 21:42:55 - mmengine - INFO - Iter(val) [1100/2445]    eta: 0:02:33  time: 0.1143  data_time: 0.0017  memory: 5139  
2026/02/05 21:43:07 - mmengine - INFO - Iter(val) [1200/2445]    eta: 0:02:22  time: 0.1142  data_time: 0.0017  memory: 5134  
2026/02/05 21:43:18 - mmengine - INFO - Iter(val) [1300/2445]    eta: 0:02:10  time: 0.1143  data_time: 0.0017  memory: 5121  
2026/02/05 21:43:30 - mmengine - INFO - Iter(val) [1400/2445]    eta: 0:01:59  time: 0.1139  data_time: 0.0015  memory: 5134  
2026/02/05 21:43:41 - mmengine - INFO - Iter(val) [1500/2445]    eta: 0:01:47  time: 0.1130  data_time: 0.0015  memory: 5151  
2026/02/05 21:43:52 - mmengine - INFO - Iter(val) [1600/2445]    eta: 0:01:36  time: 0.1133  data_time: 0.0015  memory: 5129  
2026/02/05 21:44:04 - mmengine - INFO - Iter(val) [1700/2445]    eta: 0:01:25  time: 0.1135  data_time: 0.0014  memory: 5132  
2026/02/05 21:44:15 - mmengine - INFO - Iter(val) [1800/2445]    eta: 0:01:13  time: 0.1135  data_time: 0.0016  memory: 5144  
2026/02/05 21:44:26 - mmengine - INFO - Iter(val) [1900/2445]    eta: 0:01:02  time: 0.1154  data_time: 0.0015  memory: 5132  
2026/02/05 21:44:38 - mmengine - INFO - Iter(val) [2000/2445]    eta: 0:00:50  time: 0.1138  data_time: 0.0016  memory: 5137  
2026/02/05 21:44:49 - mmengine - INFO - Iter(val) [2100/2445]    eta: 0:00:39  time: 0.1135  data_time: 0.0016  memory: 5137  
2026/02/05 21:45:01 - mmengine - INFO - Iter(val) [2200/2445]    eta: 0:00:27  time: 0.1139  data_time: 0.0014  memory: 5136  
2026/02/05 21:45:12 - mmengine - INFO - Iter(val) [2300/2445]    eta: 0:00:16  time: 0.1139  data_time: 0.0016  memory: 5148  
2026/02/05 21:45:23 - mmengine - INFO - Iter(val) [2400/2445]    eta: 0:00:05  time: 0.1134  data_time: 0.0014  memory: 5129  
2026/02/05 21:45:33 - mmengine - INFO - {'recall@1': 0.20556571442411326, 'recall@5': 0.5131695266236361, 'recall@10': 0.6484735459026121}
2026/02/05 21:45:33 - mmengine - INFO - Iter(val) [2445/2445]    lvis_fixed_ap/AP: 0.4160  lvis_fixed_ap/AP50: 0.5257  lvis_fixed_ap/AP75: 0.4424  lvis_fixed_ap/APs: 0.3797  lvis_fixed_ap/APm: 0.5411  lvis_fixed_ap/APl: 0.6120  lvis_fixed_ap/APr: 0.2916  lvis_fixed_ap/APc: 0.3625  lvis_fixed_ap/APf: 0.4858  odvg/recall@1: 0.2056  odvg/recall@5: 0.5132  odvg/recall@10: 0.6485  data_time: 0.0016  time: 0.1141
2026/02/05 21:47:17 - mmengine - INFO - Iter(train) [24100/25000]  base_lr: 1.0000e-06 lr: 1.0000e-06  eta: 0:16:03  time: 1.0403  data_time: 0.0146  memory: 25074  grad_norm: 22.7209  loss: 3.6185  loss_cls: 0.2483  loss_bbox: 0.0166  loss_iou: 0.0334  d0.loss_cls: 0.2622  d0.loss_bbox: 0.0213  d0.loss_iou: 0.0420  d1.loss_cls: 0.2560  d1.loss_bbox: 0.0179  d1.loss_iou: 0.0365  d2.loss_cls: 0.2510  d2.loss_bbox: 0.0174  d2.loss_iou: 0.0346  d3.loss_cls: 0.2506  d3.loss_bbox: 0.0168  d3.loss_iou: 0.0337  d4.loss_cls: 0.2486  d4.loss_bbox: 0.0167  d4.loss_iou: 0.0334  enc_loss_cls: 0.2739  enc_loss_bbox: 0.0291  enc_loss_iou: 0.0594  dn_loss_cls: 0.0505  dn_loss_bbox: 0.0180  dn_loss_iou: 0.0344  d0.dn_loss_cls: 0.1286  d0.dn_loss_bbox: 0.0445  d0.dn_loss_iou: 0.0888  d1.dn_loss_cls: 0.0823  d1.dn_loss_bbox: 0.0221  d1.dn_loss_iou: 0.0433  d2.dn_loss_cls: 0.0648  d2.dn_loss_bbox: 0.0185  d2.dn_loss_iou: 0.0356  d3.dn_loss_cls: 0.0563  d3.dn_loss_bbox: 0.0179  d3.dn_loss_iou: 0.0343  d4.dn_loss_cls: 0.0501  d4.dn_loss_bbox: 0.0179  d4.dn_loss_iou: 0.0343  d1.loss_lmm_region: 0.1843  loss_lmm_image: 0.3926
2026/02/05 21:49:00 - mmengine - INFO - Iter(train) [24200/25000]  base_lr: 1.0000e-06 lr: 1.0000e-06  eta: 0:14:15  time: 1.0326  data_time: 0.0139  memory: 25210  grad_norm: 21.1842  loss: 3.4023  loss_cls: 0.2346  loss_bbox: 0.0163  loss_iou: 0.0321  d0.loss_cls: 0.2511  d0.loss_bbox: 0.0177  d0.loss_iou: 0.0353  d1.loss_cls: 0.2435  d1.loss_bbox: 0.0161  d1.loss_iou: 0.0329  d2.loss_cls: 0.2376  d2.loss_bbox: 0.0163  d2.loss_iou: 0.0325  d3.loss_cls: 0.2387  d3.loss_bbox: 0.0161  d3.loss_iou: 0.0320  d4.loss_cls: 0.2350  d4.loss_bbox: 0.0162  d4.loss_iou: 0.0321  enc_loss_cls: 0.2654  enc_loss_bbox: 0.0255  enc_loss_iou: 0.0513  dn_loss_cls: 0.0409  dn_loss_bbox: 0.0164  dn_loss_iou: 0.0334  d0.dn_loss_cls: 0.1251  d0.dn_loss_bbox: 0.0410  d0.dn_loss_iou: 0.0834  d1.dn_loss_cls: 0.0778  d1.dn_loss_bbox: 0.0196  d1.dn_loss_iou: 0.0416  d2.dn_loss_cls: 0.0569  d2.dn_loss_bbox: 0.0169  d2.dn_loss_iou: 0.0352  d3.dn_loss_cls: 0.0465  d3.dn_loss_bbox: 0.0163  d3.dn_loss_iou: 0.0333  d4.dn_loss_cls: 0.0420  d4.dn_loss_bbox: 0.0164  d4.dn_loss_iou: 0.0334  d1.loss_lmm_region: 0.1847  loss_lmm_image: 0.3633
2026/02/05 21:50:43 - mmengine - INFO - Iter(train) [24300/25000]  base_lr: 1.0000e-06 lr: 1.0000e-06  eta: 0:12:28  time: 1.0321  data_time: 0.0138  memory: 25242  grad_norm: 22.5763  loss: 3.4109  loss_cls: 0.2327  loss_bbox: 0.0146  loss_iou: 0.0287  d0.loss_cls: 0.2565  d0.loss_bbox: 0.0171  d0.loss_iou: 0.0340  d1.loss_cls: 0.2500  d1.loss_bbox: 0.0149  d1.loss_iou: 0.0300  d2.loss_cls: 0.2423  d2.loss_bbox: 0.0145  d2.loss_iou: 0.0291  d3.loss_cls: 0.2380  d3.loss_bbox: 0.0145  d3.loss_iou: 0.0288  d4.loss_cls: 0.2329  d4.loss_bbox: 0.0145  d4.loss_iou: 0.0287  enc_loss_cls: 0.2678  enc_loss_bbox: 0.0267  enc_loss_iou: 0.0520  dn_loss_cls: 0.0449  dn_loss_bbox: 0.0155  dn_loss_iou: 0.0300  d0.dn_loss_cls: 0.1223  d0.dn_loss_bbox: 0.0427  d0.dn_loss_iou: 0.0799  d1.dn_loss_cls: 0.0784  d1.dn_loss_bbox: 0.0192  d1.dn_loss_iou: 0.0370  d2.dn_loss_cls: 0.0583  d2.dn_loss_bbox: 0.0161  d2.dn_loss_iou: 0.0309  d3.dn_loss_cls: 0.0496  d3.dn_loss_bbox: 0.0156  d3.dn_loss_iou: 0.0301  d4.dn_loss_cls: 0.0453  d4.dn_loss_bbox: 0.0155  d4.dn_loss_iou: 0.0300  d1.loss_lmm_region: 0.1528  loss_lmm_image: 0.4284
2026/02/05 21:52:26 - mmengine - INFO - Iter(train) [24400/25000]  base_lr: 1.0000e-06 lr: 1.0000e-06  eta: 0:10:40  time: 1.0359  data_time: 0.0146  memory: 25337  grad_norm: 22.5048  loss: 3.8019  loss_cls: 0.2591  loss_bbox: 0.0179  loss_iou: 0.0346  d0.loss_cls: 0.2727  d0.loss_bbox: 0.0217  d0.loss_iou: 0.0409  d1.loss_cls: 0.2706  d1.loss_bbox: 0.0189  d1.loss_iou: 0.0361  d2.loss_cls: 0.2647  d2.loss_bbox: 0.0182  d2.loss_iou: 0.0350  d3.loss_cls: 0.2624  d3.loss_bbox: 0.0183  d3.loss_iou: 0.0352  d4.loss_cls: 0.2592  d4.loss_bbox: 0.0179  d4.loss_iou: 0.0345  enc_loss_cls: 0.2879  enc_loss_bbox: 0.0321  enc_loss_iou: 0.0597  dn_loss_cls: 0.0528  dn_loss_bbox: 0.0192  dn_loss_iou: 0.0360  d0.dn_loss_cls: 0.1366  d0.dn_loss_bbox: 0.0503  d0.dn_loss_iou: 0.0906  d1.dn_loss_cls: 0.0887  d1.dn_loss_bbox: 0.0239  d1.dn_loss_iou: 0.0449  d2.dn_loss_cls: 0.0689  d2.dn_loss_bbox: 0.0205  d2.dn_loss_iou: 0.0380  d3.dn_loss_cls: 0.0572  d3.dn_loss_bbox: 0.0192  d3.dn_loss_iou: 0.0360  d4.dn_loss_cls: 0.0538  d4.dn_loss_bbox: 0.0192  d4.dn_loss_iou: 0.0359  d1.loss_lmm_region: 0.1970  loss_lmm_image: 0.4156
2026/02/05 21:54:11 - mmengine - INFO - Iter(train) [24500/25000]  base_lr: 1.0000e-06 lr: 1.0000e-06  eta: 0:08:54  time: 1.0726  data_time: 0.0559  memory: 25223  grad_norm: 22.9065  loss: 3.8851  loss_cls: 0.2713  loss_bbox: 0.0176  loss_iou: 0.0370  d0.loss_cls: 0.2918  d0.loss_bbox: 0.0205  d0.loss_iou: 0.0425  d1.loss_cls: 0.2845  d1.loss_bbox: 0.0185  d1.loss_iou: 0.0391  d2.loss_cls: 0.2804  d2.loss_bbox: 0.0179  d2.loss_iou: 0.0376  d3.loss_cls: 0.2781  d3.loss_bbox: 0.0176  d3.loss_iou: 0.0372  d4.loss_cls: 0.2710  d4.loss_bbox: 0.0176  d4.loss_iou: 0.0370  enc_loss_cls: 0.3008  enc_loss_bbox: 0.0316  enc_loss_iou: 0.0628  dn_loss_cls: 0.0532  dn_loss_bbox: 0.0181  dn_loss_iou: 0.0380  d0.dn_loss_cls: 0.1414  d0.dn_loss_bbox: 0.0477  d0.dn_loss_iou: 0.0934  d1.dn_loss_cls: 0.0901  d1.dn_loss_bbox: 0.0224  d1.dn_loss_iou: 0.0464  d2.dn_loss_cls: 0.0682  d2.dn_loss_bbox: 0.0190  d2.dn_loss_iou: 0.0397  d3.dn_loss_cls: 0.0590  d3.dn_loss_bbox: 0.0181  d3.dn_loss_iou: 0.0380  d4.dn_loss_cls: 0.0540  d4.dn_loss_bbox: 0.0181  d4.dn_loss_iou: 0.0380  d1.loss_lmm_region: 0.1842  loss_lmm_image: 0.3858
2026/02/05 21:55:55 - mmengine - INFO - Iter(train) [24600/25000]  base_lr: 1.0000e-06 lr: 1.0000e-06  eta: 0:07:07  time: 1.0390  data_time: 0.0146  memory: 25227  grad_norm: 22.4699  loss: 3.6400  loss_cls: 0.2436  loss_bbox: 0.0175  loss_iou: 0.0323  d0.loss_cls: 0.2660  d0.loss_bbox: 0.0191  d0.loss_iou: 0.0365  d1.loss_cls: 0.2604  d1.loss_bbox: 0.0177  d1.loss_iou: 0.0336  d2.loss_cls: 0.2525  d2.loss_bbox: 0.0177  d2.loss_iou: 0.0332  d3.loss_cls: 0.2471  d3.loss_bbox: 0.0175  d3.loss_iou: 0.0322  d4.loss_cls: 0.2443  d4.loss_bbox: 0.0174  d4.loss_iou: 0.0322  enc_loss_cls: 0.2778  enc_loss_bbox: 0.0294  enc_loss_iou: 0.0568  dn_loss_cls: 0.0576  dn_loss_bbox: 0.0188  dn_loss_iou: 0.0351  d0.dn_loss_cls: 0.1376  d0.dn_loss_bbox: 0.0444  d0.dn_loss_iou: 0.0839  d1.dn_loss_cls: 0.0928  d1.dn_loss_bbox: 0.0220  d1.dn_loss_iou: 0.0419  d2.dn_loss_cls: 0.0744  d2.dn_loss_bbox: 0.0190  d2.dn_loss_iou: 0.0357  d3.dn_loss_cls: 0.0628  d3.dn_loss_bbox: 0.0190  d3.dn_loss_iou: 0.0352  d4.dn_loss_cls: 0.0585  d4.dn_loss_bbox: 0.0188  d4.dn_loss_iou: 0.0350  d1.loss_lmm_region: 0.1788  loss_lmm_image: 0.3840
2026/02/05 21:57:38 - mmengine - INFO - Iter(train) [24700/25000]  base_lr: 1.0000e-06 lr: 1.0000e-06  eta: 0:05:20  time: 1.0306  data_time: 0.0145  memory: 25238  grad_norm: 21.6268  loss: 3.6450  loss_cls: 0.2460  loss_bbox: 0.0173  loss_iou: 0.0364  d0.loss_cls: 0.2629  d0.loss_bbox: 0.0208  d0.loss_iou: 0.0413  d1.loss_cls: 0.2578  d1.loss_bbox: 0.0183  d1.loss_iou: 0.0378  d2.loss_cls: 0.2526  d2.loss_bbox: 0.0179  d2.loss_iou: 0.0374  d3.loss_cls: 0.2505  d3.loss_bbox: 0.0174  d3.loss_iou: 0.0365  d4.loss_cls: 0.2457  d4.loss_bbox: 0.0174  d4.loss_iou: 0.0365  enc_loss_cls: 0.2763  enc_loss_bbox: 0.0303  enc_loss_iou: 0.0603  dn_loss_cls: 0.0531  dn_loss_bbox: 0.0182  dn_loss_iou: 0.0376  d0.dn_loss_cls: 0.1316  d0.dn_loss_bbox: 0.0446  d0.dn_loss_iou: 0.0892  d1.dn_loss_cls: 0.0840  d1.dn_loss_bbox: 0.0218  d1.dn_loss_iou: 0.0445  d2.dn_loss_cls: 0.0654  d2.dn_loss_bbox: 0.0188  d2.dn_loss_iou: 0.0389  d3.dn_loss_cls: 0.0574  d3.dn_loss_bbox: 0.0183  d3.dn_loss_iou: 0.0377  d4.dn_loss_cls: 0.0534  d4.dn_loss_bbox: 0.0182  d4.dn_loss_iou: 0.0376  d1.loss_lmm_region: 0.1756  loss_lmm_image: 0.3818
2026/02/05 21:59:21 - mmengine - INFO - Iter(train) [24800/25000]  base_lr: 1.0000e-06 lr: 1.0000e-06  eta: 0:03:33  time: 1.0451  data_time: 0.0148  memory: 25163  grad_norm: 23.3473  loss: 3.2261  loss_cls: 0.2174  loss_bbox: 0.0146  loss_iou: 0.0265  d0.loss_cls: 0.2341  d0.loss_bbox: 0.0174  d0.loss_iou: 0.0318  d1.loss_cls: 0.2268  d1.loss_bbox: 0.0157  d1.loss_iou: 0.0284  d2.loss_cls: 0.2211  d2.loss_bbox: 0.0149  d2.loss_iou: 0.0270  d3.loss_cls: 0.2169  d3.loss_bbox: 0.0147  d3.loss_iou: 0.0264  d4.loss_cls: 0.2171  d4.loss_bbox: 0.0147  d4.loss_iou: 0.0265  enc_loss_cls: 0.2438  enc_loss_bbox: 0.0270  enc_loss_iou: 0.0476  dn_loss_cls: 0.0393  dn_loss_bbox: 0.0167  dn_loss_iou: 0.0298  d0.dn_loss_cls: 0.1164  d0.dn_loss_bbox: 0.0444  d0.dn_loss_iou: 0.0779  d1.dn_loss_cls: 0.0704  d1.dn_loss_bbox: 0.0209  d1.dn_loss_iou: 0.0373  d2.dn_loss_cls: 0.0516  d2.dn_loss_bbox: 0.0180  d2.dn_loss_iou: 0.0313  d3.dn_loss_cls: 0.0425  d3.dn_loss_bbox: 0.0169  d3.dn_loss_iou: 0.0301  d4.dn_loss_cls: 0.0398  d4.dn_loss_bbox: 0.0167  d4.dn_loss_iou: 0.0298  d1.loss_lmm_region: 0.1740  loss_lmm_image: 0.4120
2026/02/05 22:01:04 - mmengine - INFO - Iter(train) [24900/25000]  base_lr: 1.0000e-06 lr: 1.0000e-06  eta: 0:01:46  time: 1.0279  data_time: 0.0151  memory: 25342  grad_norm: 22.2199  loss: 3.9981  loss_cls: 0.2851  loss_bbox: 0.0224  loss_iou: 0.0398  d0.loss_cls: 0.3072  d0.loss_bbox: 0.0252  d0.loss_iou: 0.0459  d1.loss_cls: 0.2974  d1.loss_bbox: 0.0225  d1.loss_iou: 0.0406  d2.loss_cls: 0.2892  d2.loss_bbox: 0.0218  d2.loss_iou: 0.0397  d3.loss_cls: 0.2885  d3.loss_bbox: 0.0216  d3.loss_iou: 0.0389  d4.loss_cls: 0.2871  d4.loss_bbox: 0.0216  d4.loss_iou: 0.0389  enc_loss_cls: 0.3197  enc_loss_bbox: 0.0370  enc_loss_iou: 0.0668  dn_loss_cls: 0.0413  dn_loss_bbox: 0.0204  dn_loss_iou: 0.0386  d0.dn_loss_cls: 0.1427  d0.dn_loss_bbox: 0.0535  d0.dn_loss_iou: 0.1002  d1.dn_loss_cls: 0.0828  d1.dn_loss_bbox: 0.0255  d1.dn_loss_iou: 0.0484  d2.dn_loss_cls: 0.0589  d2.dn_loss_bbox: 0.0214  d2.dn_loss_iou: 0.0405  d3.dn_loss_cls: 0.0470  d3.dn_loss_bbox: 0.0207  d3.dn_loss_iou: 0.0389  d4.dn_loss_cls: 0.0419  d4.dn_loss_bbox: 0.0205  d4.dn_loss_iou: 0.0385  d1.loss_lmm_region: 0.1966  loss_lmm_image: 0.3633
2026/02/05 22:02:47 - mmengine - INFO - Exp name: grounding_dino_swin_t_20260205_192927
2026/02/05 22:02:47 - mmengine - INFO - Iter(train) [25000/25000]  base_lr: 1.0000e-06 lr: 1.0000e-06  eta: 0:00:00  time: 1.0202  data_time: 0.0146  memory: 25173  grad_norm: 21.6122  loss: 3.6275  loss_cls: 0.2560  loss_bbox: 0.0170  loss_iou: 0.0356  d0.loss_cls: 0.2772  d0.loss_bbox: 0.0192  d0.loss_iou: 0.0401  d1.loss_cls: 0.2685  d1.loss_bbox: 0.0173  d1.loss_iou: 0.0360  d2.loss_cls: 0.2638  d2.loss_bbox: 0.0171  d2.loss_iou: 0.0356  d3.loss_cls: 0.2598  d3.loss_bbox: 0.0170  d3.loss_iou: 0.0355  d4.loss_cls: 0.2560  d4.loss_bbox: 0.0170  d4.loss_iou: 0.0356  enc_loss_cls: 0.2871  enc_loss_bbox: 0.0285  enc_loss_iou: 0.0593  dn_loss_cls: 0.0388  dn_loss_bbox: 0.0174  dn_loss_iou: 0.0366  d0.dn_loss_cls: 0.1275  d0.dn_loss_bbox: 0.0423  d0.dn_loss_iou: 0.0891  d1.dn_loss_cls: 0.0725  d1.dn_loss_bbox: 0.0208  d1.dn_loss_iou: 0.0440  d2.dn_loss_cls: 0.0526  d2.dn_loss_bbox: 0.0180  d2.dn_loss_iou: 0.0380  d3.dn_loss_cls: 0.0445  d3.dn_loss_bbox: 0.0174  d3.dn_loss_iou: 0.0366  d4.dn_loss_cls: 0.0393  d4.dn_loss_bbox: 0.0174  d4.dn_loss_iou: 0.0365  d1.loss_lmm_region: 0.1771  loss_lmm_image: 0.3821
2026/02/05 22:02:47 - mmengine - INFO - Saving checkpoint at 25000 iterations
2026/02/05 22:03:07 - mmengine - INFO - Iter(val) [ 100/2445]    eta: 0:04:30  time: 0.1135  data_time: 0.0016  memory: 5168  
2026/02/05 22:03:19 - mmengine - INFO - Iter(val) [ 200/2445]    eta: 0:04:17  time: 0.1142  data_time: 0.0016  memory: 5137  
2026/02/05 22:03:30 - mmengine - INFO - Iter(val) [ 300/2445]    eta: 0:04:05  time: 0.1149  data_time: 0.0017  memory: 5138  
2026/02/05 22:03:42 - mmengine - INFO - Iter(val) [ 400/2445]    eta: 0:03:54  time: 0.1135  data_time: 0.0015  memory: 5145  
2026/02/05 22:03:53 - mmengine - INFO - Iter(val) [ 500/2445]    eta: 0:03:42  time: 0.1131  data_time: 0.0014  memory: 5152  
2026/02/05 22:04:04 - mmengine - INFO - Iter(val) [ 600/2445]    eta: 0:03:30  time: 0.1131  data_time: 0.0013  memory: 5129  
2026/02/05 22:04:16 - mmengine - INFO - Iter(val) [ 700/2445]    eta: 0:03:18  time: 0.1140  data_time: 0.0015  memory: 5144  
2026/02/05 22:04:27 - mmengine - INFO - Iter(val) [ 800/2445]    eta: 0:03:07  time: 0.1130  data_time: 0.0014  memory: 5129  
2026/02/05 22:04:38 - mmengine - INFO - Iter(val) [ 900/2445]    eta: 0:02:55  time: 0.1131  data_time: 0.0014  memory: 5152  
2026/02/05 22:04:50 - mmengine - INFO - Iter(val) [1000/2445]    eta: 0:02:44  time: 0.1141  data_time: 0.0015  memory: 5130  
2026/02/05 22:05:01 - mmengine - INFO - Iter(val) [1100/2445]    eta: 0:02:33  time: 0.1138  data_time: 0.0017  memory: 5139  
2026/02/05 22:05:12 - mmengine - INFO - Iter(val) [1200/2445]    eta: 0:02:21  time: 0.1144  data_time: 0.0017  memory: 5134  
2026/02/05 22:05:24 - mmengine - INFO - Iter(val) [1300/2445]    eta: 0:02:10  time: 0.1139  data_time: 0.0014  memory: 5121  
2026/02/05 22:05:35 - mmengine - INFO - Iter(val) [1400/2445]    eta: 0:01:59  time: 0.1144  data_time: 0.0015  memory: 5134  
2026/02/05 22:05:47 - mmengine - INFO - Iter(val) [1500/2445]    eta: 0:01:47  time: 0.1134  data_time: 0.0013  memory: 5151  
2026/02/05 22:05:58 - mmengine - INFO - Iter(val) [1600/2445]    eta: 0:01:36  time: 0.1139  data_time: 0.0015  memory: 5129  
2026/02/05 22:06:09 - mmengine - INFO - Iter(val) [1700/2445]    eta: 0:01:24  time: 0.1140  data_time: 0.0015  memory: 5132  
2026/02/05 22:06:21 - mmengine - INFO - Iter(val) [1800/2445]    eta: 0:01:13  time: 0.1138  data_time: 0.0014  memory: 5144  
2026/02/05 22:06:32 - mmengine - INFO - Iter(val) [1900/2445]    eta: 0:01:02  time: 0.1142  data_time: 0.0015  memory: 5132  
2026/02/05 22:06:44 - mmengine - INFO - Iter(val) [2000/2445]    eta: 0:00:50  time: 0.1140  data_time: 0.0014  memory: 5137  
2026/02/05 22:06:55 - mmengine - INFO - Iter(val) [2100/2445]    eta: 0:00:39  time: 0.1134  data_time: 0.0014  memory: 5137  
2026/02/05 22:07:06 - mmengine - INFO - Iter(val) [2200/2445]    eta: 0:00:27  time: 0.1141  data_time: 0.0015  memory: 5136  
2026/02/05 22:07:18 - mmengine - INFO - Iter(val) [2300/2445]    eta: 0:00:16  time: 0.1147  data_time: 0.0016  memory: 5148  
2026/02/05 22:07:29 - mmengine - INFO - Iter(val) [2400/2445]    eta: 0:00:05  time: 0.1145  data_time: 0.0017  memory: 5129  
2026/02/05 22:07:39 - mmengine - INFO - {'recall@1': 0.21436961865894863, 'recall@5': 0.5304382576262155, 'recall@10': 0.6647371544134565}
2026/02/05 22:07:39 - mmengine - INFO - Iter(val) [2445/2445]    lvis_fixed_ap/AP: 0.4160  lvis_fixed_ap/AP50: 0.5257  lvis_fixed_ap/AP75: 0.4424  lvis_fixed_ap/APs: 0.3797  lvis_fixed_ap/APm: 0.5411  lvis_fixed_ap/APl: 0.6120  lvis_fixed_ap/APr: 0.2916  lvis_fixed_ap/APc: 0.3625  lvis_fixed_ap/APf: 0.4858  odvg/recall@1: 0.2144  odvg/recall@5: 0.5304  odvg/recall@10: 0.6647  data_time: 0.0015  time: 0.1139
