2025/06/16 11:01:23 - mmengine - INFO - 
------------------------------------------------------------
System environment:
    sys.platform: linux
    Python: 3.11.9 | packaged by conda-forge | (main, Apr 19 2024, 18:36:13) [GCC 12.3.0]
    CUDA available: True
    MUSA available: False
    numpy_random_seed: 624982218
    GPU 0,1,2,3,4,5,6,7: NVIDIA A100-SXM4-40GB
    CUDA_HOME: /opt/conda/
    NVCC: Cuda compilation tools, release 12.2, V12.2.140
    GCC: gcc (Ubuntu 11.4.0-1ubuntu1~22.04) 11.4.0
    PyTorch: 2.2.2+cu121
    PyTorch compiling details: PyTorch built with:
  - GCC 9.3
  - C++ Version: 201703
  - Intel(R) oneAPI Math Kernel Library Version 2022.2-Product Build 20220804 for Intel(R) 64 architecture applications
  - Intel(R) MKL-DNN v3.3.2 (Git Hash 2dc95a2ad0841e29db8b22fbccaf3e5da7992b01)
  - OpenMP 201511 (a.k.a. OpenMP 4.5)
  - LAPACK is enabled (usually provided by MKL)
  - NNPACK is enabled
  - CPU capability usage: AVX512
  - CUDA Runtime 12.1
  - NVCC architecture flags: -gencode;arch=compute_50,code=sm_50;-gencode;arch=compute_60,code=sm_60;-gencode;arch=compute_70,code=sm_70;-gencode;arch=compute_75,code=sm_75;-gencode;arch=compute_80,code=sm_80;-gencode;arch=compute_86,code=sm_86;-gencode;arch=compute_90,code=sm_90
  - CuDNN 8.9.2
  - Magma 2.6.1
  - Build settings: BLAS_INFO=mkl, BUILD_TYPE=Release, CUDA_VERSION=12.1, CUDNN_VERSION=8.9.2, CXX_COMPILER=/opt/rh/devtoolset-9/root/usr/bin/c++, CXX_FLAGS= -D_GLIBCXX_USE_CXX11_ABI=0 -fabi-version=11 -fvisibility-inlines-hidden -DUSE_PTHREADPOOL -DNDEBUG -DUSE_KINETO -DLIBKINETO_NOROCTRACER -DUSE_FBGEMM -DUSE_QNNPACK -DUSE_PYTORCH_QNNPACK -DUSE_XNNPACK -DSYMBOLICATE_MOBILE_DEBUG_HANDLE -O2 -fPIC -Wall -Wextra -Werror=return-type -Werror=non-virtual-dtor -Werror=bool-operation -Wnarrowing -Wno-missing-field-initializers -Wno-type-limits -Wno-array-bounds -Wno-unknown-pragmas -Wno-unused-parameter -Wno-unused-function -Wno-unused-result -Wno-strict-overflow -Wno-strict-aliasing -Wno-stringop-overflow -Wsuggest-override -Wno-psabi -Wno-error=pedantic -Wno-error=old-style-cast -Wno-missing-braces -fdiagnostics-color=always -faligned-new -Wno-unused-but-set-variable -Wno-maybe-uninitialized -fno-math-errno -fno-trapping-math -Werror=format -Wno-stringop-overflow, LAPACK_INFO=mkl, PERF_WITH_AVX=1, PERF_WITH_AVX2=1, PERF_WITH_AVX512=1, TORCH_VERSION=2.2.2, USE_CUDA=ON, USE_CUDNN=ON, USE_EXCEPTION_PTR=1, USE_GFLAGS=OFF, USE_GLOG=OFF, USE_MKL=ON, USE_MKLDNN=ON, USE_MPI=OFF, USE_NCCL=1, USE_NNPACK=ON, USE_OPENMP=ON, USE_ROCM=OFF, USE_ROCM_KERNEL_ASSERT=OFF, 

    TorchVision: 0.17.2+cu121
    OpenCV: 4.11.0
    MMEngine: 0.10.7

Runtime environment:
    cudnn_benchmark: False
    mp_cfg: {'mp_start_method': 'fork', 'opencv_num_threads': 0}
    dist_cfg: {'backend': 'nccl', 'timeout': 3600}
    seed: 624982218
    Distributed launcher: pytorch
    Distributed training: True
    GPU number: 8
------------------------------------------------------------

2025/06/16 11:01:24 - mmengine - INFO - Config:
auto_scale_lr = dict(base_batch_size=16, enable=True)
backend_args = None
caption_dataset = dict(
    actual_dataset_mode='OD',
    ann_file='LLaVA-ReCap-558K_tag_box_vg7.jsonl',
    backend_args=None,
    clean_caption=True,
    data_prefix=dict(img='images/'),
    data_root='../grounding_data/llava_cap/',
    filter_cfg=dict(filter_empty_gt=False),
    label_map_file=None,
    pipeline=[
        dict(backend_args=None, type='LoadImageFromFile'),
        dict(type='LoadAnnotations', with_bbox=True),
        dict(
            keep_ratio=True,
            scales=[
                (
                    480,
                    1333,
                ),
                (
                    512,
                    1333,
                ),
                (
                    544,
                    1333,
                ),
                (
                    576,
                    1333,
                ),
                (
                    608,
                    1333,
                ),
                (
                    640,
                    1333,
                ),
                (
                    672,
                    1333,
                ),
                (
                    704,
                    1333,
                ),
                (
                    736,
                    1333,
                ),
                (
                    768,
                    1333,
                ),
                (
                    800,
                    1333,
                ),
            ],
            type='RandomChoiceResize'),
        dict(min_gt_bbox_wh=(
            0.01,
            0.01,
        ), type='FilterAnnotations'),
        dict(
            lmm_max_token_length=1600,
            max_tokens=256,
            num_region_caption=16,
            num_sample_negative=85,
            tokenizer_name='../huggingface/bert-base-uncased/',
            tokenizer_name2=
            '../huggingface/my_llava-onevision-qwen2-0.5b-ov-2/',
            type='RandomSamplingNegPos2'),
        dict(
            meta_keys=(
                'img_id',
                'img_path',
                'ori_shape',
                'img_shape',
                'scale_factor',
                'flip',
                'flip_direction',
                'text',
                'tags',
                'contrast_conv',
                'custom_entities',
                'tokens_positive',
                'dataset_mode',
                'conversations',
                'region_conversations',
            ),
            type='PackDetInputs'),
    ],
    return_classes=True,
    type='ODVGDataset',
    use_short_cap=False,
    use_uniform_prompt=True)
clean_caption = True
coco2017_train_dataset = dict(
    actual_dataset_mode='OD',
    ann_file='annotations/instances_train2017_vg_merged6.jsonl',
    backend_args=None,
    clean_caption=True,
    data_prefix=dict(img='train2017'),
    data_root='../grounding_data/coco/',
    filter_cfg=dict(filter_empty_gt=False),
    pipeline=[
        dict(backend_args=None, type='LoadImageFromFile'),
        dict(type='LoadAnnotations', with_bbox=True),
        dict(
            keep_ratio=True,
            scales=[
                (
                    480,
                    1333,
                ),
                (
                    512,
                    1333,
                ),
                (
                    544,
                    1333,
                ),
                (
                    576,
                    1333,
                ),
                (
                    608,
                    1333,
                ),
                (
                    640,
                    1333,
                ),
                (
                    672,
                    1333,
                ),
                (
                    704,
                    1333,
                ),
                (
                    736,
                    1333,
                ),
                (
                    768,
                    1333,
                ),
                (
                    800,
                    1333,
                ),
            ],
            type='RandomChoiceResize'),
        dict(min_gt_bbox_wh=(
            0.01,
            0.01,
        ), type='FilterAnnotations'),
        dict(
            lmm_max_token_length=1600,
            max_tokens=256,
            num_region_caption=16,
            num_sample_negative=85,
            tokenizer_name='../huggingface/bert-base-uncased/',
            tokenizer_name2=
            '../huggingface/my_llava-onevision-qwen2-0.5b-ov-2/',
            type='RandomSamplingNegPos2'),
        dict(
            meta_keys=(
                'img_id',
                'img_path',
                'ori_shape',
                'img_shape',
                'scale_factor',
                'flip',
                'flip_direction',
                'text',
                'tags',
                'contrast_conv',
                'custom_entities',
                'tokens_positive',
                'dataset_mode',
                'conversations',
                'region_conversations',
            ),
            type='PackDetInputs'),
    ],
    return_classes=True,
    type='ODVGDataset',
    use_short_cap=False,
    use_uniform_prompt=True)
data_root = '../grounding_data/coco/'
dataset_type = 'LVISV1Dataset'
default_hooks = dict(
    checkpoint=dict(
        by_epoch=False,
        interval=3000,
        max_keep_ckpts=30,
        type='CheckpointHook'),
    logger=dict(interval=100, type='LoggerHook'),
    param_scheduler=dict(type='ParamSchedulerHook'),
    sampler_seed=dict(type='DistSamplerSeedHook'),
    timer=dict(type='IterTimerHook'),
    visualization=dict(type='GroundingVisualizationHook'))
default_scope = 'mmdet'
env_cfg = dict(
    cudnn_benchmark=False,
    dist_cfg=dict(backend='nccl', timeout=3600),
    mp_cfg=dict(mp_start_method='fork', opencv_num_threads=0))
flickr30k_dataset = dict(
    actual_dataset_mode='VG',
    ann_file='flickr_train_vg7.jsonl',
    backend_args=None,
    clean_caption=True,
    data_prefix=dict(img='flickr30k_images/'),
    data_root='../grounding_data/flickr30k_entities/',
    filter_cfg=dict(filter_empty_gt=False),
    label_map_file=None,
    pipeline=[
        dict(backend_args=None, type='LoadImageFromFile'),
        dict(type='LoadAnnotations', with_bbox=True),
        dict(
            keep_ratio=True,
            scales=[
                (
                    480,
                    1333,
                ),
                (
                    512,
                    1333,
                ),
                (
                    544,
                    1333,
                ),
                (
                    576,
                    1333,
                ),
                (
                    608,
                    1333,
                ),
                (
                    640,
                    1333,
                ),
                (
                    672,
                    1333,
                ),
                (
                    704,
                    1333,
                ),
                (
                    736,
                    1333,
                ),
                (
                    768,
                    1333,
                ),
                (
                    800,
                    1333,
                ),
            ],
            type='RandomChoiceResize'),
        dict(min_gt_bbox_wh=(
            0.01,
            0.01,
        ), type='FilterAnnotations'),
        dict(
            lmm_max_token_length=1600,
            max_tokens=256,
            num_region_caption=16,
            num_sample_negative=85,
            tokenizer_name='../huggingface/bert-base-uncased/',
            tokenizer_name2=
            '../huggingface/my_llava-onevision-qwen2-0.5b-ov-2/',
            type='RandomSamplingNegPos2'),
        dict(
            meta_keys=(
                'img_id',
                'img_path',
                'ori_shape',
                'img_shape',
                'scale_factor',
                'flip',
                'flip_direction',
                'text',
                'tags',
                'contrast_conv',
                'custom_entities',
                'tokens_positive',
                'dataset_mode',
                'conversations',
                'region_conversations',
            ),
            type='PackDetInputs'),
    ],
    return_classes=True,
    type='ODVGDataset',
    use_short_cap=False,
    use_uniform_prompt=True)
gqa_dataset = dict(
    actual_dataset_mode='VG',
    ann_file='gqa_train_vg7.jsonl',
    backend_args=None,
    clean_caption=True,
    data_prefix=dict(img='images/'),
    data_root='../grounding_data/gqa/',
    filter_cfg=dict(filter_empty_gt=False),
    label_map_file=None,
    pipeline=[
        dict(backend_args=None, type='LoadImageFromFile'),
        dict(type='LoadAnnotations', with_bbox=True),
        dict(
            keep_ratio=True,
            scales=[
                (
                    480,
                    1333,
                ),
                (
                    512,
                    1333,
                ),
                (
                    544,
                    1333,
                ),
                (
                    576,
                    1333,
                ),
                (
                    608,
                    1333,
                ),
                (
                    640,
                    1333,
                ),
                (
                    672,
                    1333,
                ),
                (
                    704,
                    1333,
                ),
                (
                    736,
                    1333,
                ),
                (
                    768,
                    1333,
                ),
                (
                    800,
                    1333,
                ),
            ],
            type='RandomChoiceResize'),
        dict(min_gt_bbox_wh=(
            0.01,
            0.01,
        ), type='FilterAnnotations'),
        dict(
            lmm_max_token_length=1600,
            max_tokens=256,
            num_region_caption=16,
            num_sample_negative=85,
            tokenizer_name='../huggingface/bert-base-uncased/',
            tokenizer_name2=
            '../huggingface/my_llava-onevision-qwen2-0.5b-ov-2/',
            type='RandomSamplingNegPos2'),
        dict(
            meta_keys=(
                'img_id',
                'img_path',
                'ori_shape',
                'img_shape',
                'scale_factor',
                'flip',
                'flip_direction',
                'text',
                'tags',
                'contrast_conv',
                'custom_entities',
                'tokens_positive',
                'dataset_mode',
                'conversations',
                'region_conversations',
            ),
            type='PackDetInputs'),
    ],
    return_classes=True,
    type='ODVGDataset',
    use_short_cap=False,
    use_uniform_prompt=True)
lang_model_name = '../huggingface/bert-base-uncased/'
launcher = 'pytorch'
lmm_max_token_length = 1600
lmm_path = '../huggingface/my_llava-onevision-qwen2-0.5b-ov-2/'
load_from = '../huggingface/mm_grounding_dino/grounding_dino_swin-t_pretrain_obj365_goldg_grit9m_v3det_20231204_095047-b448804b.pth'
log_level = 'INFO'
log_processor = dict(by_epoch=False, type='LogProcessor', window_size=50)
max_iter = 15000
model = dict(
    as_two_stage=True,
    backbone=dict(
        attn_drop_rate=0.0,
        convert_weights=True,
        depths=[
            2,
            2,
            6,
            2,
        ],
        drop_path_rate=0.2,
        drop_rate=0.0,
        embed_dims=96,
        frozen_stages=-1,
        init_cfg=dict(checkpoint=None, type='Pretrained'),
        mlp_ratio=4,
        num_heads=[
            3,
            6,
            12,
            24,
        ],
        out_indices=(
            1,
            2,
            3,
        ),
        patch_norm=True,
        qk_scale=None,
        qkv_bias=True,
        type='SwinTransformer',
        window_size=7,
        with_cp=True),
    bbox_head=dict(
        contrastive_cfg=dict(bias=True, log_scale='auto', max_text_len=256),
        loss_bbox=dict(loss_weight=5.0, type='L1Loss'),
        loss_cls=dict(
            alpha=0.25,
            gamma=2.0,
            loss_weight=1.0,
            type='FocalLoss',
            use_sigmoid=True),
        num_classes=256,
        sync_cls_avg_factor=True,
        type='GroundingDINOHead'),
    data_preprocessor=dict(
        bgr_to_rgb=True,
        mean=[
            123.675,
            116.28,
            103.53,
        ],
        pad_mask=False,
        std=[
            58.395,
            57.12,
            57.375,
        ],
        type='DetDataPreprocessor'),
    decoder=dict(
        layer_cfg=dict(
            cross_attn_cfg=dict(dropout=0.0, embed_dims=256, num_heads=8),
            cross_attn_text_cfg=dict(dropout=0.0, embed_dims=256, num_heads=8),
            ffn_cfg=dict(
                embed_dims=256, feedforward_channels=2048, ffn_drop=0.0),
            self_attn_cfg=dict(dropout=0.0, embed_dims=256, num_heads=8)),
        num_layers=6,
        post_norm_cfg=None,
        return_intermediate=True),
    dn_cfg=dict(
        box_noise_scale=1.0,
        group_cfg=dict(dynamic=True, num_dn_queries=100, num_groups=None),
        label_noise_scale=0.5),
    encoder=dict(
        fusion_layer_cfg=dict(
            embed_dim=1024,
            init_values=0.0001,
            l_dim=256,
            num_heads=4,
            v_dim=256),
        layer_cfg=dict(
            ffn_cfg=dict(
                embed_dims=256, feedforward_channels=2048, ffn_drop=0.0),
            self_attn_cfg=dict(dropout=0.0, embed_dims=256, num_levels=4)),
        num_cp=6,
        num_layers=6,
        text_layer_cfg=dict(
            ffn_cfg=dict(
                embed_dims=256, feedforward_channels=1024, ffn_drop=0.0),
            self_attn_cfg=dict(dropout=0.0, embed_dims=256, num_heads=4))),
    feature_map_size=27,
    freeze_backbone=True,
    freeze_lm=False,
    language_model=dict(
        add_pooling_layer=False,
        max_tokens=256,
        name='../huggingface/bert-base-uncased/',
        pad_to_max=False,
        special_tokens_list=[
            '[CLS]',
            '[SEP]',
            '.',
            '?',
        ],
        type='BertModel',
        use_sub_sentence_represent=True),
    lmm='../huggingface/my_llava-onevision-qwen2-0.5b-ov-2/',
    lmm_connector=
    '../huggingface/my_llava-onevision-qwen2-0.5b-ov-2/mm_projector2.bin',
    lmm_connector_prefix='mm_projector',
    lmm_image_loss_weight=1.0,
    lmm_max_token_length=1600,
    lmm_new_layer_insert_type='all',
    lmm_region_loss_weight=1.0,
    lora_alpha=256,
    lora_dropout=0,
    lora_r=128,
    mini_query=False,
    neck=dict(
        act_cfg=None,
        bias=True,
        in_channels=[
            192,
            384,
            768,
        ],
        kernel_size=1,
        norm_cfg=dict(num_groups=32, type='GN'),
        num_outs=4,
        out_channels=256,
        type='ChannelMapper'),
    num_lmm_new_layers=6,
    num_queries=900,
    num_region_caption=16,
    positional_encoding=dict(
        normalize=True, num_feats=128, offset=0.0, temperature=20),
    test_cfg=dict(chunked_size=40, max_per_img=300),
    train_cfg=dict(
        assigner=dict(
            match_costs=[
                dict(type='BinaryFocalLossCost', weight=2.0),
                dict(box_format='xywh', type='BBoxL1Cost', weight=5.0),
                dict(iou_mode='giou', type='IoUCost', weight=2.0),
            ],
            type='HungarianAssigner')),
    type='GroundingDINO',
    use_image_level_cross_attn=False,
    use_lmm_cross_attn=True,
    use_lora=True,
    use_p4_input=True,
    use_p5_input=True,
    use_plora=False,
    use_query_input=False,
    with_box_refine=True)
num_region_caption = 16
optim_wrapper = dict(
    clip_grad=dict(max_norm=0.1, norm_type=2),
    loss_scale='dynamic',
    optimizer=dict(lr=0.0001, type='AdamW', weight_decay=0.0001),
    paramwise_cfg=dict(
        custom_keys=dict(
            absolute_pos_embed=dict(decay_mult=0.0),
            backbone=dict(lr_mult=0.1),
            language_model=dict(lr_mult=0.1))),
    type='AmpOptimWrapper')
param_scheduler = [
    dict(
        begin=0, by_epoch=False, end=1000, start_factor=0.001,
        type='LinearLR'),
    dict(
        begin=0,
        by_epoch=False,
        end=15000,
        gamma=0.1,
        milestones=[
            12000,
            14000,
        ],
        type='MultiStepLR'),
]
pretrained = None
randomness = dict(seed=624982218)
resume = False
test_cfg = dict(type='TestLoop')
test_dataloader = dict(
    batch_size=1,
    dataset=dict(
        ann_file='annotations/lvis_v1_minival_inserted_image_name.json',
        backend_args=None,
        data_prefix=dict(img=''),
        data_root='../grounding_data/coco/',
        pipeline=[
            dict(
                backend_args=None,
                imdecode_backend='pillow',
                type='LoadImageFromFile'),
            dict(
                backend='pillow',
                keep_ratio=True,
                scale=(
                    800,
                    1333,
                ),
                type='FixScaleResize'),
            dict(type='LoadAnnotations', with_bbox=True),
            dict(
                meta_keys=(
                    'img_id',
                    'img_path',
                    'ori_shape',
                    'img_shape',
                    'scale_factor',
                    'text',
                    'custom_entities',
                    'tokens_positive',
                ),
                type='PackDetInputs'),
        ],
        return_classes=True,
        test_mode=True,
        type='LVISV1Dataset'),
    drop_last=False,
    num_workers=2,
    persistent_workers=True,
    sampler=dict(shuffle=False, type='DefaultSampler'))
test_evaluator = dict(
    ann_file=
    '../grounding_data/coco/annotations/lvis_v1_minival_inserted_image_name.json',
    type='LVISFixedAPMetric')
test_pipeline = [
    dict(
        backend_args=None, imdecode_backend='pillow',
        type='LoadImageFromFile'),
    dict(
        backend='pillow',
        keep_ratio=True,
        scale=(
            800,
            1333,
        ),
        type='FixScaleResize'),
    dict(type='LoadAnnotations', with_bbox=True),
    dict(
        meta_keys=(
            'img_id',
            'img_path',
            'ori_shape',
            'img_shape',
            'scale_factor',
            'text',
            'custom_entities',
            'tokens_positive',
        ),
        type='PackDetInputs'),
]
train_cfg = dict(max_iters=15000, type='IterBasedTrainLoop', val_interval=3000)
train_dataloader = dict(
    batch_sampler=dict(type='AspectRatioBatchSampler'),
    batch_size=2,
    dataset=dict(
        datasets=[
            dict(
                actual_dataset_mode='OD',
                ann_file='annotations/instances_train2017_vg_merged6.jsonl',
                backend_args=None,
                clean_caption=True,
                data_prefix=dict(img='train2017'),
                data_root='../grounding_data/coco/',
                filter_cfg=dict(filter_empty_gt=False),
                pipeline=[
                    dict(backend_args=None, type='LoadImageFromFile'),
                    dict(type='LoadAnnotations', with_bbox=True),
                    dict(
                        keep_ratio=True,
                        scales=[
                            (
                                480,
                                1333,
                            ),
                            (
                                512,
                                1333,
                            ),
                            (
                                544,
                                1333,
                            ),
                            (
                                576,
                                1333,
                            ),
                            (
                                608,
                                1333,
                            ),
                            (
                                640,
                                1333,
                            ),
                            (
                                672,
                                1333,
                            ),
                            (
                                704,
                                1333,
                            ),
                            (
                                736,
                                1333,
                            ),
                            (
                                768,
                                1333,
                            ),
                            (
                                800,
                                1333,
                            ),
                        ],
                        type='RandomChoiceResize'),
                    dict(
                        min_gt_bbox_wh=(
                            0.01,
                            0.01,
                        ),
                        type='FilterAnnotations'),
                    dict(
                        lmm_max_token_length=1600,
                        max_tokens=256,
                        num_region_caption=16,
                        num_sample_negative=85,
                        tokenizer_name='../huggingface/bert-base-uncased/',
                        tokenizer_name2=
                        '../huggingface/my_llava-onevision-qwen2-0.5b-ov-2/',
                        type='RandomSamplingNegPos2'),
                    dict(
                        meta_keys=(
                            'img_id',
                            'img_path',
                            'ori_shape',
                            'img_shape',
                            'scale_factor',
                            'flip',
                            'flip_direction',
                            'text',
                            'tags',
                            'contrast_conv',
                            'custom_entities',
                            'tokens_positive',
                            'dataset_mode',
                            'conversations',
                            'region_conversations',
                        ),
                        type='PackDetInputs'),
                ],
                return_classes=True,
                type='ODVGDataset',
                use_short_cap=False,
                use_uniform_prompt=True),
            dict(
                actual_dataset_mode='VG',
                ann_file='flickr_train_vg7.jsonl',
                backend_args=None,
                clean_caption=True,
                data_prefix=dict(img='flickr30k_images/'),
                data_root='../grounding_data/flickr30k_entities/',
                filter_cfg=dict(filter_empty_gt=False),
                label_map_file=None,
                pipeline=[
                    dict(backend_args=None, type='LoadImageFromFile'),
                    dict(type='LoadAnnotations', with_bbox=True),
                    dict(
                        keep_ratio=True,
                        scales=[
                            (
                                480,
                                1333,
                            ),
                            (
                                512,
                                1333,
                            ),
                            (
                                544,
                                1333,
                            ),
                            (
                                576,
                                1333,
                            ),
                            (
                                608,
                                1333,
                            ),
                            (
                                640,
                                1333,
                            ),
                            (
                                672,
                                1333,
                            ),
                            (
                                704,
                                1333,
                            ),
                            (
                                736,
                                1333,
                            ),
                            (
                                768,
                                1333,
                            ),
                            (
                                800,
                                1333,
                            ),
                        ],
                        type='RandomChoiceResize'),
                    dict(
                        min_gt_bbox_wh=(
                            0.01,
                            0.01,
                        ),
                        type='FilterAnnotations'),
                    dict(
                        lmm_max_token_length=1600,
                        max_tokens=256,
                        num_region_caption=16,
                        num_sample_negative=85,
                        tokenizer_name='../huggingface/bert-base-uncased/',
                        tokenizer_name2=
                        '../huggingface/my_llava-onevision-qwen2-0.5b-ov-2/',
                        type='RandomSamplingNegPos2'),
                    dict(
                        meta_keys=(
                            'img_id',
                            'img_path',
                            'ori_shape',
                            'img_shape',
                            'scale_factor',
                            'flip',
                            'flip_direction',
                            'text',
                            'tags',
                            'contrast_conv',
                            'custom_entities',
                            'tokens_positive',
                            'dataset_mode',
                            'conversations',
                            'region_conversations',
                        ),
                        type='PackDetInputs'),
                ],
                return_classes=True,
                type='ODVGDataset',
                use_short_cap=False,
                use_uniform_prompt=True),
            dict(
                actual_dataset_mode='VG',
                ann_file='gqa_train_vg7.jsonl',
                backend_args=None,
                clean_caption=True,
                data_prefix=dict(img='images/'),
                data_root='../grounding_data/gqa/',
                filter_cfg=dict(filter_empty_gt=False),
                label_map_file=None,
                pipeline=[
                    dict(backend_args=None, type='LoadImageFromFile'),
                    dict(type='LoadAnnotations', with_bbox=True),
                    dict(
                        keep_ratio=True,
                        scales=[
                            (
                                480,
                                1333,
                            ),
                            (
                                512,
                                1333,
                            ),
                            (
                                544,
                                1333,
                            ),
                            (
                                576,
                                1333,
                            ),
                            (
                                608,
                                1333,
                            ),
                            (
                                640,
                                1333,
                            ),
                            (
                                672,
                                1333,
                            ),
                            (
                                704,
                                1333,
                            ),
                            (
                                736,
                                1333,
                            ),
                            (
                                768,
                                1333,
                            ),
                            (
                                800,
                                1333,
                            ),
                        ],
                        type='RandomChoiceResize'),
                    dict(
                        min_gt_bbox_wh=(
                            0.01,
                            0.01,
                        ),
                        type='FilterAnnotations'),
                    dict(
                        lmm_max_token_length=1600,
                        max_tokens=256,
                        num_region_caption=16,
                        num_sample_negative=85,
                        tokenizer_name='../huggingface/bert-base-uncased/',
                        tokenizer_name2=
                        '../huggingface/my_llava-onevision-qwen2-0.5b-ov-2/',
                        type='RandomSamplingNegPos2'),
                    dict(
                        meta_keys=(
                            'img_id',
                            'img_path',
                            'ori_shape',
                            'img_shape',
                            'scale_factor',
                            'flip',
                            'flip_direction',
                            'text',
                            'tags',
                            'contrast_conv',
                            'custom_entities',
                            'tokens_positive',
                            'dataset_mode',
                            'conversations',
                            'region_conversations',
                        ),
                        type='PackDetInputs'),
                ],
                return_classes=True,
                type='ODVGDataset',
                use_short_cap=False,
                use_uniform_prompt=True),
            dict(
                actual_dataset_mode='OD',
                ann_file='LLaVA-ReCap-558K_tag_box_vg7.jsonl',
                backend_args=None,
                clean_caption=True,
                data_prefix=dict(img='images/'),
                data_root='../grounding_data/llava_cap/',
                filter_cfg=dict(filter_empty_gt=False),
                label_map_file=None,
                pipeline=[
                    dict(backend_args=None, type='LoadImageFromFile'),
                    dict(type='LoadAnnotations', with_bbox=True),
                    dict(
                        keep_ratio=True,
                        scales=[
                            (
                                480,
                                1333,
                            ),
                            (
                                512,
                                1333,
                            ),
                            (
                                544,
                                1333,
                            ),
                            (
                                576,
                                1333,
                            ),
                            (
                                608,
                                1333,
                            ),
                            (
                                640,
                                1333,
                            ),
                            (
                                672,
                                1333,
                            ),
                            (
                                704,
                                1333,
                            ),
                            (
                                736,
                                1333,
                            ),
                            (
                                768,
                                1333,
                            ),
                            (
                                800,
                                1333,
                            ),
                        ],
                        type='RandomChoiceResize'),
                    dict(
                        min_gt_bbox_wh=(
                            0.01,
                            0.01,
                        ),
                        type='FilterAnnotations'),
                    dict(
                        lmm_max_token_length=1600,
                        max_tokens=256,
                        num_region_caption=16,
                        num_sample_negative=85,
                        tokenizer_name='../huggingface/bert-base-uncased/',
                        tokenizer_name2=
                        '../huggingface/my_llava-onevision-qwen2-0.5b-ov-2/',
                        type='RandomSamplingNegPos2'),
                    dict(
                        meta_keys=(
                            'img_id',
                            'img_path',
                            'ori_shape',
                            'img_shape',
                            'scale_factor',
                            'flip',
                            'flip_direction',
                            'text',
                            'tags',
                            'contrast_conv',
                            'custom_entities',
                            'tokens_positive',
                            'dataset_mode',
                            'conversations',
                            'region_conversations',
                        ),
                        type='PackDetInputs'),
                ],
                return_classes=True,
                type='ODVGDataset',
                use_short_cap=False,
                use_uniform_prompt=True),
        ],
        type='ConcatDataset'),
    num_workers=4,
    persistent_workers=True,
    sampler=dict(shuffle=True, type='DefaultSampler'))
train_pipeline = [
    dict(backend_args=None, type='LoadImageFromFile'),
    dict(type='LoadAnnotations', with_bbox=True),
    dict(
        keep_ratio=True,
        scales=[
            (
                480,
                1333,
            ),
            (
                512,
                1333,
            ),
            (
                544,
                1333,
            ),
            (
                576,
                1333,
            ),
            (
                608,
                1333,
            ),
            (
                640,
                1333,
            ),
            (
                672,
                1333,
            ),
            (
                704,
                1333,
            ),
            (
                736,
                1333,
            ),
            (
                768,
                1333,
            ),
            (
                800,
                1333,
            ),
        ],
        type='RandomChoiceResize'),
    dict(min_gt_bbox_wh=(
        0.01,
        0.01,
    ), type='FilterAnnotations'),
    dict(
        lmm_max_token_length=1600,
        max_tokens=256,
        num_region_caption=16,
        num_sample_negative=85,
        tokenizer_name='../huggingface/bert-base-uncased/',
        tokenizer_name2='../huggingface/my_llava-onevision-qwen2-0.5b-ov-2/',
        type='RandomSamplingNegPos2'),
    dict(
        meta_keys=(
            'img_id',
            'img_path',
            'ori_shape',
            'img_shape',
            'scale_factor',
            'flip',
            'flip_direction',
            'text',
            'tags',
            'contrast_conv',
            'custom_entities',
            'tokens_positive',
            'dataset_mode',
            'conversations',
            'region_conversations',
        ),
        type='PackDetInputs'),
]
use_short_cap = False
use_uniform_prompt = True
v3det_dataset = dict(
    actual_dataset_mode='OD',
    ann_file='annotations/v3det_2023_v1_train_vg7.jsonl',
    backend_args=None,
    clean_caption=True,
    data_prefix=dict(img=''),
    data_root='../grounding_data/v3det/',
    filter_cfg=dict(filter_empty_gt=False),
    label_map_file=None,
    pipeline=[
        dict(backend_args=None, type='LoadImageFromFile'),
        dict(type='LoadAnnotations', with_bbox=True),
        dict(
            keep_ratio=True,
            scales=[
                (
                    480,
                    1333,
                ),
                (
                    512,
                    1333,
                ),
                (
                    544,
                    1333,
                ),
                (
                    576,
                    1333,
                ),
                (
                    608,
                    1333,
                ),
                (
                    640,
                    1333,
                ),
                (
                    672,
                    1333,
                ),
                (
                    704,
                    1333,
                ),
                (
                    736,
                    1333,
                ),
                (
                    768,
                    1333,
                ),
                (
                    800,
                    1333,
                ),
            ],
            type='RandomChoiceResize'),
        dict(min_gt_bbox_wh=(
            0.01,
            0.01,
        ), type='FilterAnnotations'),
        dict(
            lmm_max_token_length=1600,
            max_tokens=256,
            num_region_caption=16,
            num_sample_negative=85,
            tokenizer_name='../huggingface/bert-base-uncased/',
            tokenizer_name2=
            '../huggingface/my_llava-onevision-qwen2-0.5b-ov-2/',
            type='RandomSamplingNegPos2'),
        dict(
            meta_keys=(
                'img_id',
                'img_path',
                'ori_shape',
                'img_shape',
                'scale_factor',
                'flip',
                'flip_direction',
                'text',
                'tags',
                'contrast_conv',
                'custom_entities',
                'tokens_positive',
                'dataset_mode',
                'conversations',
                'region_conversations',
            ),
            type='PackDetInputs'),
    ],
    return_classes=True,
    type='ODVGDataset',
    use_short_cap=False,
    use_uniform_prompt=True)
val_cfg = dict(type='ValLoop')
val_dataloader = dict(
    batch_size=1,
    dataset=dict(
        ann_file='annotations/lvis_v1_minival_inserted_image_name.json',
        backend_args=None,
        data_prefix=dict(img=''),
        data_root='../grounding_data/coco/',
        pipeline=[
            dict(
                backend_args=None,
                imdecode_backend='pillow',
                type='LoadImageFromFile'),
            dict(
                backend='pillow',
                keep_ratio=True,
                scale=(
                    800,
                    1333,
                ),
                type='FixScaleResize'),
            dict(type='LoadAnnotations', with_bbox=True),
            dict(
                meta_keys=(
                    'img_id',
                    'img_path',
                    'ori_shape',
                    'img_shape',
                    'scale_factor',
                    'text',
                    'custom_entities',
                    'tokens_positive',
                ),
                type='PackDetInputs'),
        ],
        return_classes=True,
        test_mode=True,
        type='LVISV1Dataset'),
    drop_last=False,
    num_workers=2,
    persistent_workers=True,
    sampler=dict(shuffle=False, type='DefaultSampler'))
val_evaluator = dict(
    ann_file=
    '../grounding_data/coco/annotations/lvis_v1_minival_inserted_image_name.json',
    type='LVISFixedAPMetric')
vis_backends = [
    dict(type='LocalVisBackend'),
]
visualizer = dict(
    name='visualizer',
    type='DetLocalVisualizer',
    vis_backends=[
        dict(type='LocalVisBackend'),
    ])
work_dir = './work_dirs/grounding_dino_swin_t'

2025/06/16 11:01:32 - mmengine - INFO - Hooks will be executed in the following order:
before_run:
(VERY_HIGH   ) RuntimeInfoHook                    
(BELOW_NORMAL) LoggerHook                         
 -------------------- 
before_train:
(VERY_HIGH   ) RuntimeInfoHook                    
(NORMAL      ) IterTimerHook                      
(VERY_LOW    ) CheckpointHook                     
 -------------------- 
before_train_epoch:
(VERY_HIGH   ) RuntimeInfoHook                    
(NORMAL      ) IterTimerHook                      
(NORMAL      ) DistSamplerSeedHook                
 -------------------- 
before_train_iter:
(VERY_HIGH   ) RuntimeInfoHook                    
(NORMAL      ) IterTimerHook                      
 -------------------- 
after_train_iter:
(VERY_HIGH   ) RuntimeInfoHook                    
(NORMAL      ) IterTimerHook                      
(BELOW_NORMAL) LoggerHook                         
(LOW         ) ParamSchedulerHook                 
(VERY_LOW    ) CheckpointHook                     
 -------------------- 
after_train_epoch:
(NORMAL      ) IterTimerHook                      
(LOW         ) ParamSchedulerHook                 
(VERY_LOW    ) CheckpointHook                     
 -------------------- 
before_val:
(VERY_HIGH   ) RuntimeInfoHook                    
 -------------------- 
before_val_epoch:
(NORMAL      ) IterTimerHook                      
 -------------------- 
before_val_iter:
(NORMAL      ) IterTimerHook                      
 -------------------- 
after_val_iter:
(NORMAL      ) IterTimerHook                      
(NORMAL      ) GroundingVisualizationHook         
(BELOW_NORMAL) LoggerHook                         
 -------------------- 
after_val_epoch:
(VERY_HIGH   ) RuntimeInfoHook                    
(NORMAL      ) IterTimerHook                      
(BELOW_NORMAL) LoggerHook                         
(LOW         ) ParamSchedulerHook                 
(VERY_LOW    ) CheckpointHook                     
 -------------------- 
after_val:
(VERY_HIGH   ) RuntimeInfoHook                    
 -------------------- 
after_train:
(VERY_HIGH   ) RuntimeInfoHook                    
(VERY_LOW    ) CheckpointHook                     
 -------------------- 
before_test:
(VERY_HIGH   ) RuntimeInfoHook                    
 -------------------- 
before_test_epoch:
(NORMAL      ) IterTimerHook                      
 -------------------- 
before_test_iter:
(NORMAL      ) IterTimerHook                      
 -------------------- 
after_test_iter:
(NORMAL      ) IterTimerHook                      
(NORMAL      ) GroundingVisualizationHook         
(BELOW_NORMAL) LoggerHook                         
 -------------------- 
after_test_epoch:
(VERY_HIGH   ) RuntimeInfoHook                    
(NORMAL      ) IterTimerHook                      
(BELOW_NORMAL) LoggerHook                         
 -------------------- 
after_test:
(VERY_HIGH   ) RuntimeInfoHook                    
 -------------------- 
after_run:
(BELOW_NORMAL) LoggerHook                         
 -------------------- 
2025/06/16 11:07:19 - mmengine - WARNING - backbone.patch_embed.projection.weight is skipped since its requires_grad=False
2025/06/16 11:07:19 - mmengine - WARNING - backbone.patch_embed.projection.bias is skipped since its requires_grad=False
2025/06/16 11:07:19 - mmengine - WARNING - backbone.patch_embed.norm.weight is skipped since its requires_grad=False
2025/06/16 11:07:19 - mmengine - WARNING - backbone.patch_embed.norm.bias is skipped since its requires_grad=False
2025/06/16 11:07:19 - mmengine - WARNING - backbone.stages.0.blocks.0.norm1.weight is skipped since its requires_grad=False
2025/06/16 11:07:19 - mmengine - WARNING - backbone.stages.0.blocks.0.norm1.bias is skipped since its requires_grad=False
2025/06/16 11:07:19 - mmengine - WARNING - backbone.stages.0.blocks.0.attn.w_msa.relative_position_bias_table is skipped since its requires_grad=False
2025/06/16 11:07:19 - mmengine - WARNING - backbone.stages.0.blocks.0.attn.w_msa.qkv.weight is skipped since its requires_grad=False
2025/06/16 11:07:19 - mmengine - WARNING - backbone.stages.0.blocks.0.attn.w_msa.qkv.bias is skipped since its requires_grad=False
2025/06/16 11:07:19 - mmengine - WARNING - backbone.stages.0.blocks.0.attn.w_msa.proj.weight is skipped since its requires_grad=False
2025/06/16 11:07:19 - mmengine - WARNING - backbone.stages.0.blocks.0.attn.w_msa.proj.bias is skipped since its requires_grad=False
2025/06/16 11:07:19 - mmengine - WARNING - backbone.stages.0.blocks.0.norm2.weight is skipped since its requires_grad=False
2025/06/16 11:07:19 - mmengine - WARNING - backbone.stages.0.blocks.0.norm2.bias is skipped since its requires_grad=False
2025/06/16 11:07:19 - mmengine - WARNING - backbone.stages.0.blocks.0.ffn.layers.0.0.weight is skipped since its requires_grad=False
2025/06/16 11:07:19 - mmengine - WARNING - backbone.stages.0.blocks.0.ffn.layers.0.0.bias is skipped since its requires_grad=False
2025/06/16 11:07:19 - mmengine - WARNING - backbone.stages.0.blocks.0.ffn.layers.1.weight is skipped since its requires_grad=False
2025/06/16 11:07:19 - mmengine - WARNING - backbone.stages.0.blocks.0.ffn.layers.1.bias is skipped since its requires_grad=False
2025/06/16 11:07:19 - mmengine - WARNING - backbone.stages.0.blocks.1.norm1.weight is skipped since its requires_grad=False
2025/06/16 11:07:19 - mmengine - WARNING - backbone.stages.0.blocks.1.norm1.bias is skipped since its requires_grad=False
2025/06/16 11:07:19 - mmengine - WARNING - backbone.stages.0.blocks.1.attn.w_msa.relative_position_bias_table is skipped since its requires_grad=False
2025/06/16 11:07:19 - mmengine - WARNING - backbone.stages.0.blocks.1.attn.w_msa.qkv.weight is skipped since its requires_grad=False
2025/06/16 11:07:19 - mmengine - WARNING - backbone.stages.0.blocks.1.attn.w_msa.qkv.bias is skipped since its requires_grad=False
2025/06/16 11:07:19 - mmengine - WARNING - backbone.stages.0.blocks.1.attn.w_msa.proj.weight is skipped since its requires_grad=False
2025/06/16 11:07:19 - mmengine - WARNING - backbone.stages.0.blocks.1.attn.w_msa.proj.bias is skipped since its requires_grad=False
2025/06/16 11:07:19 - mmengine - WARNING - backbone.stages.0.blocks.1.norm2.weight is skipped since its requires_grad=False
2025/06/16 11:07:19 - mmengine - WARNING - backbone.stages.0.blocks.1.norm2.bias is skipped since its requires_grad=False
2025/06/16 11:07:19 - mmengine - WARNING - backbone.stages.0.blocks.1.ffn.layers.0.0.weight is skipped since its requires_grad=False
2025/06/16 11:07:19 - mmengine - WARNING - backbone.stages.0.blocks.1.ffn.layers.0.0.bias is skipped since its requires_grad=False
2025/06/16 11:07:19 - mmengine - WARNING - backbone.stages.0.blocks.1.ffn.layers.1.weight is skipped since its requires_grad=False
2025/06/16 11:07:19 - mmengine - WARNING - backbone.stages.0.blocks.1.ffn.layers.1.bias is skipped since its requires_grad=False
2025/06/16 11:07:19 - mmengine - WARNING - backbone.stages.0.downsample.norm.weight is skipped since its requires_grad=False
2025/06/16 11:07:19 - mmengine - WARNING - backbone.stages.0.downsample.norm.bias is skipped since its requires_grad=False
2025/06/16 11:07:19 - mmengine - WARNING - backbone.stages.0.downsample.reduction.weight is skipped since its requires_grad=False
2025/06/16 11:07:19 - mmengine - WARNING - backbone.stages.1.blocks.0.norm1.weight is skipped since its requires_grad=False
2025/06/16 11:07:19 - mmengine - WARNING - backbone.stages.1.blocks.0.norm1.bias is skipped since its requires_grad=False
2025/06/16 11:07:19 - mmengine - WARNING - backbone.stages.1.blocks.0.attn.w_msa.relative_position_bias_table is skipped since its requires_grad=False
2025/06/16 11:07:19 - mmengine - WARNING - backbone.stages.1.blocks.0.attn.w_msa.qkv.weight is skipped since its requires_grad=False
2025/06/16 11:07:19 - mmengine - WARNING - backbone.stages.1.blocks.0.attn.w_msa.qkv.bias is skipped since its requires_grad=False
2025/06/16 11:07:19 - mmengine - WARNING - backbone.stages.1.blocks.0.attn.w_msa.proj.weight is skipped since its requires_grad=False
2025/06/16 11:07:19 - mmengine - WARNING - backbone.stages.1.blocks.0.attn.w_msa.proj.bias is skipped since its requires_grad=False
2025/06/16 11:07:19 - mmengine - WARNING - backbone.stages.1.blocks.0.norm2.weight is skipped since its requires_grad=False
2025/06/16 11:07:19 - mmengine - WARNING - backbone.stages.1.blocks.0.norm2.bias is skipped since its requires_grad=False
2025/06/16 11:07:19 - mmengine - WARNING - backbone.stages.1.blocks.0.ffn.layers.0.0.weight is skipped since its requires_grad=False
2025/06/16 11:07:19 - mmengine - WARNING - backbone.stages.1.blocks.0.ffn.layers.0.0.bias is skipped since its requires_grad=False
2025/06/16 11:07:19 - mmengine - WARNING - backbone.stages.1.blocks.0.ffn.layers.1.weight is skipped since its requires_grad=False
2025/06/16 11:07:19 - mmengine - WARNING - backbone.stages.1.blocks.0.ffn.layers.1.bias is skipped since its requires_grad=False
2025/06/16 11:07:19 - mmengine - WARNING - backbone.stages.1.blocks.1.norm1.weight is skipped since its requires_grad=False
2025/06/16 11:07:19 - mmengine - WARNING - backbone.stages.1.blocks.1.norm1.bias is skipped since its requires_grad=False
2025/06/16 11:07:19 - mmengine - WARNING - backbone.stages.1.blocks.1.attn.w_msa.relative_position_bias_table is skipped since its requires_grad=False
2025/06/16 11:07:19 - mmengine - WARNING - backbone.stages.1.blocks.1.attn.w_msa.qkv.weight is skipped since its requires_grad=False
2025/06/16 11:07:19 - mmengine - WARNING - backbone.stages.1.blocks.1.attn.w_msa.qkv.bias is skipped since its requires_grad=False
2025/06/16 11:07:19 - mmengine - WARNING - backbone.stages.1.blocks.1.attn.w_msa.proj.weight is skipped since its requires_grad=False
2025/06/16 11:07:19 - mmengine - WARNING - backbone.stages.1.blocks.1.attn.w_msa.proj.bias is skipped since its requires_grad=False
2025/06/16 11:07:19 - mmengine - WARNING - backbone.stages.1.blocks.1.norm2.weight is skipped since its requires_grad=False
2025/06/16 11:07:19 - mmengine - WARNING - backbone.stages.1.blocks.1.norm2.bias is skipped since its requires_grad=False
2025/06/16 11:07:19 - mmengine - WARNING - backbone.stages.1.blocks.1.ffn.layers.0.0.weight is skipped since its requires_grad=False
2025/06/16 11:07:19 - mmengine - WARNING - backbone.stages.1.blocks.1.ffn.layers.0.0.bias is skipped since its requires_grad=False
2025/06/16 11:07:19 - mmengine - WARNING - backbone.stages.1.blocks.1.ffn.layers.1.weight is skipped since its requires_grad=False
2025/06/16 11:07:19 - mmengine - WARNING - backbone.stages.1.blocks.1.ffn.layers.1.bias is skipped since its requires_grad=False
2025/06/16 11:07:19 - mmengine - WARNING - backbone.stages.1.downsample.norm.weight is skipped since its requires_grad=False
2025/06/16 11:07:19 - mmengine - WARNING - backbone.stages.1.downsample.norm.bias is skipped since its requires_grad=False
2025/06/16 11:07:19 - mmengine - WARNING - backbone.stages.1.downsample.reduction.weight is skipped since its requires_grad=False
2025/06/16 11:07:19 - mmengine - WARNING - backbone.stages.2.blocks.0.norm1.weight is skipped since its requires_grad=False
2025/06/16 11:07:19 - mmengine - WARNING - backbone.stages.2.blocks.0.norm1.bias is skipped since its requires_grad=False
2025/06/16 11:07:19 - mmengine - WARNING - backbone.stages.2.blocks.0.attn.w_msa.relative_position_bias_table is skipped since its requires_grad=False
2025/06/16 11:07:19 - mmengine - WARNING - backbone.stages.2.blocks.0.attn.w_msa.qkv.weight is skipped since its requires_grad=False
2025/06/16 11:07:19 - mmengine - WARNING - backbone.stages.2.blocks.0.attn.w_msa.qkv.bias is skipped since its requires_grad=False
2025/06/16 11:07:19 - mmengine - WARNING - backbone.stages.2.blocks.0.attn.w_msa.proj.weight is skipped since its requires_grad=False
2025/06/16 11:07:19 - mmengine - WARNING - backbone.stages.2.blocks.0.attn.w_msa.proj.bias is skipped since its requires_grad=False
2025/06/16 11:07:19 - mmengine - WARNING - backbone.stages.2.blocks.0.norm2.weight is skipped since its requires_grad=False
2025/06/16 11:07:19 - mmengine - WARNING - backbone.stages.2.blocks.0.norm2.bias is skipped since its requires_grad=False
2025/06/16 11:07:19 - mmengine - WARNING - backbone.stages.2.blocks.0.ffn.layers.0.0.weight is skipped since its requires_grad=False
2025/06/16 11:07:19 - mmengine - WARNING - backbone.stages.2.blocks.0.ffn.layers.0.0.bias is skipped since its requires_grad=False
2025/06/16 11:07:19 - mmengine - WARNING - backbone.stages.2.blocks.0.ffn.layers.1.weight is skipped since its requires_grad=False
2025/06/16 11:07:19 - mmengine - WARNING - backbone.stages.2.blocks.0.ffn.layers.1.bias is skipped since its requires_grad=False
2025/06/16 11:07:19 - mmengine - WARNING - backbone.stages.2.blocks.1.norm1.weight is skipped since its requires_grad=False
2025/06/16 11:07:19 - mmengine - WARNING - backbone.stages.2.blocks.1.norm1.bias is skipped since its requires_grad=False
2025/06/16 11:07:19 - mmengine - WARNING - backbone.stages.2.blocks.1.attn.w_msa.relative_position_bias_table is skipped since its requires_grad=False
2025/06/16 11:07:19 - mmengine - WARNING - backbone.stages.2.blocks.1.attn.w_msa.qkv.weight is skipped since its requires_grad=False
2025/06/16 11:07:19 - mmengine - WARNING - backbone.stages.2.blocks.1.attn.w_msa.qkv.bias is skipped since its requires_grad=False
2025/06/16 11:07:19 - mmengine - WARNING - backbone.stages.2.blocks.1.attn.w_msa.proj.weight is skipped since its requires_grad=False
2025/06/16 11:07:19 - mmengine - WARNING - backbone.stages.2.blocks.1.attn.w_msa.proj.bias is skipped since its requires_grad=False
2025/06/16 11:07:19 - mmengine - WARNING - backbone.stages.2.blocks.1.norm2.weight is skipped since its requires_grad=False
2025/06/16 11:07:19 - mmengine - WARNING - backbone.stages.2.blocks.1.norm2.bias is skipped since its requires_grad=False
2025/06/16 11:07:19 - mmengine - WARNING - backbone.stages.2.blocks.1.ffn.layers.0.0.weight is skipped since its requires_grad=False
2025/06/16 11:07:19 - mmengine - WARNING - backbone.stages.2.blocks.1.ffn.layers.0.0.bias is skipped since its requires_grad=False
2025/06/16 11:07:19 - mmengine - WARNING - backbone.stages.2.blocks.1.ffn.layers.1.weight is skipped since its requires_grad=False
2025/06/16 11:07:19 - mmengine - WARNING - backbone.stages.2.blocks.1.ffn.layers.1.bias is skipped since its requires_grad=False
2025/06/16 11:07:19 - mmengine - WARNING - backbone.stages.2.blocks.2.norm1.weight is skipped since its requires_grad=False
2025/06/16 11:07:19 - mmengine - WARNING - backbone.stages.2.blocks.2.norm1.bias is skipped since its requires_grad=False
2025/06/16 11:07:19 - mmengine - WARNING - backbone.stages.2.blocks.2.attn.w_msa.relative_position_bias_table is skipped since its requires_grad=False
2025/06/16 11:07:19 - mmengine - WARNING - backbone.stages.2.blocks.2.attn.w_msa.qkv.weight is skipped since its requires_grad=False
2025/06/16 11:07:19 - mmengine - WARNING - backbone.stages.2.blocks.2.attn.w_msa.qkv.bias is skipped since its requires_grad=False
2025/06/16 11:07:19 - mmengine - WARNING - backbone.stages.2.blocks.2.attn.w_msa.proj.weight is skipped since its requires_grad=False
2025/06/16 11:07:19 - mmengine - WARNING - backbone.stages.2.blocks.2.attn.w_msa.proj.bias is skipped since its requires_grad=False
2025/06/16 11:07:19 - mmengine - WARNING - backbone.stages.2.blocks.2.norm2.weight is skipped since its requires_grad=False
2025/06/16 11:07:19 - mmengine - WARNING - backbone.stages.2.blocks.2.norm2.bias is skipped since its requires_grad=False
2025/06/16 11:07:19 - mmengine - WARNING - backbone.stages.2.blocks.2.ffn.layers.0.0.weight is skipped since its requires_grad=False
2025/06/16 11:07:19 - mmengine - WARNING - backbone.stages.2.blocks.2.ffn.layers.0.0.bias is skipped since its requires_grad=False
2025/06/16 11:07:19 - mmengine - WARNING - backbone.stages.2.blocks.2.ffn.layers.1.weight is skipped since its requires_grad=False
2025/06/16 11:07:19 - mmengine - WARNING - backbone.stages.2.blocks.2.ffn.layers.1.bias is skipped since its requires_grad=False
2025/06/16 11:07:19 - mmengine - WARNING - backbone.stages.2.blocks.3.norm1.weight is skipped since its requires_grad=False
2025/06/16 11:07:19 - mmengine - WARNING - backbone.stages.2.blocks.3.norm1.bias is skipped since its requires_grad=False
2025/06/16 11:07:19 - mmengine - WARNING - backbone.stages.2.blocks.3.attn.w_msa.relative_position_bias_table is skipped since its requires_grad=False
2025/06/16 11:07:19 - mmengine - WARNING - backbone.stages.2.blocks.3.attn.w_msa.qkv.weight is skipped since its requires_grad=False
2025/06/16 11:07:19 - mmengine - WARNING - backbone.stages.2.blocks.3.attn.w_msa.qkv.bias is skipped since its requires_grad=False
2025/06/16 11:07:19 - mmengine - WARNING - backbone.stages.2.blocks.3.attn.w_msa.proj.weight is skipped since its requires_grad=False
2025/06/16 11:07:19 - mmengine - WARNING - backbone.stages.2.blocks.3.attn.w_msa.proj.bias is skipped since its requires_grad=False
2025/06/16 11:07:19 - mmengine - WARNING - backbone.stages.2.blocks.3.norm2.weight is skipped since its requires_grad=False
2025/06/16 11:07:19 - mmengine - WARNING - backbone.stages.2.blocks.3.norm2.bias is skipped since its requires_grad=False
2025/06/16 11:07:19 - mmengine - WARNING - backbone.stages.2.blocks.3.ffn.layers.0.0.weight is skipped since its requires_grad=False
2025/06/16 11:07:19 - mmengine - WARNING - backbone.stages.2.blocks.3.ffn.layers.0.0.bias is skipped since its requires_grad=False
2025/06/16 11:07:19 - mmengine - WARNING - backbone.stages.2.blocks.3.ffn.layers.1.weight is skipped since its requires_grad=False
2025/06/16 11:07:19 - mmengine - WARNING - backbone.stages.2.blocks.3.ffn.layers.1.bias is skipped since its requires_grad=False
2025/06/16 11:07:19 - mmengine - WARNING - backbone.stages.2.blocks.4.norm1.weight is skipped since its requires_grad=False
2025/06/16 11:07:19 - mmengine - WARNING - backbone.stages.2.blocks.4.norm1.bias is skipped since its requires_grad=False
2025/06/16 11:07:19 - mmengine - WARNING - backbone.stages.2.blocks.4.attn.w_msa.relative_position_bias_table is skipped since its requires_grad=False
2025/06/16 11:07:19 - mmengine - WARNING - backbone.stages.2.blocks.4.attn.w_msa.qkv.weight is skipped since its requires_grad=False
2025/06/16 11:07:19 - mmengine - WARNING - backbone.stages.2.blocks.4.attn.w_msa.qkv.bias is skipped since its requires_grad=False
2025/06/16 11:07:19 - mmengine - WARNING - backbone.stages.2.blocks.4.attn.w_msa.proj.weight is skipped since its requires_grad=False
2025/06/16 11:07:19 - mmengine - WARNING - backbone.stages.2.blocks.4.attn.w_msa.proj.bias is skipped since its requires_grad=False
2025/06/16 11:07:19 - mmengine - WARNING - backbone.stages.2.blocks.4.norm2.weight is skipped since its requires_grad=False
2025/06/16 11:07:19 - mmengine - WARNING - backbone.stages.2.blocks.4.norm2.bias is skipped since its requires_grad=False
2025/06/16 11:07:19 - mmengine - WARNING - backbone.stages.2.blocks.4.ffn.layers.0.0.weight is skipped since its requires_grad=False
2025/06/16 11:07:19 - mmengine - WARNING - backbone.stages.2.blocks.4.ffn.layers.0.0.bias is skipped since its requires_grad=False
2025/06/16 11:07:19 - mmengine - WARNING - backbone.stages.2.blocks.4.ffn.layers.1.weight is skipped since its requires_grad=False
2025/06/16 11:07:19 - mmengine - WARNING - backbone.stages.2.blocks.4.ffn.layers.1.bias is skipped since its requires_grad=False
2025/06/16 11:07:19 - mmengine - WARNING - backbone.stages.2.blocks.5.norm1.weight is skipped since its requires_grad=False
2025/06/16 11:07:19 - mmengine - WARNING - backbone.stages.2.blocks.5.norm1.bias is skipped since its requires_grad=False
2025/06/16 11:07:19 - mmengine - WARNING - backbone.stages.2.blocks.5.attn.w_msa.relative_position_bias_table is skipped since its requires_grad=False
2025/06/16 11:07:19 - mmengine - WARNING - backbone.stages.2.blocks.5.attn.w_msa.qkv.weight is skipped since its requires_grad=False
2025/06/16 11:07:19 - mmengine - WARNING - backbone.stages.2.blocks.5.attn.w_msa.qkv.bias is skipped since its requires_grad=False
2025/06/16 11:07:19 - mmengine - WARNING - backbone.stages.2.blocks.5.attn.w_msa.proj.weight is skipped since its requires_grad=False
2025/06/16 11:07:19 - mmengine - WARNING - backbone.stages.2.blocks.5.attn.w_msa.proj.bias is skipped since its requires_grad=False
2025/06/16 11:07:19 - mmengine - WARNING - backbone.stages.2.blocks.5.norm2.weight is skipped since its requires_grad=False
2025/06/16 11:07:19 - mmengine - WARNING - backbone.stages.2.blocks.5.norm2.bias is skipped since its requires_grad=False
2025/06/16 11:07:19 - mmengine - WARNING - backbone.stages.2.blocks.5.ffn.layers.0.0.weight is skipped since its requires_grad=False
2025/06/16 11:07:19 - mmengine - WARNING - backbone.stages.2.blocks.5.ffn.layers.0.0.bias is skipped since its requires_grad=False
2025/06/16 11:07:19 - mmengine - WARNING - backbone.stages.2.blocks.5.ffn.layers.1.weight is skipped since its requires_grad=False
2025/06/16 11:07:19 - mmengine - WARNING - backbone.stages.2.blocks.5.ffn.layers.1.bias is skipped since its requires_grad=False
2025/06/16 11:07:19 - mmengine - WARNING - backbone.stages.2.downsample.norm.weight is skipped since its requires_grad=False
2025/06/16 11:07:19 - mmengine - WARNING - backbone.stages.2.downsample.norm.bias is skipped since its requires_grad=False
2025/06/16 11:07:19 - mmengine - WARNING - backbone.stages.2.downsample.reduction.weight is skipped since its requires_grad=False
2025/06/16 11:07:19 - mmengine - WARNING - backbone.stages.3.blocks.0.norm1.weight is skipped since its requires_grad=False
2025/06/16 11:07:19 - mmengine - WARNING - backbone.stages.3.blocks.0.norm1.bias is skipped since its requires_grad=False
2025/06/16 11:07:19 - mmengine - WARNING - backbone.stages.3.blocks.0.attn.w_msa.relative_position_bias_table is skipped since its requires_grad=False
2025/06/16 11:07:19 - mmengine - WARNING - backbone.stages.3.blocks.0.attn.w_msa.qkv.weight is skipped since its requires_grad=False
2025/06/16 11:07:19 - mmengine - WARNING - backbone.stages.3.blocks.0.attn.w_msa.qkv.bias is skipped since its requires_grad=False
2025/06/16 11:07:19 - mmengine - WARNING - backbone.stages.3.blocks.0.attn.w_msa.proj.weight is skipped since its requires_grad=False
2025/06/16 11:07:19 - mmengine - WARNING - backbone.stages.3.blocks.0.attn.w_msa.proj.bias is skipped since its requires_grad=False
2025/06/16 11:07:19 - mmengine - WARNING - backbone.stages.3.blocks.0.norm2.weight is skipped since its requires_grad=False
2025/06/16 11:07:19 - mmengine - WARNING - backbone.stages.3.blocks.0.norm2.bias is skipped since its requires_grad=False
2025/06/16 11:07:19 - mmengine - WARNING - backbone.stages.3.blocks.0.ffn.layers.0.0.weight is skipped since its requires_grad=False
2025/06/16 11:07:19 - mmengine - WARNING - backbone.stages.3.blocks.0.ffn.layers.0.0.bias is skipped since its requires_grad=False
2025/06/16 11:07:19 - mmengine - WARNING - backbone.stages.3.blocks.0.ffn.layers.1.weight is skipped since its requires_grad=False
2025/06/16 11:07:19 - mmengine - WARNING - backbone.stages.3.blocks.0.ffn.layers.1.bias is skipped since its requires_grad=False
2025/06/16 11:07:19 - mmengine - WARNING - backbone.stages.3.blocks.1.norm1.weight is skipped since its requires_grad=False
2025/06/16 11:07:19 - mmengine - WARNING - backbone.stages.3.blocks.1.norm1.bias is skipped since its requires_grad=False
2025/06/16 11:07:19 - mmengine - WARNING - backbone.stages.3.blocks.1.attn.w_msa.relative_position_bias_table is skipped since its requires_grad=False
2025/06/16 11:07:19 - mmengine - WARNING - backbone.stages.3.blocks.1.attn.w_msa.qkv.weight is skipped since its requires_grad=False
2025/06/16 11:07:19 - mmengine - WARNING - backbone.stages.3.blocks.1.attn.w_msa.qkv.bias is skipped since its requires_grad=False
2025/06/16 11:07:19 - mmengine - WARNING - backbone.stages.3.blocks.1.attn.w_msa.proj.weight is skipped since its requires_grad=False
2025/06/16 11:07:19 - mmengine - WARNING - backbone.stages.3.blocks.1.attn.w_msa.proj.bias is skipped since its requires_grad=False
2025/06/16 11:07:19 - mmengine - WARNING - backbone.stages.3.blocks.1.norm2.weight is skipped since its requires_grad=False
2025/06/16 11:07:19 - mmengine - WARNING - backbone.stages.3.blocks.1.norm2.bias is skipped since its requires_grad=False
2025/06/16 11:07:19 - mmengine - WARNING - backbone.stages.3.blocks.1.ffn.layers.0.0.weight is skipped since its requires_grad=False
2025/06/16 11:07:19 - mmengine - WARNING - backbone.stages.3.blocks.1.ffn.layers.0.0.bias is skipped since its requires_grad=False
2025/06/16 11:07:19 - mmengine - WARNING - backbone.stages.3.blocks.1.ffn.layers.1.weight is skipped since its requires_grad=False
2025/06/16 11:07:19 - mmengine - WARNING - backbone.stages.3.blocks.1.ffn.layers.1.bias is skipped since its requires_grad=False
2025/06/16 11:07:19 - mmengine - WARNING - backbone.norm1.weight is skipped since its requires_grad=False
2025/06/16 11:07:19 - mmengine - WARNING - backbone.norm1.bias is skipped since its requires_grad=False
2025/06/16 11:07:19 - mmengine - WARNING - backbone.norm2.weight is skipped since its requires_grad=False
2025/06/16 11:07:19 - mmengine - WARNING - backbone.norm2.bias is skipped since its requires_grad=False
2025/06/16 11:07:19 - mmengine - WARNING - backbone.norm3.weight is skipped since its requires_grad=False
2025/06/16 11:07:19 - mmengine - WARNING - backbone.norm3.bias is skipped since its requires_grad=False
2025/06/16 11:07:19 - mmengine - WARNING - neck.convs.0.conv.weight is skipped since its requires_grad=False
2025/06/16 11:07:19 - mmengine - WARNING - neck.convs.0.conv.bias is skipped since its requires_grad=False
2025/06/16 11:07:19 - mmengine - WARNING - neck.convs.0.gn.weight is skipped since its requires_grad=False
2025/06/16 11:07:19 - mmengine - WARNING - neck.convs.0.gn.bias is skipped since its requires_grad=False
2025/06/16 11:07:19 - mmengine - WARNING - neck.convs.1.conv.weight is skipped since its requires_grad=False
2025/06/16 11:07:19 - mmengine - WARNING - neck.convs.1.conv.bias is skipped since its requires_grad=False
2025/06/16 11:07:19 - mmengine - WARNING - neck.convs.1.gn.weight is skipped since its requires_grad=False
2025/06/16 11:07:19 - mmengine - WARNING - neck.convs.1.gn.bias is skipped since its requires_grad=False
2025/06/16 11:07:19 - mmengine - WARNING - neck.convs.2.conv.weight is skipped since its requires_grad=False
2025/06/16 11:07:19 - mmengine - WARNING - neck.convs.2.conv.bias is skipped since its requires_grad=False
2025/06/16 11:07:19 - mmengine - WARNING - neck.convs.2.gn.weight is skipped since its requires_grad=False
2025/06/16 11:07:19 - mmengine - WARNING - neck.convs.2.gn.bias is skipped since its requires_grad=False
2025/06/16 11:07:19 - mmengine - WARNING - neck.extra_convs.0.conv.weight is skipped since its requires_grad=False
2025/06/16 11:07:19 - mmengine - WARNING - neck.extra_convs.0.conv.bias is skipped since its requires_grad=False
2025/06/16 11:07:19 - mmengine - WARNING - neck.extra_convs.0.gn.weight is skipped since its requires_grad=False
2025/06/16 11:07:19 - mmengine - WARNING - neck.extra_convs.0.gn.bias is skipped since its requires_grad=False
2025/06/16 11:07:19 - mmengine - INFO - paramwise_options -- language_model.language_backbone.body.model.embeddings.word_embeddings.weight:lr=1e-05
2025/06/16 11:07:19 - mmengine - INFO - paramwise_options -- language_model.language_backbone.body.model.embeddings.word_embeddings.weight:weight_decay=0.0001
2025/06/16 11:07:19 - mmengine - INFO - paramwise_options -- language_model.language_backbone.body.model.embeddings.word_embeddings.weight:lr_mult=0.1
2025/06/16 11:07:19 - mmengine - INFO - paramwise_options -- language_model.language_backbone.body.model.embeddings.position_embeddings.weight:lr=1e-05
2025/06/16 11:07:19 - mmengine - INFO - paramwise_options -- language_model.language_backbone.body.model.embeddings.position_embeddings.weight:weight_decay=0.0001
2025/06/16 11:07:19 - mmengine - INFO - paramwise_options -- language_model.language_backbone.body.model.embeddings.position_embeddings.weight:lr_mult=0.1
2025/06/16 11:07:19 - mmengine - INFO - paramwise_options -- language_model.language_backbone.body.model.embeddings.token_type_embeddings.weight:lr=1e-05
2025/06/16 11:07:19 - mmengine - INFO - paramwise_options -- language_model.language_backbone.body.model.embeddings.token_type_embeddings.weight:weight_decay=0.0001
2025/06/16 11:07:19 - mmengine - INFO - paramwise_options -- language_model.language_backbone.body.model.embeddings.token_type_embeddings.weight:lr_mult=0.1
2025/06/16 11:07:19 - mmengine - INFO - paramwise_options -- language_model.language_backbone.body.model.embeddings.LayerNorm.weight:lr=1e-05
2025/06/16 11:07:19 - mmengine - INFO - paramwise_options -- language_model.language_backbone.body.model.embeddings.LayerNorm.weight:weight_decay=0.0001
2025/06/16 11:07:19 - mmengine - INFO - paramwise_options -- language_model.language_backbone.body.model.embeddings.LayerNorm.weight:lr_mult=0.1
2025/06/16 11:07:19 - mmengine - INFO - paramwise_options -- language_model.language_backbone.body.model.embeddings.LayerNorm.bias:lr=1e-05
2025/06/16 11:07:19 - mmengine - INFO - paramwise_options -- language_model.language_backbone.body.model.embeddings.LayerNorm.bias:weight_decay=0.0001
2025/06/16 11:07:19 - mmengine - INFO - paramwise_options -- language_model.language_backbone.body.model.embeddings.LayerNorm.bias:lr_mult=0.1
2025/06/16 11:07:19 - mmengine - INFO - paramwise_options -- language_model.language_backbone.body.model.encoder.layer.0.attention.self.query.weight:lr=1e-05
2025/06/16 11:07:19 - mmengine - INFO - paramwise_options -- language_model.language_backbone.body.model.encoder.layer.0.attention.self.query.weight:weight_decay=0.0001
2025/06/16 11:07:19 - mmengine - INFO - paramwise_options -- language_model.language_backbone.body.model.encoder.layer.0.attention.self.query.weight:lr_mult=0.1
2025/06/16 11:07:19 - mmengine - INFO - paramwise_options -- language_model.language_backbone.body.model.encoder.layer.0.attention.self.query.bias:lr=1e-05
2025/06/16 11:07:19 - mmengine - INFO - paramwise_options -- language_model.language_backbone.body.model.encoder.layer.0.attention.self.query.bias:weight_decay=0.0001
2025/06/16 11:07:19 - mmengine - INFO - paramwise_options -- language_model.language_backbone.body.model.encoder.layer.0.attention.self.query.bias:lr_mult=0.1
2025/06/16 11:07:19 - mmengine - INFO - paramwise_options -- language_model.language_backbone.body.model.encoder.layer.0.attention.self.key.weight:lr=1e-05
2025/06/16 11:07:19 - mmengine - INFO - paramwise_options -- language_model.language_backbone.body.model.encoder.layer.0.attention.self.key.weight:weight_decay=0.0001
2025/06/16 11:07:19 - mmengine - INFO - paramwise_options -- language_model.language_backbone.body.model.encoder.layer.0.attention.self.key.weight:lr_mult=0.1
2025/06/16 11:07:19 - mmengine - INFO - paramwise_options -- language_model.language_backbone.body.model.encoder.layer.0.attention.self.key.bias:lr=1e-05
2025/06/16 11:07:19 - mmengine - INFO - paramwise_options -- language_model.language_backbone.body.model.encoder.layer.0.attention.self.key.bias:weight_decay=0.0001
2025/06/16 11:07:19 - mmengine - INFO - paramwise_options -- language_model.language_backbone.body.model.encoder.layer.0.attention.self.key.bias:lr_mult=0.1
2025/06/16 11:07:19 - mmengine - INFO - paramwise_options -- language_model.language_backbone.body.model.encoder.layer.0.attention.self.value.weight:lr=1e-05
2025/06/16 11:07:19 - mmengine - INFO - paramwise_options -- language_model.language_backbone.body.model.encoder.layer.0.attention.self.value.weight:weight_decay=0.0001
2025/06/16 11:07:19 - mmengine - INFO - paramwise_options -- language_model.language_backbone.body.model.encoder.layer.0.attention.self.value.weight:lr_mult=0.1
2025/06/16 11:07:19 - mmengine - INFO - paramwise_options -- language_model.language_backbone.body.model.encoder.layer.0.attention.self.value.bias:lr=1e-05
2025/06/16 11:07:19 - mmengine - INFO - paramwise_options -- language_model.language_backbone.body.model.encoder.layer.0.attention.self.value.bias:weight_decay=0.0001
2025/06/16 11:07:19 - mmengine - INFO - paramwise_options -- language_model.language_backbone.body.model.encoder.layer.0.attention.self.value.bias:lr_mult=0.1
2025/06/16 11:07:19 - mmengine - INFO - paramwise_options -- language_model.language_backbone.body.model.encoder.layer.0.attention.output.dense.weight:lr=1e-05
2025/06/16 11:07:19 - mmengine - INFO - paramwise_options -- language_model.language_backbone.body.model.encoder.layer.0.attention.output.dense.weight:weight_decay=0.0001
2025/06/16 11:07:19 - mmengine - INFO - paramwise_options -- language_model.language_backbone.body.model.encoder.layer.0.attention.output.dense.weight:lr_mult=0.1
2025/06/16 11:07:19 - mmengine - INFO - paramwise_options -- language_model.language_backbone.body.model.encoder.layer.0.attention.output.dense.bias:lr=1e-05
2025/06/16 11:07:19 - mmengine - INFO - paramwise_options -- language_model.language_backbone.body.model.encoder.layer.0.attention.output.dense.bias:weight_decay=0.0001
2025/06/16 11:07:19 - mmengine - INFO - paramwise_options -- language_model.language_backbone.body.model.encoder.layer.0.attention.output.dense.bias:lr_mult=0.1
2025/06/16 11:07:19 - mmengine - INFO - paramwise_options -- language_model.language_backbone.body.model.encoder.layer.0.attention.output.LayerNorm.weight:lr=1e-05
2025/06/16 11:07:19 - mmengine - INFO - paramwise_options -- language_model.language_backbone.body.model.encoder.layer.0.attention.output.LayerNorm.weight:weight_decay=0.0001
2025/06/16 11:07:19 - mmengine - INFO - paramwise_options -- language_model.language_backbone.body.model.encoder.layer.0.attention.output.LayerNorm.weight:lr_mult=0.1
2025/06/16 11:07:19 - mmengine - INFO - paramwise_options -- language_model.language_backbone.body.model.encoder.layer.0.attention.output.LayerNorm.bias:lr=1e-05
2025/06/16 11:07:19 - mmengine - INFO - paramwise_options -- language_model.language_backbone.body.model.encoder.layer.0.attention.output.LayerNorm.bias:weight_decay=0.0001
2025/06/16 11:07:19 - mmengine - INFO - paramwise_options -- language_model.language_backbone.body.model.encoder.layer.0.attention.output.LayerNorm.bias:lr_mult=0.1
2025/06/16 11:07:19 - mmengine - INFO - paramwise_options -- language_model.language_backbone.body.model.encoder.layer.0.intermediate.dense.weight:lr=1e-05
2025/06/16 11:07:19 - mmengine - INFO - paramwise_options -- language_model.language_backbone.body.model.encoder.layer.0.intermediate.dense.weight:weight_decay=0.0001
2025/06/16 11:07:19 - mmengine - INFO - paramwise_options -- language_model.language_backbone.body.model.encoder.layer.0.intermediate.dense.weight:lr_mult=0.1
2025/06/16 11:07:19 - mmengine - INFO - paramwise_options -- language_model.language_backbone.body.model.encoder.layer.0.intermediate.dense.bias:lr=1e-05
2025/06/16 11:07:19 - mmengine - INFO - paramwise_options -- language_model.language_backbone.body.model.encoder.layer.0.intermediate.dense.bias:weight_decay=0.0001
2025/06/16 11:07:19 - mmengine - INFO - paramwise_options -- language_model.language_backbone.body.model.encoder.layer.0.intermediate.dense.bias:lr_mult=0.1
2025/06/16 11:07:19 - mmengine - INFO - paramwise_options -- language_model.language_backbone.body.model.encoder.layer.0.output.dense.weight:lr=1e-05
2025/06/16 11:07:19 - mmengine - INFO - paramwise_options -- language_model.language_backbone.body.model.encoder.layer.0.output.dense.weight:weight_decay=0.0001
2025/06/16 11:07:19 - mmengine - INFO - paramwise_options -- language_model.language_backbone.body.model.encoder.layer.0.output.dense.weight:lr_mult=0.1
2025/06/16 11:07:19 - mmengine - INFO - paramwise_options -- language_model.language_backbone.body.model.encoder.layer.0.output.dense.bias:lr=1e-05
2025/06/16 11:07:19 - mmengine - INFO - paramwise_options -- language_model.language_backbone.body.model.encoder.layer.0.output.dense.bias:weight_decay=0.0001
2025/06/16 11:07:19 - mmengine - INFO - paramwise_options -- language_model.language_backbone.body.model.encoder.layer.0.output.dense.bias:lr_mult=0.1
2025/06/16 11:07:19 - mmengine - INFO - paramwise_options -- language_model.language_backbone.body.model.encoder.layer.0.output.LayerNorm.weight:lr=1e-05
2025/06/16 11:07:19 - mmengine - INFO - paramwise_options -- language_model.language_backbone.body.model.encoder.layer.0.output.LayerNorm.weight:weight_decay=0.0001
2025/06/16 11:07:19 - mmengine - INFO - paramwise_options -- language_model.language_backbone.body.model.encoder.layer.0.output.LayerNorm.weight:lr_mult=0.1
2025/06/16 11:07:19 - mmengine - INFO - paramwise_options -- language_model.language_backbone.body.model.encoder.layer.0.output.LayerNorm.bias:lr=1e-05
2025/06/16 11:07:19 - mmengine - INFO - paramwise_options -- language_model.language_backbone.body.model.encoder.layer.0.output.LayerNorm.bias:weight_decay=0.0001
2025/06/16 11:07:19 - mmengine - INFO - paramwise_options -- language_model.language_backbone.body.model.encoder.layer.0.output.LayerNorm.bias:lr_mult=0.1
2025/06/16 11:07:19 - mmengine - INFO - paramwise_options -- language_model.language_backbone.body.model.encoder.layer.1.attention.self.query.weight:lr=1e-05
2025/06/16 11:07:19 - mmengine - INFO - paramwise_options -- language_model.language_backbone.body.model.encoder.layer.1.attention.self.query.weight:weight_decay=0.0001
2025/06/16 11:07:19 - mmengine - INFO - paramwise_options -- language_model.language_backbone.body.model.encoder.layer.1.attention.self.query.weight:lr_mult=0.1
2025/06/16 11:07:19 - mmengine - INFO - paramwise_options -- language_model.language_backbone.body.model.encoder.layer.1.attention.self.query.bias:lr=1e-05
2025/06/16 11:07:19 - mmengine - INFO - paramwise_options -- language_model.language_backbone.body.model.encoder.layer.1.attention.self.query.bias:weight_decay=0.0001
2025/06/16 11:07:19 - mmengine - INFO - paramwise_options -- language_model.language_backbone.body.model.encoder.layer.1.attention.self.query.bias:lr_mult=0.1
2025/06/16 11:07:19 - mmengine - INFO - paramwise_options -- language_model.language_backbone.body.model.encoder.layer.1.attention.self.key.weight:lr=1e-05
2025/06/16 11:07:19 - mmengine - INFO - paramwise_options -- language_model.language_backbone.body.model.encoder.layer.1.attention.self.key.weight:weight_decay=0.0001
2025/06/16 11:07:19 - mmengine - INFO - paramwise_options -- language_model.language_backbone.body.model.encoder.layer.1.attention.self.key.weight:lr_mult=0.1
2025/06/16 11:07:19 - mmengine - INFO - paramwise_options -- language_model.language_backbone.body.model.encoder.layer.1.attention.self.key.bias:lr=1e-05
2025/06/16 11:07:19 - mmengine - INFO - paramwise_options -- language_model.language_backbone.body.model.encoder.layer.1.attention.self.key.bias:weight_decay=0.0001
2025/06/16 11:07:19 - mmengine - INFO - paramwise_options -- language_model.language_backbone.body.model.encoder.layer.1.attention.self.key.bias:lr_mult=0.1
2025/06/16 11:07:19 - mmengine - INFO - paramwise_options -- language_model.language_backbone.body.model.encoder.layer.1.attention.self.value.weight:lr=1e-05
2025/06/16 11:07:19 - mmengine - INFO - paramwise_options -- language_model.language_backbone.body.model.encoder.layer.1.attention.self.value.weight:weight_decay=0.0001
2025/06/16 11:07:19 - mmengine - INFO - paramwise_options -- language_model.language_backbone.body.model.encoder.layer.1.attention.self.value.weight:lr_mult=0.1
2025/06/16 11:07:19 - mmengine - INFO - paramwise_options -- language_model.language_backbone.body.model.encoder.layer.1.attention.self.value.bias:lr=1e-05
2025/06/16 11:07:19 - mmengine - INFO - paramwise_options -- language_model.language_backbone.body.model.encoder.layer.1.attention.self.value.bias:weight_decay=0.0001
2025/06/16 11:07:19 - mmengine - INFO - paramwise_options -- language_model.language_backbone.body.model.encoder.layer.1.attention.self.value.bias:lr_mult=0.1
2025/06/16 11:07:19 - mmengine - INFO - paramwise_options -- language_model.language_backbone.body.model.encoder.layer.1.attention.output.dense.weight:lr=1e-05
2025/06/16 11:07:19 - mmengine - INFO - paramwise_options -- language_model.language_backbone.body.model.encoder.layer.1.attention.output.dense.weight:weight_decay=0.0001
2025/06/16 11:07:19 - mmengine - INFO - paramwise_options -- language_model.language_backbone.body.model.encoder.layer.1.attention.output.dense.weight:lr_mult=0.1
2025/06/16 11:07:19 - mmengine - INFO - paramwise_options -- language_model.language_backbone.body.model.encoder.layer.1.attention.output.dense.bias:lr=1e-05
2025/06/16 11:07:19 - mmengine - INFO - paramwise_options -- language_model.language_backbone.body.model.encoder.layer.1.attention.output.dense.bias:weight_decay=0.0001
2025/06/16 11:07:19 - mmengine - INFO - paramwise_options -- language_model.language_backbone.body.model.encoder.layer.1.attention.output.dense.bias:lr_mult=0.1
2025/06/16 11:07:19 - mmengine - INFO - paramwise_options -- language_model.language_backbone.body.model.encoder.layer.1.attention.output.LayerNorm.weight:lr=1e-05
2025/06/16 11:07:19 - mmengine - INFO - paramwise_options -- language_model.language_backbone.body.model.encoder.layer.1.attention.output.LayerNorm.weight:weight_decay=0.0001
2025/06/16 11:07:19 - mmengine - INFO - paramwise_options -- language_model.language_backbone.body.model.encoder.layer.1.attention.output.LayerNorm.weight:lr_mult=0.1
2025/06/16 11:07:19 - mmengine - INFO - paramwise_options -- language_model.language_backbone.body.model.encoder.layer.1.attention.output.LayerNorm.bias:lr=1e-05
2025/06/16 11:07:19 - mmengine - INFO - paramwise_options -- language_model.language_backbone.body.model.encoder.layer.1.attention.output.LayerNorm.bias:weight_decay=0.0001
2025/06/16 11:07:19 - mmengine - INFO - paramwise_options -- language_model.language_backbone.body.model.encoder.layer.1.attention.output.LayerNorm.bias:lr_mult=0.1
2025/06/16 11:07:19 - mmengine - INFO - paramwise_options -- language_model.language_backbone.body.model.encoder.layer.1.intermediate.dense.weight:lr=1e-05
2025/06/16 11:07:19 - mmengine - INFO - paramwise_options -- language_model.language_backbone.body.model.encoder.layer.1.intermediate.dense.weight:weight_decay=0.0001
2025/06/16 11:07:19 - mmengine - INFO - paramwise_options -- language_model.language_backbone.body.model.encoder.layer.1.intermediate.dense.weight:lr_mult=0.1
2025/06/16 11:07:19 - mmengine - INFO - paramwise_options -- language_model.language_backbone.body.model.encoder.layer.1.intermediate.dense.bias:lr=1e-05
2025/06/16 11:07:19 - mmengine - INFO - paramwise_options -- language_model.language_backbone.body.model.encoder.layer.1.intermediate.dense.bias:weight_decay=0.0001
2025/06/16 11:07:19 - mmengine - INFO - paramwise_options -- language_model.language_backbone.body.model.encoder.layer.1.intermediate.dense.bias:lr_mult=0.1
2025/06/16 11:07:19 - mmengine - INFO - paramwise_options -- language_model.language_backbone.body.model.encoder.layer.1.output.dense.weight:lr=1e-05
2025/06/16 11:07:19 - mmengine - INFO - paramwise_options -- language_model.language_backbone.body.model.encoder.layer.1.output.dense.weight:weight_decay=0.0001
2025/06/16 11:07:19 - mmengine - INFO - paramwise_options -- language_model.language_backbone.body.model.encoder.layer.1.output.dense.weight:lr_mult=0.1
2025/06/16 11:07:19 - mmengine - INFO - paramwise_options -- language_model.language_backbone.body.model.encoder.layer.1.output.dense.bias:lr=1e-05
2025/06/16 11:07:19 - mmengine - INFO - paramwise_options -- language_model.language_backbone.body.model.encoder.layer.1.output.dense.bias:weight_decay=0.0001
2025/06/16 11:07:19 - mmengine - INFO - paramwise_options -- language_model.language_backbone.body.model.encoder.layer.1.output.dense.bias:lr_mult=0.1
2025/06/16 11:07:19 - mmengine - INFO - paramwise_options -- language_model.language_backbone.body.model.encoder.layer.1.output.LayerNorm.weight:lr=1e-05
2025/06/16 11:07:19 - mmengine - INFO - paramwise_options -- language_model.language_backbone.body.model.encoder.layer.1.output.LayerNorm.weight:weight_decay=0.0001
2025/06/16 11:07:19 - mmengine - INFO - paramwise_options -- language_model.language_backbone.body.model.encoder.layer.1.output.LayerNorm.weight:lr_mult=0.1
2025/06/16 11:07:19 - mmengine - INFO - paramwise_options -- language_model.language_backbone.body.model.encoder.layer.1.output.LayerNorm.bias:lr=1e-05
2025/06/16 11:07:19 - mmengine - INFO - paramwise_options -- language_model.language_backbone.body.model.encoder.layer.1.output.LayerNorm.bias:weight_decay=0.0001
2025/06/16 11:07:19 - mmengine - INFO - paramwise_options -- language_model.language_backbone.body.model.encoder.layer.1.output.LayerNorm.bias:lr_mult=0.1
2025/06/16 11:07:19 - mmengine - INFO - paramwise_options -- language_model.language_backbone.body.model.encoder.layer.2.attention.self.query.weight:lr=1e-05
2025/06/16 11:07:19 - mmengine - INFO - paramwise_options -- language_model.language_backbone.body.model.encoder.layer.2.attention.self.query.weight:weight_decay=0.0001
2025/06/16 11:07:19 - mmengine - INFO - paramwise_options -- language_model.language_backbone.body.model.encoder.layer.2.attention.self.query.weight:lr_mult=0.1
2025/06/16 11:07:19 - mmengine - INFO - paramwise_options -- language_model.language_backbone.body.model.encoder.layer.2.attention.self.query.bias:lr=1e-05
2025/06/16 11:07:19 - mmengine - INFO - paramwise_options -- language_model.language_backbone.body.model.encoder.layer.2.attention.self.query.bias:weight_decay=0.0001
2025/06/16 11:07:19 - mmengine - INFO - paramwise_options -- language_model.language_backbone.body.model.encoder.layer.2.attention.self.query.bias:lr_mult=0.1
2025/06/16 11:07:19 - mmengine - INFO - paramwise_options -- language_model.language_backbone.body.model.encoder.layer.2.attention.self.key.weight:lr=1e-05
2025/06/16 11:07:19 - mmengine - INFO - paramwise_options -- language_model.language_backbone.body.model.encoder.layer.2.attention.self.key.weight:weight_decay=0.0001
2025/06/16 11:07:19 - mmengine - INFO - paramwise_options -- language_model.language_backbone.body.model.encoder.layer.2.attention.self.key.weight:lr_mult=0.1
2025/06/16 11:07:19 - mmengine - INFO - paramwise_options -- language_model.language_backbone.body.model.encoder.layer.2.attention.self.key.bias:lr=1e-05
2025/06/16 11:07:19 - mmengine - INFO - paramwise_options -- language_model.language_backbone.body.model.encoder.layer.2.attention.self.key.bias:weight_decay=0.0001
2025/06/16 11:07:19 - mmengine - INFO - paramwise_options -- language_model.language_backbone.body.model.encoder.layer.2.attention.self.key.bias:lr_mult=0.1
2025/06/16 11:07:19 - mmengine - INFO - paramwise_options -- language_model.language_backbone.body.model.encoder.layer.2.attention.self.value.weight:lr=1e-05
2025/06/16 11:07:19 - mmengine - INFO - paramwise_options -- language_model.language_backbone.body.model.encoder.layer.2.attention.self.value.weight:weight_decay=0.0001
2025/06/16 11:07:19 - mmengine - INFO - paramwise_options -- language_model.language_backbone.body.model.encoder.layer.2.attention.self.value.weight:lr_mult=0.1
2025/06/16 11:07:19 - mmengine - INFO - paramwise_options -- language_model.language_backbone.body.model.encoder.layer.2.attention.self.value.bias:lr=1e-05
2025/06/16 11:07:19 - mmengine - INFO - paramwise_options -- language_model.language_backbone.body.model.encoder.layer.2.attention.self.value.bias:weight_decay=0.0001
2025/06/16 11:07:19 - mmengine - INFO - paramwise_options -- language_model.language_backbone.body.model.encoder.layer.2.attention.self.value.bias:lr_mult=0.1
2025/06/16 11:07:19 - mmengine - INFO - paramwise_options -- language_model.language_backbone.body.model.encoder.layer.2.attention.output.dense.weight:lr=1e-05
2025/06/16 11:07:19 - mmengine - INFO - paramwise_options -- language_model.language_backbone.body.model.encoder.layer.2.attention.output.dense.weight:weight_decay=0.0001
2025/06/16 11:07:19 - mmengine - INFO - paramwise_options -- language_model.language_backbone.body.model.encoder.layer.2.attention.output.dense.weight:lr_mult=0.1
2025/06/16 11:07:19 - mmengine - INFO - paramwise_options -- language_model.language_backbone.body.model.encoder.layer.2.attention.output.dense.bias:lr=1e-05
2025/06/16 11:07:19 - mmengine - INFO - paramwise_options -- language_model.language_backbone.body.model.encoder.layer.2.attention.output.dense.bias:weight_decay=0.0001
2025/06/16 11:07:19 - mmengine - INFO - paramwise_options -- language_model.language_backbone.body.model.encoder.layer.2.attention.output.dense.bias:lr_mult=0.1
2025/06/16 11:07:19 - mmengine - INFO - paramwise_options -- language_model.language_backbone.body.model.encoder.layer.2.attention.output.LayerNorm.weight:lr=1e-05
2025/06/16 11:07:19 - mmengine - INFO - paramwise_options -- language_model.language_backbone.body.model.encoder.layer.2.attention.output.LayerNorm.weight:weight_decay=0.0001
2025/06/16 11:07:19 - mmengine - INFO - paramwise_options -- language_model.language_backbone.body.model.encoder.layer.2.attention.output.LayerNorm.weight:lr_mult=0.1
2025/06/16 11:07:19 - mmengine - INFO - paramwise_options -- language_model.language_backbone.body.model.encoder.layer.2.attention.output.LayerNorm.bias:lr=1e-05
2025/06/16 11:07:19 - mmengine - INFO - paramwise_options -- language_model.language_backbone.body.model.encoder.layer.2.attention.output.LayerNorm.bias:weight_decay=0.0001
2025/06/16 11:07:19 - mmengine - INFO - paramwise_options -- language_model.language_backbone.body.model.encoder.layer.2.attention.output.LayerNorm.bias:lr_mult=0.1
2025/06/16 11:07:19 - mmengine - INFO - paramwise_options -- language_model.language_backbone.body.model.encoder.layer.2.intermediate.dense.weight:lr=1e-05
2025/06/16 11:07:19 - mmengine - INFO - paramwise_options -- language_model.language_backbone.body.model.encoder.layer.2.intermediate.dense.weight:weight_decay=0.0001
2025/06/16 11:07:19 - mmengine - INFO - paramwise_options -- language_model.language_backbone.body.model.encoder.layer.2.intermediate.dense.weight:lr_mult=0.1
2025/06/16 11:07:19 - mmengine - INFO - paramwise_options -- language_model.language_backbone.body.model.encoder.layer.2.intermediate.dense.bias:lr=1e-05
2025/06/16 11:07:19 - mmengine - INFO - paramwise_options -- language_model.language_backbone.body.model.encoder.layer.2.intermediate.dense.bias:weight_decay=0.0001
2025/06/16 11:07:19 - mmengine - INFO - paramwise_options -- language_model.language_backbone.body.model.encoder.layer.2.intermediate.dense.bias:lr_mult=0.1
2025/06/16 11:07:19 - mmengine - INFO - paramwise_options -- language_model.language_backbone.body.model.encoder.layer.2.output.dense.weight:lr=1e-05
2025/06/16 11:07:19 - mmengine - INFO - paramwise_options -- language_model.language_backbone.body.model.encoder.layer.2.output.dense.weight:weight_decay=0.0001
2025/06/16 11:07:19 - mmengine - INFO - paramwise_options -- language_model.language_backbone.body.model.encoder.layer.2.output.dense.weight:lr_mult=0.1
2025/06/16 11:07:19 - mmengine - INFO - paramwise_options -- language_model.language_backbone.body.model.encoder.layer.2.output.dense.bias:lr=1e-05
2025/06/16 11:07:19 - mmengine - INFO - paramwise_options -- language_model.language_backbone.body.model.encoder.layer.2.output.dense.bias:weight_decay=0.0001
2025/06/16 11:07:19 - mmengine - INFO - paramwise_options -- language_model.language_backbone.body.model.encoder.layer.2.output.dense.bias:lr_mult=0.1
2025/06/16 11:07:19 - mmengine - INFO - paramwise_options -- language_model.language_backbone.body.model.encoder.layer.2.output.LayerNorm.weight:lr=1e-05
2025/06/16 11:07:19 - mmengine - INFO - paramwise_options -- language_model.language_backbone.body.model.encoder.layer.2.output.LayerNorm.weight:weight_decay=0.0001
2025/06/16 11:07:19 - mmengine - INFO - paramwise_options -- language_model.language_backbone.body.model.encoder.layer.2.output.LayerNorm.weight:lr_mult=0.1
2025/06/16 11:07:19 - mmengine - INFO - paramwise_options -- language_model.language_backbone.body.model.encoder.layer.2.output.LayerNorm.bias:lr=1e-05
2025/06/16 11:07:19 - mmengine - INFO - paramwise_options -- language_model.language_backbone.body.model.encoder.layer.2.output.LayerNorm.bias:weight_decay=0.0001
2025/06/16 11:07:19 - mmengine - INFO - paramwise_options -- language_model.language_backbone.body.model.encoder.layer.2.output.LayerNorm.bias:lr_mult=0.1
2025/06/16 11:07:19 - mmengine - INFO - paramwise_options -- language_model.language_backbone.body.model.encoder.layer.3.attention.self.query.weight:lr=1e-05
2025/06/16 11:07:19 - mmengine - INFO - paramwise_options -- language_model.language_backbone.body.model.encoder.layer.3.attention.self.query.weight:weight_decay=0.0001
2025/06/16 11:07:19 - mmengine - INFO - paramwise_options -- language_model.language_backbone.body.model.encoder.layer.3.attention.self.query.weight:lr_mult=0.1
2025/06/16 11:07:19 - mmengine - INFO - paramwise_options -- language_model.language_backbone.body.model.encoder.layer.3.attention.self.query.bias:lr=1e-05
2025/06/16 11:07:19 - mmengine - INFO - paramwise_options -- language_model.language_backbone.body.model.encoder.layer.3.attention.self.query.bias:weight_decay=0.0001
2025/06/16 11:07:19 - mmengine - INFO - paramwise_options -- language_model.language_backbone.body.model.encoder.layer.3.attention.self.query.bias:lr_mult=0.1
2025/06/16 11:07:19 - mmengine - INFO - paramwise_options -- language_model.language_backbone.body.model.encoder.layer.3.attention.self.key.weight:lr=1e-05
2025/06/16 11:07:19 - mmengine - INFO - paramwise_options -- language_model.language_backbone.body.model.encoder.layer.3.attention.self.key.weight:weight_decay=0.0001
2025/06/16 11:07:19 - mmengine - INFO - paramwise_options -- language_model.language_backbone.body.model.encoder.layer.3.attention.self.key.weight:lr_mult=0.1
2025/06/16 11:07:19 - mmengine - INFO - paramwise_options -- language_model.language_backbone.body.model.encoder.layer.3.attention.self.key.bias:lr=1e-05
2025/06/16 11:07:19 - mmengine - INFO - paramwise_options -- language_model.language_backbone.body.model.encoder.layer.3.attention.self.key.bias:weight_decay=0.0001
2025/06/16 11:07:19 - mmengine - INFO - paramwise_options -- language_model.language_backbone.body.model.encoder.layer.3.attention.self.key.bias:lr_mult=0.1
2025/06/16 11:07:19 - mmengine - INFO - paramwise_options -- language_model.language_backbone.body.model.encoder.layer.3.attention.self.value.weight:lr=1e-05
2025/06/16 11:07:19 - mmengine - INFO - paramwise_options -- language_model.language_backbone.body.model.encoder.layer.3.attention.self.value.weight:weight_decay=0.0001
2025/06/16 11:07:19 - mmengine - INFO - paramwise_options -- language_model.language_backbone.body.model.encoder.layer.3.attention.self.value.weight:lr_mult=0.1
2025/06/16 11:07:19 - mmengine - INFO - paramwise_options -- language_model.language_backbone.body.model.encoder.layer.3.attention.self.value.bias:lr=1e-05
2025/06/16 11:07:19 - mmengine - INFO - paramwise_options -- language_model.language_backbone.body.model.encoder.layer.3.attention.self.value.bias:weight_decay=0.0001
2025/06/16 11:07:19 - mmengine - INFO - paramwise_options -- language_model.language_backbone.body.model.encoder.layer.3.attention.self.value.bias:lr_mult=0.1
2025/06/16 11:07:19 - mmengine - INFO - paramwise_options -- language_model.language_backbone.body.model.encoder.layer.3.attention.output.dense.weight:lr=1e-05
2025/06/16 11:07:19 - mmengine - INFO - paramwise_options -- language_model.language_backbone.body.model.encoder.layer.3.attention.output.dense.weight:weight_decay=0.0001
2025/06/16 11:07:19 - mmengine - INFO - paramwise_options -- language_model.language_backbone.body.model.encoder.layer.3.attention.output.dense.weight:lr_mult=0.1
2025/06/16 11:07:19 - mmengine - INFO - paramwise_options -- language_model.language_backbone.body.model.encoder.layer.3.attention.output.dense.bias:lr=1e-05
2025/06/16 11:07:19 - mmengine - INFO - paramwise_options -- language_model.language_backbone.body.model.encoder.layer.3.attention.output.dense.bias:weight_decay=0.0001
2025/06/16 11:07:19 - mmengine - INFO - paramwise_options -- language_model.language_backbone.body.model.encoder.layer.3.attention.output.dense.bias:lr_mult=0.1
2025/06/16 11:07:19 - mmengine - INFO - paramwise_options -- language_model.language_backbone.body.model.encoder.layer.3.attention.output.LayerNorm.weight:lr=1e-05
2025/06/16 11:07:19 - mmengine - INFO - paramwise_options -- language_model.language_backbone.body.model.encoder.layer.3.attention.output.LayerNorm.weight:weight_decay=0.0001
2025/06/16 11:07:19 - mmengine - INFO - paramwise_options -- language_model.language_backbone.body.model.encoder.layer.3.attention.output.LayerNorm.weight:lr_mult=0.1
2025/06/16 11:07:19 - mmengine - INFO - paramwise_options -- language_model.language_backbone.body.model.encoder.layer.3.attention.output.LayerNorm.bias:lr=1e-05
2025/06/16 11:07:19 - mmengine - INFO - paramwise_options -- language_model.language_backbone.body.model.encoder.layer.3.attention.output.LayerNorm.bias:weight_decay=0.0001
2025/06/16 11:07:19 - mmengine - INFO - paramwise_options -- language_model.language_backbone.body.model.encoder.layer.3.attention.output.LayerNorm.bias:lr_mult=0.1
2025/06/16 11:07:19 - mmengine - INFO - paramwise_options -- language_model.language_backbone.body.model.encoder.layer.3.intermediate.dense.weight:lr=1e-05
2025/06/16 11:07:19 - mmengine - INFO - paramwise_options -- language_model.language_backbone.body.model.encoder.layer.3.intermediate.dense.weight:weight_decay=0.0001
2025/06/16 11:07:19 - mmengine - INFO - paramwise_options -- language_model.language_backbone.body.model.encoder.layer.3.intermediate.dense.weight:lr_mult=0.1
2025/06/16 11:07:19 - mmengine - INFO - paramwise_options -- language_model.language_backbone.body.model.encoder.layer.3.intermediate.dense.bias:lr=1e-05
2025/06/16 11:07:19 - mmengine - INFO - paramwise_options -- language_model.language_backbone.body.model.encoder.layer.3.intermediate.dense.bias:weight_decay=0.0001
2025/06/16 11:07:19 - mmengine - INFO - paramwise_options -- language_model.language_backbone.body.model.encoder.layer.3.intermediate.dense.bias:lr_mult=0.1
2025/06/16 11:07:19 - mmengine - INFO - paramwise_options -- language_model.language_backbone.body.model.encoder.layer.3.output.dense.weight:lr=1e-05
2025/06/16 11:07:19 - mmengine - INFO - paramwise_options -- language_model.language_backbone.body.model.encoder.layer.3.output.dense.weight:weight_decay=0.0001
2025/06/16 11:07:19 - mmengine - INFO - paramwise_options -- language_model.language_backbone.body.model.encoder.layer.3.output.dense.weight:lr_mult=0.1
2025/06/16 11:07:19 - mmengine - INFO - paramwise_options -- language_model.language_backbone.body.model.encoder.layer.3.output.dense.bias:lr=1e-05
2025/06/16 11:07:19 - mmengine - INFO - paramwise_options -- language_model.language_backbone.body.model.encoder.layer.3.output.dense.bias:weight_decay=0.0001
2025/06/16 11:07:19 - mmengine - INFO - paramwise_options -- language_model.language_backbone.body.model.encoder.layer.3.output.dense.bias:lr_mult=0.1
2025/06/16 11:07:19 - mmengine - INFO - paramwise_options -- language_model.language_backbone.body.model.encoder.layer.3.output.LayerNorm.weight:lr=1e-05
2025/06/16 11:07:19 - mmengine - INFO - paramwise_options -- language_model.language_backbone.body.model.encoder.layer.3.output.LayerNorm.weight:weight_decay=0.0001
2025/06/16 11:07:19 - mmengine - INFO - paramwise_options -- language_model.language_backbone.body.model.encoder.layer.3.output.LayerNorm.weight:lr_mult=0.1
2025/06/16 11:07:19 - mmengine - INFO - paramwise_options -- language_model.language_backbone.body.model.encoder.layer.3.output.LayerNorm.bias:lr=1e-05
2025/06/16 11:07:19 - mmengine - INFO - paramwise_options -- language_model.language_backbone.body.model.encoder.layer.3.output.LayerNorm.bias:weight_decay=0.0001
2025/06/16 11:07:19 - mmengine - INFO - paramwise_options -- language_model.language_backbone.body.model.encoder.layer.3.output.LayerNorm.bias:lr_mult=0.1
2025/06/16 11:07:19 - mmengine - INFO - paramwise_options -- language_model.language_backbone.body.model.encoder.layer.4.attention.self.query.weight:lr=1e-05
2025/06/16 11:07:19 - mmengine - INFO - paramwise_options -- language_model.language_backbone.body.model.encoder.layer.4.attention.self.query.weight:weight_decay=0.0001
2025/06/16 11:07:19 - mmengine - INFO - paramwise_options -- language_model.language_backbone.body.model.encoder.layer.4.attention.self.query.weight:lr_mult=0.1
2025/06/16 11:07:19 - mmengine - INFO - paramwise_options -- language_model.language_backbone.body.model.encoder.layer.4.attention.self.query.bias:lr=1e-05
2025/06/16 11:07:19 - mmengine - INFO - paramwise_options -- language_model.language_backbone.body.model.encoder.layer.4.attention.self.query.bias:weight_decay=0.0001
2025/06/16 11:07:19 - mmengine - INFO - paramwise_options -- language_model.language_backbone.body.model.encoder.layer.4.attention.self.query.bias:lr_mult=0.1
2025/06/16 11:07:19 - mmengine - INFO - paramwise_options -- language_model.language_backbone.body.model.encoder.layer.4.attention.self.key.weight:lr=1e-05
2025/06/16 11:07:19 - mmengine - INFO - paramwise_options -- language_model.language_backbone.body.model.encoder.layer.4.attention.self.key.weight:weight_decay=0.0001
2025/06/16 11:07:19 - mmengine - INFO - paramwise_options -- language_model.language_backbone.body.model.encoder.layer.4.attention.self.key.weight:lr_mult=0.1
2025/06/16 11:07:19 - mmengine - INFO - paramwise_options -- language_model.language_backbone.body.model.encoder.layer.4.attention.self.key.bias:lr=1e-05
2025/06/16 11:07:19 - mmengine - INFO - paramwise_options -- language_model.language_backbone.body.model.encoder.layer.4.attention.self.key.bias:weight_decay=0.0001
2025/06/16 11:07:19 - mmengine - INFO - paramwise_options -- language_model.language_backbone.body.model.encoder.layer.4.attention.self.key.bias:lr_mult=0.1
2025/06/16 11:07:19 - mmengine - INFO - paramwise_options -- language_model.language_backbone.body.model.encoder.layer.4.attention.self.value.weight:lr=1e-05
2025/06/16 11:07:19 - mmengine - INFO - paramwise_options -- language_model.language_backbone.body.model.encoder.layer.4.attention.self.value.weight:weight_decay=0.0001
2025/06/16 11:07:19 - mmengine - INFO - paramwise_options -- language_model.language_backbone.body.model.encoder.layer.4.attention.self.value.weight:lr_mult=0.1
2025/06/16 11:07:19 - mmengine - INFO - paramwise_options -- language_model.language_backbone.body.model.encoder.layer.4.attention.self.value.bias:lr=1e-05
2025/06/16 11:07:19 - mmengine - INFO - paramwise_options -- language_model.language_backbone.body.model.encoder.layer.4.attention.self.value.bias:weight_decay=0.0001
2025/06/16 11:07:19 - mmengine - INFO - paramwise_options -- language_model.language_backbone.body.model.encoder.layer.4.attention.self.value.bias:lr_mult=0.1
2025/06/16 11:07:19 - mmengine - INFO - paramwise_options -- language_model.language_backbone.body.model.encoder.layer.4.attention.output.dense.weight:lr=1e-05
2025/06/16 11:07:19 - mmengine - INFO - paramwise_options -- language_model.language_backbone.body.model.encoder.layer.4.attention.output.dense.weight:weight_decay=0.0001
2025/06/16 11:07:19 - mmengine - INFO - paramwise_options -- language_model.language_backbone.body.model.encoder.layer.4.attention.output.dense.weight:lr_mult=0.1
2025/06/16 11:07:19 - mmengine - INFO - paramwise_options -- language_model.language_backbone.body.model.encoder.layer.4.attention.output.dense.bias:lr=1e-05
2025/06/16 11:07:19 - mmengine - INFO - paramwise_options -- language_model.language_backbone.body.model.encoder.layer.4.attention.output.dense.bias:weight_decay=0.0001
2025/06/16 11:07:19 - mmengine - INFO - paramwise_options -- language_model.language_backbone.body.model.encoder.layer.4.attention.output.dense.bias:lr_mult=0.1
2025/06/16 11:07:19 - mmengine - INFO - paramwise_options -- language_model.language_backbone.body.model.encoder.layer.4.attention.output.LayerNorm.weight:lr=1e-05
2025/06/16 11:07:19 - mmengine - INFO - paramwise_options -- language_model.language_backbone.body.model.encoder.layer.4.attention.output.LayerNorm.weight:weight_decay=0.0001
2025/06/16 11:07:19 - mmengine - INFO - paramwise_options -- language_model.language_backbone.body.model.encoder.layer.4.attention.output.LayerNorm.weight:lr_mult=0.1
2025/06/16 11:07:19 - mmengine - INFO - paramwise_options -- language_model.language_backbone.body.model.encoder.layer.4.attention.output.LayerNorm.bias:lr=1e-05
2025/06/16 11:07:19 - mmengine - INFO - paramwise_options -- language_model.language_backbone.body.model.encoder.layer.4.attention.output.LayerNorm.bias:weight_decay=0.0001
2025/06/16 11:07:19 - mmengine - INFO - paramwise_options -- language_model.language_backbone.body.model.encoder.layer.4.attention.output.LayerNorm.bias:lr_mult=0.1
2025/06/16 11:07:19 - mmengine - INFO - paramwise_options -- language_model.language_backbone.body.model.encoder.layer.4.intermediate.dense.weight:lr=1e-05
2025/06/16 11:07:19 - mmengine - INFO - paramwise_options -- language_model.language_backbone.body.model.encoder.layer.4.intermediate.dense.weight:weight_decay=0.0001
2025/06/16 11:07:19 - mmengine - INFO - paramwise_options -- language_model.language_backbone.body.model.encoder.layer.4.intermediate.dense.weight:lr_mult=0.1
2025/06/16 11:07:19 - mmengine - INFO - paramwise_options -- language_model.language_backbone.body.model.encoder.layer.4.intermediate.dense.bias:lr=1e-05
2025/06/16 11:07:19 - mmengine - INFO - paramwise_options -- language_model.language_backbone.body.model.encoder.layer.4.intermediate.dense.bias:weight_decay=0.0001
2025/06/16 11:07:19 - mmengine - INFO - paramwise_options -- language_model.language_backbone.body.model.encoder.layer.4.intermediate.dense.bias:lr_mult=0.1
2025/06/16 11:07:19 - mmengine - INFO - paramwise_options -- language_model.language_backbone.body.model.encoder.layer.4.output.dense.weight:lr=1e-05
2025/06/16 11:07:19 - mmengine - INFO - paramwise_options -- language_model.language_backbone.body.model.encoder.layer.4.output.dense.weight:weight_decay=0.0001
2025/06/16 11:07:19 - mmengine - INFO - paramwise_options -- language_model.language_backbone.body.model.encoder.layer.4.output.dense.weight:lr_mult=0.1
2025/06/16 11:07:19 - mmengine - INFO - paramwise_options -- language_model.language_backbone.body.model.encoder.layer.4.output.dense.bias:lr=1e-05
2025/06/16 11:07:19 - mmengine - INFO - paramwise_options -- language_model.language_backbone.body.model.encoder.layer.4.output.dense.bias:weight_decay=0.0001
2025/06/16 11:07:19 - mmengine - INFO - paramwise_options -- language_model.language_backbone.body.model.encoder.layer.4.output.dense.bias:lr_mult=0.1
2025/06/16 11:07:19 - mmengine - INFO - paramwise_options -- language_model.language_backbone.body.model.encoder.layer.4.output.LayerNorm.weight:lr=1e-05
2025/06/16 11:07:19 - mmengine - INFO - paramwise_options -- language_model.language_backbone.body.model.encoder.layer.4.output.LayerNorm.weight:weight_decay=0.0001
2025/06/16 11:07:19 - mmengine - INFO - paramwise_options -- language_model.language_backbone.body.model.encoder.layer.4.output.LayerNorm.weight:lr_mult=0.1
2025/06/16 11:07:19 - mmengine - INFO - paramwise_options -- language_model.language_backbone.body.model.encoder.layer.4.output.LayerNorm.bias:lr=1e-05
2025/06/16 11:07:19 - mmengine - INFO - paramwise_options -- language_model.language_backbone.body.model.encoder.layer.4.output.LayerNorm.bias:weight_decay=0.0001
2025/06/16 11:07:19 - mmengine - INFO - paramwise_options -- language_model.language_backbone.body.model.encoder.layer.4.output.LayerNorm.bias:lr_mult=0.1
2025/06/16 11:07:19 - mmengine - INFO - paramwise_options -- language_model.language_backbone.body.model.encoder.layer.5.attention.self.query.weight:lr=1e-05
2025/06/16 11:07:19 - mmengine - INFO - paramwise_options -- language_model.language_backbone.body.model.encoder.layer.5.attention.self.query.weight:weight_decay=0.0001
2025/06/16 11:07:19 - mmengine - INFO - paramwise_options -- language_model.language_backbone.body.model.encoder.layer.5.attention.self.query.weight:lr_mult=0.1
2025/06/16 11:07:19 - mmengine - INFO - paramwise_options -- language_model.language_backbone.body.model.encoder.layer.5.attention.self.query.bias:lr=1e-05
2025/06/16 11:07:19 - mmengine - INFO - paramwise_options -- language_model.language_backbone.body.model.encoder.layer.5.attention.self.query.bias:weight_decay=0.0001
2025/06/16 11:07:19 - mmengine - INFO - paramwise_options -- language_model.language_backbone.body.model.encoder.layer.5.attention.self.query.bias:lr_mult=0.1
2025/06/16 11:07:19 - mmengine - INFO - paramwise_options -- language_model.language_backbone.body.model.encoder.layer.5.attention.self.key.weight:lr=1e-05
2025/06/16 11:07:19 - mmengine - INFO - paramwise_options -- language_model.language_backbone.body.model.encoder.layer.5.attention.self.key.weight:weight_decay=0.0001
2025/06/16 11:07:19 - mmengine - INFO - paramwise_options -- language_model.language_backbone.body.model.encoder.layer.5.attention.self.key.weight:lr_mult=0.1
2025/06/16 11:07:19 - mmengine - INFO - paramwise_options -- language_model.language_backbone.body.model.encoder.layer.5.attention.self.key.bias:lr=1e-05
2025/06/16 11:07:19 - mmengine - INFO - paramwise_options -- language_model.language_backbone.body.model.encoder.layer.5.attention.self.key.bias:weight_decay=0.0001
2025/06/16 11:07:19 - mmengine - INFO - paramwise_options -- language_model.language_backbone.body.model.encoder.layer.5.attention.self.key.bias:lr_mult=0.1
2025/06/16 11:07:19 - mmengine - INFO - paramwise_options -- language_model.language_backbone.body.model.encoder.layer.5.attention.self.value.weight:lr=1e-05
2025/06/16 11:07:19 - mmengine - INFO - paramwise_options -- language_model.language_backbone.body.model.encoder.layer.5.attention.self.value.weight:weight_decay=0.0001
2025/06/16 11:07:19 - mmengine - INFO - paramwise_options -- language_model.language_backbone.body.model.encoder.layer.5.attention.self.value.weight:lr_mult=0.1
2025/06/16 11:07:19 - mmengine - INFO - paramwise_options -- language_model.language_backbone.body.model.encoder.layer.5.attention.self.value.bias:lr=1e-05
2025/06/16 11:07:19 - mmengine - INFO - paramwise_options -- language_model.language_backbone.body.model.encoder.layer.5.attention.self.value.bias:weight_decay=0.0001
2025/06/16 11:07:19 - mmengine - INFO - paramwise_options -- language_model.language_backbone.body.model.encoder.layer.5.attention.self.value.bias:lr_mult=0.1
2025/06/16 11:07:19 - mmengine - INFO - paramwise_options -- language_model.language_backbone.body.model.encoder.layer.5.attention.output.dense.weight:lr=1e-05
2025/06/16 11:07:19 - mmengine - INFO - paramwise_options -- language_model.language_backbone.body.model.encoder.layer.5.attention.output.dense.weight:weight_decay=0.0001
2025/06/16 11:07:19 - mmengine - INFO - paramwise_options -- language_model.language_backbone.body.model.encoder.layer.5.attention.output.dense.weight:lr_mult=0.1
2025/06/16 11:07:19 - mmengine - INFO - paramwise_options -- language_model.language_backbone.body.model.encoder.layer.5.attention.output.dense.bias:lr=1e-05
2025/06/16 11:07:19 - mmengine - INFO - paramwise_options -- language_model.language_backbone.body.model.encoder.layer.5.attention.output.dense.bias:weight_decay=0.0001
2025/06/16 11:07:19 - mmengine - INFO - paramwise_options -- language_model.language_backbone.body.model.encoder.layer.5.attention.output.dense.bias:lr_mult=0.1
2025/06/16 11:07:19 - mmengine - INFO - paramwise_options -- language_model.language_backbone.body.model.encoder.layer.5.attention.output.LayerNorm.weight:lr=1e-05
2025/06/16 11:07:19 - mmengine - INFO - paramwise_options -- language_model.language_backbone.body.model.encoder.layer.5.attention.output.LayerNorm.weight:weight_decay=0.0001
2025/06/16 11:07:19 - mmengine - INFO - paramwise_options -- language_model.language_backbone.body.model.encoder.layer.5.attention.output.LayerNorm.weight:lr_mult=0.1
2025/06/16 11:07:19 - mmengine - INFO - paramwise_options -- language_model.language_backbone.body.model.encoder.layer.5.attention.output.LayerNorm.bias:lr=1e-05
2025/06/16 11:07:19 - mmengine - INFO - paramwise_options -- language_model.language_backbone.body.model.encoder.layer.5.attention.output.LayerNorm.bias:weight_decay=0.0001
2025/06/16 11:07:19 - mmengine - INFO - paramwise_options -- language_model.language_backbone.body.model.encoder.layer.5.attention.output.LayerNorm.bias:lr_mult=0.1
2025/06/16 11:07:19 - mmengine - INFO - paramwise_options -- language_model.language_backbone.body.model.encoder.layer.5.intermediate.dense.weight:lr=1e-05
2025/06/16 11:07:19 - mmengine - INFO - paramwise_options -- language_model.language_backbone.body.model.encoder.layer.5.intermediate.dense.weight:weight_decay=0.0001
2025/06/16 11:07:19 - mmengine - INFO - paramwise_options -- language_model.language_backbone.body.model.encoder.layer.5.intermediate.dense.weight:lr_mult=0.1
2025/06/16 11:07:19 - mmengine - INFO - paramwise_options -- language_model.language_backbone.body.model.encoder.layer.5.intermediate.dense.bias:lr=1e-05
2025/06/16 11:07:19 - mmengine - INFO - paramwise_options -- language_model.language_backbone.body.model.encoder.layer.5.intermediate.dense.bias:weight_decay=0.0001
2025/06/16 11:07:19 - mmengine - INFO - paramwise_options -- language_model.language_backbone.body.model.encoder.layer.5.intermediate.dense.bias:lr_mult=0.1
2025/06/16 11:07:19 - mmengine - INFO - paramwise_options -- language_model.language_backbone.body.model.encoder.layer.5.output.dense.weight:lr=1e-05
2025/06/16 11:07:19 - mmengine - INFO - paramwise_options -- language_model.language_backbone.body.model.encoder.layer.5.output.dense.weight:weight_decay=0.0001
2025/06/16 11:07:19 - mmengine - INFO - paramwise_options -- language_model.language_backbone.body.model.encoder.layer.5.output.dense.weight:lr_mult=0.1
2025/06/16 11:07:19 - mmengine - INFO - paramwise_options -- language_model.language_backbone.body.model.encoder.layer.5.output.dense.bias:lr=1e-05
2025/06/16 11:07:19 - mmengine - INFO - paramwise_options -- language_model.language_backbone.body.model.encoder.layer.5.output.dense.bias:weight_decay=0.0001
2025/06/16 11:07:19 - mmengine - INFO - paramwise_options -- language_model.language_backbone.body.model.encoder.layer.5.output.dense.bias:lr_mult=0.1
2025/06/16 11:07:19 - mmengine - INFO - paramwise_options -- language_model.language_backbone.body.model.encoder.layer.5.output.LayerNorm.weight:lr=1e-05
2025/06/16 11:07:19 - mmengine - INFO - paramwise_options -- language_model.language_backbone.body.model.encoder.layer.5.output.LayerNorm.weight:weight_decay=0.0001
2025/06/16 11:07:19 - mmengine - INFO - paramwise_options -- language_model.language_backbone.body.model.encoder.layer.5.output.LayerNorm.weight:lr_mult=0.1
2025/06/16 11:07:19 - mmengine - INFO - paramwise_options -- language_model.language_backbone.body.model.encoder.layer.5.output.LayerNorm.bias:lr=1e-05
2025/06/16 11:07:19 - mmengine - INFO - paramwise_options -- language_model.language_backbone.body.model.encoder.layer.5.output.LayerNorm.bias:weight_decay=0.0001
2025/06/16 11:07:19 - mmengine - INFO - paramwise_options -- language_model.language_backbone.body.model.encoder.layer.5.output.LayerNorm.bias:lr_mult=0.1
2025/06/16 11:07:19 - mmengine - INFO - paramwise_options -- language_model.language_backbone.body.model.encoder.layer.6.attention.self.query.weight:lr=1e-05
2025/06/16 11:07:19 - mmengine - INFO - paramwise_options -- language_model.language_backbone.body.model.encoder.layer.6.attention.self.query.weight:weight_decay=0.0001
2025/06/16 11:07:19 - mmengine - INFO - paramwise_options -- language_model.language_backbone.body.model.encoder.layer.6.attention.self.query.weight:lr_mult=0.1
2025/06/16 11:07:19 - mmengine - INFO - paramwise_options -- language_model.language_backbone.body.model.encoder.layer.6.attention.self.query.bias:lr=1e-05
2025/06/16 11:07:19 - mmengine - INFO - paramwise_options -- language_model.language_backbone.body.model.encoder.layer.6.attention.self.query.bias:weight_decay=0.0001
2025/06/16 11:07:19 - mmengine - INFO - paramwise_options -- language_model.language_backbone.body.model.encoder.layer.6.attention.self.query.bias:lr_mult=0.1
2025/06/16 11:07:19 - mmengine - INFO - paramwise_options -- language_model.language_backbone.body.model.encoder.layer.6.attention.self.key.weight:lr=1e-05
2025/06/16 11:07:19 - mmengine - INFO - paramwise_options -- language_model.language_backbone.body.model.encoder.layer.6.attention.self.key.weight:weight_decay=0.0001
2025/06/16 11:07:19 - mmengine - INFO - paramwise_options -- language_model.language_backbone.body.model.encoder.layer.6.attention.self.key.weight:lr_mult=0.1
2025/06/16 11:07:19 - mmengine - INFO - paramwise_options -- language_model.language_backbone.body.model.encoder.layer.6.attention.self.key.bias:lr=1e-05
2025/06/16 11:07:19 - mmengine - INFO - paramwise_options -- language_model.language_backbone.body.model.encoder.layer.6.attention.self.key.bias:weight_decay=0.0001
2025/06/16 11:07:19 - mmengine - INFO - paramwise_options -- language_model.language_backbone.body.model.encoder.layer.6.attention.self.key.bias:lr_mult=0.1
2025/06/16 11:07:19 - mmengine - INFO - paramwise_options -- language_model.language_backbone.body.model.encoder.layer.6.attention.self.value.weight:lr=1e-05
2025/06/16 11:07:19 - mmengine - INFO - paramwise_options -- language_model.language_backbone.body.model.encoder.layer.6.attention.self.value.weight:weight_decay=0.0001
2025/06/16 11:07:19 - mmengine - INFO - paramwise_options -- language_model.language_backbone.body.model.encoder.layer.6.attention.self.value.weight:lr_mult=0.1
2025/06/16 11:07:19 - mmengine - INFO - paramwise_options -- language_model.language_backbone.body.model.encoder.layer.6.attention.self.value.bias:lr=1e-05
2025/06/16 11:07:19 - mmengine - INFO - paramwise_options -- language_model.language_backbone.body.model.encoder.layer.6.attention.self.value.bias:weight_decay=0.0001
2025/06/16 11:07:19 - mmengine - INFO - paramwise_options -- language_model.language_backbone.body.model.encoder.layer.6.attention.self.value.bias:lr_mult=0.1
2025/06/16 11:07:19 - mmengine - INFO - paramwise_options -- language_model.language_backbone.body.model.encoder.layer.6.attention.output.dense.weight:lr=1e-05
2025/06/16 11:07:19 - mmengine - INFO - paramwise_options -- language_model.language_backbone.body.model.encoder.layer.6.attention.output.dense.weight:weight_decay=0.0001
2025/06/16 11:07:19 - mmengine - INFO - paramwise_options -- language_model.language_backbone.body.model.encoder.layer.6.attention.output.dense.weight:lr_mult=0.1
2025/06/16 11:07:19 - mmengine - INFO - paramwise_options -- language_model.language_backbone.body.model.encoder.layer.6.attention.output.dense.bias:lr=1e-05
2025/06/16 11:07:19 - mmengine - INFO - paramwise_options -- language_model.language_backbone.body.model.encoder.layer.6.attention.output.dense.bias:weight_decay=0.0001
2025/06/16 11:07:19 - mmengine - INFO - paramwise_options -- language_model.language_backbone.body.model.encoder.layer.6.attention.output.dense.bias:lr_mult=0.1
2025/06/16 11:07:19 - mmengine - INFO - paramwise_options -- language_model.language_backbone.body.model.encoder.layer.6.attention.output.LayerNorm.weight:lr=1e-05
2025/06/16 11:07:19 - mmengine - INFO - paramwise_options -- language_model.language_backbone.body.model.encoder.layer.6.attention.output.LayerNorm.weight:weight_decay=0.0001
2025/06/16 11:07:19 - mmengine - INFO - paramwise_options -- language_model.language_backbone.body.model.encoder.layer.6.attention.output.LayerNorm.weight:lr_mult=0.1
2025/06/16 11:07:19 - mmengine - INFO - paramwise_options -- language_model.language_backbone.body.model.encoder.layer.6.attention.output.LayerNorm.bias:lr=1e-05
2025/06/16 11:07:19 - mmengine - INFO - paramwise_options -- language_model.language_backbone.body.model.encoder.layer.6.attention.output.LayerNorm.bias:weight_decay=0.0001
2025/06/16 11:07:19 - mmengine - INFO - paramwise_options -- language_model.language_backbone.body.model.encoder.layer.6.attention.output.LayerNorm.bias:lr_mult=0.1
2025/06/16 11:07:19 - mmengine - INFO - paramwise_options -- language_model.language_backbone.body.model.encoder.layer.6.intermediate.dense.weight:lr=1e-05
2025/06/16 11:07:19 - mmengine - INFO - paramwise_options -- language_model.language_backbone.body.model.encoder.layer.6.intermediate.dense.weight:weight_decay=0.0001
2025/06/16 11:07:19 - mmengine - INFO - paramwise_options -- language_model.language_backbone.body.model.encoder.layer.6.intermediate.dense.weight:lr_mult=0.1
2025/06/16 11:07:19 - mmengine - INFO - paramwise_options -- language_model.language_backbone.body.model.encoder.layer.6.intermediate.dense.bias:lr=1e-05
2025/06/16 11:07:19 - mmengine - INFO - paramwise_options -- language_model.language_backbone.body.model.encoder.layer.6.intermediate.dense.bias:weight_decay=0.0001
2025/06/16 11:07:19 - mmengine - INFO - paramwise_options -- language_model.language_backbone.body.model.encoder.layer.6.intermediate.dense.bias:lr_mult=0.1
2025/06/16 11:07:19 - mmengine - INFO - paramwise_options -- language_model.language_backbone.body.model.encoder.layer.6.output.dense.weight:lr=1e-05
2025/06/16 11:07:19 - mmengine - INFO - paramwise_options -- language_model.language_backbone.body.model.encoder.layer.6.output.dense.weight:weight_decay=0.0001
2025/06/16 11:07:19 - mmengine - INFO - paramwise_options -- language_model.language_backbone.body.model.encoder.layer.6.output.dense.weight:lr_mult=0.1
2025/06/16 11:07:19 - mmengine - INFO - paramwise_options -- language_model.language_backbone.body.model.encoder.layer.6.output.dense.bias:lr=1e-05
2025/06/16 11:07:19 - mmengine - INFO - paramwise_options -- language_model.language_backbone.body.model.encoder.layer.6.output.dense.bias:weight_decay=0.0001
2025/06/16 11:07:19 - mmengine - INFO - paramwise_options -- language_model.language_backbone.body.model.encoder.layer.6.output.dense.bias:lr_mult=0.1
2025/06/16 11:07:19 - mmengine - INFO - paramwise_options -- language_model.language_backbone.body.model.encoder.layer.6.output.LayerNorm.weight:lr=1e-05
2025/06/16 11:07:19 - mmengine - INFO - paramwise_options -- language_model.language_backbone.body.model.encoder.layer.6.output.LayerNorm.weight:weight_decay=0.0001
2025/06/16 11:07:19 - mmengine - INFO - paramwise_options -- language_model.language_backbone.body.model.encoder.layer.6.output.LayerNorm.weight:lr_mult=0.1
2025/06/16 11:07:19 - mmengine - INFO - paramwise_options -- language_model.language_backbone.body.model.encoder.layer.6.output.LayerNorm.bias:lr=1e-05
2025/06/16 11:07:19 - mmengine - INFO - paramwise_options -- language_model.language_backbone.body.model.encoder.layer.6.output.LayerNorm.bias:weight_decay=0.0001
2025/06/16 11:07:19 - mmengine - INFO - paramwise_options -- language_model.language_backbone.body.model.encoder.layer.6.output.LayerNorm.bias:lr_mult=0.1
2025/06/16 11:07:19 - mmengine - INFO - paramwise_options -- language_model.language_backbone.body.model.encoder.layer.7.attention.self.query.weight:lr=1e-05
2025/06/16 11:07:19 - mmengine - INFO - paramwise_options -- language_model.language_backbone.body.model.encoder.layer.7.attention.self.query.weight:weight_decay=0.0001
2025/06/16 11:07:19 - mmengine - INFO - paramwise_options -- language_model.language_backbone.body.model.encoder.layer.7.attention.self.query.weight:lr_mult=0.1
2025/06/16 11:07:19 - mmengine - INFO - paramwise_options -- language_model.language_backbone.body.model.encoder.layer.7.attention.self.query.bias:lr=1e-05
2025/06/16 11:07:19 - mmengine - INFO - paramwise_options -- language_model.language_backbone.body.model.encoder.layer.7.attention.self.query.bias:weight_decay=0.0001
2025/06/16 11:07:19 - mmengine - INFO - paramwise_options -- language_model.language_backbone.body.model.encoder.layer.7.attention.self.query.bias:lr_mult=0.1
2025/06/16 11:07:19 - mmengine - INFO - paramwise_options -- language_model.language_backbone.body.model.encoder.layer.7.attention.self.key.weight:lr=1e-05
2025/06/16 11:07:19 - mmengine - INFO - paramwise_options -- language_model.language_backbone.body.model.encoder.layer.7.attention.self.key.weight:weight_decay=0.0001
2025/06/16 11:07:19 - mmengine - INFO - paramwise_options -- language_model.language_backbone.body.model.encoder.layer.7.attention.self.key.weight:lr_mult=0.1
2025/06/16 11:07:19 - mmengine - INFO - paramwise_options -- language_model.language_backbone.body.model.encoder.layer.7.attention.self.key.bias:lr=1e-05
2025/06/16 11:07:19 - mmengine - INFO - paramwise_options -- language_model.language_backbone.body.model.encoder.layer.7.attention.self.key.bias:weight_decay=0.0001
2025/06/16 11:07:19 - mmengine - INFO - paramwise_options -- language_model.language_backbone.body.model.encoder.layer.7.attention.self.key.bias:lr_mult=0.1
2025/06/16 11:07:19 - mmengine - INFO - paramwise_options -- language_model.language_backbone.body.model.encoder.layer.7.attention.self.value.weight:lr=1e-05
2025/06/16 11:07:19 - mmengine - INFO - paramwise_options -- language_model.language_backbone.body.model.encoder.layer.7.attention.self.value.weight:weight_decay=0.0001
2025/06/16 11:07:19 - mmengine - INFO - paramwise_options -- language_model.language_backbone.body.model.encoder.layer.7.attention.self.value.weight:lr_mult=0.1
2025/06/16 11:07:19 - mmengine - INFO - paramwise_options -- language_model.language_backbone.body.model.encoder.layer.7.attention.self.value.bias:lr=1e-05
2025/06/16 11:07:19 - mmengine - INFO - paramwise_options -- language_model.language_backbone.body.model.encoder.layer.7.attention.self.value.bias:weight_decay=0.0001
2025/06/16 11:07:19 - mmengine - INFO - paramwise_options -- language_model.language_backbone.body.model.encoder.layer.7.attention.self.value.bias:lr_mult=0.1
2025/06/16 11:07:19 - mmengine - INFO - paramwise_options -- language_model.language_backbone.body.model.encoder.layer.7.attention.output.dense.weight:lr=1e-05
2025/06/16 11:07:19 - mmengine - INFO - paramwise_options -- language_model.language_backbone.body.model.encoder.layer.7.attention.output.dense.weight:weight_decay=0.0001
2025/06/16 11:07:19 - mmengine - INFO - paramwise_options -- language_model.language_backbone.body.model.encoder.layer.7.attention.output.dense.weight:lr_mult=0.1
2025/06/16 11:07:19 - mmengine - INFO - paramwise_options -- language_model.language_backbone.body.model.encoder.layer.7.attention.output.dense.bias:lr=1e-05
2025/06/16 11:07:19 - mmengine - INFO - paramwise_options -- language_model.language_backbone.body.model.encoder.layer.7.attention.output.dense.bias:weight_decay=0.0001
2025/06/16 11:07:19 - mmengine - INFO - paramwise_options -- language_model.language_backbone.body.model.encoder.layer.7.attention.output.dense.bias:lr_mult=0.1
2025/06/16 11:07:19 - mmengine - INFO - paramwise_options -- language_model.language_backbone.body.model.encoder.layer.7.attention.output.LayerNorm.weight:lr=1e-05
2025/06/16 11:07:19 - mmengine - INFO - paramwise_options -- language_model.language_backbone.body.model.encoder.layer.7.attention.output.LayerNorm.weight:weight_decay=0.0001
2025/06/16 11:07:19 - mmengine - INFO - paramwise_options -- language_model.language_backbone.body.model.encoder.layer.7.attention.output.LayerNorm.weight:lr_mult=0.1
2025/06/16 11:07:19 - mmengine - INFO - paramwise_options -- language_model.language_backbone.body.model.encoder.layer.7.attention.output.LayerNorm.bias:lr=1e-05
2025/06/16 11:07:19 - mmengine - INFO - paramwise_options -- language_model.language_backbone.body.model.encoder.layer.7.attention.output.LayerNorm.bias:weight_decay=0.0001
2025/06/16 11:07:19 - mmengine - INFO - paramwise_options -- language_model.language_backbone.body.model.encoder.layer.7.attention.output.LayerNorm.bias:lr_mult=0.1
2025/06/16 11:07:19 - mmengine - INFO - paramwise_options -- language_model.language_backbone.body.model.encoder.layer.7.intermediate.dense.weight:lr=1e-05
2025/06/16 11:07:19 - mmengine - INFO - paramwise_options -- language_model.language_backbone.body.model.encoder.layer.7.intermediate.dense.weight:weight_decay=0.0001
2025/06/16 11:07:19 - mmengine - INFO - paramwise_options -- language_model.language_backbone.body.model.encoder.layer.7.intermediate.dense.weight:lr_mult=0.1
2025/06/16 11:07:19 - mmengine - INFO - paramwise_options -- language_model.language_backbone.body.model.encoder.layer.7.intermediate.dense.bias:lr=1e-05
2025/06/16 11:07:19 - mmengine - INFO - paramwise_options -- language_model.language_backbone.body.model.encoder.layer.7.intermediate.dense.bias:weight_decay=0.0001
2025/06/16 11:07:19 - mmengine - INFO - paramwise_options -- language_model.language_backbone.body.model.encoder.layer.7.intermediate.dense.bias:lr_mult=0.1
2025/06/16 11:07:19 - mmengine - INFO - paramwise_options -- language_model.language_backbone.body.model.encoder.layer.7.output.dense.weight:lr=1e-05
2025/06/16 11:07:19 - mmengine - INFO - paramwise_options -- language_model.language_backbone.body.model.encoder.layer.7.output.dense.weight:weight_decay=0.0001
2025/06/16 11:07:19 - mmengine - INFO - paramwise_options -- language_model.language_backbone.body.model.encoder.layer.7.output.dense.weight:lr_mult=0.1
2025/06/16 11:07:19 - mmengine - INFO - paramwise_options -- language_model.language_backbone.body.model.encoder.layer.7.output.dense.bias:lr=1e-05
2025/06/16 11:07:19 - mmengine - INFO - paramwise_options -- language_model.language_backbone.body.model.encoder.layer.7.output.dense.bias:weight_decay=0.0001
2025/06/16 11:07:19 - mmengine - INFO - paramwise_options -- language_model.language_backbone.body.model.encoder.layer.7.output.dense.bias:lr_mult=0.1
2025/06/16 11:07:19 - mmengine - INFO - paramwise_options -- language_model.language_backbone.body.model.encoder.layer.7.output.LayerNorm.weight:lr=1e-05
2025/06/16 11:07:19 - mmengine - INFO - paramwise_options -- language_model.language_backbone.body.model.encoder.layer.7.output.LayerNorm.weight:weight_decay=0.0001
2025/06/16 11:07:19 - mmengine - INFO - paramwise_options -- language_model.language_backbone.body.model.encoder.layer.7.output.LayerNorm.weight:lr_mult=0.1
2025/06/16 11:07:19 - mmengine - INFO - paramwise_options -- language_model.language_backbone.body.model.encoder.layer.7.output.LayerNorm.bias:lr=1e-05
2025/06/16 11:07:19 - mmengine - INFO - paramwise_options -- language_model.language_backbone.body.model.encoder.layer.7.output.LayerNorm.bias:weight_decay=0.0001
2025/06/16 11:07:19 - mmengine - INFO - paramwise_options -- language_model.language_backbone.body.model.encoder.layer.7.output.LayerNorm.bias:lr_mult=0.1
2025/06/16 11:07:19 - mmengine - INFO - paramwise_options -- language_model.language_backbone.body.model.encoder.layer.8.attention.self.query.weight:lr=1e-05
2025/06/16 11:07:19 - mmengine - INFO - paramwise_options -- language_model.language_backbone.body.model.encoder.layer.8.attention.self.query.weight:weight_decay=0.0001
2025/06/16 11:07:19 - mmengine - INFO - paramwise_options -- language_model.language_backbone.body.model.encoder.layer.8.attention.self.query.weight:lr_mult=0.1
2025/06/16 11:07:19 - mmengine - INFO - paramwise_options -- language_model.language_backbone.body.model.encoder.layer.8.attention.self.query.bias:lr=1e-05
2025/06/16 11:07:19 - mmengine - INFO - paramwise_options -- language_model.language_backbone.body.model.encoder.layer.8.attention.self.query.bias:weight_decay=0.0001
2025/06/16 11:07:19 - mmengine - INFO - paramwise_options -- language_model.language_backbone.body.model.encoder.layer.8.attention.self.query.bias:lr_mult=0.1
2025/06/16 11:07:19 - mmengine - INFO - paramwise_options -- language_model.language_backbone.body.model.encoder.layer.8.attention.self.key.weight:lr=1e-05
2025/06/16 11:07:19 - mmengine - INFO - paramwise_options -- language_model.language_backbone.body.model.encoder.layer.8.attention.self.key.weight:weight_decay=0.0001
2025/06/16 11:07:19 - mmengine - INFO - paramwise_options -- language_model.language_backbone.body.model.encoder.layer.8.attention.self.key.weight:lr_mult=0.1
2025/06/16 11:07:19 - mmengine - INFO - paramwise_options -- language_model.language_backbone.body.model.encoder.layer.8.attention.self.key.bias:lr=1e-05
2025/06/16 11:07:19 - mmengine - INFO - paramwise_options -- language_model.language_backbone.body.model.encoder.layer.8.attention.self.key.bias:weight_decay=0.0001
2025/06/16 11:07:19 - mmengine - INFO - paramwise_options -- language_model.language_backbone.body.model.encoder.layer.8.attention.self.key.bias:lr_mult=0.1
2025/06/16 11:07:19 - mmengine - INFO - paramwise_options -- language_model.language_backbone.body.model.encoder.layer.8.attention.self.value.weight:lr=1e-05
2025/06/16 11:07:19 - mmengine - INFO - paramwise_options -- language_model.language_backbone.body.model.encoder.layer.8.attention.self.value.weight:weight_decay=0.0001
2025/06/16 11:07:19 - mmengine - INFO - paramwise_options -- language_model.language_backbone.body.model.encoder.layer.8.attention.self.value.weight:lr_mult=0.1
2025/06/16 11:07:19 - mmengine - INFO - paramwise_options -- language_model.language_backbone.body.model.encoder.layer.8.attention.self.value.bias:lr=1e-05
2025/06/16 11:07:19 - mmengine - INFO - paramwise_options -- language_model.language_backbone.body.model.encoder.layer.8.attention.self.value.bias:weight_decay=0.0001
2025/06/16 11:07:19 - mmengine - INFO - paramwise_options -- language_model.language_backbone.body.model.encoder.layer.8.attention.self.value.bias:lr_mult=0.1
2025/06/16 11:07:19 - mmengine - INFO - paramwise_options -- language_model.language_backbone.body.model.encoder.layer.8.attention.output.dense.weight:lr=1e-05
2025/06/16 11:07:19 - mmengine - INFO - paramwise_options -- language_model.language_backbone.body.model.encoder.layer.8.attention.output.dense.weight:weight_decay=0.0001
2025/06/16 11:07:19 - mmengine - INFO - paramwise_options -- language_model.language_backbone.body.model.encoder.layer.8.attention.output.dense.weight:lr_mult=0.1
2025/06/16 11:07:19 - mmengine - INFO - paramwise_options -- language_model.language_backbone.body.model.encoder.layer.8.attention.output.dense.bias:lr=1e-05
2025/06/16 11:07:19 - mmengine - INFO - paramwise_options -- language_model.language_backbone.body.model.encoder.layer.8.attention.output.dense.bias:weight_decay=0.0001
2025/06/16 11:07:19 - mmengine - INFO - paramwise_options -- language_model.language_backbone.body.model.encoder.layer.8.attention.output.dense.bias:lr_mult=0.1
2025/06/16 11:07:19 - mmengine - INFO - paramwise_options -- language_model.language_backbone.body.model.encoder.layer.8.attention.output.LayerNorm.weight:lr=1e-05
2025/06/16 11:07:19 - mmengine - INFO - paramwise_options -- language_model.language_backbone.body.model.encoder.layer.8.attention.output.LayerNorm.weight:weight_decay=0.0001
2025/06/16 11:07:19 - mmengine - INFO - paramwise_options -- language_model.language_backbone.body.model.encoder.layer.8.attention.output.LayerNorm.weight:lr_mult=0.1
2025/06/16 11:07:19 - mmengine - INFO - paramwise_options -- language_model.language_backbone.body.model.encoder.layer.8.attention.output.LayerNorm.bias:lr=1e-05
2025/06/16 11:07:19 - mmengine - INFO - paramwise_options -- language_model.language_backbone.body.model.encoder.layer.8.attention.output.LayerNorm.bias:weight_decay=0.0001
2025/06/16 11:07:19 - mmengine - INFO - paramwise_options -- language_model.language_backbone.body.model.encoder.layer.8.attention.output.LayerNorm.bias:lr_mult=0.1
2025/06/16 11:07:19 - mmengine - INFO - paramwise_options -- language_model.language_backbone.body.model.encoder.layer.8.intermediate.dense.weight:lr=1e-05
2025/06/16 11:07:19 - mmengine - INFO - paramwise_options -- language_model.language_backbone.body.model.encoder.layer.8.intermediate.dense.weight:weight_decay=0.0001
2025/06/16 11:07:19 - mmengine - INFO - paramwise_options -- language_model.language_backbone.body.model.encoder.layer.8.intermediate.dense.weight:lr_mult=0.1
2025/06/16 11:07:19 - mmengine - INFO - paramwise_options -- language_model.language_backbone.body.model.encoder.layer.8.intermediate.dense.bias:lr=1e-05
2025/06/16 11:07:19 - mmengine - INFO - paramwise_options -- language_model.language_backbone.body.model.encoder.layer.8.intermediate.dense.bias:weight_decay=0.0001
2025/06/16 11:07:19 - mmengine - INFO - paramwise_options -- language_model.language_backbone.body.model.encoder.layer.8.intermediate.dense.bias:lr_mult=0.1
2025/06/16 11:07:19 - mmengine - INFO - paramwise_options -- language_model.language_backbone.body.model.encoder.layer.8.output.dense.weight:lr=1e-05
2025/06/16 11:07:19 - mmengine - INFO - paramwise_options -- language_model.language_backbone.body.model.encoder.layer.8.output.dense.weight:weight_decay=0.0001
2025/06/16 11:07:19 - mmengine - INFO - paramwise_options -- language_model.language_backbone.body.model.encoder.layer.8.output.dense.weight:lr_mult=0.1
2025/06/16 11:07:19 - mmengine - INFO - paramwise_options -- language_model.language_backbone.body.model.encoder.layer.8.output.dense.bias:lr=1e-05
2025/06/16 11:07:19 - mmengine - INFO - paramwise_options -- language_model.language_backbone.body.model.encoder.layer.8.output.dense.bias:weight_decay=0.0001
2025/06/16 11:07:19 - mmengine - INFO - paramwise_options -- language_model.language_backbone.body.model.encoder.layer.8.output.dense.bias:lr_mult=0.1
2025/06/16 11:07:19 - mmengine - INFO - paramwise_options -- language_model.language_backbone.body.model.encoder.layer.8.output.LayerNorm.weight:lr=1e-05
2025/06/16 11:07:19 - mmengine - INFO - paramwise_options -- language_model.language_backbone.body.model.encoder.layer.8.output.LayerNorm.weight:weight_decay=0.0001
2025/06/16 11:07:19 - mmengine - INFO - paramwise_options -- language_model.language_backbone.body.model.encoder.layer.8.output.LayerNorm.weight:lr_mult=0.1
2025/06/16 11:07:19 - mmengine - INFO - paramwise_options -- language_model.language_backbone.body.model.encoder.layer.8.output.LayerNorm.bias:lr=1e-05
2025/06/16 11:07:19 - mmengine - INFO - paramwise_options -- language_model.language_backbone.body.model.encoder.layer.8.output.LayerNorm.bias:weight_decay=0.0001
2025/06/16 11:07:19 - mmengine - INFO - paramwise_options -- language_model.language_backbone.body.model.encoder.layer.8.output.LayerNorm.bias:lr_mult=0.1
2025/06/16 11:07:19 - mmengine - INFO - paramwise_options -- language_model.language_backbone.body.model.encoder.layer.9.attention.self.query.weight:lr=1e-05
2025/06/16 11:07:19 - mmengine - INFO - paramwise_options -- language_model.language_backbone.body.model.encoder.layer.9.attention.self.query.weight:weight_decay=0.0001
2025/06/16 11:07:19 - mmengine - INFO - paramwise_options -- language_model.language_backbone.body.model.encoder.layer.9.attention.self.query.weight:lr_mult=0.1
2025/06/16 11:07:19 - mmengine - INFO - paramwise_options -- language_model.language_backbone.body.model.encoder.layer.9.attention.self.query.bias:lr=1e-05
2025/06/16 11:07:19 - mmengine - INFO - paramwise_options -- language_model.language_backbone.body.model.encoder.layer.9.attention.self.query.bias:weight_decay=0.0001
2025/06/16 11:07:19 - mmengine - INFO - paramwise_options -- language_model.language_backbone.body.model.encoder.layer.9.attention.self.query.bias:lr_mult=0.1
2025/06/16 11:07:19 - mmengine - INFO - paramwise_options -- language_model.language_backbone.body.model.encoder.layer.9.attention.self.key.weight:lr=1e-05
2025/06/16 11:07:19 - mmengine - INFO - paramwise_options -- language_model.language_backbone.body.model.encoder.layer.9.attention.self.key.weight:weight_decay=0.0001
2025/06/16 11:07:19 - mmengine - INFO - paramwise_options -- language_model.language_backbone.body.model.encoder.layer.9.attention.self.key.weight:lr_mult=0.1
2025/06/16 11:07:19 - mmengine - INFO - paramwise_options -- language_model.language_backbone.body.model.encoder.layer.9.attention.self.key.bias:lr=1e-05
2025/06/16 11:07:19 - mmengine - INFO - paramwise_options -- language_model.language_backbone.body.model.encoder.layer.9.attention.self.key.bias:weight_decay=0.0001
2025/06/16 11:07:19 - mmengine - INFO - paramwise_options -- language_model.language_backbone.body.model.encoder.layer.9.attention.self.key.bias:lr_mult=0.1
2025/06/16 11:07:19 - mmengine - INFO - paramwise_options -- language_model.language_backbone.body.model.encoder.layer.9.attention.self.value.weight:lr=1e-05
2025/06/16 11:07:19 - mmengine - INFO - paramwise_options -- language_model.language_backbone.body.model.encoder.layer.9.attention.self.value.weight:weight_decay=0.0001
2025/06/16 11:07:19 - mmengine - INFO - paramwise_options -- language_model.language_backbone.body.model.encoder.layer.9.attention.self.value.weight:lr_mult=0.1
2025/06/16 11:07:19 - mmengine - INFO - paramwise_options -- language_model.language_backbone.body.model.encoder.layer.9.attention.self.value.bias:lr=1e-05
2025/06/16 11:07:19 - mmengine - INFO - paramwise_options -- language_model.language_backbone.body.model.encoder.layer.9.attention.self.value.bias:weight_decay=0.0001
2025/06/16 11:07:19 - mmengine - INFO - paramwise_options -- language_model.language_backbone.body.model.encoder.layer.9.attention.self.value.bias:lr_mult=0.1
2025/06/16 11:07:19 - mmengine - INFO - paramwise_options -- language_model.language_backbone.body.model.encoder.layer.9.attention.output.dense.weight:lr=1e-05
2025/06/16 11:07:19 - mmengine - INFO - paramwise_options -- language_model.language_backbone.body.model.encoder.layer.9.attention.output.dense.weight:weight_decay=0.0001
2025/06/16 11:07:19 - mmengine - INFO - paramwise_options -- language_model.language_backbone.body.model.encoder.layer.9.attention.output.dense.weight:lr_mult=0.1
2025/06/16 11:07:19 - mmengine - INFO - paramwise_options -- language_model.language_backbone.body.model.encoder.layer.9.attention.output.dense.bias:lr=1e-05
2025/06/16 11:07:19 - mmengine - INFO - paramwise_options -- language_model.language_backbone.body.model.encoder.layer.9.attention.output.dense.bias:weight_decay=0.0001
2025/06/16 11:07:19 - mmengine - INFO - paramwise_options -- language_model.language_backbone.body.model.encoder.layer.9.attention.output.dense.bias:lr_mult=0.1
2025/06/16 11:07:19 - mmengine - INFO - paramwise_options -- language_model.language_backbone.body.model.encoder.layer.9.attention.output.LayerNorm.weight:lr=1e-05
2025/06/16 11:07:19 - mmengine - INFO - paramwise_options -- language_model.language_backbone.body.model.encoder.layer.9.attention.output.LayerNorm.weight:weight_decay=0.0001
2025/06/16 11:07:19 - mmengine - INFO - paramwise_options -- language_model.language_backbone.body.model.encoder.layer.9.attention.output.LayerNorm.weight:lr_mult=0.1
2025/06/16 11:07:19 - mmengine - INFO - paramwise_options -- language_model.language_backbone.body.model.encoder.layer.9.attention.output.LayerNorm.bias:lr=1e-05
2025/06/16 11:07:19 - mmengine - INFO - paramwise_options -- language_model.language_backbone.body.model.encoder.layer.9.attention.output.LayerNorm.bias:weight_decay=0.0001
2025/06/16 11:07:19 - mmengine - INFO - paramwise_options -- language_model.language_backbone.body.model.encoder.layer.9.attention.output.LayerNorm.bias:lr_mult=0.1
2025/06/16 11:07:19 - mmengine - INFO - paramwise_options -- language_model.language_backbone.body.model.encoder.layer.9.intermediate.dense.weight:lr=1e-05
2025/06/16 11:07:19 - mmengine - INFO - paramwise_options -- language_model.language_backbone.body.model.encoder.layer.9.intermediate.dense.weight:weight_decay=0.0001
2025/06/16 11:07:19 - mmengine - INFO - paramwise_options -- language_model.language_backbone.body.model.encoder.layer.9.intermediate.dense.weight:lr_mult=0.1
2025/06/16 11:07:19 - mmengine - INFO - paramwise_options -- language_model.language_backbone.body.model.encoder.layer.9.intermediate.dense.bias:lr=1e-05
2025/06/16 11:07:19 - mmengine - INFO - paramwise_options -- language_model.language_backbone.body.model.encoder.layer.9.intermediate.dense.bias:weight_decay=0.0001
2025/06/16 11:07:19 - mmengine - INFO - paramwise_options -- language_model.language_backbone.body.model.encoder.layer.9.intermediate.dense.bias:lr_mult=0.1
2025/06/16 11:07:19 - mmengine - INFO - paramwise_options -- language_model.language_backbone.body.model.encoder.layer.9.output.dense.weight:lr=1e-05
2025/06/16 11:07:19 - mmengine - INFO - paramwise_options -- language_model.language_backbone.body.model.encoder.layer.9.output.dense.weight:weight_decay=0.0001
2025/06/16 11:07:19 - mmengine - INFO - paramwise_options -- language_model.language_backbone.body.model.encoder.layer.9.output.dense.weight:lr_mult=0.1
2025/06/16 11:07:19 - mmengine - INFO - paramwise_options -- language_model.language_backbone.body.model.encoder.layer.9.output.dense.bias:lr=1e-05
2025/06/16 11:07:19 - mmengine - INFO - paramwise_options -- language_model.language_backbone.body.model.encoder.layer.9.output.dense.bias:weight_decay=0.0001
2025/06/16 11:07:19 - mmengine - INFO - paramwise_options -- language_model.language_backbone.body.model.encoder.layer.9.output.dense.bias:lr_mult=0.1
2025/06/16 11:07:19 - mmengine - INFO - paramwise_options -- language_model.language_backbone.body.model.encoder.layer.9.output.LayerNorm.weight:lr=1e-05
2025/06/16 11:07:19 - mmengine - INFO - paramwise_options -- language_model.language_backbone.body.model.encoder.layer.9.output.LayerNorm.weight:weight_decay=0.0001
2025/06/16 11:07:19 - mmengine - INFO - paramwise_options -- language_model.language_backbone.body.model.encoder.layer.9.output.LayerNorm.weight:lr_mult=0.1
2025/06/16 11:07:19 - mmengine - INFO - paramwise_options -- language_model.language_backbone.body.model.encoder.layer.9.output.LayerNorm.bias:lr=1e-05
2025/06/16 11:07:19 - mmengine - INFO - paramwise_options -- language_model.language_backbone.body.model.encoder.layer.9.output.LayerNorm.bias:weight_decay=0.0001
2025/06/16 11:07:19 - mmengine - INFO - paramwise_options -- language_model.language_backbone.body.model.encoder.layer.9.output.LayerNorm.bias:lr_mult=0.1
2025/06/16 11:07:19 - mmengine - INFO - paramwise_options -- language_model.language_backbone.body.model.encoder.layer.10.attention.self.query.weight:lr=1e-05
2025/06/16 11:07:19 - mmengine - INFO - paramwise_options -- language_model.language_backbone.body.model.encoder.layer.10.attention.self.query.weight:weight_decay=0.0001
2025/06/16 11:07:19 - mmengine - INFO - paramwise_options -- language_model.language_backbone.body.model.encoder.layer.10.attention.self.query.weight:lr_mult=0.1
2025/06/16 11:07:19 - mmengine - INFO - paramwise_options -- language_model.language_backbone.body.model.encoder.layer.10.attention.self.query.bias:lr=1e-05
2025/06/16 11:07:19 - mmengine - INFO - paramwise_options -- language_model.language_backbone.body.model.encoder.layer.10.attention.self.query.bias:weight_decay=0.0001
2025/06/16 11:07:19 - mmengine - INFO - paramwise_options -- language_model.language_backbone.body.model.encoder.layer.10.attention.self.query.bias:lr_mult=0.1
2025/06/16 11:07:19 - mmengine - INFO - paramwise_options -- language_model.language_backbone.body.model.encoder.layer.10.attention.self.key.weight:lr=1e-05
2025/06/16 11:07:19 - mmengine - INFO - paramwise_options -- language_model.language_backbone.body.model.encoder.layer.10.attention.self.key.weight:weight_decay=0.0001
2025/06/16 11:07:19 - mmengine - INFO - paramwise_options -- language_model.language_backbone.body.model.encoder.layer.10.attention.self.key.weight:lr_mult=0.1
2025/06/16 11:07:19 - mmengine - INFO - paramwise_options -- language_model.language_backbone.body.model.encoder.layer.10.attention.self.key.bias:lr=1e-05
2025/06/16 11:07:19 - mmengine - INFO - paramwise_options -- language_model.language_backbone.body.model.encoder.layer.10.attention.self.key.bias:weight_decay=0.0001
2025/06/16 11:07:19 - mmengine - INFO - paramwise_options -- language_model.language_backbone.body.model.encoder.layer.10.attention.self.key.bias:lr_mult=0.1
2025/06/16 11:07:19 - mmengine - INFO - paramwise_options -- language_model.language_backbone.body.model.encoder.layer.10.attention.self.value.weight:lr=1e-05
2025/06/16 11:07:19 - mmengine - INFO - paramwise_options -- language_model.language_backbone.body.model.encoder.layer.10.attention.self.value.weight:weight_decay=0.0001
2025/06/16 11:07:19 - mmengine - INFO - paramwise_options -- language_model.language_backbone.body.model.encoder.layer.10.attention.self.value.weight:lr_mult=0.1
2025/06/16 11:07:19 - mmengine - INFO - paramwise_options -- language_model.language_backbone.body.model.encoder.layer.10.attention.self.value.bias:lr=1e-05
2025/06/16 11:07:19 - mmengine - INFO - paramwise_options -- language_model.language_backbone.body.model.encoder.layer.10.attention.self.value.bias:weight_decay=0.0001
2025/06/16 11:07:19 - mmengine - INFO - paramwise_options -- language_model.language_backbone.body.model.encoder.layer.10.attention.self.value.bias:lr_mult=0.1
2025/06/16 11:07:19 - mmengine - INFO - paramwise_options -- language_model.language_backbone.body.model.encoder.layer.10.attention.output.dense.weight:lr=1e-05
2025/06/16 11:07:19 - mmengine - INFO - paramwise_options -- language_model.language_backbone.body.model.encoder.layer.10.attention.output.dense.weight:weight_decay=0.0001
2025/06/16 11:07:19 - mmengine - INFO - paramwise_options -- language_model.language_backbone.body.model.encoder.layer.10.attention.output.dense.weight:lr_mult=0.1
2025/06/16 11:07:19 - mmengine - INFO - paramwise_options -- language_model.language_backbone.body.model.encoder.layer.10.attention.output.dense.bias:lr=1e-05
2025/06/16 11:07:19 - mmengine - INFO - paramwise_options -- language_model.language_backbone.body.model.encoder.layer.10.attention.output.dense.bias:weight_decay=0.0001
2025/06/16 11:07:19 - mmengine - INFO - paramwise_options -- language_model.language_backbone.body.model.encoder.layer.10.attention.output.dense.bias:lr_mult=0.1
2025/06/16 11:07:19 - mmengine - INFO - paramwise_options -- language_model.language_backbone.body.model.encoder.layer.10.attention.output.LayerNorm.weight:lr=1e-05
2025/06/16 11:07:19 - mmengine - INFO - paramwise_options -- language_model.language_backbone.body.model.encoder.layer.10.attention.output.LayerNorm.weight:weight_decay=0.0001
2025/06/16 11:07:19 - mmengine - INFO - paramwise_options -- language_model.language_backbone.body.model.encoder.layer.10.attention.output.LayerNorm.weight:lr_mult=0.1
2025/06/16 11:07:19 - mmengine - INFO - paramwise_options -- language_model.language_backbone.body.model.encoder.layer.10.attention.output.LayerNorm.bias:lr=1e-05
2025/06/16 11:07:19 - mmengine - INFO - paramwise_options -- language_model.language_backbone.body.model.encoder.layer.10.attention.output.LayerNorm.bias:weight_decay=0.0001
2025/06/16 11:07:19 - mmengine - INFO - paramwise_options -- language_model.language_backbone.body.model.encoder.layer.10.attention.output.LayerNorm.bias:lr_mult=0.1
2025/06/16 11:07:19 - mmengine - INFO - paramwise_options -- language_model.language_backbone.body.model.encoder.layer.10.intermediate.dense.weight:lr=1e-05
2025/06/16 11:07:19 - mmengine - INFO - paramwise_options -- language_model.language_backbone.body.model.encoder.layer.10.intermediate.dense.weight:weight_decay=0.0001
2025/06/16 11:07:19 - mmengine - INFO - paramwise_options -- language_model.language_backbone.body.model.encoder.layer.10.intermediate.dense.weight:lr_mult=0.1
2025/06/16 11:07:19 - mmengine - INFO - paramwise_options -- language_model.language_backbone.body.model.encoder.layer.10.intermediate.dense.bias:lr=1e-05
2025/06/16 11:07:19 - mmengine - INFO - paramwise_options -- language_model.language_backbone.body.model.encoder.layer.10.intermediate.dense.bias:weight_decay=0.0001
2025/06/16 11:07:19 - mmengine - INFO - paramwise_options -- language_model.language_backbone.body.model.encoder.layer.10.intermediate.dense.bias:lr_mult=0.1
2025/06/16 11:07:19 - mmengine - INFO - paramwise_options -- language_model.language_backbone.body.model.encoder.layer.10.output.dense.weight:lr=1e-05
2025/06/16 11:07:19 - mmengine - INFO - paramwise_options -- language_model.language_backbone.body.model.encoder.layer.10.output.dense.weight:weight_decay=0.0001
2025/06/16 11:07:19 - mmengine - INFO - paramwise_options -- language_model.language_backbone.body.model.encoder.layer.10.output.dense.weight:lr_mult=0.1
2025/06/16 11:07:19 - mmengine - INFO - paramwise_options -- language_model.language_backbone.body.model.encoder.layer.10.output.dense.bias:lr=1e-05
2025/06/16 11:07:19 - mmengine - INFO - paramwise_options -- language_model.language_backbone.body.model.encoder.layer.10.output.dense.bias:weight_decay=0.0001
2025/06/16 11:07:19 - mmengine - INFO - paramwise_options -- language_model.language_backbone.body.model.encoder.layer.10.output.dense.bias:lr_mult=0.1
2025/06/16 11:07:19 - mmengine - INFO - paramwise_options -- language_model.language_backbone.body.model.encoder.layer.10.output.LayerNorm.weight:lr=1e-05
2025/06/16 11:07:19 - mmengine - INFO - paramwise_options -- language_model.language_backbone.body.model.encoder.layer.10.output.LayerNorm.weight:weight_decay=0.0001
2025/06/16 11:07:19 - mmengine - INFO - paramwise_options -- language_model.language_backbone.body.model.encoder.layer.10.output.LayerNorm.weight:lr_mult=0.1
2025/06/16 11:07:19 - mmengine - INFO - paramwise_options -- language_model.language_backbone.body.model.encoder.layer.10.output.LayerNorm.bias:lr=1e-05
2025/06/16 11:07:19 - mmengine - INFO - paramwise_options -- language_model.language_backbone.body.model.encoder.layer.10.output.LayerNorm.bias:weight_decay=0.0001
2025/06/16 11:07:19 - mmengine - INFO - paramwise_options -- language_model.language_backbone.body.model.encoder.layer.10.output.LayerNorm.bias:lr_mult=0.1
2025/06/16 11:07:19 - mmengine - INFO - paramwise_options -- language_model.language_backbone.body.model.encoder.layer.11.attention.self.query.weight:lr=1e-05
2025/06/16 11:07:19 - mmengine - INFO - paramwise_options -- language_model.language_backbone.body.model.encoder.layer.11.attention.self.query.weight:weight_decay=0.0001
2025/06/16 11:07:19 - mmengine - INFO - paramwise_options -- language_model.language_backbone.body.model.encoder.layer.11.attention.self.query.weight:lr_mult=0.1
2025/06/16 11:07:19 - mmengine - INFO - paramwise_options -- language_model.language_backbone.body.model.encoder.layer.11.attention.self.query.bias:lr=1e-05
2025/06/16 11:07:19 - mmengine - INFO - paramwise_options -- language_model.language_backbone.body.model.encoder.layer.11.attention.self.query.bias:weight_decay=0.0001
2025/06/16 11:07:19 - mmengine - INFO - paramwise_options -- language_model.language_backbone.body.model.encoder.layer.11.attention.self.query.bias:lr_mult=0.1
2025/06/16 11:07:19 - mmengine - INFO - paramwise_options -- language_model.language_backbone.body.model.encoder.layer.11.attention.self.key.weight:lr=1e-05
2025/06/16 11:07:19 - mmengine - INFO - paramwise_options -- language_model.language_backbone.body.model.encoder.layer.11.attention.self.key.weight:weight_decay=0.0001
2025/06/16 11:07:19 - mmengine - INFO - paramwise_options -- language_model.language_backbone.body.model.encoder.layer.11.attention.self.key.weight:lr_mult=0.1
2025/06/16 11:07:19 - mmengine - INFO - paramwise_options -- language_model.language_backbone.body.model.encoder.layer.11.attention.self.key.bias:lr=1e-05
2025/06/16 11:07:19 - mmengine - INFO - paramwise_options -- language_model.language_backbone.body.model.encoder.layer.11.attention.self.key.bias:weight_decay=0.0001
2025/06/16 11:07:19 - mmengine - INFO - paramwise_options -- language_model.language_backbone.body.model.encoder.layer.11.attention.self.key.bias:lr_mult=0.1
2025/06/16 11:07:19 - mmengine - INFO - paramwise_options -- language_model.language_backbone.body.model.encoder.layer.11.attention.self.value.weight:lr=1e-05
2025/06/16 11:07:19 - mmengine - INFO - paramwise_options -- language_model.language_backbone.body.model.encoder.layer.11.attention.self.value.weight:weight_decay=0.0001
2025/06/16 11:07:19 - mmengine - INFO - paramwise_options -- language_model.language_backbone.body.model.encoder.layer.11.attention.self.value.weight:lr_mult=0.1
2025/06/16 11:07:19 - mmengine - INFO - paramwise_options -- language_model.language_backbone.body.model.encoder.layer.11.attention.self.value.bias:lr=1e-05
2025/06/16 11:07:19 - mmengine - INFO - paramwise_options -- language_model.language_backbone.body.model.encoder.layer.11.attention.self.value.bias:weight_decay=0.0001
2025/06/16 11:07:19 - mmengine - INFO - paramwise_options -- language_model.language_backbone.body.model.encoder.layer.11.attention.self.value.bias:lr_mult=0.1
2025/06/16 11:07:19 - mmengine - INFO - paramwise_options -- language_model.language_backbone.body.model.encoder.layer.11.attention.output.dense.weight:lr=1e-05
2025/06/16 11:07:19 - mmengine - INFO - paramwise_options -- language_model.language_backbone.body.model.encoder.layer.11.attention.output.dense.weight:weight_decay=0.0001
2025/06/16 11:07:19 - mmengine - INFO - paramwise_options -- language_model.language_backbone.body.model.encoder.layer.11.attention.output.dense.weight:lr_mult=0.1
2025/06/16 11:07:19 - mmengine - INFO - paramwise_options -- language_model.language_backbone.body.model.encoder.layer.11.attention.output.dense.bias:lr=1e-05
2025/06/16 11:07:19 - mmengine - INFO - paramwise_options -- language_model.language_backbone.body.model.encoder.layer.11.attention.output.dense.bias:weight_decay=0.0001
2025/06/16 11:07:19 - mmengine - INFO - paramwise_options -- language_model.language_backbone.body.model.encoder.layer.11.attention.output.dense.bias:lr_mult=0.1
2025/06/16 11:07:19 - mmengine - INFO - paramwise_options -- language_model.language_backbone.body.model.encoder.layer.11.attention.output.LayerNorm.weight:lr=1e-05
2025/06/16 11:07:19 - mmengine - INFO - paramwise_options -- language_model.language_backbone.body.model.encoder.layer.11.attention.output.LayerNorm.weight:weight_decay=0.0001
2025/06/16 11:07:19 - mmengine - INFO - paramwise_options -- language_model.language_backbone.body.model.encoder.layer.11.attention.output.LayerNorm.weight:lr_mult=0.1
2025/06/16 11:07:19 - mmengine - INFO - paramwise_options -- language_model.language_backbone.body.model.encoder.layer.11.attention.output.LayerNorm.bias:lr=1e-05
2025/06/16 11:07:19 - mmengine - INFO - paramwise_options -- language_model.language_backbone.body.model.encoder.layer.11.attention.output.LayerNorm.bias:weight_decay=0.0001
2025/06/16 11:07:19 - mmengine - INFO - paramwise_options -- language_model.language_backbone.body.model.encoder.layer.11.attention.output.LayerNorm.bias:lr_mult=0.1
2025/06/16 11:07:19 - mmengine - INFO - paramwise_options -- language_model.language_backbone.body.model.encoder.layer.11.intermediate.dense.weight:lr=1e-05
2025/06/16 11:07:19 - mmengine - INFO - paramwise_options -- language_model.language_backbone.body.model.encoder.layer.11.intermediate.dense.weight:weight_decay=0.0001
2025/06/16 11:07:19 - mmengine - INFO - paramwise_options -- language_model.language_backbone.body.model.encoder.layer.11.intermediate.dense.weight:lr_mult=0.1
2025/06/16 11:07:19 - mmengine - INFO - paramwise_options -- language_model.language_backbone.body.model.encoder.layer.11.intermediate.dense.bias:lr=1e-05
2025/06/16 11:07:19 - mmengine - INFO - paramwise_options -- language_model.language_backbone.body.model.encoder.layer.11.intermediate.dense.bias:weight_decay=0.0001
2025/06/16 11:07:19 - mmengine - INFO - paramwise_options -- language_model.language_backbone.body.model.encoder.layer.11.intermediate.dense.bias:lr_mult=0.1
2025/06/16 11:07:19 - mmengine - INFO - paramwise_options -- language_model.language_backbone.body.model.encoder.layer.11.output.dense.weight:lr=1e-05
2025/06/16 11:07:19 - mmengine - INFO - paramwise_options -- language_model.language_backbone.body.model.encoder.layer.11.output.dense.weight:weight_decay=0.0001
2025/06/16 11:07:19 - mmengine - INFO - paramwise_options -- language_model.language_backbone.body.model.encoder.layer.11.output.dense.weight:lr_mult=0.1
2025/06/16 11:07:19 - mmengine - INFO - paramwise_options -- language_model.language_backbone.body.model.encoder.layer.11.output.dense.bias:lr=1e-05
2025/06/16 11:07:19 - mmengine - INFO - paramwise_options -- language_model.language_backbone.body.model.encoder.layer.11.output.dense.bias:weight_decay=0.0001
2025/06/16 11:07:19 - mmengine - INFO - paramwise_options -- language_model.language_backbone.body.model.encoder.layer.11.output.dense.bias:lr_mult=0.1
2025/06/16 11:07:19 - mmengine - INFO - paramwise_options -- language_model.language_backbone.body.model.encoder.layer.11.output.LayerNorm.weight:lr=1e-05
2025/06/16 11:07:19 - mmengine - INFO - paramwise_options -- language_model.language_backbone.body.model.encoder.layer.11.output.LayerNorm.weight:weight_decay=0.0001
2025/06/16 11:07:19 - mmengine - INFO - paramwise_options -- language_model.language_backbone.body.model.encoder.layer.11.output.LayerNorm.weight:lr_mult=0.1
2025/06/16 11:07:19 - mmengine - INFO - paramwise_options -- language_model.language_backbone.body.model.encoder.layer.11.output.LayerNorm.bias:lr=1e-05
2025/06/16 11:07:19 - mmengine - INFO - paramwise_options -- language_model.language_backbone.body.model.encoder.layer.11.output.LayerNorm.bias:weight_decay=0.0001
2025/06/16 11:07:19 - mmengine - INFO - paramwise_options -- language_model.language_backbone.body.model.encoder.layer.11.output.LayerNorm.bias:lr_mult=0.1
2025/06/16 11:07:19 - mmengine - WARNING - lmm.model.embed_tokens.weight is skipped since its requires_grad=False
2025/06/16 11:07:19 - mmengine - WARNING - lmm.model.layers.0.self_attn.q_proj.ori_model.weight is skipped since its requires_grad=False
2025/06/16 11:07:19 - mmengine - WARNING - lmm.model.layers.0.self_attn.q_proj.ori_model.bias is skipped since its requires_grad=False
2025/06/16 11:07:19 - mmengine - WARNING - lmm.model.layers.0.self_attn.k_proj.ori_model.weight is skipped since its requires_grad=False
2025/06/16 11:07:19 - mmengine - WARNING - lmm.model.layers.0.self_attn.k_proj.ori_model.bias is skipped since its requires_grad=False
2025/06/16 11:07:19 - mmengine - WARNING - lmm.model.layers.0.self_attn.v_proj.ori_model.weight is skipped since its requires_grad=False
2025/06/16 11:07:19 - mmengine - WARNING - lmm.model.layers.0.self_attn.v_proj.ori_model.bias is skipped since its requires_grad=False
2025/06/16 11:07:19 - mmengine - WARNING - lmm.model.layers.0.self_attn.o_proj.ori_model.weight is skipped since its requires_grad=False
2025/06/16 11:07:19 - mmengine - WARNING - lmm.model.layers.0.mlp.gate_proj.ori_model.weight is skipped since its requires_grad=False
2025/06/16 11:07:19 - mmengine - WARNING - lmm.model.layers.0.mlp.up_proj.ori_model.weight is skipped since its requires_grad=False
2025/06/16 11:07:19 - mmengine - WARNING - lmm.model.layers.0.mlp.down_proj.ori_model.weight is skipped since its requires_grad=False
2025/06/16 11:07:19 - mmengine - WARNING - lmm.model.layers.0.input_layernorm.weight is skipped since its requires_grad=False
2025/06/16 11:07:19 - mmengine - WARNING - lmm.model.layers.0.post_attention_layernorm.weight is skipped since its requires_grad=False
2025/06/16 11:07:19 - mmengine - WARNING - lmm.model.layers.1.self_attn.q_proj.ori_model.weight is skipped since its requires_grad=False
2025/06/16 11:07:19 - mmengine - WARNING - lmm.model.layers.1.self_attn.q_proj.ori_model.bias is skipped since its requires_grad=False
2025/06/16 11:07:19 - mmengine - WARNING - lmm.model.layers.1.self_attn.k_proj.ori_model.weight is skipped since its requires_grad=False
2025/06/16 11:07:19 - mmengine - WARNING - lmm.model.layers.1.self_attn.k_proj.ori_model.bias is skipped since its requires_grad=False
2025/06/16 11:07:19 - mmengine - WARNING - lmm.model.layers.1.self_attn.v_proj.ori_model.weight is skipped since its requires_grad=False
2025/06/16 11:07:19 - mmengine - WARNING - lmm.model.layers.1.self_attn.v_proj.ori_model.bias is skipped since its requires_grad=False
2025/06/16 11:07:19 - mmengine - WARNING - lmm.model.layers.1.self_attn.o_proj.ori_model.weight is skipped since its requires_grad=False
2025/06/16 11:07:19 - mmengine - WARNING - lmm.model.layers.1.mlp.gate_proj.ori_model.weight is skipped since its requires_grad=False
2025/06/16 11:07:19 - mmengine - WARNING - lmm.model.layers.1.mlp.up_proj.ori_model.weight is skipped since its requires_grad=False
2025/06/16 11:07:19 - mmengine - WARNING - lmm.model.layers.1.mlp.down_proj.ori_model.weight is skipped since its requires_grad=False
2025/06/16 11:07:19 - mmengine - WARNING - lmm.model.layers.1.input_layernorm.weight is skipped since its requires_grad=False
2025/06/16 11:07:19 - mmengine - WARNING - lmm.model.layers.1.post_attention_layernorm.weight is skipped since its requires_grad=False
2025/06/16 11:07:19 - mmengine - WARNING - lmm.model.layers.2.self_attn.q_proj.ori_model.weight is skipped since its requires_grad=False
2025/06/16 11:07:19 - mmengine - WARNING - lmm.model.layers.2.self_attn.q_proj.ori_model.bias is skipped since its requires_grad=False
2025/06/16 11:07:19 - mmengine - WARNING - lmm.model.layers.2.self_attn.k_proj.ori_model.weight is skipped since its requires_grad=False
2025/06/16 11:07:19 - mmengine - WARNING - lmm.model.layers.2.self_attn.k_proj.ori_model.bias is skipped since its requires_grad=False
2025/06/16 11:07:19 - mmengine - WARNING - lmm.model.layers.2.self_attn.v_proj.ori_model.weight is skipped since its requires_grad=False
2025/06/16 11:07:19 - mmengine - WARNING - lmm.model.layers.2.self_attn.v_proj.ori_model.bias is skipped since its requires_grad=False
2025/06/16 11:07:19 - mmengine - WARNING - lmm.model.layers.2.self_attn.o_proj.ori_model.weight is skipped since its requires_grad=False
2025/06/16 11:07:19 - mmengine - WARNING - lmm.model.layers.2.mlp.gate_proj.ori_model.weight is skipped since its requires_grad=False
2025/06/16 11:07:19 - mmengine - WARNING - lmm.model.layers.2.mlp.up_proj.ori_model.weight is skipped since its requires_grad=False
2025/06/16 11:07:19 - mmengine - WARNING - lmm.model.layers.2.mlp.down_proj.ori_model.weight is skipped since its requires_grad=False
2025/06/16 11:07:19 - mmengine - WARNING - lmm.model.layers.2.input_layernorm.weight is skipped since its requires_grad=False
2025/06/16 11:07:19 - mmengine - WARNING - lmm.model.layers.2.post_attention_layernorm.weight is skipped since its requires_grad=False
2025/06/16 11:07:19 - mmengine - WARNING - lmm.model.layers.3.self_attn.q_proj.ori_model.weight is skipped since its requires_grad=False
2025/06/16 11:07:19 - mmengine - WARNING - lmm.model.layers.3.self_attn.q_proj.ori_model.bias is skipped since its requires_grad=False
2025/06/16 11:07:19 - mmengine - WARNING - lmm.model.layers.3.self_attn.k_proj.ori_model.weight is skipped since its requires_grad=False
2025/06/16 11:07:19 - mmengine - WARNING - lmm.model.layers.3.self_attn.k_proj.ori_model.bias is skipped since its requires_grad=False
2025/06/16 11:07:19 - mmengine - WARNING - lmm.model.layers.3.self_attn.v_proj.ori_model.weight is skipped since its requires_grad=False
2025/06/16 11:07:19 - mmengine - WARNING - lmm.model.layers.3.self_attn.v_proj.ori_model.bias is skipped since its requires_grad=False
2025/06/16 11:07:19 - mmengine - WARNING - lmm.model.layers.3.self_attn.o_proj.ori_model.weight is skipped since its requires_grad=False
2025/06/16 11:07:19 - mmengine - WARNING - lmm.model.layers.3.mlp.gate_proj.ori_model.weight is skipped since its requires_grad=False
2025/06/16 11:07:19 - mmengine - WARNING - lmm.model.layers.3.mlp.up_proj.ori_model.weight is skipped since its requires_grad=False
2025/06/16 11:07:19 - mmengine - WARNING - lmm.model.layers.3.mlp.down_proj.ori_model.weight is skipped since its requires_grad=False
2025/06/16 11:07:19 - mmengine - WARNING - lmm.model.layers.3.input_layernorm.weight is skipped since its requires_grad=False
2025/06/16 11:07:19 - mmengine - WARNING - lmm.model.layers.3.post_attention_layernorm.weight is skipped since its requires_grad=False
2025/06/16 11:07:19 - mmengine - WARNING - lmm.model.layers.4.self_attn.q_proj.ori_model.weight is skipped since its requires_grad=False
2025/06/16 11:07:19 - mmengine - WARNING - lmm.model.layers.4.self_attn.q_proj.ori_model.bias is skipped since its requires_grad=False
2025/06/16 11:07:19 - mmengine - WARNING - lmm.model.layers.4.self_attn.k_proj.ori_model.weight is skipped since its requires_grad=False
2025/06/16 11:07:19 - mmengine - WARNING - lmm.model.layers.4.self_attn.k_proj.ori_model.bias is skipped since its requires_grad=False
2025/06/16 11:07:19 - mmengine - WARNING - lmm.model.layers.4.self_attn.v_proj.ori_model.weight is skipped since its requires_grad=False
2025/06/16 11:07:19 - mmengine - WARNING - lmm.model.layers.4.self_attn.v_proj.ori_model.bias is skipped since its requires_grad=False
2025/06/16 11:07:19 - mmengine - WARNING - lmm.model.layers.4.self_attn.o_proj.ori_model.weight is skipped since its requires_grad=False
2025/06/16 11:07:19 - mmengine - WARNING - lmm.model.layers.4.mlp.gate_proj.ori_model.weight is skipped since its requires_grad=False
2025/06/16 11:07:19 - mmengine - WARNING - lmm.model.layers.4.mlp.up_proj.ori_model.weight is skipped since its requires_grad=False
2025/06/16 11:07:19 - mmengine - WARNING - lmm.model.layers.4.mlp.down_proj.ori_model.weight is skipped since its requires_grad=False
2025/06/16 11:07:19 - mmengine - WARNING - lmm.model.layers.4.input_layernorm.weight is skipped since its requires_grad=False
2025/06/16 11:07:19 - mmengine - WARNING - lmm.model.layers.4.post_attention_layernorm.weight is skipped since its requires_grad=False
2025/06/16 11:07:19 - mmengine - WARNING - lmm.model.layers.5.self_attn.q_proj.ori_model.weight is skipped since its requires_grad=False
2025/06/16 11:07:19 - mmengine - WARNING - lmm.model.layers.5.self_attn.q_proj.ori_model.bias is skipped since its requires_grad=False
2025/06/16 11:07:19 - mmengine - WARNING - lmm.model.layers.5.self_attn.k_proj.ori_model.weight is skipped since its requires_grad=False
2025/06/16 11:07:19 - mmengine - WARNING - lmm.model.layers.5.self_attn.k_proj.ori_model.bias is skipped since its requires_grad=False
2025/06/16 11:07:19 - mmengine - WARNING - lmm.model.layers.5.self_attn.v_proj.ori_model.weight is skipped since its requires_grad=False
2025/06/16 11:07:19 - mmengine - WARNING - lmm.model.layers.5.self_attn.v_proj.ori_model.bias is skipped since its requires_grad=False
2025/06/16 11:07:19 - mmengine - WARNING - lmm.model.layers.5.self_attn.o_proj.ori_model.weight is skipped since its requires_grad=False
2025/06/16 11:07:19 - mmengine - WARNING - lmm.model.layers.5.mlp.gate_proj.ori_model.weight is skipped since its requires_grad=False
2025/06/16 11:07:19 - mmengine - WARNING - lmm.model.layers.5.mlp.up_proj.ori_model.weight is skipped since its requires_grad=False
2025/06/16 11:07:19 - mmengine - WARNING - lmm.model.layers.5.mlp.down_proj.ori_model.weight is skipped since its requires_grad=False
2025/06/16 11:07:19 - mmengine - WARNING - lmm.model.layers.5.input_layernorm.weight is skipped since its requires_grad=False
2025/06/16 11:07:19 - mmengine - WARNING - lmm.model.layers.5.post_attention_layernorm.weight is skipped since its requires_grad=False
2025/06/16 11:07:19 - mmengine - WARNING - lmm.model.layers.6.self_attn.q_proj.ori_model.weight is skipped since its requires_grad=False
2025/06/16 11:07:19 - mmengine - WARNING - lmm.model.layers.6.self_attn.q_proj.ori_model.bias is skipped since its requires_grad=False
2025/06/16 11:07:19 - mmengine - WARNING - lmm.model.layers.6.self_attn.k_proj.ori_model.weight is skipped since its requires_grad=False
2025/06/16 11:07:19 - mmengine - WARNING - lmm.model.layers.6.self_attn.k_proj.ori_model.bias is skipped since its requires_grad=False
2025/06/16 11:07:19 - mmengine - WARNING - lmm.model.layers.6.self_attn.v_proj.ori_model.weight is skipped since its requires_grad=False
2025/06/16 11:07:19 - mmengine - WARNING - lmm.model.layers.6.self_attn.v_proj.ori_model.bias is skipped since its requires_grad=False
2025/06/16 11:07:19 - mmengine - WARNING - lmm.model.layers.6.self_attn.o_proj.ori_model.weight is skipped since its requires_grad=False
2025/06/16 11:07:19 - mmengine - WARNING - lmm.model.layers.6.mlp.gate_proj.ori_model.weight is skipped since its requires_grad=False
2025/06/16 11:07:19 - mmengine - WARNING - lmm.model.layers.6.mlp.up_proj.ori_model.weight is skipped since its requires_grad=False
2025/06/16 11:07:19 - mmengine - WARNING - lmm.model.layers.6.mlp.down_proj.ori_model.weight is skipped since its requires_grad=False
2025/06/16 11:07:19 - mmengine - WARNING - lmm.model.layers.6.input_layernorm.weight is skipped since its requires_grad=False
2025/06/16 11:07:19 - mmengine - WARNING - lmm.model.layers.6.post_attention_layernorm.weight is skipped since its requires_grad=False
2025/06/16 11:07:19 - mmengine - WARNING - lmm.model.layers.7.self_attn.q_proj.ori_model.weight is skipped since its requires_grad=False
2025/06/16 11:07:19 - mmengine - WARNING - lmm.model.layers.7.self_attn.q_proj.ori_model.bias is skipped since its requires_grad=False
2025/06/16 11:07:19 - mmengine - WARNING - lmm.model.layers.7.self_attn.k_proj.ori_model.weight is skipped since its requires_grad=False
2025/06/16 11:07:19 - mmengine - WARNING - lmm.model.layers.7.self_attn.k_proj.ori_model.bias is skipped since its requires_grad=False
2025/06/16 11:07:19 - mmengine - WARNING - lmm.model.layers.7.self_attn.v_proj.ori_model.weight is skipped since its requires_grad=False
2025/06/16 11:07:19 - mmengine - WARNING - lmm.model.layers.7.self_attn.v_proj.ori_model.bias is skipped since its requires_grad=False
2025/06/16 11:07:19 - mmengine - WARNING - lmm.model.layers.7.self_attn.o_proj.ori_model.weight is skipped since its requires_grad=False
2025/06/16 11:07:19 - mmengine - WARNING - lmm.model.layers.7.mlp.gate_proj.ori_model.weight is skipped since its requires_grad=False
2025/06/16 11:07:19 - mmengine - WARNING - lmm.model.layers.7.mlp.up_proj.ori_model.weight is skipped since its requires_grad=False
2025/06/16 11:07:19 - mmengine - WARNING - lmm.model.layers.7.mlp.down_proj.ori_model.weight is skipped since its requires_grad=False
2025/06/16 11:07:19 - mmengine - WARNING - lmm.model.layers.7.input_layernorm.weight is skipped since its requires_grad=False
2025/06/16 11:07:19 - mmengine - WARNING - lmm.model.layers.7.post_attention_layernorm.weight is skipped since its requires_grad=False
2025/06/16 11:07:19 - mmengine - WARNING - lmm.model.layers.8.self_attn.q_proj.ori_model.weight is skipped since its requires_grad=False
2025/06/16 11:07:19 - mmengine - WARNING - lmm.model.layers.8.self_attn.q_proj.ori_model.bias is skipped since its requires_grad=False
2025/06/16 11:07:19 - mmengine - WARNING - lmm.model.layers.8.self_attn.k_proj.ori_model.weight is skipped since its requires_grad=False
2025/06/16 11:07:19 - mmengine - WARNING - lmm.model.layers.8.self_attn.k_proj.ori_model.bias is skipped since its requires_grad=False
2025/06/16 11:07:19 - mmengine - WARNING - lmm.model.layers.8.self_attn.v_proj.ori_model.weight is skipped since its requires_grad=False
2025/06/16 11:07:19 - mmengine - WARNING - lmm.model.layers.8.self_attn.v_proj.ori_model.bias is skipped since its requires_grad=False
2025/06/16 11:07:19 - mmengine - WARNING - lmm.model.layers.8.self_attn.o_proj.ori_model.weight is skipped since its requires_grad=False
2025/06/16 11:07:19 - mmengine - WARNING - lmm.model.layers.8.mlp.gate_proj.ori_model.weight is skipped since its requires_grad=False
2025/06/16 11:07:19 - mmengine - WARNING - lmm.model.layers.8.mlp.up_proj.ori_model.weight is skipped since its requires_grad=False
2025/06/16 11:07:19 - mmengine - WARNING - lmm.model.layers.8.mlp.down_proj.ori_model.weight is skipped since its requires_grad=False
2025/06/16 11:07:19 - mmengine - WARNING - lmm.model.layers.8.input_layernorm.weight is skipped since its requires_grad=False
2025/06/16 11:07:19 - mmengine - WARNING - lmm.model.layers.8.post_attention_layernorm.weight is skipped since its requires_grad=False
2025/06/16 11:07:19 - mmengine - WARNING - lmm.model.layers.9.self_attn.q_proj.ori_model.weight is skipped since its requires_grad=False
2025/06/16 11:07:19 - mmengine - WARNING - lmm.model.layers.9.self_attn.q_proj.ori_model.bias is skipped since its requires_grad=False
2025/06/16 11:07:19 - mmengine - WARNING - lmm.model.layers.9.self_attn.k_proj.ori_model.weight is skipped since its requires_grad=False
2025/06/16 11:07:19 - mmengine - WARNING - lmm.model.layers.9.self_attn.k_proj.ori_model.bias is skipped since its requires_grad=False
2025/06/16 11:07:19 - mmengine - WARNING - lmm.model.layers.9.self_attn.v_proj.ori_model.weight is skipped since its requires_grad=False
2025/06/16 11:07:19 - mmengine - WARNING - lmm.model.layers.9.self_attn.v_proj.ori_model.bias is skipped since its requires_grad=False
2025/06/16 11:07:19 - mmengine - WARNING - lmm.model.layers.9.self_attn.o_proj.ori_model.weight is skipped since its requires_grad=False
2025/06/16 11:07:19 - mmengine - WARNING - lmm.model.layers.9.mlp.gate_proj.ori_model.weight is skipped since its requires_grad=False
2025/06/16 11:07:19 - mmengine - WARNING - lmm.model.layers.9.mlp.up_proj.ori_model.weight is skipped since its requires_grad=False
2025/06/16 11:07:19 - mmengine - WARNING - lmm.model.layers.9.mlp.down_proj.ori_model.weight is skipped since its requires_grad=False
2025/06/16 11:07:19 - mmengine - WARNING - lmm.model.layers.9.input_layernorm.weight is skipped since its requires_grad=False
2025/06/16 11:07:19 - mmengine - WARNING - lmm.model.layers.9.post_attention_layernorm.weight is skipped since its requires_grad=False
2025/06/16 11:07:19 - mmengine - WARNING - lmm.model.layers.10.self_attn.q_proj.ori_model.weight is skipped since its requires_grad=False
2025/06/16 11:07:19 - mmengine - WARNING - lmm.model.layers.10.self_attn.q_proj.ori_model.bias is skipped since its requires_grad=False
2025/06/16 11:07:19 - mmengine - WARNING - lmm.model.layers.10.self_attn.k_proj.ori_model.weight is skipped since its requires_grad=False
2025/06/16 11:07:19 - mmengine - WARNING - lmm.model.layers.10.self_attn.k_proj.ori_model.bias is skipped since its requires_grad=False
2025/06/16 11:07:19 - mmengine - WARNING - lmm.model.layers.10.self_attn.v_proj.ori_model.weight is skipped since its requires_grad=False
2025/06/16 11:07:19 - mmengine - WARNING - lmm.model.layers.10.self_attn.v_proj.ori_model.bias is skipped since its requires_grad=False
2025/06/16 11:07:19 - mmengine - WARNING - lmm.model.layers.10.self_attn.o_proj.ori_model.weight is skipped since its requires_grad=False
2025/06/16 11:07:19 - mmengine - WARNING - lmm.model.layers.10.mlp.gate_proj.ori_model.weight is skipped since its requires_grad=False
2025/06/16 11:07:19 - mmengine - WARNING - lmm.model.layers.10.mlp.up_proj.ori_model.weight is skipped since its requires_grad=False
2025/06/16 11:07:19 - mmengine - WARNING - lmm.model.layers.10.mlp.down_proj.ori_model.weight is skipped since its requires_grad=False
2025/06/16 11:07:19 - mmengine - WARNING - lmm.model.layers.10.input_layernorm.weight is skipped since its requires_grad=False
2025/06/16 11:07:19 - mmengine - WARNING - lmm.model.layers.10.post_attention_layernorm.weight is skipped since its requires_grad=False
2025/06/16 11:07:19 - mmengine - WARNING - lmm.model.layers.11.self_attn.q_proj.ori_model.weight is skipped since its requires_grad=False
2025/06/16 11:07:19 - mmengine - WARNING - lmm.model.layers.11.self_attn.q_proj.ori_model.bias is skipped since its requires_grad=False
2025/06/16 11:07:19 - mmengine - WARNING - lmm.model.layers.11.self_attn.k_proj.ori_model.weight is skipped since its requires_grad=False
2025/06/16 11:07:19 - mmengine - WARNING - lmm.model.layers.11.self_attn.k_proj.ori_model.bias is skipped since its requires_grad=False
2025/06/16 11:07:19 - mmengine - WARNING - lmm.model.layers.11.self_attn.v_proj.ori_model.weight is skipped since its requires_grad=False
2025/06/16 11:07:19 - mmengine - WARNING - lmm.model.layers.11.self_attn.v_proj.ori_model.bias is skipped since its requires_grad=False
2025/06/16 11:07:19 - mmengine - WARNING - lmm.model.layers.11.self_attn.o_proj.ori_model.weight is skipped since its requires_grad=False
2025/06/16 11:07:19 - mmengine - WARNING - lmm.model.layers.11.mlp.gate_proj.ori_model.weight is skipped since its requires_grad=False
2025/06/16 11:07:19 - mmengine - WARNING - lmm.model.layers.11.mlp.up_proj.ori_model.weight is skipped since its requires_grad=False
2025/06/16 11:07:19 - mmengine - WARNING - lmm.model.layers.11.mlp.down_proj.ori_model.weight is skipped since its requires_grad=False
2025/06/16 11:07:19 - mmengine - WARNING - lmm.model.layers.11.input_layernorm.weight is skipped since its requires_grad=False
2025/06/16 11:07:19 - mmengine - WARNING - lmm.model.layers.11.post_attention_layernorm.weight is skipped since its requires_grad=False
2025/06/16 11:07:19 - mmengine - WARNING - lmm.model.layers.12.self_attn.q_proj.ori_model.weight is skipped since its requires_grad=False
2025/06/16 11:07:19 - mmengine - WARNING - lmm.model.layers.12.self_attn.q_proj.ori_model.bias is skipped since its requires_grad=False
2025/06/16 11:07:19 - mmengine - WARNING - lmm.model.layers.12.self_attn.k_proj.ori_model.weight is skipped since its requires_grad=False
2025/06/16 11:07:19 - mmengine - WARNING - lmm.model.layers.12.self_attn.k_proj.ori_model.bias is skipped since its requires_grad=False
2025/06/16 11:07:19 - mmengine - WARNING - lmm.model.layers.12.self_attn.v_proj.ori_model.weight is skipped since its requires_grad=False
2025/06/16 11:07:19 - mmengine - WARNING - lmm.model.layers.12.self_attn.v_proj.ori_model.bias is skipped since its requires_grad=False
2025/06/16 11:07:19 - mmengine - WARNING - lmm.model.layers.12.self_attn.o_proj.ori_model.weight is skipped since its requires_grad=False
2025/06/16 11:07:19 - mmengine - WARNING - lmm.model.layers.12.mlp.gate_proj.ori_model.weight is skipped since its requires_grad=False
2025/06/16 11:07:19 - mmengine - WARNING - lmm.model.layers.12.mlp.up_proj.ori_model.weight is skipped since its requires_grad=False
2025/06/16 11:07:19 - mmengine - WARNING - lmm.model.layers.12.mlp.down_proj.ori_model.weight is skipped since its requires_grad=False
2025/06/16 11:07:19 - mmengine - WARNING - lmm.model.layers.12.input_layernorm.weight is skipped since its requires_grad=False
2025/06/16 11:07:19 - mmengine - WARNING - lmm.model.layers.12.post_attention_layernorm.weight is skipped since its requires_grad=False
2025/06/16 11:07:19 - mmengine - WARNING - lmm.model.layers.13.self_attn.q_proj.ori_model.weight is skipped since its requires_grad=False
2025/06/16 11:07:19 - mmengine - WARNING - lmm.model.layers.13.self_attn.q_proj.ori_model.bias is skipped since its requires_grad=False
2025/06/16 11:07:19 - mmengine - WARNING - lmm.model.layers.13.self_attn.k_proj.ori_model.weight is skipped since its requires_grad=False
2025/06/16 11:07:19 - mmengine - WARNING - lmm.model.layers.13.self_attn.k_proj.ori_model.bias is skipped since its requires_grad=False
2025/06/16 11:07:19 - mmengine - WARNING - lmm.model.layers.13.self_attn.v_proj.ori_model.weight is skipped since its requires_grad=False
2025/06/16 11:07:19 - mmengine - WARNING - lmm.model.layers.13.self_attn.v_proj.ori_model.bias is skipped since its requires_grad=False
2025/06/16 11:07:19 - mmengine - WARNING - lmm.model.layers.13.self_attn.o_proj.ori_model.weight is skipped since its requires_grad=False
2025/06/16 11:07:19 - mmengine - WARNING - lmm.model.layers.13.mlp.gate_proj.ori_model.weight is skipped since its requires_grad=False
2025/06/16 11:07:19 - mmengine - WARNING - lmm.model.layers.13.mlp.up_proj.ori_model.weight is skipped since its requires_grad=False
2025/06/16 11:07:19 - mmengine - WARNING - lmm.model.layers.13.mlp.down_proj.ori_model.weight is skipped since its requires_grad=False
2025/06/16 11:07:19 - mmengine - WARNING - lmm.model.layers.13.input_layernorm.weight is skipped since its requires_grad=False
2025/06/16 11:07:19 - mmengine - WARNING - lmm.model.layers.13.post_attention_layernorm.weight is skipped since its requires_grad=False
2025/06/16 11:07:19 - mmengine - WARNING - lmm.model.layers.14.self_attn.q_proj.ori_model.weight is skipped since its requires_grad=False
2025/06/16 11:07:19 - mmengine - WARNING - lmm.model.layers.14.self_attn.q_proj.ori_model.bias is skipped since its requires_grad=False
2025/06/16 11:07:19 - mmengine - WARNING - lmm.model.layers.14.self_attn.k_proj.ori_model.weight is skipped since its requires_grad=False
2025/06/16 11:07:19 - mmengine - WARNING - lmm.model.layers.14.self_attn.k_proj.ori_model.bias is skipped since its requires_grad=False
2025/06/16 11:07:19 - mmengine - WARNING - lmm.model.layers.14.self_attn.v_proj.ori_model.weight is skipped since its requires_grad=False
2025/06/16 11:07:19 - mmengine - WARNING - lmm.model.layers.14.self_attn.v_proj.ori_model.bias is skipped since its requires_grad=False
2025/06/16 11:07:19 - mmengine - WARNING - lmm.model.layers.14.self_attn.o_proj.ori_model.weight is skipped since its requires_grad=False
2025/06/16 11:07:19 - mmengine - WARNING - lmm.model.layers.14.mlp.gate_proj.ori_model.weight is skipped since its requires_grad=False
2025/06/16 11:07:19 - mmengine - WARNING - lmm.model.layers.14.mlp.up_proj.ori_model.weight is skipped since its requires_grad=False
2025/06/16 11:07:19 - mmengine - WARNING - lmm.model.layers.14.mlp.down_proj.ori_model.weight is skipped since its requires_grad=False
2025/06/16 11:07:19 - mmengine - WARNING - lmm.model.layers.14.input_layernorm.weight is skipped since its requires_grad=False
2025/06/16 11:07:19 - mmengine - WARNING - lmm.model.layers.14.post_attention_layernorm.weight is skipped since its requires_grad=False
2025/06/16 11:07:19 - mmengine - WARNING - lmm.model.layers.15.self_attn.q_proj.ori_model.weight is skipped since its requires_grad=False
2025/06/16 11:07:19 - mmengine - WARNING - lmm.model.layers.15.self_attn.q_proj.ori_model.bias is skipped since its requires_grad=False
2025/06/16 11:07:19 - mmengine - WARNING - lmm.model.layers.15.self_attn.k_proj.ori_model.weight is skipped since its requires_grad=False
2025/06/16 11:07:19 - mmengine - WARNING - lmm.model.layers.15.self_attn.k_proj.ori_model.bias is skipped since its requires_grad=False
2025/06/16 11:07:19 - mmengine - WARNING - lmm.model.layers.15.self_attn.v_proj.ori_model.weight is skipped since its requires_grad=False
2025/06/16 11:07:19 - mmengine - WARNING - lmm.model.layers.15.self_attn.v_proj.ori_model.bias is skipped since its requires_grad=False
2025/06/16 11:07:19 - mmengine - WARNING - lmm.model.layers.15.self_attn.o_proj.ori_model.weight is skipped since its requires_grad=False
2025/06/16 11:07:19 - mmengine - WARNING - lmm.model.layers.15.mlp.gate_proj.ori_model.weight is skipped since its requires_grad=False
2025/06/16 11:07:19 - mmengine - WARNING - lmm.model.layers.15.mlp.up_proj.ori_model.weight is skipped since its requires_grad=False
2025/06/16 11:07:19 - mmengine - WARNING - lmm.model.layers.15.mlp.down_proj.ori_model.weight is skipped since its requires_grad=False
2025/06/16 11:07:19 - mmengine - WARNING - lmm.model.layers.15.input_layernorm.weight is skipped since its requires_grad=False
2025/06/16 11:07:19 - mmengine - WARNING - lmm.model.layers.15.post_attention_layernorm.weight is skipped since its requires_grad=False
2025/06/16 11:07:19 - mmengine - WARNING - lmm.model.layers.16.self_attn.q_proj.ori_model.weight is skipped since its requires_grad=False
2025/06/16 11:07:19 - mmengine - WARNING - lmm.model.layers.16.self_attn.q_proj.ori_model.bias is skipped since its requires_grad=False
2025/06/16 11:07:19 - mmengine - WARNING - lmm.model.layers.16.self_attn.k_proj.ori_model.weight is skipped since its requires_grad=False
2025/06/16 11:07:19 - mmengine - WARNING - lmm.model.layers.16.self_attn.k_proj.ori_model.bias is skipped since its requires_grad=False
2025/06/16 11:07:19 - mmengine - WARNING - lmm.model.layers.16.self_attn.v_proj.ori_model.weight is skipped since its requires_grad=False
2025/06/16 11:07:19 - mmengine - WARNING - lmm.model.layers.16.self_attn.v_proj.ori_model.bias is skipped since its requires_grad=False
2025/06/16 11:07:19 - mmengine - WARNING - lmm.model.layers.16.self_attn.o_proj.ori_model.weight is skipped since its requires_grad=False
2025/06/16 11:07:19 - mmengine - WARNING - lmm.model.layers.16.mlp.gate_proj.ori_model.weight is skipped since its requires_grad=False
2025/06/16 11:07:19 - mmengine - WARNING - lmm.model.layers.16.mlp.up_proj.ori_model.weight is skipped since its requires_grad=False
2025/06/16 11:07:19 - mmengine - WARNING - lmm.model.layers.16.mlp.down_proj.ori_model.weight is skipped since its requires_grad=False
2025/06/16 11:07:19 - mmengine - WARNING - lmm.model.layers.16.input_layernorm.weight is skipped since its requires_grad=False
2025/06/16 11:07:19 - mmengine - WARNING - lmm.model.layers.16.post_attention_layernorm.weight is skipped since its requires_grad=False
2025/06/16 11:07:19 - mmengine - WARNING - lmm.model.layers.17.self_attn.q_proj.ori_model.weight is skipped since its requires_grad=False
2025/06/16 11:07:19 - mmengine - WARNING - lmm.model.layers.17.self_attn.q_proj.ori_model.bias is skipped since its requires_grad=False
2025/06/16 11:07:19 - mmengine - WARNING - lmm.model.layers.17.self_attn.k_proj.ori_model.weight is skipped since its requires_grad=False
2025/06/16 11:07:19 - mmengine - WARNING - lmm.model.layers.17.self_attn.k_proj.ori_model.bias is skipped since its requires_grad=False
2025/06/16 11:07:19 - mmengine - WARNING - lmm.model.layers.17.self_attn.v_proj.ori_model.weight is skipped since its requires_grad=False
2025/06/16 11:07:19 - mmengine - WARNING - lmm.model.layers.17.self_attn.v_proj.ori_model.bias is skipped since its requires_grad=False
2025/06/16 11:07:19 - mmengine - WARNING - lmm.model.layers.17.self_attn.o_proj.ori_model.weight is skipped since its requires_grad=False
2025/06/16 11:07:19 - mmengine - WARNING - lmm.model.layers.17.mlp.gate_proj.ori_model.weight is skipped since its requires_grad=False
2025/06/16 11:07:19 - mmengine - WARNING - lmm.model.layers.17.mlp.up_proj.ori_model.weight is skipped since its requires_grad=False
2025/06/16 11:07:19 - mmengine - WARNING - lmm.model.layers.17.mlp.down_proj.ori_model.weight is skipped since its requires_grad=False
2025/06/16 11:07:19 - mmengine - WARNING - lmm.model.layers.17.input_layernorm.weight is skipped since its requires_grad=False
2025/06/16 11:07:19 - mmengine - WARNING - lmm.model.layers.17.post_attention_layernorm.weight is skipped since its requires_grad=False
2025/06/16 11:07:19 - mmengine - WARNING - lmm.model.layers.18.self_attn.q_proj.ori_model.weight is skipped since its requires_grad=False
2025/06/16 11:07:19 - mmengine - WARNING - lmm.model.layers.18.self_attn.q_proj.ori_model.bias is skipped since its requires_grad=False
2025/06/16 11:07:19 - mmengine - WARNING - lmm.model.layers.18.self_attn.k_proj.ori_model.weight is skipped since its requires_grad=False
2025/06/16 11:07:19 - mmengine - WARNING - lmm.model.layers.18.self_attn.k_proj.ori_model.bias is skipped since its requires_grad=False
2025/06/16 11:07:19 - mmengine - WARNING - lmm.model.layers.18.self_attn.v_proj.ori_model.weight is skipped since its requires_grad=False
2025/06/16 11:07:19 - mmengine - WARNING - lmm.model.layers.18.self_attn.v_proj.ori_model.bias is skipped since its requires_grad=False
2025/06/16 11:07:19 - mmengine - WARNING - lmm.model.layers.18.self_attn.o_proj.ori_model.weight is skipped since its requires_grad=False
2025/06/16 11:07:19 - mmengine - WARNING - lmm.model.layers.18.mlp.gate_proj.ori_model.weight is skipped since its requires_grad=False
2025/06/16 11:07:19 - mmengine - WARNING - lmm.model.layers.18.mlp.up_proj.ori_model.weight is skipped since its requires_grad=False
2025/06/16 11:07:19 - mmengine - WARNING - lmm.model.layers.18.mlp.down_proj.ori_model.weight is skipped since its requires_grad=False
2025/06/16 11:07:19 - mmengine - WARNING - lmm.model.layers.18.input_layernorm.weight is skipped since its requires_grad=False
2025/06/16 11:07:19 - mmengine - WARNING - lmm.model.layers.18.post_attention_layernorm.weight is skipped since its requires_grad=False
2025/06/16 11:07:19 - mmengine - WARNING - lmm.model.layers.19.self_attn.q_proj.ori_model.weight is skipped since its requires_grad=False
2025/06/16 11:07:19 - mmengine - WARNING - lmm.model.layers.19.self_attn.q_proj.ori_model.bias is skipped since its requires_grad=False
2025/06/16 11:07:19 - mmengine - WARNING - lmm.model.layers.19.self_attn.k_proj.ori_model.weight is skipped since its requires_grad=False
2025/06/16 11:07:19 - mmengine - WARNING - lmm.model.layers.19.self_attn.k_proj.ori_model.bias is skipped since its requires_grad=False
2025/06/16 11:07:19 - mmengine - WARNING - lmm.model.layers.19.self_attn.v_proj.ori_model.weight is skipped since its requires_grad=False
2025/06/16 11:07:19 - mmengine - WARNING - lmm.model.layers.19.self_attn.v_proj.ori_model.bias is skipped since its requires_grad=False
2025/06/16 11:07:19 - mmengine - WARNING - lmm.model.layers.19.self_attn.o_proj.ori_model.weight is skipped since its requires_grad=False
2025/06/16 11:07:19 - mmengine - WARNING - lmm.model.layers.19.mlp.gate_proj.ori_model.weight is skipped since its requires_grad=False
2025/06/16 11:07:19 - mmengine - WARNING - lmm.model.layers.19.mlp.up_proj.ori_model.weight is skipped since its requires_grad=False
2025/06/16 11:07:19 - mmengine - WARNING - lmm.model.layers.19.mlp.down_proj.ori_model.weight is skipped since its requires_grad=False
2025/06/16 11:07:19 - mmengine - WARNING - lmm.model.layers.19.input_layernorm.weight is skipped since its requires_grad=False
2025/06/16 11:07:19 - mmengine - WARNING - lmm.model.layers.19.post_attention_layernorm.weight is skipped since its requires_grad=False
2025/06/16 11:07:19 - mmengine - WARNING - lmm.model.layers.20.self_attn.q_proj.ori_model.weight is skipped since its requires_grad=False
2025/06/16 11:07:19 - mmengine - WARNING - lmm.model.layers.20.self_attn.q_proj.ori_model.bias is skipped since its requires_grad=False
2025/06/16 11:07:19 - mmengine - WARNING - lmm.model.layers.20.self_attn.k_proj.ori_model.weight is skipped since its requires_grad=False
2025/06/16 11:07:19 - mmengine - WARNING - lmm.model.layers.20.self_attn.k_proj.ori_model.bias is skipped since its requires_grad=False
2025/06/16 11:07:19 - mmengine - WARNING - lmm.model.layers.20.self_attn.v_proj.ori_model.weight is skipped since its requires_grad=False
2025/06/16 11:07:19 - mmengine - WARNING - lmm.model.layers.20.self_attn.v_proj.ori_model.bias is skipped since its requires_grad=False
2025/06/16 11:07:19 - mmengine - WARNING - lmm.model.layers.20.self_attn.o_proj.ori_model.weight is skipped since its requires_grad=False
2025/06/16 11:07:19 - mmengine - WARNING - lmm.model.layers.20.mlp.gate_proj.ori_model.weight is skipped since its requires_grad=False
2025/06/16 11:07:19 - mmengine - WARNING - lmm.model.layers.20.mlp.up_proj.ori_model.weight is skipped since its requires_grad=False
2025/06/16 11:07:19 - mmengine - WARNING - lmm.model.layers.20.mlp.down_proj.ori_model.weight is skipped since its requires_grad=False
2025/06/16 11:07:19 - mmengine - WARNING - lmm.model.layers.20.input_layernorm.weight is skipped since its requires_grad=False
2025/06/16 11:07:19 - mmengine - WARNING - lmm.model.layers.20.post_attention_layernorm.weight is skipped since its requires_grad=False
2025/06/16 11:07:19 - mmengine - WARNING - lmm.model.layers.21.self_attn.q_proj.ori_model.weight is skipped since its requires_grad=False
2025/06/16 11:07:19 - mmengine - WARNING - lmm.model.layers.21.self_attn.q_proj.ori_model.bias is skipped since its requires_grad=False
2025/06/16 11:07:19 - mmengine - WARNING - lmm.model.layers.21.self_attn.k_proj.ori_model.weight is skipped since its requires_grad=False
2025/06/16 11:07:19 - mmengine - WARNING - lmm.model.layers.21.self_attn.k_proj.ori_model.bias is skipped since its requires_grad=False
2025/06/16 11:07:19 - mmengine - WARNING - lmm.model.layers.21.self_attn.v_proj.ori_model.weight is skipped since its requires_grad=False
2025/06/16 11:07:19 - mmengine - WARNING - lmm.model.layers.21.self_attn.v_proj.ori_model.bias is skipped since its requires_grad=False
2025/06/16 11:07:19 - mmengine - WARNING - lmm.model.layers.21.self_attn.o_proj.ori_model.weight is skipped since its requires_grad=False
2025/06/16 11:07:19 - mmengine - WARNING - lmm.model.layers.21.mlp.gate_proj.ori_model.weight is skipped since its requires_grad=False
2025/06/16 11:07:19 - mmengine - WARNING - lmm.model.layers.21.mlp.up_proj.ori_model.weight is skipped since its requires_grad=False
2025/06/16 11:07:19 - mmengine - WARNING - lmm.model.layers.21.mlp.down_proj.ori_model.weight is skipped since its requires_grad=False
2025/06/16 11:07:19 - mmengine - WARNING - lmm.model.layers.21.input_layernorm.weight is skipped since its requires_grad=False
2025/06/16 11:07:19 - mmengine - WARNING - lmm.model.layers.21.post_attention_layernorm.weight is skipped since its requires_grad=False
2025/06/16 11:07:19 - mmengine - WARNING - lmm.model.layers.22.self_attn.q_proj.ori_model.weight is skipped since its requires_grad=False
2025/06/16 11:07:19 - mmengine - WARNING - lmm.model.layers.22.self_attn.q_proj.ori_model.bias is skipped since its requires_grad=False
2025/06/16 11:07:19 - mmengine - WARNING - lmm.model.layers.22.self_attn.k_proj.ori_model.weight is skipped since its requires_grad=False
2025/06/16 11:07:19 - mmengine - WARNING - lmm.model.layers.22.self_attn.k_proj.ori_model.bias is skipped since its requires_grad=False
2025/06/16 11:07:19 - mmengine - WARNING - lmm.model.layers.22.self_attn.v_proj.ori_model.weight is skipped since its requires_grad=False
2025/06/16 11:07:19 - mmengine - WARNING - lmm.model.layers.22.self_attn.v_proj.ori_model.bias is skipped since its requires_grad=False
2025/06/16 11:07:19 - mmengine - WARNING - lmm.model.layers.22.self_attn.o_proj.ori_model.weight is skipped since its requires_grad=False
2025/06/16 11:07:19 - mmengine - WARNING - lmm.model.layers.22.mlp.gate_proj.ori_model.weight is skipped since its requires_grad=False
2025/06/16 11:07:19 - mmengine - WARNING - lmm.model.layers.22.mlp.up_proj.ori_model.weight is skipped since its requires_grad=False
2025/06/16 11:07:19 - mmengine - WARNING - lmm.model.layers.22.mlp.down_proj.ori_model.weight is skipped since its requires_grad=False
2025/06/16 11:07:19 - mmengine - WARNING - lmm.model.layers.22.input_layernorm.weight is skipped since its requires_grad=False
2025/06/16 11:07:19 - mmengine - WARNING - lmm.model.layers.22.post_attention_layernorm.weight is skipped since its requires_grad=False
2025/06/16 11:07:19 - mmengine - WARNING - lmm.model.layers.23.self_attn.q_proj.ori_model.weight is skipped since its requires_grad=False
2025/06/16 11:07:19 - mmengine - WARNING - lmm.model.layers.23.self_attn.q_proj.ori_model.bias is skipped since its requires_grad=False
2025/06/16 11:07:19 - mmengine - WARNING - lmm.model.layers.23.self_attn.k_proj.ori_model.weight is skipped since its requires_grad=False
2025/06/16 11:07:19 - mmengine - WARNING - lmm.model.layers.23.self_attn.k_proj.ori_model.bias is skipped since its requires_grad=False
2025/06/16 11:07:19 - mmengine - WARNING - lmm.model.layers.23.self_attn.v_proj.ori_model.weight is skipped since its requires_grad=False
2025/06/16 11:07:19 - mmengine - WARNING - lmm.model.layers.23.self_attn.v_proj.ori_model.bias is skipped since its requires_grad=False
2025/06/16 11:07:19 - mmengine - WARNING - lmm.model.layers.23.self_attn.o_proj.ori_model.weight is skipped since its requires_grad=False
2025/06/16 11:07:19 - mmengine - WARNING - lmm.model.layers.23.mlp.gate_proj.ori_model.weight is skipped since its requires_grad=False
2025/06/16 11:07:19 - mmengine - WARNING - lmm.model.layers.23.mlp.up_proj.ori_model.weight is skipped since its requires_grad=False
2025/06/16 11:07:19 - mmengine - WARNING - lmm.model.layers.23.mlp.down_proj.ori_model.weight is skipped since its requires_grad=False
2025/06/16 11:07:19 - mmengine - WARNING - lmm.model.layers.23.input_layernorm.weight is skipped since its requires_grad=False
2025/06/16 11:07:19 - mmengine - WARNING - lmm.model.layers.23.post_attention_layernorm.weight is skipped since its requires_grad=False
2025/06/16 11:07:19 - mmengine - WARNING - lmm.model.norm.weight is skipped since its requires_grad=False
2025/06/16 11:07:19 - mmengine - WARNING - lmm.lm_head.weight is skipped since its requires_grad=False
2025/06/16 11:07:19 - mmengine - INFO - LR is set based on batch size of 16 and the current batch size is 16. Scaling the original LR by 1.0.
Name of parameter - Initialization information

level_embed - torch.Size([4, 256]): 
The value is the same before and after calling `init_weights` of GroundingDINO  

backbone.patch_embed.projection.weight - torch.Size([96, 3, 4, 4]): 
The value is the same before and after calling `init_weights` of GroundingDINO  

backbone.patch_embed.projection.bias - torch.Size([96]): 
The value is the same before and after calling `init_weights` of GroundingDINO  

backbone.patch_embed.norm.weight - torch.Size([96]): 
The value is the same before and after calling `init_weights` of GroundingDINO  

backbone.patch_embed.norm.bias - torch.Size([96]): 
The value is the same before and after calling `init_weights` of GroundingDINO  

backbone.stages.0.blocks.0.norm1.weight - torch.Size([96]): 
The value is the same before and after calling `init_weights` of GroundingDINO  

backbone.stages.0.blocks.0.norm1.bias - torch.Size([96]): 
The value is the same before and after calling `init_weights` of GroundingDINO  

backbone.stages.0.blocks.0.attn.w_msa.relative_position_bias_table - torch.Size([169, 3]): 
The value is the same before and after calling `init_weights` of GroundingDINO  

backbone.stages.0.blocks.0.attn.w_msa.qkv.weight - torch.Size([288, 96]): 
The value is the same before and after calling `init_weights` of GroundingDINO  

backbone.stages.0.blocks.0.attn.w_msa.qkv.bias - torch.Size([288]): 
The value is the same before and after calling `init_weights` of GroundingDINO  

backbone.stages.0.blocks.0.attn.w_msa.proj.weight - torch.Size([96, 96]): 
The value is the same before and after calling `init_weights` of GroundingDINO  

backbone.stages.0.blocks.0.attn.w_msa.proj.bias - torch.Size([96]): 
The value is the same before and after calling `init_weights` of GroundingDINO  

backbone.stages.0.blocks.0.norm2.weight - torch.Size([96]): 
The value is the same before and after calling `init_weights` of GroundingDINO  

backbone.stages.0.blocks.0.norm2.bias - torch.Size([96]): 
The value is the same before and after calling `init_weights` of GroundingDINO  

backbone.stages.0.blocks.0.ffn.layers.0.0.weight - torch.Size([384, 96]): 
The value is the same before and after calling `init_weights` of GroundingDINO  

backbone.stages.0.blocks.0.ffn.layers.0.0.bias - torch.Size([384]): 
The value is the same before and after calling `init_weights` of GroundingDINO  

backbone.stages.0.blocks.0.ffn.layers.1.weight - torch.Size([96, 384]): 
The value is the same before and after calling `init_weights` of GroundingDINO  

backbone.stages.0.blocks.0.ffn.layers.1.bias - torch.Size([96]): 
The value is the same before and after calling `init_weights` of GroundingDINO  

backbone.stages.0.blocks.1.norm1.weight - torch.Size([96]): 
The value is the same before and after calling `init_weights` of GroundingDINO  

backbone.stages.0.blocks.1.norm1.bias - torch.Size([96]): 
The value is the same before and after calling `init_weights` of GroundingDINO  

backbone.stages.0.blocks.1.attn.w_msa.relative_position_bias_table - torch.Size([169, 3]): 
The value is the same before and after calling `init_weights` of GroundingDINO  

backbone.stages.0.blocks.1.attn.w_msa.qkv.weight - torch.Size([288, 96]): 
The value is the same before and after calling `init_weights` of GroundingDINO  

backbone.stages.0.blocks.1.attn.w_msa.qkv.bias - torch.Size([288]): 
The value is the same before and after calling `init_weights` of GroundingDINO  

backbone.stages.0.blocks.1.attn.w_msa.proj.weight - torch.Size([96, 96]): 
The value is the same before and after calling `init_weights` of GroundingDINO  

backbone.stages.0.blocks.1.attn.w_msa.proj.bias - torch.Size([96]): 
The value is the same before and after calling `init_weights` of GroundingDINO  

backbone.stages.0.blocks.1.norm2.weight - torch.Size([96]): 
The value is the same before and after calling `init_weights` of GroundingDINO  

backbone.stages.0.blocks.1.norm2.bias - torch.Size([96]): 
The value is the same before and after calling `init_weights` of GroundingDINO  

backbone.stages.0.blocks.1.ffn.layers.0.0.weight - torch.Size([384, 96]): 
The value is the same before and after calling `init_weights` of GroundingDINO  

backbone.stages.0.blocks.1.ffn.layers.0.0.bias - torch.Size([384]): 
The value is the same before and after calling `init_weights` of GroundingDINO  

backbone.stages.0.blocks.1.ffn.layers.1.weight - torch.Size([96, 384]): 
The value is the same before and after calling `init_weights` of GroundingDINO  

backbone.stages.0.blocks.1.ffn.layers.1.bias - torch.Size([96]): 
The value is the same before and after calling `init_weights` of GroundingDINO  

backbone.stages.0.downsample.norm.weight - torch.Size([384]): 
The value is the same before and after calling `init_weights` of GroundingDINO  

backbone.stages.0.downsample.norm.bias - torch.Size([384]): 
The value is the same before and after calling `init_weights` of GroundingDINO  

backbone.stages.0.downsample.reduction.weight - torch.Size([192, 384]): 
The value is the same before and after calling `init_weights` of GroundingDINO  

backbone.stages.1.blocks.0.norm1.weight - torch.Size([192]): 
The value is the same before and after calling `init_weights` of GroundingDINO  

backbone.stages.1.blocks.0.norm1.bias - torch.Size([192]): 
The value is the same before and after calling `init_weights` of GroundingDINO  

backbone.stages.1.blocks.0.attn.w_msa.relative_position_bias_table - torch.Size([169, 6]): 
The value is the same before and after calling `init_weights` of GroundingDINO  

backbone.stages.1.blocks.0.attn.w_msa.qkv.weight - torch.Size([576, 192]): 
The value is the same before and after calling `init_weights` of GroundingDINO  

backbone.stages.1.blocks.0.attn.w_msa.qkv.bias - torch.Size([576]): 
The value is the same before and after calling `init_weights` of GroundingDINO  

backbone.stages.1.blocks.0.attn.w_msa.proj.weight - torch.Size([192, 192]): 
The value is the same before and after calling `init_weights` of GroundingDINO  

backbone.stages.1.blocks.0.attn.w_msa.proj.bias - torch.Size([192]): 
The value is the same before and after calling `init_weights` of GroundingDINO  

backbone.stages.1.blocks.0.norm2.weight - torch.Size([192]): 
The value is the same before and after calling `init_weights` of GroundingDINO  

backbone.stages.1.blocks.0.norm2.bias - torch.Size([192]): 
The value is the same before and after calling `init_weights` of GroundingDINO  

backbone.stages.1.blocks.0.ffn.layers.0.0.weight - torch.Size([768, 192]): 
The value is the same before and after calling `init_weights` of GroundingDINO  

backbone.stages.1.blocks.0.ffn.layers.0.0.bias - torch.Size([768]): 
The value is the same before and after calling `init_weights` of GroundingDINO  

backbone.stages.1.blocks.0.ffn.layers.1.weight - torch.Size([192, 768]): 
The value is the same before and after calling `init_weights` of GroundingDINO  

backbone.stages.1.blocks.0.ffn.layers.1.bias - torch.Size([192]): 
The value is the same before and after calling `init_weights` of GroundingDINO  

backbone.stages.1.blocks.1.norm1.weight - torch.Size([192]): 
The value is the same before and after calling `init_weights` of GroundingDINO  

backbone.stages.1.blocks.1.norm1.bias - torch.Size([192]): 
The value is the same before and after calling `init_weights` of GroundingDINO  

backbone.stages.1.blocks.1.attn.w_msa.relative_position_bias_table - torch.Size([169, 6]): 
The value is the same before and after calling `init_weights` of GroundingDINO  

backbone.stages.1.blocks.1.attn.w_msa.qkv.weight - torch.Size([576, 192]): 
The value is the same before and after calling `init_weights` of GroundingDINO  

backbone.stages.1.blocks.1.attn.w_msa.qkv.bias - torch.Size([576]): 
The value is the same before and after calling `init_weights` of GroundingDINO  

backbone.stages.1.blocks.1.attn.w_msa.proj.weight - torch.Size([192, 192]): 
The value is the same before and after calling `init_weights` of GroundingDINO  

backbone.stages.1.blocks.1.attn.w_msa.proj.bias - torch.Size([192]): 
The value is the same before and after calling `init_weights` of GroundingDINO  

backbone.stages.1.blocks.1.norm2.weight - torch.Size([192]): 
The value is the same before and after calling `init_weights` of GroundingDINO  

backbone.stages.1.blocks.1.norm2.bias - torch.Size([192]): 
The value is the same before and after calling `init_weights` of GroundingDINO  

backbone.stages.1.blocks.1.ffn.layers.0.0.weight - torch.Size([768, 192]): 
The value is the same before and after calling `init_weights` of GroundingDINO  

backbone.stages.1.blocks.1.ffn.layers.0.0.bias - torch.Size([768]): 
The value is the same before and after calling `init_weights` of GroundingDINO  

backbone.stages.1.blocks.1.ffn.layers.1.weight - torch.Size([192, 768]): 
The value is the same before and after calling `init_weights` of GroundingDINO  

backbone.stages.1.blocks.1.ffn.layers.1.bias - torch.Size([192]): 
The value is the same before and after calling `init_weights` of GroundingDINO  

backbone.stages.1.downsample.norm.weight - torch.Size([768]): 
The value is the same before and after calling `init_weights` of GroundingDINO  

backbone.stages.1.downsample.norm.bias - torch.Size([768]): 
The value is the same before and after calling `init_weights` of GroundingDINO  

backbone.stages.1.downsample.reduction.weight - torch.Size([384, 768]): 
The value is the same before and after calling `init_weights` of GroundingDINO  

backbone.stages.2.blocks.0.norm1.weight - torch.Size([384]): 
The value is the same before and after calling `init_weights` of GroundingDINO  

backbone.stages.2.blocks.0.norm1.bias - torch.Size([384]): 
The value is the same before and after calling `init_weights` of GroundingDINO  

backbone.stages.2.blocks.0.attn.w_msa.relative_position_bias_table - torch.Size([169, 12]): 
The value is the same before and after calling `init_weights` of GroundingDINO  

backbone.stages.2.blocks.0.attn.w_msa.qkv.weight - torch.Size([1152, 384]): 
The value is the same before and after calling `init_weights` of GroundingDINO  

backbone.stages.2.blocks.0.attn.w_msa.qkv.bias - torch.Size([1152]): 
The value is the same before and after calling `init_weights` of GroundingDINO  

backbone.stages.2.blocks.0.attn.w_msa.proj.weight - torch.Size([384, 384]): 
The value is the same before and after calling `init_weights` of GroundingDINO  

backbone.stages.2.blocks.0.attn.w_msa.proj.bias - torch.Size([384]): 
The value is the same before and after calling `init_weights` of GroundingDINO  

backbone.stages.2.blocks.0.norm2.weight - torch.Size([384]): 
The value is the same before and after calling `init_weights` of GroundingDINO  

backbone.stages.2.blocks.0.norm2.bias - torch.Size([384]): 
The value is the same before and after calling `init_weights` of GroundingDINO  

backbone.stages.2.blocks.0.ffn.layers.0.0.weight - torch.Size([1536, 384]): 
The value is the same before and after calling `init_weights` of GroundingDINO  

backbone.stages.2.blocks.0.ffn.layers.0.0.bias - torch.Size([1536]): 
The value is the same before and after calling `init_weights` of GroundingDINO  

backbone.stages.2.blocks.0.ffn.layers.1.weight - torch.Size([384, 1536]): 
The value is the same before and after calling `init_weights` of GroundingDINO  

backbone.stages.2.blocks.0.ffn.layers.1.bias - torch.Size([384]): 
The value is the same before and after calling `init_weights` of GroundingDINO  

backbone.stages.2.blocks.1.norm1.weight - torch.Size([384]): 
The value is the same before and after calling `init_weights` of GroundingDINO  

backbone.stages.2.blocks.1.norm1.bias - torch.Size([384]): 
The value is the same before and after calling `init_weights` of GroundingDINO  

backbone.stages.2.blocks.1.attn.w_msa.relative_position_bias_table - torch.Size([169, 12]): 
The value is the same before and after calling `init_weights` of GroundingDINO  

backbone.stages.2.blocks.1.attn.w_msa.qkv.weight - torch.Size([1152, 384]): 
The value is the same before and after calling `init_weights` of GroundingDINO  

backbone.stages.2.blocks.1.attn.w_msa.qkv.bias - torch.Size([1152]): 
The value is the same before and after calling `init_weights` of GroundingDINO  

backbone.stages.2.blocks.1.attn.w_msa.proj.weight - torch.Size([384, 384]): 
The value is the same before and after calling `init_weights` of GroundingDINO  

backbone.stages.2.blocks.1.attn.w_msa.proj.bias - torch.Size([384]): 
The value is the same before and after calling `init_weights` of GroundingDINO  

backbone.stages.2.blocks.1.norm2.weight - torch.Size([384]): 
The value is the same before and after calling `init_weights` of GroundingDINO  

backbone.stages.2.blocks.1.norm2.bias - torch.Size([384]): 
The value is the same before and after calling `init_weights` of GroundingDINO  

backbone.stages.2.blocks.1.ffn.layers.0.0.weight - torch.Size([1536, 384]): 
The value is the same before and after calling `init_weights` of GroundingDINO  

backbone.stages.2.blocks.1.ffn.layers.0.0.bias - torch.Size([1536]): 
The value is the same before and after calling `init_weights` of GroundingDINO  

backbone.stages.2.blocks.1.ffn.layers.1.weight - torch.Size([384, 1536]): 
The value is the same before and after calling `init_weights` of GroundingDINO  

backbone.stages.2.blocks.1.ffn.layers.1.bias - torch.Size([384]): 
The value is the same before and after calling `init_weights` of GroundingDINO  

backbone.stages.2.blocks.2.norm1.weight - torch.Size([384]): 
The value is the same before and after calling `init_weights` of GroundingDINO  

backbone.stages.2.blocks.2.norm1.bias - torch.Size([384]): 
The value is the same before and after calling `init_weights` of GroundingDINO  

backbone.stages.2.blocks.2.attn.w_msa.relative_position_bias_table - torch.Size([169, 12]): 
The value is the same before and after calling `init_weights` of GroundingDINO  

backbone.stages.2.blocks.2.attn.w_msa.qkv.weight - torch.Size([1152, 384]): 
The value is the same before and after calling `init_weights` of GroundingDINO  

backbone.stages.2.blocks.2.attn.w_msa.qkv.bias - torch.Size([1152]): 
The value is the same before and after calling `init_weights` of GroundingDINO  

backbone.stages.2.blocks.2.attn.w_msa.proj.weight - torch.Size([384, 384]): 
The value is the same before and after calling `init_weights` of GroundingDINO  

backbone.stages.2.blocks.2.attn.w_msa.proj.bias - torch.Size([384]): 
The value is the same before and after calling `init_weights` of GroundingDINO  

backbone.stages.2.blocks.2.norm2.weight - torch.Size([384]): 
The value is the same before and after calling `init_weights` of GroundingDINO  

backbone.stages.2.blocks.2.norm2.bias - torch.Size([384]): 
The value is the same before and after calling `init_weights` of GroundingDINO  

backbone.stages.2.blocks.2.ffn.layers.0.0.weight - torch.Size([1536, 384]): 
The value is the same before and after calling `init_weights` of GroundingDINO  

backbone.stages.2.blocks.2.ffn.layers.0.0.bias - torch.Size([1536]): 
The value is the same before and after calling `init_weights` of GroundingDINO  

backbone.stages.2.blocks.2.ffn.layers.1.weight - torch.Size([384, 1536]): 
The value is the same before and after calling `init_weights` of GroundingDINO  

backbone.stages.2.blocks.2.ffn.layers.1.bias - torch.Size([384]): 
The value is the same before and after calling `init_weights` of GroundingDINO  

backbone.stages.2.blocks.3.norm1.weight - torch.Size([384]): 
The value is the same before and after calling `init_weights` of GroundingDINO  

backbone.stages.2.blocks.3.norm1.bias - torch.Size([384]): 
The value is the same before and after calling `init_weights` of GroundingDINO  

backbone.stages.2.blocks.3.attn.w_msa.relative_position_bias_table - torch.Size([169, 12]): 
The value is the same before and after calling `init_weights` of GroundingDINO  

backbone.stages.2.blocks.3.attn.w_msa.qkv.weight - torch.Size([1152, 384]): 
The value is the same before and after calling `init_weights` of GroundingDINO  

backbone.stages.2.blocks.3.attn.w_msa.qkv.bias - torch.Size([1152]): 
The value is the same before and after calling `init_weights` of GroundingDINO  

backbone.stages.2.blocks.3.attn.w_msa.proj.weight - torch.Size([384, 384]): 
The value is the same before and after calling `init_weights` of GroundingDINO  

backbone.stages.2.blocks.3.attn.w_msa.proj.bias - torch.Size([384]): 
The value is the same before and after calling `init_weights` of GroundingDINO  

backbone.stages.2.blocks.3.norm2.weight - torch.Size([384]): 
The value is the same before and after calling `init_weights` of GroundingDINO  

backbone.stages.2.blocks.3.norm2.bias - torch.Size([384]): 
The value is the same before and after calling `init_weights` of GroundingDINO  

backbone.stages.2.blocks.3.ffn.layers.0.0.weight - torch.Size([1536, 384]): 
The value is the same before and after calling `init_weights` of GroundingDINO  

backbone.stages.2.blocks.3.ffn.layers.0.0.bias - torch.Size([1536]): 
The value is the same before and after calling `init_weights` of GroundingDINO  

backbone.stages.2.blocks.3.ffn.layers.1.weight - torch.Size([384, 1536]): 
The value is the same before and after calling `init_weights` of GroundingDINO  

backbone.stages.2.blocks.3.ffn.layers.1.bias - torch.Size([384]): 
The value is the same before and after calling `init_weights` of GroundingDINO  

backbone.stages.2.blocks.4.norm1.weight - torch.Size([384]): 
The value is the same before and after calling `init_weights` of GroundingDINO  

backbone.stages.2.blocks.4.norm1.bias - torch.Size([384]): 
The value is the same before and after calling `init_weights` of GroundingDINO  

backbone.stages.2.blocks.4.attn.w_msa.relative_position_bias_table - torch.Size([169, 12]): 
The value is the same before and after calling `init_weights` of GroundingDINO  

backbone.stages.2.blocks.4.attn.w_msa.qkv.weight - torch.Size([1152, 384]): 
The value is the same before and after calling `init_weights` of GroundingDINO  

backbone.stages.2.blocks.4.attn.w_msa.qkv.bias - torch.Size([1152]): 
The value is the same before and after calling `init_weights` of GroundingDINO  

backbone.stages.2.blocks.4.attn.w_msa.proj.weight - torch.Size([384, 384]): 
The value is the same before and after calling `init_weights` of GroundingDINO  

backbone.stages.2.blocks.4.attn.w_msa.proj.bias - torch.Size([384]): 
The value is the same before and after calling `init_weights` of GroundingDINO  

backbone.stages.2.blocks.4.norm2.weight - torch.Size([384]): 
The value is the same before and after calling `init_weights` of GroundingDINO  

backbone.stages.2.blocks.4.norm2.bias - torch.Size([384]): 
The value is the same before and after calling `init_weights` of GroundingDINO  

backbone.stages.2.blocks.4.ffn.layers.0.0.weight - torch.Size([1536, 384]): 
The value is the same before and after calling `init_weights` of GroundingDINO  

backbone.stages.2.blocks.4.ffn.layers.0.0.bias - torch.Size([1536]): 
The value is the same before and after calling `init_weights` of GroundingDINO  

backbone.stages.2.blocks.4.ffn.layers.1.weight - torch.Size([384, 1536]): 
The value is the same before and after calling `init_weights` of GroundingDINO  

backbone.stages.2.blocks.4.ffn.layers.1.bias - torch.Size([384]): 
The value is the same before and after calling `init_weights` of GroundingDINO  

backbone.stages.2.blocks.5.norm1.weight - torch.Size([384]): 
The value is the same before and after calling `init_weights` of GroundingDINO  

backbone.stages.2.blocks.5.norm1.bias - torch.Size([384]): 
The value is the same before and after calling `init_weights` of GroundingDINO  

backbone.stages.2.blocks.5.attn.w_msa.relative_position_bias_table - torch.Size([169, 12]): 
The value is the same before and after calling `init_weights` of GroundingDINO  

backbone.stages.2.blocks.5.attn.w_msa.qkv.weight - torch.Size([1152, 384]): 
The value is the same before and after calling `init_weights` of GroundingDINO  

backbone.stages.2.blocks.5.attn.w_msa.qkv.bias - torch.Size([1152]): 
The value is the same before and after calling `init_weights` of GroundingDINO  

backbone.stages.2.blocks.5.attn.w_msa.proj.weight - torch.Size([384, 384]): 
The value is the same before and after calling `init_weights` of GroundingDINO  

backbone.stages.2.blocks.5.attn.w_msa.proj.bias - torch.Size([384]): 
The value is the same before and after calling `init_weights` of GroundingDINO  

backbone.stages.2.blocks.5.norm2.weight - torch.Size([384]): 
The value is the same before and after calling `init_weights` of GroundingDINO  

backbone.stages.2.blocks.5.norm2.bias - torch.Size([384]): 
The value is the same before and after calling `init_weights` of GroundingDINO  

backbone.stages.2.blocks.5.ffn.layers.0.0.weight - torch.Size([1536, 384]): 
The value is the same before and after calling `init_weights` of GroundingDINO  

backbone.stages.2.blocks.5.ffn.layers.0.0.bias - torch.Size([1536]): 
The value is the same before and after calling `init_weights` of GroundingDINO  

backbone.stages.2.blocks.5.ffn.layers.1.weight - torch.Size([384, 1536]): 
The value is the same before and after calling `init_weights` of GroundingDINO  

backbone.stages.2.blocks.5.ffn.layers.1.bias - torch.Size([384]): 
The value is the same before and after calling `init_weights` of GroundingDINO  

backbone.stages.2.downsample.norm.weight - torch.Size([1536]): 
The value is the same before and after calling `init_weights` of GroundingDINO  

backbone.stages.2.downsample.norm.bias - torch.Size([1536]): 
The value is the same before and after calling `init_weights` of GroundingDINO  

backbone.stages.2.downsample.reduction.weight - torch.Size([768, 1536]): 
The value is the same before and after calling `init_weights` of GroundingDINO  

backbone.stages.3.blocks.0.norm1.weight - torch.Size([768]): 
The value is the same before and after calling `init_weights` of GroundingDINO  

backbone.stages.3.blocks.0.norm1.bias - torch.Size([768]): 
The value is the same before and after calling `init_weights` of GroundingDINO  

backbone.stages.3.blocks.0.attn.w_msa.relative_position_bias_table - torch.Size([169, 24]): 
The value is the same before and after calling `init_weights` of GroundingDINO  

backbone.stages.3.blocks.0.attn.w_msa.qkv.weight - torch.Size([2304, 768]): 
The value is the same before and after calling `init_weights` of GroundingDINO  

backbone.stages.3.blocks.0.attn.w_msa.qkv.bias - torch.Size([2304]): 
The value is the same before and after calling `init_weights` of GroundingDINO  

backbone.stages.3.blocks.0.attn.w_msa.proj.weight - torch.Size([768, 768]): 
The value is the same before and after calling `init_weights` of GroundingDINO  

backbone.stages.3.blocks.0.attn.w_msa.proj.bias - torch.Size([768]): 
The value is the same before and after calling `init_weights` of GroundingDINO  

backbone.stages.3.blocks.0.norm2.weight - torch.Size([768]): 
The value is the same before and after calling `init_weights` of GroundingDINO  

backbone.stages.3.blocks.0.norm2.bias - torch.Size([768]): 
The value is the same before and after calling `init_weights` of GroundingDINO  

backbone.stages.3.blocks.0.ffn.layers.0.0.weight - torch.Size([3072, 768]): 
The value is the same before and after calling `init_weights` of GroundingDINO  

backbone.stages.3.blocks.0.ffn.layers.0.0.bias - torch.Size([3072]): 
The value is the same before and after calling `init_weights` of GroundingDINO  

backbone.stages.3.blocks.0.ffn.layers.1.weight - torch.Size([768, 3072]): 
The value is the same before and after calling `init_weights` of GroundingDINO  

backbone.stages.3.blocks.0.ffn.layers.1.bias - torch.Size([768]): 
The value is the same before and after calling `init_weights` of GroundingDINO  

backbone.stages.3.blocks.1.norm1.weight - torch.Size([768]): 
The value is the same before and after calling `init_weights` of GroundingDINO  

backbone.stages.3.blocks.1.norm1.bias - torch.Size([768]): 
The value is the same before and after calling `init_weights` of GroundingDINO  

backbone.stages.3.blocks.1.attn.w_msa.relative_position_bias_table - torch.Size([169, 24]): 
The value is the same before and after calling `init_weights` of GroundingDINO  

backbone.stages.3.blocks.1.attn.w_msa.qkv.weight - torch.Size([2304, 768]): 
The value is the same before and after calling `init_weights` of GroundingDINO  

backbone.stages.3.blocks.1.attn.w_msa.qkv.bias - torch.Size([2304]): 
The value is the same before and after calling `init_weights` of GroundingDINO  

backbone.stages.3.blocks.1.attn.w_msa.proj.weight - torch.Size([768, 768]): 
The value is the same before and after calling `init_weights` of GroundingDINO  

backbone.stages.3.blocks.1.attn.w_msa.proj.bias - torch.Size([768]): 
The value is the same before and after calling `init_weights` of GroundingDINO  

backbone.stages.3.blocks.1.norm2.weight - torch.Size([768]): 
The value is the same before and after calling `init_weights` of GroundingDINO  

backbone.stages.3.blocks.1.norm2.bias - torch.Size([768]): 
The value is the same before and after calling `init_weights` of GroundingDINO  

backbone.stages.3.blocks.1.ffn.layers.0.0.weight - torch.Size([3072, 768]): 
The value is the same before and after calling `init_weights` of GroundingDINO  

backbone.stages.3.blocks.1.ffn.layers.0.0.bias - torch.Size([3072]): 
The value is the same before and after calling `init_weights` of GroundingDINO  

backbone.stages.3.blocks.1.ffn.layers.1.weight - torch.Size([768, 3072]): 
The value is the same before and after calling `init_weights` of GroundingDINO  

backbone.stages.3.blocks.1.ffn.layers.1.bias - torch.Size([768]): 
The value is the same before and after calling `init_weights` of GroundingDINO  

backbone.norm1.weight - torch.Size([192]): 
The value is the same before and after calling `init_weights` of GroundingDINO  

backbone.norm1.bias - torch.Size([192]): 
The value is the same before and after calling `init_weights` of GroundingDINO  

backbone.norm2.weight - torch.Size([384]): 
The value is the same before and after calling `init_weights` of GroundingDINO  

backbone.norm2.bias - torch.Size([384]): 
The value is the same before and after calling `init_weights` of GroundingDINO  

backbone.norm3.weight - torch.Size([768]): 
The value is the same before and after calling `init_weights` of GroundingDINO  

backbone.norm3.bias - torch.Size([768]): 
The value is the same before and after calling `init_weights` of GroundingDINO  

neck.convs.0.conv.weight - torch.Size([256, 192, 1, 1]): 
XavierInit: gain=1, distribution=uniform, bias=0 

neck.convs.0.conv.bias - torch.Size([256]): 
The value is the same before and after calling `init_weights` of GroundingDINO  

neck.convs.0.gn.weight - torch.Size([256]): 
The value is the same before and after calling `init_weights` of GroundingDINO  

neck.convs.0.gn.bias - torch.Size([256]): 
The value is the same before and after calling `init_weights` of GroundingDINO  

neck.convs.1.conv.weight - torch.Size([256, 384, 1, 1]): 
XavierInit: gain=1, distribution=uniform, bias=0 

neck.convs.1.conv.bias - torch.Size([256]): 
The value is the same before and after calling `init_weights` of GroundingDINO  

neck.convs.1.gn.weight - torch.Size([256]): 
The value is the same before and after calling `init_weights` of GroundingDINO  

neck.convs.1.gn.bias - torch.Size([256]): 
The value is the same before and after calling `init_weights` of GroundingDINO  

neck.convs.2.conv.weight - torch.Size([256, 768, 1, 1]): 
XavierInit: gain=1, distribution=uniform, bias=0 

neck.convs.2.conv.bias - torch.Size([256]): 
The value is the same before and after calling `init_weights` of GroundingDINO  

neck.convs.2.gn.weight - torch.Size([256]): 
The value is the same before and after calling `init_weights` of GroundingDINO  

neck.convs.2.gn.bias - torch.Size([256]): 
The value is the same before and after calling `init_weights` of GroundingDINO  

neck.extra_convs.0.conv.weight - torch.Size([256, 768, 3, 3]): 
XavierInit: gain=1, distribution=uniform, bias=0 

neck.extra_convs.0.conv.bias - torch.Size([256]): 
The value is the same before and after calling `init_weights` of GroundingDINO  

neck.extra_convs.0.gn.weight - torch.Size([256]): 
The value is the same before and after calling `init_weights` of GroundingDINO  

neck.extra_convs.0.gn.bias - torch.Size([256]): 
The value is the same before and after calling `init_weights` of GroundingDINO  

bbox_head.cls_branches.0.bias - torch.Size([1]): 
The value is the same before and after calling `init_weights` of GroundingDINO  

bbox_head.cls_branches.1.bias - torch.Size([1]): 
The value is the same before and after calling `init_weights` of GroundingDINO  

bbox_head.cls_branches.2.bias - torch.Size([1]): 
The value is the same before and after calling `init_weights` of GroundingDINO  

bbox_head.cls_branches.3.bias - torch.Size([1]): 
The value is the same before and after calling `init_weights` of GroundingDINO  

bbox_head.cls_branches.4.bias - torch.Size([1]): 
The value is the same before and after calling `init_weights` of GroundingDINO  

bbox_head.cls_branches.5.bias - torch.Size([1]): 
The value is the same before and after calling `init_weights` of GroundingDINO  

bbox_head.cls_branches.6.bias - torch.Size([1]): 
The value is the same before and after calling `init_weights` of GroundingDINO  

bbox_head.reg_branches.0.0.weight - torch.Size([256, 256]): 
The value is the same before and after calling `init_weights` of GroundingDINO  

bbox_head.reg_branches.0.0.bias - torch.Size([256]): 
The value is the same before and after calling `init_weights` of GroundingDINO  

bbox_head.reg_branches.0.2.weight - torch.Size([256, 256]): 
The value is the same before and after calling `init_weights` of GroundingDINO  

bbox_head.reg_branches.0.2.bias - torch.Size([256]): 
The value is the same before and after calling `init_weights` of GroundingDINO  

bbox_head.reg_branches.0.4.weight - torch.Size([4, 256]): 
Initialized by user-defined `init_weights` in GroundingDINOHead  

bbox_head.reg_branches.0.4.bias - torch.Size([4]): 
Initialized by user-defined `init_weights` in GroundingDINOHead  

bbox_head.reg_branches.1.0.weight - torch.Size([256, 256]): 
The value is the same before and after calling `init_weights` of GroundingDINO  

bbox_head.reg_branches.1.0.bias - torch.Size([256]): 
The value is the same before and after calling `init_weights` of GroundingDINO  

bbox_head.reg_branches.1.2.weight - torch.Size([256, 256]): 
The value is the same before and after calling `init_weights` of GroundingDINO  

bbox_head.reg_branches.1.2.bias - torch.Size([256]): 
The value is the same before and after calling `init_weights` of GroundingDINO  

bbox_head.reg_branches.1.4.weight - torch.Size([4, 256]): 
Initialized by user-defined `init_weights` in GroundingDINOHead  

bbox_head.reg_branches.1.4.bias - torch.Size([4]): 
Initialized by user-defined `init_weights` in GroundingDINOHead  

bbox_head.reg_branches.2.0.weight - torch.Size([256, 256]): 
The value is the same before and after calling `init_weights` of GroundingDINO  

bbox_head.reg_branches.2.0.bias - torch.Size([256]): 
The value is the same before and after calling `init_weights` of GroundingDINO  

bbox_head.reg_branches.2.2.weight - torch.Size([256, 256]): 
The value is the same before and after calling `init_weights` of GroundingDINO  

bbox_head.reg_branches.2.2.bias - torch.Size([256]): 
The value is the same before and after calling `init_weights` of GroundingDINO  

bbox_head.reg_branches.2.4.weight - torch.Size([4, 256]): 
Initialized by user-defined `init_weights` in GroundingDINOHead  

bbox_head.reg_branches.2.4.bias - torch.Size([4]): 
Initialized by user-defined `init_weights` in GroundingDINOHead  

bbox_head.reg_branches.3.0.weight - torch.Size([256, 256]): 
The value is the same before and after calling `init_weights` of GroundingDINO  

bbox_head.reg_branches.3.0.bias - torch.Size([256]): 
The value is the same before and after calling `init_weights` of GroundingDINO  

bbox_head.reg_branches.3.2.weight - torch.Size([256, 256]): 
The value is the same before and after calling `init_weights` of GroundingDINO  

bbox_head.reg_branches.3.2.bias - torch.Size([256]): 
The value is the same before and after calling `init_weights` of GroundingDINO  

bbox_head.reg_branches.3.4.weight - torch.Size([4, 256]): 
Initialized by user-defined `init_weights` in GroundingDINOHead  

bbox_head.reg_branches.3.4.bias - torch.Size([4]): 
Initialized by user-defined `init_weights` in GroundingDINOHead  

bbox_head.reg_branches.4.0.weight - torch.Size([256, 256]): 
The value is the same before and after calling `init_weights` of GroundingDINO  

bbox_head.reg_branches.4.0.bias - torch.Size([256]): 
The value is the same before and after calling `init_weights` of GroundingDINO  

bbox_head.reg_branches.4.2.weight - torch.Size([256, 256]): 
The value is the same before and after calling `init_weights` of GroundingDINO  

bbox_head.reg_branches.4.2.bias - torch.Size([256]): 
The value is the same before and after calling `init_weights` of GroundingDINO  

bbox_head.reg_branches.4.4.weight - torch.Size([4, 256]): 
Initialized by user-defined `init_weights` in GroundingDINOHead  

bbox_head.reg_branches.4.4.bias - torch.Size([4]): 
Initialized by user-defined `init_weights` in GroundingDINOHead  

bbox_head.reg_branches.5.0.weight - torch.Size([256, 256]): 
The value is the same before and after calling `init_weights` of GroundingDINO  

bbox_head.reg_branches.5.0.bias - torch.Size([256]): 
The value is the same before and after calling `init_weights` of GroundingDINO  

bbox_head.reg_branches.5.2.weight - torch.Size([256, 256]): 
The value is the same before and after calling `init_weights` of GroundingDINO  

bbox_head.reg_branches.5.2.bias - torch.Size([256]): 
The value is the same before and after calling `init_weights` of GroundingDINO  

bbox_head.reg_branches.5.4.weight - torch.Size([4, 256]): 
Initialized by user-defined `init_weights` in GroundingDINOHead  

bbox_head.reg_branches.5.4.bias - torch.Size([4]): 
Initialized by user-defined `init_weights` in GroundingDINOHead  

bbox_head.reg_branches.6.0.weight - torch.Size([256, 256]): 
The value is the same before and after calling `init_weights` of GroundingDINO  

bbox_head.reg_branches.6.0.bias - torch.Size([256]): 
The value is the same before and after calling `init_weights` of GroundingDINO  

bbox_head.reg_branches.6.2.weight - torch.Size([256, 256]): 
The value is the same before and after calling `init_weights` of GroundingDINO  

bbox_head.reg_branches.6.2.bias - torch.Size([256]): 
The value is the same before and after calling `init_weights` of GroundingDINO  

bbox_head.reg_branches.6.4.weight - torch.Size([4, 256]): 
Initialized by user-defined `init_weights` in GroundingDINOHead  

bbox_head.reg_branches.6.4.bias - torch.Size([4]): 
Initialized by user-defined `init_weights` in GroundingDINOHead  

encoder.layers.0.self_attn.sampling_offsets.weight - torch.Size([256, 256]): 
The value is the same before and after calling `init_weights` of GroundingDINO  

encoder.layers.0.self_attn.sampling_offsets.bias - torch.Size([256]): 
The value is the same before and after calling `init_weights` of GroundingDINO  

encoder.layers.0.self_attn.attention_weights.weight - torch.Size([128, 256]): 
The value is the same before and after calling `init_weights` of GroundingDINO  

encoder.layers.0.self_attn.attention_weights.bias - torch.Size([128]): 
The value is the same before and after calling `init_weights` of GroundingDINO  

encoder.layers.0.self_attn.value_proj.weight - torch.Size([256, 256]): 
The value is the same before and after calling `init_weights` of GroundingDINO  

encoder.layers.0.self_attn.value_proj.bias - torch.Size([256]): 
The value is the same before and after calling `init_weights` of GroundingDINO  

encoder.layers.0.self_attn.output_proj.weight - torch.Size([256, 256]): 
The value is the same before and after calling `init_weights` of GroundingDINO  

encoder.layers.0.self_attn.output_proj.bias - torch.Size([256]): 
The value is the same before and after calling `init_weights` of GroundingDINO  

encoder.layers.0.ffn.layers.0.0.weight - torch.Size([2048, 256]): 
The value is the same before and after calling `init_weights` of GroundingDINO  

encoder.layers.0.ffn.layers.0.0.bias - torch.Size([2048]): 
The value is the same before and after calling `init_weights` of GroundingDINO  

encoder.layers.0.ffn.layers.1.weight - torch.Size([256, 2048]): 
The value is the same before and after calling `init_weights` of GroundingDINO  

encoder.layers.0.ffn.layers.1.bias - torch.Size([256]): 
The value is the same before and after calling `init_weights` of GroundingDINO  

encoder.layers.0.norms.0.weight - torch.Size([256]): 
The value is the same before and after calling `init_weights` of GroundingDINO  

encoder.layers.0.norms.0.bias - torch.Size([256]): 
The value is the same before and after calling `init_weights` of GroundingDINO  

encoder.layers.0.norms.1.weight - torch.Size([256]): 
The value is the same before and after calling `init_weights` of GroundingDINO  

encoder.layers.0.norms.1.bias - torch.Size([256]): 
The value is the same before and after calling `init_weights` of GroundingDINO  

encoder.layers.1.self_attn.sampling_offsets.weight - torch.Size([256, 256]): 
The value is the same before and after calling `init_weights` of GroundingDINO  

encoder.layers.1.self_attn.sampling_offsets.bias - torch.Size([256]): 
The value is the same before and after calling `init_weights` of GroundingDINO  

encoder.layers.1.self_attn.attention_weights.weight - torch.Size([128, 256]): 
The value is the same before and after calling `init_weights` of GroundingDINO  

encoder.layers.1.self_attn.attention_weights.bias - torch.Size([128]): 
The value is the same before and after calling `init_weights` of GroundingDINO  

encoder.layers.1.self_attn.value_proj.weight - torch.Size([256, 256]): 
The value is the same before and after calling `init_weights` of GroundingDINO  

encoder.layers.1.self_attn.value_proj.bias - torch.Size([256]): 
The value is the same before and after calling `init_weights` of GroundingDINO  

encoder.layers.1.self_attn.output_proj.weight - torch.Size([256, 256]): 
The value is the same before and after calling `init_weights` of GroundingDINO  

encoder.layers.1.self_attn.output_proj.bias - torch.Size([256]): 
The value is the same before and after calling `init_weights` of GroundingDINO  

encoder.layers.1.ffn.layers.0.0.weight - torch.Size([2048, 256]): 
The value is the same before and after calling `init_weights` of GroundingDINO  

encoder.layers.1.ffn.layers.0.0.bias - torch.Size([2048]): 
The value is the same before and after calling `init_weights` of GroundingDINO  

encoder.layers.1.ffn.layers.1.weight - torch.Size([256, 2048]): 
The value is the same before and after calling `init_weights` of GroundingDINO  

encoder.layers.1.ffn.layers.1.bias - torch.Size([256]): 
The value is the same before and after calling `init_weights` of GroundingDINO  

encoder.layers.1.norms.0.weight - torch.Size([256]): 
The value is the same before and after calling `init_weights` of GroundingDINO  

encoder.layers.1.norms.0.bias - torch.Size([256]): 
The value is the same before and after calling `init_weights` of GroundingDINO  

encoder.layers.1.norms.1.weight - torch.Size([256]): 
The value is the same before and after calling `init_weights` of GroundingDINO  

encoder.layers.1.norms.1.bias - torch.Size([256]): 
The value is the same before and after calling `init_weights` of GroundingDINO  

encoder.layers.2.self_attn.sampling_offsets.weight - torch.Size([256, 256]): 
The value is the same before and after calling `init_weights` of GroundingDINO  

encoder.layers.2.self_attn.sampling_offsets.bias - torch.Size([256]): 
The value is the same before and after calling `init_weights` of GroundingDINO  

encoder.layers.2.self_attn.attention_weights.weight - torch.Size([128, 256]): 
The value is the same before and after calling `init_weights` of GroundingDINO  

encoder.layers.2.self_attn.attention_weights.bias - torch.Size([128]): 
The value is the same before and after calling `init_weights` of GroundingDINO  

encoder.layers.2.self_attn.value_proj.weight - torch.Size([256, 256]): 
The value is the same before and after calling `init_weights` of GroundingDINO  

encoder.layers.2.self_attn.value_proj.bias - torch.Size([256]): 
The value is the same before and after calling `init_weights` of GroundingDINO  

encoder.layers.2.self_attn.output_proj.weight - torch.Size([256, 256]): 
The value is the same before and after calling `init_weights` of GroundingDINO  

encoder.layers.2.self_attn.output_proj.bias - torch.Size([256]): 
The value is the same before and after calling `init_weights` of GroundingDINO  

encoder.layers.2.ffn.layers.0.0.weight - torch.Size([2048, 256]): 
The value is the same before and after calling `init_weights` of GroundingDINO  

encoder.layers.2.ffn.layers.0.0.bias - torch.Size([2048]): 
The value is the same before and after calling `init_weights` of GroundingDINO  

encoder.layers.2.ffn.layers.1.weight - torch.Size([256, 2048]): 
The value is the same before and after calling `init_weights` of GroundingDINO  

encoder.layers.2.ffn.layers.1.bias - torch.Size([256]): 
The value is the same before and after calling `init_weights` of GroundingDINO  

encoder.layers.2.norms.0.weight - torch.Size([256]): 
The value is the same before and after calling `init_weights` of GroundingDINO  

encoder.layers.2.norms.0.bias - torch.Size([256]): 
The value is the same before and after calling `init_weights` of GroundingDINO  

encoder.layers.2.norms.1.weight - torch.Size([256]): 
The value is the same before and after calling `init_weights` of GroundingDINO  

encoder.layers.2.norms.1.bias - torch.Size([256]): 
The value is the same before and after calling `init_weights` of GroundingDINO  

encoder.layers.3.self_attn.sampling_offsets.weight - torch.Size([256, 256]): 
The value is the same before and after calling `init_weights` of GroundingDINO  

encoder.layers.3.self_attn.sampling_offsets.bias - torch.Size([256]): 
The value is the same before and after calling `init_weights` of GroundingDINO  

encoder.layers.3.self_attn.attention_weights.weight - torch.Size([128, 256]): 
The value is the same before and after calling `init_weights` of GroundingDINO  

encoder.layers.3.self_attn.attention_weights.bias - torch.Size([128]): 
The value is the same before and after calling `init_weights` of GroundingDINO  

encoder.layers.3.self_attn.value_proj.weight - torch.Size([256, 256]): 
The value is the same before and after calling `init_weights` of GroundingDINO  

encoder.layers.3.self_attn.value_proj.bias - torch.Size([256]): 
The value is the same before and after calling `init_weights` of GroundingDINO  

encoder.layers.3.self_attn.output_proj.weight - torch.Size([256, 256]): 
The value is the same before and after calling `init_weights` of GroundingDINO  

encoder.layers.3.self_attn.output_proj.bias - torch.Size([256]): 
The value is the same before and after calling `init_weights` of GroundingDINO  

encoder.layers.3.ffn.layers.0.0.weight - torch.Size([2048, 256]): 
The value is the same before and after calling `init_weights` of GroundingDINO  

encoder.layers.3.ffn.layers.0.0.bias - torch.Size([2048]): 
The value is the same before and after calling `init_weights` of GroundingDINO  

encoder.layers.3.ffn.layers.1.weight - torch.Size([256, 2048]): 
The value is the same before and after calling `init_weights` of GroundingDINO  

encoder.layers.3.ffn.layers.1.bias - torch.Size([256]): 
The value is the same before and after calling `init_weights` of GroundingDINO  

encoder.layers.3.norms.0.weight - torch.Size([256]): 
The value is the same before and after calling `init_weights` of GroundingDINO  

encoder.layers.3.norms.0.bias - torch.Size([256]): 
The value is the same before and after calling `init_weights` of GroundingDINO  

encoder.layers.3.norms.1.weight - torch.Size([256]): 
The value is the same before and after calling `init_weights` of GroundingDINO  

encoder.layers.3.norms.1.bias - torch.Size([256]): 
The value is the same before and after calling `init_weights` of GroundingDINO  

encoder.layers.4.self_attn.sampling_offsets.weight - torch.Size([256, 256]): 
The value is the same before and after calling `init_weights` of GroundingDINO  

encoder.layers.4.self_attn.sampling_offsets.bias - torch.Size([256]): 
The value is the same before and after calling `init_weights` of GroundingDINO  

encoder.layers.4.self_attn.attention_weights.weight - torch.Size([128, 256]): 
The value is the same before and after calling `init_weights` of GroundingDINO  

encoder.layers.4.self_attn.attention_weights.bias - torch.Size([128]): 
The value is the same before and after calling `init_weights` of GroundingDINO  

encoder.layers.4.self_attn.value_proj.weight - torch.Size([256, 256]): 
The value is the same before and after calling `init_weights` of GroundingDINO  

encoder.layers.4.self_attn.value_proj.bias - torch.Size([256]): 
The value is the same before and after calling `init_weights` of GroundingDINO  

encoder.layers.4.self_attn.output_proj.weight - torch.Size([256, 256]): 
The value is the same before and after calling `init_weights` of GroundingDINO  

encoder.layers.4.self_attn.output_proj.bias - torch.Size([256]): 
The value is the same before and after calling `init_weights` of GroundingDINO  

encoder.layers.4.ffn.layers.0.0.weight - torch.Size([2048, 256]): 
The value is the same before and after calling `init_weights` of GroundingDINO  

encoder.layers.4.ffn.layers.0.0.bias - torch.Size([2048]): 
The value is the same before and after calling `init_weights` of GroundingDINO  

encoder.layers.4.ffn.layers.1.weight - torch.Size([256, 2048]): 
The value is the same before and after calling `init_weights` of GroundingDINO  

encoder.layers.4.ffn.layers.1.bias - torch.Size([256]): 
The value is the same before and after calling `init_weights` of GroundingDINO  

encoder.layers.4.norms.0.weight - torch.Size([256]): 
The value is the same before and after calling `init_weights` of GroundingDINO  

encoder.layers.4.norms.0.bias - torch.Size([256]): 
The value is the same before and after calling `init_weights` of GroundingDINO  

encoder.layers.4.norms.1.weight - torch.Size([256]): 
The value is the same before and after calling `init_weights` of GroundingDINO  

encoder.layers.4.norms.1.bias - torch.Size([256]): 
The value is the same before and after calling `init_weights` of GroundingDINO  

encoder.layers.5.self_attn.sampling_offsets.weight - torch.Size([256, 256]): 
The value is the same before and after calling `init_weights` of GroundingDINO  

encoder.layers.5.self_attn.sampling_offsets.bias - torch.Size([256]): 
The value is the same before and after calling `init_weights` of GroundingDINO  

encoder.layers.5.self_attn.attention_weights.weight - torch.Size([128, 256]): 
The value is the same before and after calling `init_weights` of GroundingDINO  

encoder.layers.5.self_attn.attention_weights.bias - torch.Size([128]): 
The value is the same before and after calling `init_weights` of GroundingDINO  

encoder.layers.5.self_attn.value_proj.weight - torch.Size([256, 256]): 
The value is the same before and after calling `init_weights` of GroundingDINO  

encoder.layers.5.self_attn.value_proj.bias - torch.Size([256]): 
The value is the same before and after calling `init_weights` of GroundingDINO  

encoder.layers.5.self_attn.output_proj.weight - torch.Size([256, 256]): 
The value is the same before and after calling `init_weights` of GroundingDINO  

encoder.layers.5.self_attn.output_proj.bias - torch.Size([256]): 
The value is the same before and after calling `init_weights` of GroundingDINO  

encoder.layers.5.ffn.layers.0.0.weight - torch.Size([2048, 256]): 
The value is the same before and after calling `init_weights` of GroundingDINO  

encoder.layers.5.ffn.layers.0.0.bias - torch.Size([2048]): 
The value is the same before and after calling `init_weights` of GroundingDINO  

encoder.layers.5.ffn.layers.1.weight - torch.Size([256, 2048]): 
The value is the same before and after calling `init_weights` of GroundingDINO  

encoder.layers.5.ffn.layers.1.bias - torch.Size([256]): 
The value is the same before and after calling `init_weights` of GroundingDINO  

encoder.layers.5.norms.0.weight - torch.Size([256]): 
The value is the same before and after calling `init_weights` of GroundingDINO  

encoder.layers.5.norms.0.bias - torch.Size([256]): 
The value is the same before and after calling `init_weights` of GroundingDINO  

encoder.layers.5.norms.1.weight - torch.Size([256]): 
The value is the same before and after calling `init_weights` of GroundingDINO  

encoder.layers.5.norms.1.bias - torch.Size([256]): 
The value is the same before and after calling `init_weights` of GroundingDINO  

encoder.text_layers.0.self_attn.attn.in_proj_weight - torch.Size([768, 256]): 
The value is the same before and after calling `init_weights` of GroundingDINO  

encoder.text_layers.0.self_attn.attn.in_proj_bias - torch.Size([768]): 
The value is the same before and after calling `init_weights` of GroundingDINO  

encoder.text_layers.0.self_attn.attn.out_proj.weight - torch.Size([256, 256]): 
The value is the same before and after calling `init_weights` of GroundingDINO  

encoder.text_layers.0.self_attn.attn.out_proj.bias - torch.Size([256]): 
The value is the same before and after calling `init_weights` of GroundingDINO  

encoder.text_layers.0.ffn.layers.0.0.weight - torch.Size([1024, 256]): 
The value is the same before and after calling `init_weights` of GroundingDINO  

encoder.text_layers.0.ffn.layers.0.0.bias - torch.Size([1024]): 
The value is the same before and after calling `init_weights` of GroundingDINO  

encoder.text_layers.0.ffn.layers.1.weight - torch.Size([256, 1024]): 
The value is the same before and after calling `init_weights` of GroundingDINO  

encoder.text_layers.0.ffn.layers.1.bias - torch.Size([256]): 
The value is the same before and after calling `init_weights` of GroundingDINO  

encoder.text_layers.0.norms.0.weight - torch.Size([256]): 
The value is the same before and after calling `init_weights` of GroundingDINO  

encoder.text_layers.0.norms.0.bias - torch.Size([256]): 
The value is the same before and after calling `init_weights` of GroundingDINO  

encoder.text_layers.0.norms.1.weight - torch.Size([256]): 
The value is the same before and after calling `init_weights` of GroundingDINO  

encoder.text_layers.0.norms.1.bias - torch.Size([256]): 
The value is the same before and after calling `init_weights` of GroundingDINO  

encoder.text_layers.1.self_attn.attn.in_proj_weight - torch.Size([768, 256]): 
The value is the same before and after calling `init_weights` of GroundingDINO  

encoder.text_layers.1.self_attn.attn.in_proj_bias - torch.Size([768]): 
The value is the same before and after calling `init_weights` of GroundingDINO  

encoder.text_layers.1.self_attn.attn.out_proj.weight - torch.Size([256, 256]): 
The value is the same before and after calling `init_weights` of GroundingDINO  

encoder.text_layers.1.self_attn.attn.out_proj.bias - torch.Size([256]): 
The value is the same before and after calling `init_weights` of GroundingDINO  

encoder.text_layers.1.ffn.layers.0.0.weight - torch.Size([1024, 256]): 
The value is the same before and after calling `init_weights` of GroundingDINO  

encoder.text_layers.1.ffn.layers.0.0.bias - torch.Size([1024]): 
The value is the same before and after calling `init_weights` of GroundingDINO  

encoder.text_layers.1.ffn.layers.1.weight - torch.Size([256, 1024]): 
The value is the same before and after calling `init_weights` of GroundingDINO  

encoder.text_layers.1.ffn.layers.1.bias - torch.Size([256]): 
The value is the same before and after calling `init_weights` of GroundingDINO  

encoder.text_layers.1.norms.0.weight - torch.Size([256]): 
The value is the same before and after calling `init_weights` of GroundingDINO  

encoder.text_layers.1.norms.0.bias - torch.Size([256]): 
The value is the same before and after calling `init_weights` of GroundingDINO  

encoder.text_layers.1.norms.1.weight - torch.Size([256]): 
The value is the same before and after calling `init_weights` of GroundingDINO  

encoder.text_layers.1.norms.1.bias - torch.Size([256]): 
The value is the same before and after calling `init_weights` of GroundingDINO  

encoder.text_layers.2.self_attn.attn.in_proj_weight - torch.Size([768, 256]): 
The value is the same before and after calling `init_weights` of GroundingDINO  

encoder.text_layers.2.self_attn.attn.in_proj_bias - torch.Size([768]): 
The value is the same before and after calling `init_weights` of GroundingDINO  

encoder.text_layers.2.self_attn.attn.out_proj.weight - torch.Size([256, 256]): 
The value is the same before and after calling `init_weights` of GroundingDINO  

encoder.text_layers.2.self_attn.attn.out_proj.bias - torch.Size([256]): 
The value is the same before and after calling `init_weights` of GroundingDINO  

encoder.text_layers.2.ffn.layers.0.0.weight - torch.Size([1024, 256]): 
The value is the same before and after calling `init_weights` of GroundingDINO  

encoder.text_layers.2.ffn.layers.0.0.bias - torch.Size([1024]): 
The value is the same before and after calling `init_weights` of GroundingDINO  

encoder.text_layers.2.ffn.layers.1.weight - torch.Size([256, 1024]): 
The value is the same before and after calling `init_weights` of GroundingDINO  

encoder.text_layers.2.ffn.layers.1.bias - torch.Size([256]): 
The value is the same before and after calling `init_weights` of GroundingDINO  

encoder.text_layers.2.norms.0.weight - torch.Size([256]): 
The value is the same before and after calling `init_weights` of GroundingDINO  

encoder.text_layers.2.norms.0.bias - torch.Size([256]): 
The value is the same before and after calling `init_weights` of GroundingDINO  

encoder.text_layers.2.norms.1.weight - torch.Size([256]): 
The value is the same before and after calling `init_weights` of GroundingDINO  

encoder.text_layers.2.norms.1.bias - torch.Size([256]): 
The value is the same before and after calling `init_weights` of GroundingDINO  

encoder.text_layers.3.self_attn.attn.in_proj_weight - torch.Size([768, 256]): 
The value is the same before and after calling `init_weights` of GroundingDINO  

encoder.text_layers.3.self_attn.attn.in_proj_bias - torch.Size([768]): 
The value is the same before and after calling `init_weights` of GroundingDINO  

encoder.text_layers.3.self_attn.attn.out_proj.weight - torch.Size([256, 256]): 
The value is the same before and after calling `init_weights` of GroundingDINO  

encoder.text_layers.3.self_attn.attn.out_proj.bias - torch.Size([256]): 
The value is the same before and after calling `init_weights` of GroundingDINO  

encoder.text_layers.3.ffn.layers.0.0.weight - torch.Size([1024, 256]): 
The value is the same before and after calling `init_weights` of GroundingDINO  

encoder.text_layers.3.ffn.layers.0.0.bias - torch.Size([1024]): 
The value is the same before and after calling `init_weights` of GroundingDINO  

encoder.text_layers.3.ffn.layers.1.weight - torch.Size([256, 1024]): 
The value is the same before and after calling `init_weights` of GroundingDINO  

encoder.text_layers.3.ffn.layers.1.bias - torch.Size([256]): 
The value is the same before and after calling `init_weights` of GroundingDINO  

encoder.text_layers.3.norms.0.weight - torch.Size([256]): 
The value is the same before and after calling `init_weights` of GroundingDINO  

encoder.text_layers.3.norms.0.bias - torch.Size([256]): 
The value is the same before and after calling `init_weights` of GroundingDINO  

encoder.text_layers.3.norms.1.weight - torch.Size([256]): 
The value is the same before and after calling `init_weights` of GroundingDINO  

encoder.text_layers.3.norms.1.bias - torch.Size([256]): 
The value is the same before and after calling `init_weights` of GroundingDINO  

encoder.text_layers.4.self_attn.attn.in_proj_weight - torch.Size([768, 256]): 
The value is the same before and after calling `init_weights` of GroundingDINO  

encoder.text_layers.4.self_attn.attn.in_proj_bias - torch.Size([768]): 
The value is the same before and after calling `init_weights` of GroundingDINO  

encoder.text_layers.4.self_attn.attn.out_proj.weight - torch.Size([256, 256]): 
The value is the same before and after calling `init_weights` of GroundingDINO  

encoder.text_layers.4.self_attn.attn.out_proj.bias - torch.Size([256]): 
The value is the same before and after calling `init_weights` of GroundingDINO  

encoder.text_layers.4.ffn.layers.0.0.weight - torch.Size([1024, 256]): 
The value is the same before and after calling `init_weights` of GroundingDINO  

encoder.text_layers.4.ffn.layers.0.0.bias - torch.Size([1024]): 
The value is the same before and after calling `init_weights` of GroundingDINO  

encoder.text_layers.4.ffn.layers.1.weight - torch.Size([256, 1024]): 
The value is the same before and after calling `init_weights` of GroundingDINO  

encoder.text_layers.4.ffn.layers.1.bias - torch.Size([256]): 
The value is the same before and after calling `init_weights` of GroundingDINO  

encoder.text_layers.4.norms.0.weight - torch.Size([256]): 
The value is the same before and after calling `init_weights` of GroundingDINO  

encoder.text_layers.4.norms.0.bias - torch.Size([256]): 
The value is the same before and after calling `init_weights` of GroundingDINO  

encoder.text_layers.4.norms.1.weight - torch.Size([256]): 
The value is the same before and after calling `init_weights` of GroundingDINO  

encoder.text_layers.4.norms.1.bias - torch.Size([256]): 
The value is the same before and after calling `init_weights` of GroundingDINO  

encoder.text_layers.5.self_attn.attn.in_proj_weight - torch.Size([768, 256]): 
The value is the same before and after calling `init_weights` of GroundingDINO  

encoder.text_layers.5.self_attn.attn.in_proj_bias - torch.Size([768]): 
The value is the same before and after calling `init_weights` of GroundingDINO  

encoder.text_layers.5.self_attn.attn.out_proj.weight - torch.Size([256, 256]): 
The value is the same before and after calling `init_weights` of GroundingDINO  

encoder.text_layers.5.self_attn.attn.out_proj.bias - torch.Size([256]): 
The value is the same before and after calling `init_weights` of GroundingDINO  

encoder.text_layers.5.ffn.layers.0.0.weight - torch.Size([1024, 256]): 
The value is the same before and after calling `init_weights` of GroundingDINO  

encoder.text_layers.5.ffn.layers.0.0.bias - torch.Size([1024]): 
The value is the same before and after calling `init_weights` of GroundingDINO  

encoder.text_layers.5.ffn.layers.1.weight - torch.Size([256, 1024]): 
The value is the same before and after calling `init_weights` of GroundingDINO  

encoder.text_layers.5.ffn.layers.1.bias - torch.Size([256]): 
The value is the same before and after calling `init_weights` of GroundingDINO  

encoder.text_layers.5.norms.0.weight - torch.Size([256]): 
The value is the same before and after calling `init_weights` of GroundingDINO  

encoder.text_layers.5.norms.0.bias - torch.Size([256]): 
The value is the same before and after calling `init_weights` of GroundingDINO  

encoder.text_layers.5.norms.1.weight - torch.Size([256]): 
The value is the same before and after calling `init_weights` of GroundingDINO  

encoder.text_layers.5.norms.1.bias - torch.Size([256]): 
The value is the same before and after calling `init_weights` of GroundingDINO  

encoder.fusion_layers.0.gamma_v - torch.Size([256]): 
The value is the same before and after calling `init_weights` of GroundingDINO  

encoder.fusion_layers.0.gamma_l - torch.Size([256]): 
The value is the same before and after calling `init_weights` of GroundingDINO  

encoder.fusion_layers.0.layer_norm_v.weight - torch.Size([256]): 
The value is the same before and after calling `init_weights` of GroundingDINO  

encoder.fusion_layers.0.layer_norm_v.bias - torch.Size([256]): 
The value is the same before and after calling `init_weights` of GroundingDINO  

encoder.fusion_layers.0.layer_norm_l.weight - torch.Size([256]): 
The value is the same before and after calling `init_weights` of GroundingDINO  

encoder.fusion_layers.0.layer_norm_l.bias - torch.Size([256]): 
The value is the same before and after calling `init_weights` of GroundingDINO  

encoder.fusion_layers.0.attn.v_proj.weight - torch.Size([1024, 256]): 
The value is the same before and after calling `init_weights` of GroundingDINO  

encoder.fusion_layers.0.attn.v_proj.bias - torch.Size([1024]): 
The value is the same before and after calling `init_weights` of GroundingDINO  

encoder.fusion_layers.0.attn.l_proj.weight - torch.Size([1024, 256]): 
The value is the same before and after calling `init_weights` of GroundingDINO  

encoder.fusion_layers.0.attn.l_proj.bias - torch.Size([1024]): 
The value is the same before and after calling `init_weights` of GroundingDINO  

encoder.fusion_layers.0.attn.values_v_proj.weight - torch.Size([1024, 256]): 
The value is the same before and after calling `init_weights` of GroundingDINO  

encoder.fusion_layers.0.attn.values_v_proj.bias - torch.Size([1024]): 
The value is the same before and after calling `init_weights` of GroundingDINO  

encoder.fusion_layers.0.attn.values_l_proj.weight - torch.Size([1024, 256]): 
The value is the same before and after calling `init_weights` of GroundingDINO  

encoder.fusion_layers.0.attn.values_l_proj.bias - torch.Size([1024]): 
The value is the same before and after calling `init_weights` of GroundingDINO  

encoder.fusion_layers.0.attn.out_v_proj.weight - torch.Size([256, 1024]): 
The value is the same before and after calling `init_weights` of GroundingDINO  

encoder.fusion_layers.0.attn.out_v_proj.bias - torch.Size([256]): 
The value is the same before and after calling `init_weights` of GroundingDINO  

encoder.fusion_layers.0.attn.out_l_proj.weight - torch.Size([256, 1024]): 
The value is the same before and after calling `init_weights` of GroundingDINO  

encoder.fusion_layers.0.attn.out_l_proj.bias - torch.Size([256]): 
The value is the same before and after calling `init_weights` of GroundingDINO  

encoder.fusion_layers.1.gamma_v - torch.Size([256]): 
The value is the same before and after calling `init_weights` of GroundingDINO  

encoder.fusion_layers.1.gamma_l - torch.Size([256]): 
The value is the same before and after calling `init_weights` of GroundingDINO  

encoder.fusion_layers.1.layer_norm_v.weight - torch.Size([256]): 
The value is the same before and after calling `init_weights` of GroundingDINO  

encoder.fusion_layers.1.layer_norm_v.bias - torch.Size([256]): 
The value is the same before and after calling `init_weights` of GroundingDINO  

encoder.fusion_layers.1.layer_norm_l.weight - torch.Size([256]): 
The value is the same before and after calling `init_weights` of GroundingDINO  

encoder.fusion_layers.1.layer_norm_l.bias - torch.Size([256]): 
The value is the same before and after calling `init_weights` of GroundingDINO  

encoder.fusion_layers.1.attn.v_proj.weight - torch.Size([1024, 256]): 
The value is the same before and after calling `init_weights` of GroundingDINO  

encoder.fusion_layers.1.attn.v_proj.bias - torch.Size([1024]): 
The value is the same before and after calling `init_weights` of GroundingDINO  

encoder.fusion_layers.1.attn.l_proj.weight - torch.Size([1024, 256]): 
The value is the same before and after calling `init_weights` of GroundingDINO  

encoder.fusion_layers.1.attn.l_proj.bias - torch.Size([1024]): 
The value is the same before and after calling `init_weights` of GroundingDINO  

encoder.fusion_layers.1.attn.values_v_proj.weight - torch.Size([1024, 256]): 
The value is the same before and after calling `init_weights` of GroundingDINO  

encoder.fusion_layers.1.attn.values_v_proj.bias - torch.Size([1024]): 
The value is the same before and after calling `init_weights` of GroundingDINO  

encoder.fusion_layers.1.attn.values_l_proj.weight - torch.Size([1024, 256]): 
The value is the same before and after calling `init_weights` of GroundingDINO  

encoder.fusion_layers.1.attn.values_l_proj.bias - torch.Size([1024]): 
The value is the same before and after calling `init_weights` of GroundingDINO  

encoder.fusion_layers.1.attn.out_v_proj.weight - torch.Size([256, 1024]): 
The value is the same before and after calling `init_weights` of GroundingDINO  

encoder.fusion_layers.1.attn.out_v_proj.bias - torch.Size([256]): 
The value is the same before and after calling `init_weights` of GroundingDINO  

encoder.fusion_layers.1.attn.out_l_proj.weight - torch.Size([256, 1024]): 
The value is the same before and after calling `init_weights` of GroundingDINO  

encoder.fusion_layers.1.attn.out_l_proj.bias - torch.Size([256]): 
The value is the same before and after calling `init_weights` of GroundingDINO  

encoder.fusion_layers.2.gamma_v - torch.Size([256]): 
The value is the same before and after calling `init_weights` of GroundingDINO  

encoder.fusion_layers.2.gamma_l - torch.Size([256]): 
The value is the same before and after calling `init_weights` of GroundingDINO  

encoder.fusion_layers.2.layer_norm_v.weight - torch.Size([256]): 
The value is the same before and after calling `init_weights` of GroundingDINO  

encoder.fusion_layers.2.layer_norm_v.bias - torch.Size([256]): 
The value is the same before and after calling `init_weights` of GroundingDINO  

encoder.fusion_layers.2.layer_norm_l.weight - torch.Size([256]): 
The value is the same before and after calling `init_weights` of GroundingDINO  

encoder.fusion_layers.2.layer_norm_l.bias - torch.Size([256]): 
The value is the same before and after calling `init_weights` of GroundingDINO  

encoder.fusion_layers.2.attn.v_proj.weight - torch.Size([1024, 256]): 
The value is the same before and after calling `init_weights` of GroundingDINO  

encoder.fusion_layers.2.attn.v_proj.bias - torch.Size([1024]): 
The value is the same before and after calling `init_weights` of GroundingDINO  

encoder.fusion_layers.2.attn.l_proj.weight - torch.Size([1024, 256]): 
The value is the same before and after calling `init_weights` of GroundingDINO  

encoder.fusion_layers.2.attn.l_proj.bias - torch.Size([1024]): 
The value is the same before and after calling `init_weights` of GroundingDINO  

encoder.fusion_layers.2.attn.values_v_proj.weight - torch.Size([1024, 256]): 
The value is the same before and after calling `init_weights` of GroundingDINO  

encoder.fusion_layers.2.attn.values_v_proj.bias - torch.Size([1024]): 
The value is the same before and after calling `init_weights` of GroundingDINO  

encoder.fusion_layers.2.attn.values_l_proj.weight - torch.Size([1024, 256]): 
The value is the same before and after calling `init_weights` of GroundingDINO  

encoder.fusion_layers.2.attn.values_l_proj.bias - torch.Size([1024]): 
The value is the same before and after calling `init_weights` of GroundingDINO  

encoder.fusion_layers.2.attn.out_v_proj.weight - torch.Size([256, 1024]): 
The value is the same before and after calling `init_weights` of GroundingDINO  

encoder.fusion_layers.2.attn.out_v_proj.bias - torch.Size([256]): 
The value is the same before and after calling `init_weights` of GroundingDINO  

encoder.fusion_layers.2.attn.out_l_proj.weight - torch.Size([256, 1024]): 
The value is the same before and after calling `init_weights` of GroundingDINO  

encoder.fusion_layers.2.attn.out_l_proj.bias - torch.Size([256]): 
The value is the same before and after calling `init_weights` of GroundingDINO  

encoder.fusion_layers.3.gamma_v - torch.Size([256]): 
The value is the same before and after calling `init_weights` of GroundingDINO  

encoder.fusion_layers.3.gamma_l - torch.Size([256]): 
The value is the same before and after calling `init_weights` of GroundingDINO  

encoder.fusion_layers.3.layer_norm_v.weight - torch.Size([256]): 
The value is the same before and after calling `init_weights` of GroundingDINO  

encoder.fusion_layers.3.layer_norm_v.bias - torch.Size([256]): 
The value is the same before and after calling `init_weights` of GroundingDINO  

encoder.fusion_layers.3.layer_norm_l.weight - torch.Size([256]): 
The value is the same before and after calling `init_weights` of GroundingDINO  

encoder.fusion_layers.3.layer_norm_l.bias - torch.Size([256]): 
The value is the same before and after calling `init_weights` of GroundingDINO  

encoder.fusion_layers.3.attn.v_proj.weight - torch.Size([1024, 256]): 
The value is the same before and after calling `init_weights` of GroundingDINO  

encoder.fusion_layers.3.attn.v_proj.bias - torch.Size([1024]): 
The value is the same before and after calling `init_weights` of GroundingDINO  

encoder.fusion_layers.3.attn.l_proj.weight - torch.Size([1024, 256]): 
The value is the same before and after calling `init_weights` of GroundingDINO  

encoder.fusion_layers.3.attn.l_proj.bias - torch.Size([1024]): 
The value is the same before and after calling `init_weights` of GroundingDINO  

encoder.fusion_layers.3.attn.values_v_proj.weight - torch.Size([1024, 256]): 
The value is the same before and after calling `init_weights` of GroundingDINO  

encoder.fusion_layers.3.attn.values_v_proj.bias - torch.Size([1024]): 
The value is the same before and after calling `init_weights` of GroundingDINO  

encoder.fusion_layers.3.attn.values_l_proj.weight - torch.Size([1024, 256]): 
The value is the same before and after calling `init_weights` of GroundingDINO  

encoder.fusion_layers.3.attn.values_l_proj.bias - torch.Size([1024]): 
The value is the same before and after calling `init_weights` of GroundingDINO  

encoder.fusion_layers.3.attn.out_v_proj.weight - torch.Size([256, 1024]): 
The value is the same before and after calling `init_weights` of GroundingDINO  

encoder.fusion_layers.3.attn.out_v_proj.bias - torch.Size([256]): 
The value is the same before and after calling `init_weights` of GroundingDINO  

encoder.fusion_layers.3.attn.out_l_proj.weight - torch.Size([256, 1024]): 
The value is the same before and after calling `init_weights` of GroundingDINO  

encoder.fusion_layers.3.attn.out_l_proj.bias - torch.Size([256]): 
The value is the same before and after calling `init_weights` of GroundingDINO  

encoder.fusion_layers.4.gamma_v - torch.Size([256]): 
The value is the same before and after calling `init_weights` of GroundingDINO  

encoder.fusion_layers.4.gamma_l - torch.Size([256]): 
The value is the same before and after calling `init_weights` of GroundingDINO  

encoder.fusion_layers.4.layer_norm_v.weight - torch.Size([256]): 
The value is the same before and after calling `init_weights` of GroundingDINO  

encoder.fusion_layers.4.layer_norm_v.bias - torch.Size([256]): 
The value is the same before and after calling `init_weights` of GroundingDINO  

encoder.fusion_layers.4.layer_norm_l.weight - torch.Size([256]): 
The value is the same before and after calling `init_weights` of GroundingDINO  

encoder.fusion_layers.4.layer_norm_l.bias - torch.Size([256]): 
The value is the same before and after calling `init_weights` of GroundingDINO  

encoder.fusion_layers.4.attn.v_proj.weight - torch.Size([1024, 256]): 
The value is the same before and after calling `init_weights` of GroundingDINO  

encoder.fusion_layers.4.attn.v_proj.bias - torch.Size([1024]): 
The value is the same before and after calling `init_weights` of GroundingDINO  

encoder.fusion_layers.4.attn.l_proj.weight - torch.Size([1024, 256]): 
The value is the same before and after calling `init_weights` of GroundingDINO  

encoder.fusion_layers.4.attn.l_proj.bias - torch.Size([1024]): 
The value is the same before and after calling `init_weights` of GroundingDINO  

encoder.fusion_layers.4.attn.values_v_proj.weight - torch.Size([1024, 256]): 
The value is the same before and after calling `init_weights` of GroundingDINO  

encoder.fusion_layers.4.attn.values_v_proj.bias - torch.Size([1024]): 
The value is the same before and after calling `init_weights` of GroundingDINO  

encoder.fusion_layers.4.attn.values_l_proj.weight - torch.Size([1024, 256]): 
The value is the same before and after calling `init_weights` of GroundingDINO  

encoder.fusion_layers.4.attn.values_l_proj.bias - torch.Size([1024]): 
The value is the same before and after calling `init_weights` of GroundingDINO  

encoder.fusion_layers.4.attn.out_v_proj.weight - torch.Size([256, 1024]): 
The value is the same before and after calling `init_weights` of GroundingDINO  

encoder.fusion_layers.4.attn.out_v_proj.bias - torch.Size([256]): 
The value is the same before and after calling `init_weights` of GroundingDINO  

encoder.fusion_layers.4.attn.out_l_proj.weight - torch.Size([256, 1024]): 
The value is the same before and after calling `init_weights` of GroundingDINO  

encoder.fusion_layers.4.attn.out_l_proj.bias - torch.Size([256]): 
The value is the same before and after calling `init_weights` of GroundingDINO  

encoder.fusion_layers.5.gamma_v - torch.Size([256]): 
The value is the same before and after calling `init_weights` of GroundingDINO  

encoder.fusion_layers.5.gamma_l - torch.Size([256]): 
The value is the same before and after calling `init_weights` of GroundingDINO  

encoder.fusion_layers.5.layer_norm_v.weight - torch.Size([256]): 
The value is the same before and after calling `init_weights` of GroundingDINO  

encoder.fusion_layers.5.layer_norm_v.bias - torch.Size([256]): 
The value is the same before and after calling `init_weights` of GroundingDINO  

encoder.fusion_layers.5.layer_norm_l.weight - torch.Size([256]): 
The value is the same before and after calling `init_weights` of GroundingDINO  

encoder.fusion_layers.5.layer_norm_l.bias - torch.Size([256]): 
The value is the same before and after calling `init_weights` of GroundingDINO  

encoder.fusion_layers.5.attn.v_proj.weight - torch.Size([1024, 256]): 
The value is the same before and after calling `init_weights` of GroundingDINO  

encoder.fusion_layers.5.attn.v_proj.bias - torch.Size([1024]): 
The value is the same before and after calling `init_weights` of GroundingDINO  

encoder.fusion_layers.5.attn.l_proj.weight - torch.Size([1024, 256]): 
The value is the same before and after calling `init_weights` of GroundingDINO  

encoder.fusion_layers.5.attn.l_proj.bias - torch.Size([1024]): 
The value is the same before and after calling `init_weights` of GroundingDINO  

encoder.fusion_layers.5.attn.values_v_proj.weight - torch.Size([1024, 256]): 
The value is the same before and after calling `init_weights` of GroundingDINO  

encoder.fusion_layers.5.attn.values_v_proj.bias - torch.Size([1024]): 
The value is the same before and after calling `init_weights` of GroundingDINO  

encoder.fusion_layers.5.attn.values_l_proj.weight - torch.Size([1024, 256]): 
The value is the same before and after calling `init_weights` of GroundingDINO  

encoder.fusion_layers.5.attn.values_l_proj.bias - torch.Size([1024]): 
The value is the same before and after calling `init_weights` of GroundingDINO  

encoder.fusion_layers.5.attn.out_v_proj.weight - torch.Size([256, 1024]): 
The value is the same before and after calling `init_weights` of GroundingDINO  

encoder.fusion_layers.5.attn.out_v_proj.bias - torch.Size([256]): 
The value is the same before and after calling `init_weights` of GroundingDINO  

encoder.fusion_layers.5.attn.out_l_proj.weight - torch.Size([256, 1024]): 
The value is the same before and after calling `init_weights` of GroundingDINO  

encoder.fusion_layers.5.attn.out_l_proj.bias - torch.Size([256]): 
The value is the same before and after calling `init_weights` of GroundingDINO  

decoder.layers.0.self_attn.attn.in_proj_weight - torch.Size([768, 256]): 
The value is the same before and after calling `init_weights` of GroundingDINO  

decoder.layers.0.self_attn.attn.in_proj_bias - torch.Size([768]): 
The value is the same before and after calling `init_weights` of GroundingDINO  

decoder.layers.0.self_attn.attn.out_proj.weight - torch.Size([256, 256]): 
The value is the same before and after calling `init_weights` of GroundingDINO  

decoder.layers.0.self_attn.attn.out_proj.bias - torch.Size([256]): 
The value is the same before and after calling `init_weights` of GroundingDINO  

decoder.layers.0.cross_attn_text.attn.in_proj_weight - torch.Size([768, 256]): 
The value is the same before and after calling `init_weights` of GroundingDINO  

decoder.layers.0.cross_attn_text.attn.in_proj_bias - torch.Size([768]): 
The value is the same before and after calling `init_weights` of GroundingDINO  

decoder.layers.0.cross_attn_text.attn.out_proj.weight - torch.Size([256, 256]): 
The value is the same before and after calling `init_weights` of GroundingDINO  

decoder.layers.0.cross_attn_text.attn.out_proj.bias - torch.Size([256]): 
The value is the same before and after calling `init_weights` of GroundingDINO  

decoder.layers.0.cross_attn.sampling_offsets.weight - torch.Size([256, 256]): 
The value is the same before and after calling `init_weights` of GroundingDINO  

decoder.layers.0.cross_attn.sampling_offsets.bias - torch.Size([256]): 
The value is the same before and after calling `init_weights` of GroundingDINO  

decoder.layers.0.cross_attn.attention_weights.weight - torch.Size([128, 256]): 
The value is the same before and after calling `init_weights` of GroundingDINO  

decoder.layers.0.cross_attn.attention_weights.bias - torch.Size([128]): 
The value is the same before and after calling `init_weights` of GroundingDINO  

decoder.layers.0.cross_attn.value_proj.weight - torch.Size([256, 256]): 
The value is the same before and after calling `init_weights` of GroundingDINO  

decoder.layers.0.cross_attn.value_proj.bias - torch.Size([256]): 
The value is the same before and after calling `init_weights` of GroundingDINO  

decoder.layers.0.cross_attn.output_proj.weight - torch.Size([256, 256]): 
The value is the same before and after calling `init_weights` of GroundingDINO  

decoder.layers.0.cross_attn.output_proj.bias - torch.Size([256]): 
The value is the same before and after calling `init_weights` of GroundingDINO  

decoder.layers.0.ffn.layers.0.0.weight - torch.Size([2048, 256]): 
The value is the same before and after calling `init_weights` of GroundingDINO  

decoder.layers.0.ffn.layers.0.0.bias - torch.Size([2048]): 
The value is the same before and after calling `init_weights` of GroundingDINO  

decoder.layers.0.ffn.layers.1.weight - torch.Size([256, 2048]): 
The value is the same before and after calling `init_weights` of GroundingDINO  

decoder.layers.0.ffn.layers.1.bias - torch.Size([256]): 
The value is the same before and after calling `init_weights` of GroundingDINO  

decoder.layers.0.norms.0.weight - torch.Size([256]): 
The value is the same before and after calling `init_weights` of GroundingDINO  

decoder.layers.0.norms.0.bias - torch.Size([256]): 
The value is the same before and after calling `init_weights` of GroundingDINO  

decoder.layers.0.norms.1.weight - torch.Size([256]): 
The value is the same before and after calling `init_weights` of GroundingDINO  

decoder.layers.0.norms.1.bias - torch.Size([256]): 
The value is the same before and after calling `init_weights` of GroundingDINO  

decoder.layers.0.norms.2.weight - torch.Size([256]): 
The value is the same before and after calling `init_weights` of GroundingDINO  

decoder.layers.0.norms.2.bias - torch.Size([256]): 
The value is the same before and after calling `init_weights` of GroundingDINO  

decoder.layers.0.norms.3.weight - torch.Size([256]): 
The value is the same before and after calling `init_weights` of GroundingDINO  

decoder.layers.0.norms.3.bias - torch.Size([256]): 
The value is the same before and after calling `init_weights` of GroundingDINO  

decoder.layers.1.self_attn.attn.in_proj_weight - torch.Size([768, 256]): 
The value is the same before and after calling `init_weights` of GroundingDINO  

decoder.layers.1.self_attn.attn.in_proj_bias - torch.Size([768]): 
The value is the same before and after calling `init_weights` of GroundingDINO  

decoder.layers.1.self_attn.attn.out_proj.weight - torch.Size([256, 256]): 
The value is the same before and after calling `init_weights` of GroundingDINO  

decoder.layers.1.self_attn.attn.out_proj.bias - torch.Size([256]): 
The value is the same before and after calling `init_weights` of GroundingDINO  

decoder.layers.1.cross_attn_text.attn.in_proj_weight - torch.Size([768, 256]): 
The value is the same before and after calling `init_weights` of GroundingDINO  

decoder.layers.1.cross_attn_text.attn.in_proj_bias - torch.Size([768]): 
The value is the same before and after calling `init_weights` of GroundingDINO  

decoder.layers.1.cross_attn_text.attn.out_proj.weight - torch.Size([256, 256]): 
The value is the same before and after calling `init_weights` of GroundingDINO  

decoder.layers.1.cross_attn_text.attn.out_proj.bias - torch.Size([256]): 
The value is the same before and after calling `init_weights` of GroundingDINO  

decoder.layers.1.cross_attn.sampling_offsets.weight - torch.Size([256, 256]): 
The value is the same before and after calling `init_weights` of GroundingDINO  

decoder.layers.1.cross_attn.sampling_offsets.bias - torch.Size([256]): 
The value is the same before and after calling `init_weights` of GroundingDINO  

decoder.layers.1.cross_attn.attention_weights.weight - torch.Size([128, 256]): 
The value is the same before and after calling `init_weights` of GroundingDINO  

decoder.layers.1.cross_attn.attention_weights.bias - torch.Size([128]): 
The value is the same before and after calling `init_weights` of GroundingDINO  

decoder.layers.1.cross_attn.value_proj.weight - torch.Size([256, 256]): 
The value is the same before and after calling `init_weights` of GroundingDINO  

decoder.layers.1.cross_attn.value_proj.bias - torch.Size([256]): 
The value is the same before and after calling `init_weights` of GroundingDINO  

decoder.layers.1.cross_attn.output_proj.weight - torch.Size([256, 256]): 
The value is the same before and after calling `init_weights` of GroundingDINO  

decoder.layers.1.cross_attn.output_proj.bias - torch.Size([256]): 
The value is the same before and after calling `init_weights` of GroundingDINO  

decoder.layers.1.ffn.layers.0.0.weight - torch.Size([2048, 256]): 
The value is the same before and after calling `init_weights` of GroundingDINO  

decoder.layers.1.ffn.layers.0.0.bias - torch.Size([2048]): 
The value is the same before and after calling `init_weights` of GroundingDINO  

decoder.layers.1.ffn.layers.1.weight - torch.Size([256, 2048]): 
The value is the same before and after calling `init_weights` of GroundingDINO  

decoder.layers.1.ffn.layers.1.bias - torch.Size([256]): 
The value is the same before and after calling `init_weights` of GroundingDINO  

decoder.layers.1.norms.0.weight - torch.Size([256]): 
The value is the same before and after calling `init_weights` of GroundingDINO  

decoder.layers.1.norms.0.bias - torch.Size([256]): 
The value is the same before and after calling `init_weights` of GroundingDINO  

decoder.layers.1.norms.1.weight - torch.Size([256]): 
The value is the same before and after calling `init_weights` of GroundingDINO  

decoder.layers.1.norms.1.bias - torch.Size([256]): 
The value is the same before and after calling `init_weights` of GroundingDINO  

decoder.layers.1.norms.2.weight - torch.Size([256]): 
The value is the same before and after calling `init_weights` of GroundingDINO  

decoder.layers.1.norms.2.bias - torch.Size([256]): 
The value is the same before and after calling `init_weights` of GroundingDINO  

decoder.layers.1.norms.3.weight - torch.Size([256]): 
The value is the same before and after calling `init_weights` of GroundingDINO  

decoder.layers.1.norms.3.bias - torch.Size([256]): 
The value is the same before and after calling `init_weights` of GroundingDINO  

decoder.layers.2.self_attn.attn.in_proj_weight - torch.Size([768, 256]): 
The value is the same before and after calling `init_weights` of GroundingDINO  

decoder.layers.2.self_attn.attn.in_proj_bias - torch.Size([768]): 
The value is the same before and after calling `init_weights` of GroundingDINO  

decoder.layers.2.self_attn.attn.out_proj.weight - torch.Size([256, 256]): 
The value is the same before and after calling `init_weights` of GroundingDINO  

decoder.layers.2.self_attn.attn.out_proj.bias - torch.Size([256]): 
The value is the same before and after calling `init_weights` of GroundingDINO  

decoder.layers.2.cross_attn_text.attn.in_proj_weight - torch.Size([768, 256]): 
The value is the same before and after calling `init_weights` of GroundingDINO  

decoder.layers.2.cross_attn_text.attn.in_proj_bias - torch.Size([768]): 
The value is the same before and after calling `init_weights` of GroundingDINO  

decoder.layers.2.cross_attn_text.attn.out_proj.weight - torch.Size([256, 256]): 
The value is the same before and after calling `init_weights` of GroundingDINO  

decoder.layers.2.cross_attn_text.attn.out_proj.bias - torch.Size([256]): 
The value is the same before and after calling `init_weights` of GroundingDINO  

decoder.layers.2.cross_attn.sampling_offsets.weight - torch.Size([256, 256]): 
The value is the same before and after calling `init_weights` of GroundingDINO  

decoder.layers.2.cross_attn.sampling_offsets.bias - torch.Size([256]): 
The value is the same before and after calling `init_weights` of GroundingDINO  

decoder.layers.2.cross_attn.attention_weights.weight - torch.Size([128, 256]): 
The value is the same before and after calling `init_weights` of GroundingDINO  

decoder.layers.2.cross_attn.attention_weights.bias - torch.Size([128]): 
The value is the same before and after calling `init_weights` of GroundingDINO  

decoder.layers.2.cross_attn.value_proj.weight - torch.Size([256, 256]): 
The value is the same before and after calling `init_weights` of GroundingDINO  

decoder.layers.2.cross_attn.value_proj.bias - torch.Size([256]): 
The value is the same before and after calling `init_weights` of GroundingDINO  

decoder.layers.2.cross_attn.output_proj.weight - torch.Size([256, 256]): 
The value is the same before and after calling `init_weights` of GroundingDINO  

decoder.layers.2.cross_attn.output_proj.bias - torch.Size([256]): 
The value is the same before and after calling `init_weights` of GroundingDINO  

decoder.layers.2.ffn.layers.0.0.weight - torch.Size([2048, 256]): 
The value is the same before and after calling `init_weights` of GroundingDINO  

decoder.layers.2.ffn.layers.0.0.bias - torch.Size([2048]): 
The value is the same before and after calling `init_weights` of GroundingDINO  

decoder.layers.2.ffn.layers.1.weight - torch.Size([256, 2048]): 
The value is the same before and after calling `init_weights` of GroundingDINO  

decoder.layers.2.ffn.layers.1.bias - torch.Size([256]): 
The value is the same before and after calling `init_weights` of GroundingDINO  

decoder.layers.2.norms.0.weight - torch.Size([256]): 
The value is the same before and after calling `init_weights` of GroundingDINO  

decoder.layers.2.norms.0.bias - torch.Size([256]): 
The value is the same before and after calling `init_weights` of GroundingDINO  

decoder.layers.2.norms.1.weight - torch.Size([256]): 
The value is the same before and after calling `init_weights` of GroundingDINO  

decoder.layers.2.norms.1.bias - torch.Size([256]): 
The value is the same before and after calling `init_weights` of GroundingDINO  

decoder.layers.2.norms.2.weight - torch.Size([256]): 
The value is the same before and after calling `init_weights` of GroundingDINO  

decoder.layers.2.norms.2.bias - torch.Size([256]): 
The value is the same before and after calling `init_weights` of GroundingDINO  

decoder.layers.2.norms.3.weight - torch.Size([256]): 
The value is the same before and after calling `init_weights` of GroundingDINO  

decoder.layers.2.norms.3.bias - torch.Size([256]): 
The value is the same before and after calling `init_weights` of GroundingDINO  

decoder.layers.3.self_attn.attn.in_proj_weight - torch.Size([768, 256]): 
The value is the same before and after calling `init_weights` of GroundingDINO  

decoder.layers.3.self_attn.attn.in_proj_bias - torch.Size([768]): 
The value is the same before and after calling `init_weights` of GroundingDINO  

decoder.layers.3.self_attn.attn.out_proj.weight - torch.Size([256, 256]): 
The value is the same before and after calling `init_weights` of GroundingDINO  

decoder.layers.3.self_attn.attn.out_proj.bias - torch.Size([256]): 
The value is the same before and after calling `init_weights` of GroundingDINO  

decoder.layers.3.cross_attn_text.attn.in_proj_weight - torch.Size([768, 256]): 
The value is the same before and after calling `init_weights` of GroundingDINO  

decoder.layers.3.cross_attn_text.attn.in_proj_bias - torch.Size([768]): 
The value is the same before and after calling `init_weights` of GroundingDINO  

decoder.layers.3.cross_attn_text.attn.out_proj.weight - torch.Size([256, 256]): 
The value is the same before and after calling `init_weights` of GroundingDINO  

decoder.layers.3.cross_attn_text.attn.out_proj.bias - torch.Size([256]): 
The value is the same before and after calling `init_weights` of GroundingDINO  

decoder.layers.3.cross_attn.sampling_offsets.weight - torch.Size([256, 256]): 
The value is the same before and after calling `init_weights` of GroundingDINO  

decoder.layers.3.cross_attn.sampling_offsets.bias - torch.Size([256]): 
The value is the same before and after calling `init_weights` of GroundingDINO  

decoder.layers.3.cross_attn.attention_weights.weight - torch.Size([128, 256]): 
The value is the same before and after calling `init_weights` of GroundingDINO  

decoder.layers.3.cross_attn.attention_weights.bias - torch.Size([128]): 
The value is the same before and after calling `init_weights` of GroundingDINO  

decoder.layers.3.cross_attn.value_proj.weight - torch.Size([256, 256]): 
The value is the same before and after calling `init_weights` of GroundingDINO  

decoder.layers.3.cross_attn.value_proj.bias - torch.Size([256]): 
The value is the same before and after calling `init_weights` of GroundingDINO  

decoder.layers.3.cross_attn.output_proj.weight - torch.Size([256, 256]): 
The value is the same before and after calling `init_weights` of GroundingDINO  

decoder.layers.3.cross_attn.output_proj.bias - torch.Size([256]): 
The value is the same before and after calling `init_weights` of GroundingDINO  

decoder.layers.3.ffn.layers.0.0.weight - torch.Size([2048, 256]): 
The value is the same before and after calling `init_weights` of GroundingDINO  

decoder.layers.3.ffn.layers.0.0.bias - torch.Size([2048]): 
The value is the same before and after calling `init_weights` of GroundingDINO  

decoder.layers.3.ffn.layers.1.weight - torch.Size([256, 2048]): 
The value is the same before and after calling `init_weights` of GroundingDINO  

decoder.layers.3.ffn.layers.1.bias - torch.Size([256]): 
The value is the same before and after calling `init_weights` of GroundingDINO  

decoder.layers.3.norms.0.weight - torch.Size([256]): 
The value is the same before and after calling `init_weights` of GroundingDINO  

decoder.layers.3.norms.0.bias - torch.Size([256]): 
The value is the same before and after calling `init_weights` of GroundingDINO  

decoder.layers.3.norms.1.weight - torch.Size([256]): 
The value is the same before and after calling `init_weights` of GroundingDINO  

decoder.layers.3.norms.1.bias - torch.Size([256]): 
The value is the same before and after calling `init_weights` of GroundingDINO  

decoder.layers.3.norms.2.weight - torch.Size([256]): 
The value is the same before and after calling `init_weights` of GroundingDINO  

decoder.layers.3.norms.2.bias - torch.Size([256]): 
The value is the same before and after calling `init_weights` of GroundingDINO  

decoder.layers.3.norms.3.weight - torch.Size([256]): 
The value is the same before and after calling `init_weights` of GroundingDINO  

decoder.layers.3.norms.3.bias - torch.Size([256]): 
The value is the same before and after calling `init_weights` of GroundingDINO  

decoder.layers.4.self_attn.attn.in_proj_weight - torch.Size([768, 256]): 
The value is the same before and after calling `init_weights` of GroundingDINO  

decoder.layers.4.self_attn.attn.in_proj_bias - torch.Size([768]): 
The value is the same before and after calling `init_weights` of GroundingDINO  

decoder.layers.4.self_attn.attn.out_proj.weight - torch.Size([256, 256]): 
The value is the same before and after calling `init_weights` of GroundingDINO  

decoder.layers.4.self_attn.attn.out_proj.bias - torch.Size([256]): 
The value is the same before and after calling `init_weights` of GroundingDINO  

decoder.layers.4.cross_attn_text.attn.in_proj_weight - torch.Size([768, 256]): 
The value is the same before and after calling `init_weights` of GroundingDINO  

decoder.layers.4.cross_attn_text.attn.in_proj_bias - torch.Size([768]): 
The value is the same before and after calling `init_weights` of GroundingDINO  

decoder.layers.4.cross_attn_text.attn.out_proj.weight - torch.Size([256, 256]): 
The value is the same before and after calling `init_weights` of GroundingDINO  

decoder.layers.4.cross_attn_text.attn.out_proj.bias - torch.Size([256]): 
The value is the same before and after calling `init_weights` of GroundingDINO  

decoder.layers.4.cross_attn.sampling_offsets.weight - torch.Size([256, 256]): 
The value is the same before and after calling `init_weights` of GroundingDINO  

decoder.layers.4.cross_attn.sampling_offsets.bias - torch.Size([256]): 
The value is the same before and after calling `init_weights` of GroundingDINO  

decoder.layers.4.cross_attn.attention_weights.weight - torch.Size([128, 256]): 
The value is the same before and after calling `init_weights` of GroundingDINO  

decoder.layers.4.cross_attn.attention_weights.bias - torch.Size([128]): 
The value is the same before and after calling `init_weights` of GroundingDINO  

decoder.layers.4.cross_attn.value_proj.weight - torch.Size([256, 256]): 
The value is the same before and after calling `init_weights` of GroundingDINO  

decoder.layers.4.cross_attn.value_proj.bias - torch.Size([256]): 
The value is the same before and after calling `init_weights` of GroundingDINO  

decoder.layers.4.cross_attn.output_proj.weight - torch.Size([256, 256]): 
The value is the same before and after calling `init_weights` of GroundingDINO  

decoder.layers.4.cross_attn.output_proj.bias - torch.Size([256]): 
The value is the same before and after calling `init_weights` of GroundingDINO  

decoder.layers.4.ffn.layers.0.0.weight - torch.Size([2048, 256]): 
The value is the same before and after calling `init_weights` of GroundingDINO  

decoder.layers.4.ffn.layers.0.0.bias - torch.Size([2048]): 
The value is the same before and after calling `init_weights` of GroundingDINO  

decoder.layers.4.ffn.layers.1.weight - torch.Size([256, 2048]): 
The value is the same before and after calling `init_weights` of GroundingDINO  

decoder.layers.4.ffn.layers.1.bias - torch.Size([256]): 
The value is the same before and after calling `init_weights` of GroundingDINO  

decoder.layers.4.norms.0.weight - torch.Size([256]): 
The value is the same before and after calling `init_weights` of GroundingDINO  

decoder.layers.4.norms.0.bias - torch.Size([256]): 
The value is the same before and after calling `init_weights` of GroundingDINO  

decoder.layers.4.norms.1.weight - torch.Size([256]): 
The value is the same before and after calling `init_weights` of GroundingDINO  

decoder.layers.4.norms.1.bias - torch.Size([256]): 
The value is the same before and after calling `init_weights` of GroundingDINO  

decoder.layers.4.norms.2.weight - torch.Size([256]): 
The value is the same before and after calling `init_weights` of GroundingDINO  

decoder.layers.4.norms.2.bias - torch.Size([256]): 
The value is the same before and after calling `init_weights` of GroundingDINO  

decoder.layers.4.norms.3.weight - torch.Size([256]): 
The value is the same before and after calling `init_weights` of GroundingDINO  

decoder.layers.4.norms.3.bias - torch.Size([256]): 
The value is the same before and after calling `init_weights` of GroundingDINO  

decoder.layers.5.self_attn.attn.in_proj_weight - torch.Size([768, 256]): 
The value is the same before and after calling `init_weights` of GroundingDINO  

decoder.layers.5.self_attn.attn.in_proj_bias - torch.Size([768]): 
The value is the same before and after calling `init_weights` of GroundingDINO  

decoder.layers.5.self_attn.attn.out_proj.weight - torch.Size([256, 256]): 
The value is the same before and after calling `init_weights` of GroundingDINO  

decoder.layers.5.self_attn.attn.out_proj.bias - torch.Size([256]): 
The value is the same before and after calling `init_weights` of GroundingDINO  

decoder.layers.5.cross_attn_text.attn.in_proj_weight - torch.Size([768, 256]): 
The value is the same before and after calling `init_weights` of GroundingDINO  

decoder.layers.5.cross_attn_text.attn.in_proj_bias - torch.Size([768]): 
The value is the same before and after calling `init_weights` of GroundingDINO  

decoder.layers.5.cross_attn_text.attn.out_proj.weight - torch.Size([256, 256]): 
The value is the same before and after calling `init_weights` of GroundingDINO  

decoder.layers.5.cross_attn_text.attn.out_proj.bias - torch.Size([256]): 
The value is the same before and after calling `init_weights` of GroundingDINO  

decoder.layers.5.cross_attn.sampling_offsets.weight - torch.Size([256, 256]): 
The value is the same before and after calling `init_weights` of GroundingDINO  

decoder.layers.5.cross_attn.sampling_offsets.bias - torch.Size([256]): 
The value is the same before and after calling `init_weights` of GroundingDINO  

decoder.layers.5.cross_attn.attention_weights.weight - torch.Size([128, 256]): 
The value is the same before and after calling `init_weights` of GroundingDINO  

decoder.layers.5.cross_attn.attention_weights.bias - torch.Size([128]): 
The value is the same before and after calling `init_weights` of GroundingDINO  

decoder.layers.5.cross_attn.value_proj.weight - torch.Size([256, 256]): 
The value is the same before and after calling `init_weights` of GroundingDINO  

decoder.layers.5.cross_attn.value_proj.bias - torch.Size([256]): 
The value is the same before and after calling `init_weights` of GroundingDINO  

decoder.layers.5.cross_attn.output_proj.weight - torch.Size([256, 256]): 
The value is the same before and after calling `init_weights` of GroundingDINO  

decoder.layers.5.cross_attn.output_proj.bias - torch.Size([256]): 
The value is the same before and after calling `init_weights` of GroundingDINO  

decoder.layers.5.ffn.layers.0.0.weight - torch.Size([2048, 256]): 
The value is the same before and after calling `init_weights` of GroundingDINO  

decoder.layers.5.ffn.layers.0.0.bias - torch.Size([2048]): 
The value is the same before and after calling `init_weights` of GroundingDINO  

decoder.layers.5.ffn.layers.1.weight - torch.Size([256, 2048]): 
The value is the same before and after calling `init_weights` of GroundingDINO  

decoder.layers.5.ffn.layers.1.bias - torch.Size([256]): 
The value is the same before and after calling `init_weights` of GroundingDINO  

decoder.layers.5.norms.0.weight - torch.Size([256]): 
The value is the same before and after calling `init_weights` of GroundingDINO  

decoder.layers.5.norms.0.bias - torch.Size([256]): 
The value is the same before and after calling `init_weights` of GroundingDINO  

decoder.layers.5.norms.1.weight - torch.Size([256]): 
The value is the same before and after calling `init_weights` of GroundingDINO  

decoder.layers.5.norms.1.bias - torch.Size([256]): 
The value is the same before and after calling `init_weights` of GroundingDINO  

decoder.layers.5.norms.2.weight - torch.Size([256]): 
The value is the same before and after calling `init_weights` of GroundingDINO  

decoder.layers.5.norms.2.bias - torch.Size([256]): 
The value is the same before and after calling `init_weights` of GroundingDINO  

decoder.layers.5.norms.3.weight - torch.Size([256]): 
The value is the same before and after calling `init_weights` of GroundingDINO  

decoder.layers.5.norms.3.bias - torch.Size([256]): 
The value is the same before and after calling `init_weights` of GroundingDINO  

decoder.ref_point_head.layers.0.weight - torch.Size([256, 512]): 
The value is the same before and after calling `init_weights` of GroundingDINO  

decoder.ref_point_head.layers.0.bias - torch.Size([256]): 
The value is the same before and after calling `init_weights` of GroundingDINO  

decoder.ref_point_head.layers.1.weight - torch.Size([256, 256]): 
The value is the same before and after calling `init_weights` of GroundingDINO  

decoder.ref_point_head.layers.1.bias - torch.Size([256]): 
The value is the same before and after calling `init_weights` of GroundingDINO  

decoder.norm.weight - torch.Size([256]): 
The value is the same before and after calling `init_weights` of GroundingDINO  

decoder.norm.bias - torch.Size([256]): 
The value is the same before and after calling `init_weights` of GroundingDINO  

query_embedding.weight - torch.Size([900, 256]): 
The value is the same before and after calling `init_weights` of GroundingDINO  

memory_trans_fc.weight - torch.Size([256, 256]): 
The value is the same before and after calling `init_weights` of GroundingDINO  

memory_trans_fc.bias - torch.Size([256]): 
The value is the same before and after calling `init_weights` of GroundingDINO  

memory_trans_norm.weight - torch.Size([256]): 
The value is the same before and after calling `init_weights` of GroundingDINO  

memory_trans_norm.bias - torch.Size([256]): 
The value is the same before and after calling `init_weights` of GroundingDINO  

language_model.language_backbone.body.model.embeddings.word_embeddings.weight - torch.Size([30522, 768]): 
The value is the same before and after calling `init_weights` of GroundingDINO  

language_model.language_backbone.body.model.embeddings.position_embeddings.weight - torch.Size([512, 768]): 
The value is the same before and after calling `init_weights` of GroundingDINO  

language_model.language_backbone.body.model.embeddings.token_type_embeddings.weight - torch.Size([2, 768]): 
The value is the same before and after calling `init_weights` of GroundingDINO  

language_model.language_backbone.body.model.embeddings.LayerNorm.weight - torch.Size([768]): 
The value is the same before and after calling `init_weights` of GroundingDINO  

language_model.language_backbone.body.model.embeddings.LayerNorm.bias - torch.Size([768]): 
The value is the same before and after calling `init_weights` of GroundingDINO  

language_model.language_backbone.body.model.encoder.layer.0.attention.self.query.weight - torch.Size([768, 768]): 
The value is the same before and after calling `init_weights` of GroundingDINO  

language_model.language_backbone.body.model.encoder.layer.0.attention.self.query.bias - torch.Size([768]): 
The value is the same before and after calling `init_weights` of GroundingDINO  

language_model.language_backbone.body.model.encoder.layer.0.attention.self.key.weight - torch.Size([768, 768]): 
The value is the same before and after calling `init_weights` of GroundingDINO  

language_model.language_backbone.body.model.encoder.layer.0.attention.self.key.bias - torch.Size([768]): 
The value is the same before and after calling `init_weights` of GroundingDINO  

language_model.language_backbone.body.model.encoder.layer.0.attention.self.value.weight - torch.Size([768, 768]): 
The value is the same before and after calling `init_weights` of GroundingDINO  

language_model.language_backbone.body.model.encoder.layer.0.attention.self.value.bias - torch.Size([768]): 
The value is the same before and after calling `init_weights` of GroundingDINO  

language_model.language_backbone.body.model.encoder.layer.0.attention.output.dense.weight - torch.Size([768, 768]): 
The value is the same before and after calling `init_weights` of GroundingDINO  

language_model.language_backbone.body.model.encoder.layer.0.attention.output.dense.bias - torch.Size([768]): 
The value is the same before and after calling `init_weights` of GroundingDINO  

language_model.language_backbone.body.model.encoder.layer.0.attention.output.LayerNorm.weight - torch.Size([768]): 
The value is the same before and after calling `init_weights` of GroundingDINO  

language_model.language_backbone.body.model.encoder.layer.0.attention.output.LayerNorm.bias - torch.Size([768]): 
The value is the same before and after calling `init_weights` of GroundingDINO  

language_model.language_backbone.body.model.encoder.layer.0.intermediate.dense.weight - torch.Size([3072, 768]): 
The value is the same before and after calling `init_weights` of GroundingDINO  

language_model.language_backbone.body.model.encoder.layer.0.intermediate.dense.bias - torch.Size([3072]): 
The value is the same before and after calling `init_weights` of GroundingDINO  

language_model.language_backbone.body.model.encoder.layer.0.output.dense.weight - torch.Size([768, 3072]): 
The value is the same before and after calling `init_weights` of GroundingDINO  

language_model.language_backbone.body.model.encoder.layer.0.output.dense.bias - torch.Size([768]): 
The value is the same before and after calling `init_weights` of GroundingDINO  

language_model.language_backbone.body.model.encoder.layer.0.output.LayerNorm.weight - torch.Size([768]): 
The value is the same before and after calling `init_weights` of GroundingDINO  

language_model.language_backbone.body.model.encoder.layer.0.output.LayerNorm.bias - torch.Size([768]): 
The value is the same before and after calling `init_weights` of GroundingDINO  

language_model.language_backbone.body.model.encoder.layer.1.attention.self.query.weight - torch.Size([768, 768]): 
The value is the same before and after calling `init_weights` of GroundingDINO  

language_model.language_backbone.body.model.encoder.layer.1.attention.self.query.bias - torch.Size([768]): 
The value is the same before and after calling `init_weights` of GroundingDINO  

language_model.language_backbone.body.model.encoder.layer.1.attention.self.key.weight - torch.Size([768, 768]): 
The value is the same before and after calling `init_weights` of GroundingDINO  

language_model.language_backbone.body.model.encoder.layer.1.attention.self.key.bias - torch.Size([768]): 
The value is the same before and after calling `init_weights` of GroundingDINO  

language_model.language_backbone.body.model.encoder.layer.1.attention.self.value.weight - torch.Size([768, 768]): 
The value is the same before and after calling `init_weights` of GroundingDINO  

language_model.language_backbone.body.model.encoder.layer.1.attention.self.value.bias - torch.Size([768]): 
The value is the same before and after calling `init_weights` of GroundingDINO  

language_model.language_backbone.body.model.encoder.layer.1.attention.output.dense.weight - torch.Size([768, 768]): 
The value is the same before and after calling `init_weights` of GroundingDINO  

language_model.language_backbone.body.model.encoder.layer.1.attention.output.dense.bias - torch.Size([768]): 
The value is the same before and after calling `init_weights` of GroundingDINO  

language_model.language_backbone.body.model.encoder.layer.1.attention.output.LayerNorm.weight - torch.Size([768]): 
The value is the same before and after calling `init_weights` of GroundingDINO  

language_model.language_backbone.body.model.encoder.layer.1.attention.output.LayerNorm.bias - torch.Size([768]): 
The value is the same before and after calling `init_weights` of GroundingDINO  

language_model.language_backbone.body.model.encoder.layer.1.intermediate.dense.weight - torch.Size([3072, 768]): 
The value is the same before and after calling `init_weights` of GroundingDINO  

language_model.language_backbone.body.model.encoder.layer.1.intermediate.dense.bias - torch.Size([3072]): 
The value is the same before and after calling `init_weights` of GroundingDINO  

language_model.language_backbone.body.model.encoder.layer.1.output.dense.weight - torch.Size([768, 3072]): 
The value is the same before and after calling `init_weights` of GroundingDINO  

language_model.language_backbone.body.model.encoder.layer.1.output.dense.bias - torch.Size([768]): 
The value is the same before and after calling `init_weights` of GroundingDINO  

language_model.language_backbone.body.model.encoder.layer.1.output.LayerNorm.weight - torch.Size([768]): 
The value is the same before and after calling `init_weights` of GroundingDINO  

language_model.language_backbone.body.model.encoder.layer.1.output.LayerNorm.bias - torch.Size([768]): 
The value is the same before and after calling `init_weights` of GroundingDINO  

language_model.language_backbone.body.model.encoder.layer.2.attention.self.query.weight - torch.Size([768, 768]): 
The value is the same before and after calling `init_weights` of GroundingDINO  

language_model.language_backbone.body.model.encoder.layer.2.attention.self.query.bias - torch.Size([768]): 
The value is the same before and after calling `init_weights` of GroundingDINO  

language_model.language_backbone.body.model.encoder.layer.2.attention.self.key.weight - torch.Size([768, 768]): 
The value is the same before and after calling `init_weights` of GroundingDINO  

language_model.language_backbone.body.model.encoder.layer.2.attention.self.key.bias - torch.Size([768]): 
The value is the same before and after calling `init_weights` of GroundingDINO  

language_model.language_backbone.body.model.encoder.layer.2.attention.self.value.weight - torch.Size([768, 768]): 
The value is the same before and after calling `init_weights` of GroundingDINO  

language_model.language_backbone.body.model.encoder.layer.2.attention.self.value.bias - torch.Size([768]): 
The value is the same before and after calling `init_weights` of GroundingDINO  

language_model.language_backbone.body.model.encoder.layer.2.attention.output.dense.weight - torch.Size([768, 768]): 
The value is the same before and after calling `init_weights` of GroundingDINO  

language_model.language_backbone.body.model.encoder.layer.2.attention.output.dense.bias - torch.Size([768]): 
The value is the same before and after calling `init_weights` of GroundingDINO  

language_model.language_backbone.body.model.encoder.layer.2.attention.output.LayerNorm.weight - torch.Size([768]): 
The value is the same before and after calling `init_weights` of GroundingDINO  

language_model.language_backbone.body.model.encoder.layer.2.attention.output.LayerNorm.bias - torch.Size([768]): 
The value is the same before and after calling `init_weights` of GroundingDINO  

language_model.language_backbone.body.model.encoder.layer.2.intermediate.dense.weight - torch.Size([3072, 768]): 
The value is the same before and after calling `init_weights` of GroundingDINO  

language_model.language_backbone.body.model.encoder.layer.2.intermediate.dense.bias - torch.Size([3072]): 
The value is the same before and after calling `init_weights` of GroundingDINO  

language_model.language_backbone.body.model.encoder.layer.2.output.dense.weight - torch.Size([768, 3072]): 
The value is the same before and after calling `init_weights` of GroundingDINO  

language_model.language_backbone.body.model.encoder.layer.2.output.dense.bias - torch.Size([768]): 
The value is the same before and after calling `init_weights` of GroundingDINO  

language_model.language_backbone.body.model.encoder.layer.2.output.LayerNorm.weight - torch.Size([768]): 
The value is the same before and after calling `init_weights` of GroundingDINO  

language_model.language_backbone.body.model.encoder.layer.2.output.LayerNorm.bias - torch.Size([768]): 
The value is the same before and after calling `init_weights` of GroundingDINO  

language_model.language_backbone.body.model.encoder.layer.3.attention.self.query.weight - torch.Size([768, 768]): 
The value is the same before and after calling `init_weights` of GroundingDINO  

language_model.language_backbone.body.model.encoder.layer.3.attention.self.query.bias - torch.Size([768]): 
The value is the same before and after calling `init_weights` of GroundingDINO  

language_model.language_backbone.body.model.encoder.layer.3.attention.self.key.weight - torch.Size([768, 768]): 
The value is the same before and after calling `init_weights` of GroundingDINO  

language_model.language_backbone.body.model.encoder.layer.3.attention.self.key.bias - torch.Size([768]): 
The value is the same before and after calling `init_weights` of GroundingDINO  

language_model.language_backbone.body.model.encoder.layer.3.attention.self.value.weight - torch.Size([768, 768]): 
The value is the same before and after calling `init_weights` of GroundingDINO  

language_model.language_backbone.body.model.encoder.layer.3.attention.self.value.bias - torch.Size([768]): 
The value is the same before and after calling `init_weights` of GroundingDINO  

language_model.language_backbone.body.model.encoder.layer.3.attention.output.dense.weight - torch.Size([768, 768]): 
The value is the same before and after calling `init_weights` of GroundingDINO  

language_model.language_backbone.body.model.encoder.layer.3.attention.output.dense.bias - torch.Size([768]): 
The value is the same before and after calling `init_weights` of GroundingDINO  

language_model.language_backbone.body.model.encoder.layer.3.attention.output.LayerNorm.weight - torch.Size([768]): 
The value is the same before and after calling `init_weights` of GroundingDINO  

language_model.language_backbone.body.model.encoder.layer.3.attention.output.LayerNorm.bias - torch.Size([768]): 
The value is the same before and after calling `init_weights` of GroundingDINO  

language_model.language_backbone.body.model.encoder.layer.3.intermediate.dense.weight - torch.Size([3072, 768]): 
The value is the same before and after calling `init_weights` of GroundingDINO  

language_model.language_backbone.body.model.encoder.layer.3.intermediate.dense.bias - torch.Size([3072]): 
The value is the same before and after calling `init_weights` of GroundingDINO  

language_model.language_backbone.body.model.encoder.layer.3.output.dense.weight - torch.Size([768, 3072]): 
The value is the same before and after calling `init_weights` of GroundingDINO  

language_model.language_backbone.body.model.encoder.layer.3.output.dense.bias - torch.Size([768]): 
The value is the same before and after calling `init_weights` of GroundingDINO  

language_model.language_backbone.body.model.encoder.layer.3.output.LayerNorm.weight - torch.Size([768]): 
The value is the same before and after calling `init_weights` of GroundingDINO  

language_model.language_backbone.body.model.encoder.layer.3.output.LayerNorm.bias - torch.Size([768]): 
The value is the same before and after calling `init_weights` of GroundingDINO  

language_model.language_backbone.body.model.encoder.layer.4.attention.self.query.weight - torch.Size([768, 768]): 
The value is the same before and after calling `init_weights` of GroundingDINO  

language_model.language_backbone.body.model.encoder.layer.4.attention.self.query.bias - torch.Size([768]): 
The value is the same before and after calling `init_weights` of GroundingDINO  

language_model.language_backbone.body.model.encoder.layer.4.attention.self.key.weight - torch.Size([768, 768]): 
The value is the same before and after calling `init_weights` of GroundingDINO  

language_model.language_backbone.body.model.encoder.layer.4.attention.self.key.bias - torch.Size([768]): 
The value is the same before and after calling `init_weights` of GroundingDINO  

language_model.language_backbone.body.model.encoder.layer.4.attention.self.value.weight - torch.Size([768, 768]): 
The value is the same before and after calling `init_weights` of GroundingDINO  

language_model.language_backbone.body.model.encoder.layer.4.attention.self.value.bias - torch.Size([768]): 
The value is the same before and after calling `init_weights` of GroundingDINO  

language_model.language_backbone.body.model.encoder.layer.4.attention.output.dense.weight - torch.Size([768, 768]): 
The value is the same before and after calling `init_weights` of GroundingDINO  

language_model.language_backbone.body.model.encoder.layer.4.attention.output.dense.bias - torch.Size([768]): 
The value is the same before and after calling `init_weights` of GroundingDINO  

language_model.language_backbone.body.model.encoder.layer.4.attention.output.LayerNorm.weight - torch.Size([768]): 
The value is the same before and after calling `init_weights` of GroundingDINO  

language_model.language_backbone.body.model.encoder.layer.4.attention.output.LayerNorm.bias - torch.Size([768]): 
The value is the same before and after calling `init_weights` of GroundingDINO  

language_model.language_backbone.body.model.encoder.layer.4.intermediate.dense.weight - torch.Size([3072, 768]): 
The value is the same before and after calling `init_weights` of GroundingDINO  

language_model.language_backbone.body.model.encoder.layer.4.intermediate.dense.bias - torch.Size([3072]): 
The value is the same before and after calling `init_weights` of GroundingDINO  

language_model.language_backbone.body.model.encoder.layer.4.output.dense.weight - torch.Size([768, 3072]): 
The value is the same before and after calling `init_weights` of GroundingDINO  

language_model.language_backbone.body.model.encoder.layer.4.output.dense.bias - torch.Size([768]): 
The value is the same before and after calling `init_weights` of GroundingDINO  

language_model.language_backbone.body.model.encoder.layer.4.output.LayerNorm.weight - torch.Size([768]): 
The value is the same before and after calling `init_weights` of GroundingDINO  

language_model.language_backbone.body.model.encoder.layer.4.output.LayerNorm.bias - torch.Size([768]): 
The value is the same before and after calling `init_weights` of GroundingDINO  

language_model.language_backbone.body.model.encoder.layer.5.attention.self.query.weight - torch.Size([768, 768]): 
The value is the same before and after calling `init_weights` of GroundingDINO  

language_model.language_backbone.body.model.encoder.layer.5.attention.self.query.bias - torch.Size([768]): 
The value is the same before and after calling `init_weights` of GroundingDINO  

language_model.language_backbone.body.model.encoder.layer.5.attention.self.key.weight - torch.Size([768, 768]): 
The value is the same before and after calling `init_weights` of GroundingDINO  

language_model.language_backbone.body.model.encoder.layer.5.attention.self.key.bias - torch.Size([768]): 
The value is the same before and after calling `init_weights` of GroundingDINO  

language_model.language_backbone.body.model.encoder.layer.5.attention.self.value.weight - torch.Size([768, 768]): 
The value is the same before and after calling `init_weights` of GroundingDINO  

language_model.language_backbone.body.model.encoder.layer.5.attention.self.value.bias - torch.Size([768]): 
The value is the same before and after calling `init_weights` of GroundingDINO  

language_model.language_backbone.body.model.encoder.layer.5.attention.output.dense.weight - torch.Size([768, 768]): 
The value is the same before and after calling `init_weights` of GroundingDINO  

language_model.language_backbone.body.model.encoder.layer.5.attention.output.dense.bias - torch.Size([768]): 
The value is the same before and after calling `init_weights` of GroundingDINO  

language_model.language_backbone.body.model.encoder.layer.5.attention.output.LayerNorm.weight - torch.Size([768]): 
The value is the same before and after calling `init_weights` of GroundingDINO  

language_model.language_backbone.body.model.encoder.layer.5.attention.output.LayerNorm.bias - torch.Size([768]): 
The value is the same before and after calling `init_weights` of GroundingDINO  

language_model.language_backbone.body.model.encoder.layer.5.intermediate.dense.weight - torch.Size([3072, 768]): 
The value is the same before and after calling `init_weights` of GroundingDINO  

language_model.language_backbone.body.model.encoder.layer.5.intermediate.dense.bias - torch.Size([3072]): 
The value is the same before and after calling `init_weights` of GroundingDINO  

language_model.language_backbone.body.model.encoder.layer.5.output.dense.weight - torch.Size([768, 3072]): 
The value is the same before and after calling `init_weights` of GroundingDINO  

language_model.language_backbone.body.model.encoder.layer.5.output.dense.bias - torch.Size([768]): 
The value is the same before and after calling `init_weights` of GroundingDINO  

language_model.language_backbone.body.model.encoder.layer.5.output.LayerNorm.weight - torch.Size([768]): 
The value is the same before and after calling `init_weights` of GroundingDINO  

language_model.language_backbone.body.model.encoder.layer.5.output.LayerNorm.bias - torch.Size([768]): 
The value is the same before and after calling `init_weights` of GroundingDINO  

language_model.language_backbone.body.model.encoder.layer.6.attention.self.query.weight - torch.Size([768, 768]): 
The value is the same before and after calling `init_weights` of GroundingDINO  

language_model.language_backbone.body.model.encoder.layer.6.attention.self.query.bias - torch.Size([768]): 
The value is the same before and after calling `init_weights` of GroundingDINO  

language_model.language_backbone.body.model.encoder.layer.6.attention.self.key.weight - torch.Size([768, 768]): 
The value is the same before and after calling `init_weights` of GroundingDINO  

language_model.language_backbone.body.model.encoder.layer.6.attention.self.key.bias - torch.Size([768]): 
The value is the same before and after calling `init_weights` of GroundingDINO  

language_model.language_backbone.body.model.encoder.layer.6.attention.self.value.weight - torch.Size([768, 768]): 
The value is the same before and after calling `init_weights` of GroundingDINO  

language_model.language_backbone.body.model.encoder.layer.6.attention.self.value.bias - torch.Size([768]): 
The value is the same before and after calling `init_weights` of GroundingDINO  

language_model.language_backbone.body.model.encoder.layer.6.attention.output.dense.weight - torch.Size([768, 768]): 
The value is the same before and after calling `init_weights` of GroundingDINO  

language_model.language_backbone.body.model.encoder.layer.6.attention.output.dense.bias - torch.Size([768]): 
The value is the same before and after calling `init_weights` of GroundingDINO  

language_model.language_backbone.body.model.encoder.layer.6.attention.output.LayerNorm.weight - torch.Size([768]): 
The value is the same before and after calling `init_weights` of GroundingDINO  

language_model.language_backbone.body.model.encoder.layer.6.attention.output.LayerNorm.bias - torch.Size([768]): 
The value is the same before and after calling `init_weights` of GroundingDINO  

language_model.language_backbone.body.model.encoder.layer.6.intermediate.dense.weight - torch.Size([3072, 768]): 
The value is the same before and after calling `init_weights` of GroundingDINO  

language_model.language_backbone.body.model.encoder.layer.6.intermediate.dense.bias - torch.Size([3072]): 
The value is the same before and after calling `init_weights` of GroundingDINO  

language_model.language_backbone.body.model.encoder.layer.6.output.dense.weight - torch.Size([768, 3072]): 
The value is the same before and after calling `init_weights` of GroundingDINO  

language_model.language_backbone.body.model.encoder.layer.6.output.dense.bias - torch.Size([768]): 
The value is the same before and after calling `init_weights` of GroundingDINO  

language_model.language_backbone.body.model.encoder.layer.6.output.LayerNorm.weight - torch.Size([768]): 
The value is the same before and after calling `init_weights` of GroundingDINO  

language_model.language_backbone.body.model.encoder.layer.6.output.LayerNorm.bias - torch.Size([768]): 
The value is the same before and after calling `init_weights` of GroundingDINO  

language_model.language_backbone.body.model.encoder.layer.7.attention.self.query.weight - torch.Size([768, 768]): 
The value is the same before and after calling `init_weights` of GroundingDINO  

language_model.language_backbone.body.model.encoder.layer.7.attention.self.query.bias - torch.Size([768]): 
The value is the same before and after calling `init_weights` of GroundingDINO  

language_model.language_backbone.body.model.encoder.layer.7.attention.self.key.weight - torch.Size([768, 768]): 
The value is the same before and after calling `init_weights` of GroundingDINO  

language_model.language_backbone.body.model.encoder.layer.7.attention.self.key.bias - torch.Size([768]): 
The value is the same before and after calling `init_weights` of GroundingDINO  

language_model.language_backbone.body.model.encoder.layer.7.attention.self.value.weight - torch.Size([768, 768]): 
The value is the same before and after calling `init_weights` of GroundingDINO  

language_model.language_backbone.body.model.encoder.layer.7.attention.self.value.bias - torch.Size([768]): 
The value is the same before and after calling `init_weights` of GroundingDINO  

language_model.language_backbone.body.model.encoder.layer.7.attention.output.dense.weight - torch.Size([768, 768]): 
The value is the same before and after calling `init_weights` of GroundingDINO  

language_model.language_backbone.body.model.encoder.layer.7.attention.output.dense.bias - torch.Size([768]): 
The value is the same before and after calling `init_weights` of GroundingDINO  

language_model.language_backbone.body.model.encoder.layer.7.attention.output.LayerNorm.weight - torch.Size([768]): 
The value is the same before and after calling `init_weights` of GroundingDINO  

language_model.language_backbone.body.model.encoder.layer.7.attention.output.LayerNorm.bias - torch.Size([768]): 
The value is the same before and after calling `init_weights` of GroundingDINO  

language_model.language_backbone.body.model.encoder.layer.7.intermediate.dense.weight - torch.Size([3072, 768]): 
The value is the same before and after calling `init_weights` of GroundingDINO  

language_model.language_backbone.body.model.encoder.layer.7.intermediate.dense.bias - torch.Size([3072]): 
The value is the same before and after calling `init_weights` of GroundingDINO  

language_model.language_backbone.body.model.encoder.layer.7.output.dense.weight - torch.Size([768, 3072]): 
The value is the same before and after calling `init_weights` of GroundingDINO  

language_model.language_backbone.body.model.encoder.layer.7.output.dense.bias - torch.Size([768]): 
The value is the same before and after calling `init_weights` of GroundingDINO  

language_model.language_backbone.body.model.encoder.layer.7.output.LayerNorm.weight - torch.Size([768]): 
The value is the same before and after calling `init_weights` of GroundingDINO  

language_model.language_backbone.body.model.encoder.layer.7.output.LayerNorm.bias - torch.Size([768]): 
The value is the same before and after calling `init_weights` of GroundingDINO  

language_model.language_backbone.body.model.encoder.layer.8.attention.self.query.weight - torch.Size([768, 768]): 
The value is the same before and after calling `init_weights` of GroundingDINO  

language_model.language_backbone.body.model.encoder.layer.8.attention.self.query.bias - torch.Size([768]): 
The value is the same before and after calling `init_weights` of GroundingDINO  

language_model.language_backbone.body.model.encoder.layer.8.attention.self.key.weight - torch.Size([768, 768]): 
The value is the same before and after calling `init_weights` of GroundingDINO  

language_model.language_backbone.body.model.encoder.layer.8.attention.self.key.bias - torch.Size([768]): 
The value is the same before and after calling `init_weights` of GroundingDINO  

language_model.language_backbone.body.model.encoder.layer.8.attention.self.value.weight - torch.Size([768, 768]): 
The value is the same before and after calling `init_weights` of GroundingDINO  

language_model.language_backbone.body.model.encoder.layer.8.attention.self.value.bias - torch.Size([768]): 
The value is the same before and after calling `init_weights` of GroundingDINO  

language_model.language_backbone.body.model.encoder.layer.8.attention.output.dense.weight - torch.Size([768, 768]): 
The value is the same before and after calling `init_weights` of GroundingDINO  

language_model.language_backbone.body.model.encoder.layer.8.attention.output.dense.bias - torch.Size([768]): 
The value is the same before and after calling `init_weights` of GroundingDINO  

language_model.language_backbone.body.model.encoder.layer.8.attention.output.LayerNorm.weight - torch.Size([768]): 
The value is the same before and after calling `init_weights` of GroundingDINO  

language_model.language_backbone.body.model.encoder.layer.8.attention.output.LayerNorm.bias - torch.Size([768]): 
The value is the same before and after calling `init_weights` of GroundingDINO  

language_model.language_backbone.body.model.encoder.layer.8.intermediate.dense.weight - torch.Size([3072, 768]): 
The value is the same before and after calling `init_weights` of GroundingDINO  

language_model.language_backbone.body.model.encoder.layer.8.intermediate.dense.bias - torch.Size([3072]): 
The value is the same before and after calling `init_weights` of GroundingDINO  

language_model.language_backbone.body.model.encoder.layer.8.output.dense.weight - torch.Size([768, 3072]): 
The value is the same before and after calling `init_weights` of GroundingDINO  

language_model.language_backbone.body.model.encoder.layer.8.output.dense.bias - torch.Size([768]): 
The value is the same before and after calling `init_weights` of GroundingDINO  

language_model.language_backbone.body.model.encoder.layer.8.output.LayerNorm.weight - torch.Size([768]): 
The value is the same before and after calling `init_weights` of GroundingDINO  

language_model.language_backbone.body.model.encoder.layer.8.output.LayerNorm.bias - torch.Size([768]): 
The value is the same before and after calling `init_weights` of GroundingDINO  

language_model.language_backbone.body.model.encoder.layer.9.attention.self.query.weight - torch.Size([768, 768]): 
The value is the same before and after calling `init_weights` of GroundingDINO  

language_model.language_backbone.body.model.encoder.layer.9.attention.self.query.bias - torch.Size([768]): 
The value is the same before and after calling `init_weights` of GroundingDINO  

language_model.language_backbone.body.model.encoder.layer.9.attention.self.key.weight - torch.Size([768, 768]): 
The value is the same before and after calling `init_weights` of GroundingDINO  

language_model.language_backbone.body.model.encoder.layer.9.attention.self.key.bias - torch.Size([768]): 
The value is the same before and after calling `init_weights` of GroundingDINO  

language_model.language_backbone.body.model.encoder.layer.9.attention.self.value.weight - torch.Size([768, 768]): 
The value is the same before and after calling `init_weights` of GroundingDINO  

language_model.language_backbone.body.model.encoder.layer.9.attention.self.value.bias - torch.Size([768]): 
The value is the same before and after calling `init_weights` of GroundingDINO  

language_model.language_backbone.body.model.encoder.layer.9.attention.output.dense.weight - torch.Size([768, 768]): 
The value is the same before and after calling `init_weights` of GroundingDINO  

language_model.language_backbone.body.model.encoder.layer.9.attention.output.dense.bias - torch.Size([768]): 
The value is the same before and after calling `init_weights` of GroundingDINO  

language_model.language_backbone.body.model.encoder.layer.9.attention.output.LayerNorm.weight - torch.Size([768]): 
The value is the same before and after calling `init_weights` of GroundingDINO  

language_model.language_backbone.body.model.encoder.layer.9.attention.output.LayerNorm.bias - torch.Size([768]): 
The value is the same before and after calling `init_weights` of GroundingDINO  

language_model.language_backbone.body.model.encoder.layer.9.intermediate.dense.weight - torch.Size([3072, 768]): 
The value is the same before and after calling `init_weights` of GroundingDINO  

language_model.language_backbone.body.model.encoder.layer.9.intermediate.dense.bias - torch.Size([3072]): 
The value is the same before and after calling `init_weights` of GroundingDINO  

language_model.language_backbone.body.model.encoder.layer.9.output.dense.weight - torch.Size([768, 3072]): 
The value is the same before and after calling `init_weights` of GroundingDINO  

language_model.language_backbone.body.model.encoder.layer.9.output.dense.bias - torch.Size([768]): 
The value is the same before and after calling `init_weights` of GroundingDINO  

language_model.language_backbone.body.model.encoder.layer.9.output.LayerNorm.weight - torch.Size([768]): 
The value is the same before and after calling `init_weights` of GroundingDINO  

language_model.language_backbone.body.model.encoder.layer.9.output.LayerNorm.bias - torch.Size([768]): 
The value is the same before and after calling `init_weights` of GroundingDINO  

language_model.language_backbone.body.model.encoder.layer.10.attention.self.query.weight - torch.Size([768, 768]): 
The value is the same before and after calling `init_weights` of GroundingDINO  

language_model.language_backbone.body.model.encoder.layer.10.attention.self.query.bias - torch.Size([768]): 
The value is the same before and after calling `init_weights` of GroundingDINO  

language_model.language_backbone.body.model.encoder.layer.10.attention.self.key.weight - torch.Size([768, 768]): 
The value is the same before and after calling `init_weights` of GroundingDINO  

language_model.language_backbone.body.model.encoder.layer.10.attention.self.key.bias - torch.Size([768]): 
The value is the same before and after calling `init_weights` of GroundingDINO  

language_model.language_backbone.body.model.encoder.layer.10.attention.self.value.weight - torch.Size([768, 768]): 
The value is the same before and after calling `init_weights` of GroundingDINO  

language_model.language_backbone.body.model.encoder.layer.10.attention.self.value.bias - torch.Size([768]): 
The value is the same before and after calling `init_weights` of GroundingDINO  

language_model.language_backbone.body.model.encoder.layer.10.attention.output.dense.weight - torch.Size([768, 768]): 
The value is the same before and after calling `init_weights` of GroundingDINO  

language_model.language_backbone.body.model.encoder.layer.10.attention.output.dense.bias - torch.Size([768]): 
The value is the same before and after calling `init_weights` of GroundingDINO  

language_model.language_backbone.body.model.encoder.layer.10.attention.output.LayerNorm.weight - torch.Size([768]): 
The value is the same before and after calling `init_weights` of GroundingDINO  

language_model.language_backbone.body.model.encoder.layer.10.attention.output.LayerNorm.bias - torch.Size([768]): 
The value is the same before and after calling `init_weights` of GroundingDINO  

language_model.language_backbone.body.model.encoder.layer.10.intermediate.dense.weight - torch.Size([3072, 768]): 
The value is the same before and after calling `init_weights` of GroundingDINO  

language_model.language_backbone.body.model.encoder.layer.10.intermediate.dense.bias - torch.Size([3072]): 
The value is the same before and after calling `init_weights` of GroundingDINO  

language_model.language_backbone.body.model.encoder.layer.10.output.dense.weight - torch.Size([768, 3072]): 
The value is the same before and after calling `init_weights` of GroundingDINO  

language_model.language_backbone.body.model.encoder.layer.10.output.dense.bias - torch.Size([768]): 
The value is the same before and after calling `init_weights` of GroundingDINO  

language_model.language_backbone.body.model.encoder.layer.10.output.LayerNorm.weight - torch.Size([768]): 
The value is the same before and after calling `init_weights` of GroundingDINO  

language_model.language_backbone.body.model.encoder.layer.10.output.LayerNorm.bias - torch.Size([768]): 
The value is the same before and after calling `init_weights` of GroundingDINO  

language_model.language_backbone.body.model.encoder.layer.11.attention.self.query.weight - torch.Size([768, 768]): 
The value is the same before and after calling `init_weights` of GroundingDINO  

language_model.language_backbone.body.model.encoder.layer.11.attention.self.query.bias - torch.Size([768]): 
The value is the same before and after calling `init_weights` of GroundingDINO  

language_model.language_backbone.body.model.encoder.layer.11.attention.self.key.weight - torch.Size([768, 768]): 
The value is the same before and after calling `init_weights` of GroundingDINO  

language_model.language_backbone.body.model.encoder.layer.11.attention.self.key.bias - torch.Size([768]): 
The value is the same before and after calling `init_weights` of GroundingDINO  

language_model.language_backbone.body.model.encoder.layer.11.attention.self.value.weight - torch.Size([768, 768]): 
The value is the same before and after calling `init_weights` of GroundingDINO  

language_model.language_backbone.body.model.encoder.layer.11.attention.self.value.bias - torch.Size([768]): 
The value is the same before and after calling `init_weights` of GroundingDINO  

language_model.language_backbone.body.model.encoder.layer.11.attention.output.dense.weight - torch.Size([768, 768]): 
The value is the same before and after calling `init_weights` of GroundingDINO  

language_model.language_backbone.body.model.encoder.layer.11.attention.output.dense.bias - torch.Size([768]): 
The value is the same before and after calling `init_weights` of GroundingDINO  

language_model.language_backbone.body.model.encoder.layer.11.attention.output.LayerNorm.weight - torch.Size([768]): 
The value is the same before and after calling `init_weights` of GroundingDINO  

language_model.language_backbone.body.model.encoder.layer.11.attention.output.LayerNorm.bias - torch.Size([768]): 
The value is the same before and after calling `init_weights` of GroundingDINO  

language_model.language_backbone.body.model.encoder.layer.11.intermediate.dense.weight - torch.Size([3072, 768]): 
The value is the same before and after calling `init_weights` of GroundingDINO  

language_model.language_backbone.body.model.encoder.layer.11.intermediate.dense.bias - torch.Size([3072]): 
The value is the same before and after calling `init_weights` of GroundingDINO  

language_model.language_backbone.body.model.encoder.layer.11.output.dense.weight - torch.Size([768, 3072]): 
The value is the same before and after calling `init_weights` of GroundingDINO  

language_model.language_backbone.body.model.encoder.layer.11.output.dense.bias - torch.Size([768]): 
The value is the same before and after calling `init_weights` of GroundingDINO  

language_model.language_backbone.body.model.encoder.layer.11.output.LayerNorm.weight - torch.Size([768]): 
The value is the same before and after calling `init_weights` of GroundingDINO  

language_model.language_backbone.body.model.encoder.layer.11.output.LayerNorm.bias - torch.Size([768]): 
The value is the same before and after calling `init_weights` of GroundingDINO  

text_feat_map.weight - torch.Size([256, 768]): 
The value is the same before and after calling `init_weights` of GroundingDINO  

text_feat_map.bias - torch.Size([256]): 
The value is the same before and after calling `init_weights` of GroundingDINO  

dn_query_generator.label_embedding.weight - torch.Size([256, 256]): 
The value is the same before and after calling `init_weights` of GroundingDINO  

lmm.model.embed_tokens.weight - torch.Size([151647, 896]): 
The value is the same before and after calling `init_weights` of GroundingDINO  

lmm.model.layers.0.self_attn.q_proj.lora_A.weight - torch.Size([128, 896]): 
The value is the same before and after calling `init_weights` of GroundingDINO  

lmm.model.layers.0.self_attn.q_proj.lora_B.weight - torch.Size([896, 128]): 
The value is the same before and after calling `init_weights` of GroundingDINO  

lmm.model.layers.0.self_attn.q_proj.ori_model.weight - torch.Size([896, 896]): 
The value is the same before and after calling `init_weights` of GroundingDINO  

lmm.model.layers.0.self_attn.q_proj.ori_model.bias - torch.Size([896]): 
The value is the same before and after calling `init_weights` of GroundingDINO  

lmm.model.layers.0.self_attn.k_proj.lora_A.weight - torch.Size([128, 896]): 
The value is the same before and after calling `init_weights` of GroundingDINO  

lmm.model.layers.0.self_attn.k_proj.lora_B.weight - torch.Size([128, 128]): 
The value is the same before and after calling `init_weights` of GroundingDINO  

lmm.model.layers.0.self_attn.k_proj.ori_model.weight - torch.Size([128, 896]): 
The value is the same before and after calling `init_weights` of GroundingDINO  

lmm.model.layers.0.self_attn.k_proj.ori_model.bias - torch.Size([128]): 
The value is the same before and after calling `init_weights` of GroundingDINO  

lmm.model.layers.0.self_attn.v_proj.lora_A.weight - torch.Size([128, 896]): 
The value is the same before and after calling `init_weights` of GroundingDINO  

lmm.model.layers.0.self_attn.v_proj.lora_B.weight - torch.Size([128, 128]): 
The value is the same before and after calling `init_weights` of GroundingDINO  

lmm.model.layers.0.self_attn.v_proj.ori_model.weight - torch.Size([128, 896]): 
The value is the same before and after calling `init_weights` of GroundingDINO  

lmm.model.layers.0.self_attn.v_proj.ori_model.bias - torch.Size([128]): 
The value is the same before and after calling `init_weights` of GroundingDINO  

lmm.model.layers.0.self_attn.o_proj.lora_A.weight - torch.Size([128, 896]): 
The value is the same before and after calling `init_weights` of GroundingDINO  

lmm.model.layers.0.self_attn.o_proj.lora_B.weight - torch.Size([896, 128]): 
The value is the same before and after calling `init_weights` of GroundingDINO  

lmm.model.layers.0.self_attn.o_proj.ori_model.weight - torch.Size([896, 896]): 
The value is the same before and after calling `init_weights` of GroundingDINO  

lmm.model.layers.0.mlp.gate_proj.lora_A.weight - torch.Size([128, 896]): 
The value is the same before and after calling `init_weights` of GroundingDINO  

lmm.model.layers.0.mlp.gate_proj.lora_B.weight - torch.Size([4864, 128]): 
The value is the same before and after calling `init_weights` of GroundingDINO  

lmm.model.layers.0.mlp.gate_proj.ori_model.weight - torch.Size([4864, 896]): 
The value is the same before and after calling `init_weights` of GroundingDINO  

lmm.model.layers.0.mlp.up_proj.lora_A.weight - torch.Size([128, 896]): 
The value is the same before and after calling `init_weights` of GroundingDINO  

lmm.model.layers.0.mlp.up_proj.lora_B.weight - torch.Size([4864, 128]): 
The value is the same before and after calling `init_weights` of GroundingDINO  

lmm.model.layers.0.mlp.up_proj.ori_model.weight - torch.Size([4864, 896]): 
The value is the same before and after calling `init_weights` of GroundingDINO  

lmm.model.layers.0.mlp.down_proj.lora_A.weight - torch.Size([128, 4864]): 
The value is the same before and after calling `init_weights` of GroundingDINO  

lmm.model.layers.0.mlp.down_proj.lora_B.weight - torch.Size([896, 128]): 
The value is the same before and after calling `init_weights` of GroundingDINO  

lmm.model.layers.0.mlp.down_proj.ori_model.weight - torch.Size([896, 4864]): 
The value is the same before and after calling `init_weights` of GroundingDINO  

lmm.model.layers.0.input_layernorm.weight - torch.Size([896]): 
The value is the same before and after calling `init_weights` of GroundingDINO  

lmm.model.layers.0.post_attention_layernorm.weight - torch.Size([896]): 
The value is the same before and after calling `init_weights` of GroundingDINO  

lmm.model.layers.0.down_proj.weight - torch.Size([256, 896]): 
The value is the same before and after calling `init_weights` of GroundingDINO  

lmm.model.layers.0.down_proj.bias - torch.Size([256]): 
The value is the same before and after calling `init_weights` of GroundingDINO  

lmm.model.layers.0.up_proj.weight - torch.Size([896, 256]): 
The value is the same before and after calling `init_weights` of GroundingDINO  

lmm.model.layers.0.up_proj.bias - torch.Size([896]): 
The value is the same before and after calling `init_weights` of GroundingDINO  

lmm.model.layers.0.corss_attn_norm.weight - torch.Size([896]): 
The value is the same before and after calling `init_weights` of GroundingDINO  

lmm.model.layers.0.cross_attn.sampling_offsets.weight - torch.Size([256, 256]): 
The value is the same before and after calling `init_weights` of GroundingDINO  

lmm.model.layers.0.cross_attn.sampling_offsets.bias - torch.Size([256]): 
The value is the same before and after calling `init_weights` of GroundingDINO  

lmm.model.layers.0.cross_attn.attention_weights.weight - torch.Size([128, 256]): 
The value is the same before and after calling `init_weights` of GroundingDINO  

lmm.model.layers.0.cross_attn.attention_weights.bias - torch.Size([128]): 
The value is the same before and after calling `init_weights` of GroundingDINO  

lmm.model.layers.0.cross_attn.value_proj.weight - torch.Size([256, 256]): 
The value is the same before and after calling `init_weights` of GroundingDINO  

lmm.model.layers.0.cross_attn.value_proj.bias - torch.Size([256]): 
The value is the same before and after calling `init_weights` of GroundingDINO  

lmm.model.layers.0.cross_attn.output_proj.weight - torch.Size([256, 256]): 
The value is the same before and after calling `init_weights` of GroundingDINO  

lmm.model.layers.0.cross_attn.output_proj.bias - torch.Size([256]): 
The value is the same before and after calling `init_weights` of GroundingDINO  

lmm.model.layers.1.self_attn.q_proj.lora_A.weight - torch.Size([128, 896]): 
The value is the same before and after calling `init_weights` of GroundingDINO  

lmm.model.layers.1.self_attn.q_proj.lora_B.weight - torch.Size([896, 128]): 
The value is the same before and after calling `init_weights` of GroundingDINO  

lmm.model.layers.1.self_attn.q_proj.ori_model.weight - torch.Size([896, 896]): 
The value is the same before and after calling `init_weights` of GroundingDINO  

lmm.model.layers.1.self_attn.q_proj.ori_model.bias - torch.Size([896]): 
The value is the same before and after calling `init_weights` of GroundingDINO  

lmm.model.layers.1.self_attn.k_proj.lora_A.weight - torch.Size([128, 896]): 
The value is the same before and after calling `init_weights` of GroundingDINO  

lmm.model.layers.1.self_attn.k_proj.lora_B.weight - torch.Size([128, 128]): 
The value is the same before and after calling `init_weights` of GroundingDINO  

lmm.model.layers.1.self_attn.k_proj.ori_model.weight - torch.Size([128, 896]): 
The value is the same before and after calling `init_weights` of GroundingDINO  

lmm.model.layers.1.self_attn.k_proj.ori_model.bias - torch.Size([128]): 
The value is the same before and after calling `init_weights` of GroundingDINO  

lmm.model.layers.1.self_attn.v_proj.lora_A.weight - torch.Size([128, 896]): 
The value is the same before and after calling `init_weights` of GroundingDINO  

lmm.model.layers.1.self_attn.v_proj.lora_B.weight - torch.Size([128, 128]): 
The value is the same before and after calling `init_weights` of GroundingDINO  

lmm.model.layers.1.self_attn.v_proj.ori_model.weight - torch.Size([128, 896]): 
The value is the same before and after calling `init_weights` of GroundingDINO  

lmm.model.layers.1.self_attn.v_proj.ori_model.bias - torch.Size([128]): 
The value is the same before and after calling `init_weights` of GroundingDINO  

lmm.model.layers.1.self_attn.o_proj.lora_A.weight - torch.Size([128, 896]): 
The value is the same before and after calling `init_weights` of GroundingDINO  

lmm.model.layers.1.self_attn.o_proj.lora_B.weight - torch.Size([896, 128]): 
The value is the same before and after calling `init_weights` of GroundingDINO  

lmm.model.layers.1.self_attn.o_proj.ori_model.weight - torch.Size([896, 896]): 
The value is the same before and after calling `init_weights` of GroundingDINO  

lmm.model.layers.1.mlp.gate_proj.lora_A.weight - torch.Size([128, 896]): 
The value is the same before and after calling `init_weights` of GroundingDINO  

lmm.model.layers.1.mlp.gate_proj.lora_B.weight - torch.Size([4864, 128]): 
The value is the same before and after calling `init_weights` of GroundingDINO  

lmm.model.layers.1.mlp.gate_proj.ori_model.weight - torch.Size([4864, 896]): 
The value is the same before and after calling `init_weights` of GroundingDINO  

lmm.model.layers.1.mlp.up_proj.lora_A.weight - torch.Size([128, 896]): 
The value is the same before and after calling `init_weights` of GroundingDINO  

lmm.model.layers.1.mlp.up_proj.lora_B.weight - torch.Size([4864, 128]): 
The value is the same before and after calling `init_weights` of GroundingDINO  

lmm.model.layers.1.mlp.up_proj.ori_model.weight - torch.Size([4864, 896]): 
The value is the same before and after calling `init_weights` of GroundingDINO  

lmm.model.layers.1.mlp.down_proj.lora_A.weight - torch.Size([128, 4864]): 
The value is the same before and after calling `init_weights` of GroundingDINO  

lmm.model.layers.1.mlp.down_proj.lora_B.weight - torch.Size([896, 128]): 
The value is the same before and after calling `init_weights` of GroundingDINO  

lmm.model.layers.1.mlp.down_proj.ori_model.weight - torch.Size([896, 4864]): 
The value is the same before and after calling `init_weights` of GroundingDINO  

lmm.model.layers.1.input_layernorm.weight - torch.Size([896]): 
The value is the same before and after calling `init_weights` of GroundingDINO  

lmm.model.layers.1.post_attention_layernorm.weight - torch.Size([896]): 
The value is the same before and after calling `init_weights` of GroundingDINO  

lmm.model.layers.2.self_attn.q_proj.lora_A.weight - torch.Size([128, 896]): 
The value is the same before and after calling `init_weights` of GroundingDINO  

lmm.model.layers.2.self_attn.q_proj.lora_B.weight - torch.Size([896, 128]): 
The value is the same before and after calling `init_weights` of GroundingDINO  

lmm.model.layers.2.self_attn.q_proj.ori_model.weight - torch.Size([896, 896]): 
The value is the same before and after calling `init_weights` of GroundingDINO  

lmm.model.layers.2.self_attn.q_proj.ori_model.bias - torch.Size([896]): 
The value is the same before and after calling `init_weights` of GroundingDINO  

lmm.model.layers.2.self_attn.k_proj.lora_A.weight - torch.Size([128, 896]): 
The value is the same before and after calling `init_weights` of GroundingDINO  

lmm.model.layers.2.self_attn.k_proj.lora_B.weight - torch.Size([128, 128]): 
The value is the same before and after calling `init_weights` of GroundingDINO  

lmm.model.layers.2.self_attn.k_proj.ori_model.weight - torch.Size([128, 896]): 
The value is the same before and after calling `init_weights` of GroundingDINO  

lmm.model.layers.2.self_attn.k_proj.ori_model.bias - torch.Size([128]): 
The value is the same before and after calling `init_weights` of GroundingDINO  

lmm.model.layers.2.self_attn.v_proj.lora_A.weight - torch.Size([128, 896]): 
The value is the same before and after calling `init_weights` of GroundingDINO  

lmm.model.layers.2.self_attn.v_proj.lora_B.weight - torch.Size([128, 128]): 
The value is the same before and after calling `init_weights` of GroundingDINO  

lmm.model.layers.2.self_attn.v_proj.ori_model.weight - torch.Size([128, 896]): 
The value is the same before and after calling `init_weights` of GroundingDINO  

lmm.model.layers.2.self_attn.v_proj.ori_model.bias - torch.Size([128]): 
The value is the same before and after calling `init_weights` of GroundingDINO  

lmm.model.layers.2.self_attn.o_proj.lora_A.weight - torch.Size([128, 896]): 
The value is the same before and after calling `init_weights` of GroundingDINO  

lmm.model.layers.2.self_attn.o_proj.lora_B.weight - torch.Size([896, 128]): 
The value is the same before and after calling `init_weights` of GroundingDINO  

lmm.model.layers.2.self_attn.o_proj.ori_model.weight - torch.Size([896, 896]): 
The value is the same before and after calling `init_weights` of GroundingDINO  

lmm.model.layers.2.mlp.gate_proj.lora_A.weight - torch.Size([128, 896]): 
The value is the same before and after calling `init_weights` of GroundingDINO  

lmm.model.layers.2.mlp.gate_proj.lora_B.weight - torch.Size([4864, 128]): 
The value is the same before and after calling `init_weights` of GroundingDINO  

lmm.model.layers.2.mlp.gate_proj.ori_model.weight - torch.Size([4864, 896]): 
The value is the same before and after calling `init_weights` of GroundingDINO  

lmm.model.layers.2.mlp.up_proj.lora_A.weight - torch.Size([128, 896]): 
The value is the same before and after calling `init_weights` of GroundingDINO  

lmm.model.layers.2.mlp.up_proj.lora_B.weight - torch.Size([4864, 128]): 
The value is the same before and after calling `init_weights` of GroundingDINO  

lmm.model.layers.2.mlp.up_proj.ori_model.weight - torch.Size([4864, 896]): 
The value is the same before and after calling `init_weights` of GroundingDINO  

lmm.model.layers.2.mlp.down_proj.lora_A.weight - torch.Size([128, 4864]): 
The value is the same before and after calling `init_weights` of GroundingDINO  

lmm.model.layers.2.mlp.down_proj.lora_B.weight - torch.Size([896, 128]): 
The value is the same before and after calling `init_weights` of GroundingDINO  

lmm.model.layers.2.mlp.down_proj.ori_model.weight - torch.Size([896, 4864]): 
The value is the same before and after calling `init_weights` of GroundingDINO  

lmm.model.layers.2.input_layernorm.weight - torch.Size([896]): 
The value is the same before and after calling `init_weights` of GroundingDINO  

lmm.model.layers.2.post_attention_layernorm.weight - torch.Size([896]): 
The value is the same before and after calling `init_weights` of GroundingDINO  

lmm.model.layers.3.self_attn.q_proj.lora_A.weight - torch.Size([128, 896]): 
The value is the same before and after calling `init_weights` of GroundingDINO  

lmm.model.layers.3.self_attn.q_proj.lora_B.weight - torch.Size([896, 128]): 
The value is the same before and after calling `init_weights` of GroundingDINO  

lmm.model.layers.3.self_attn.q_proj.ori_model.weight - torch.Size([896, 896]): 
The value is the same before and after calling `init_weights` of GroundingDINO  

lmm.model.layers.3.self_attn.q_proj.ori_model.bias - torch.Size([896]): 
The value is the same before and after calling `init_weights` of GroundingDINO  

lmm.model.layers.3.self_attn.k_proj.lora_A.weight - torch.Size([128, 896]): 
The value is the same before and after calling `init_weights` of GroundingDINO  

lmm.model.layers.3.self_attn.k_proj.lora_B.weight - torch.Size([128, 128]): 
The value is the same before and after calling `init_weights` of GroundingDINO  

lmm.model.layers.3.self_attn.k_proj.ori_model.weight - torch.Size([128, 896]): 
The value is the same before and after calling `init_weights` of GroundingDINO  

lmm.model.layers.3.self_attn.k_proj.ori_model.bias - torch.Size([128]): 
The value is the same before and after calling `init_weights` of GroundingDINO  

lmm.model.layers.3.self_attn.v_proj.lora_A.weight - torch.Size([128, 896]): 
The value is the same before and after calling `init_weights` of GroundingDINO  

lmm.model.layers.3.self_attn.v_proj.lora_B.weight - torch.Size([128, 128]): 
The value is the same before and after calling `init_weights` of GroundingDINO  

lmm.model.layers.3.self_attn.v_proj.ori_model.weight - torch.Size([128, 896]): 
The value is the same before and after calling `init_weights` of GroundingDINO  

lmm.model.layers.3.self_attn.v_proj.ori_model.bias - torch.Size([128]): 
The value is the same before and after calling `init_weights` of GroundingDINO  

lmm.model.layers.3.self_attn.o_proj.lora_A.weight - torch.Size([128, 896]): 
The value is the same before and after calling `init_weights` of GroundingDINO  

lmm.model.layers.3.self_attn.o_proj.lora_B.weight - torch.Size([896, 128]): 
The value is the same before and after calling `init_weights` of GroundingDINO  

lmm.model.layers.3.self_attn.o_proj.ori_model.weight - torch.Size([896, 896]): 
The value is the same before and after calling `init_weights` of GroundingDINO  

lmm.model.layers.3.mlp.gate_proj.lora_A.weight - torch.Size([128, 896]): 
The value is the same before and after calling `init_weights` of GroundingDINO  

lmm.model.layers.3.mlp.gate_proj.lora_B.weight - torch.Size([4864, 128]): 
The value is the same before and after calling `init_weights` of GroundingDINO  

lmm.model.layers.3.mlp.gate_proj.ori_model.weight - torch.Size([4864, 896]): 
The value is the same before and after calling `init_weights` of GroundingDINO  

lmm.model.layers.3.mlp.up_proj.lora_A.weight - torch.Size([128, 896]): 
The value is the same before and after calling `init_weights` of GroundingDINO  

lmm.model.layers.3.mlp.up_proj.lora_B.weight - torch.Size([4864, 128]): 
The value is the same before and after calling `init_weights` of GroundingDINO  

lmm.model.layers.3.mlp.up_proj.ori_model.weight - torch.Size([4864, 896]): 
The value is the same before and after calling `init_weights` of GroundingDINO  

lmm.model.layers.3.mlp.down_proj.lora_A.weight - torch.Size([128, 4864]): 
The value is the same before and after calling `init_weights` of GroundingDINO  

lmm.model.layers.3.mlp.down_proj.lora_B.weight - torch.Size([896, 128]): 
The value is the same before and after calling `init_weights` of GroundingDINO  

lmm.model.layers.3.mlp.down_proj.ori_model.weight - torch.Size([896, 4864]): 
The value is the same before and after calling `init_weights` of GroundingDINO  

lmm.model.layers.3.input_layernorm.weight - torch.Size([896]): 
The value is the same before and after calling `init_weights` of GroundingDINO  

lmm.model.layers.3.post_attention_layernorm.weight - torch.Size([896]): 
The value is the same before and after calling `init_weights` of GroundingDINO  

lmm.model.layers.4.self_attn.q_proj.lora_A.weight - torch.Size([128, 896]): 
The value is the same before and after calling `init_weights` of GroundingDINO  

lmm.model.layers.4.self_attn.q_proj.lora_B.weight - torch.Size([896, 128]): 
The value is the same before and after calling `init_weights` of GroundingDINO  

lmm.model.layers.4.self_attn.q_proj.ori_model.weight - torch.Size([896, 896]): 
The value is the same before and after calling `init_weights` of GroundingDINO  

lmm.model.layers.4.self_attn.q_proj.ori_model.bias - torch.Size([896]): 
The value is the same before and after calling `init_weights` of GroundingDINO  

lmm.model.layers.4.self_attn.k_proj.lora_A.weight - torch.Size([128, 896]): 
The value is the same before and after calling `init_weights` of GroundingDINO  

lmm.model.layers.4.self_attn.k_proj.lora_B.weight - torch.Size([128, 128]): 
The value is the same before and after calling `init_weights` of GroundingDINO  

lmm.model.layers.4.self_attn.k_proj.ori_model.weight - torch.Size([128, 896]): 
The value is the same before and after calling `init_weights` of GroundingDINO  

lmm.model.layers.4.self_attn.k_proj.ori_model.bias - torch.Size([128]): 
The value is the same before and after calling `init_weights` of GroundingDINO  

lmm.model.layers.4.self_attn.v_proj.lora_A.weight - torch.Size([128, 896]): 
The value is the same before and after calling `init_weights` of GroundingDINO  

lmm.model.layers.4.self_attn.v_proj.lora_B.weight - torch.Size([128, 128]): 
The value is the same before and after calling `init_weights` of GroundingDINO  

lmm.model.layers.4.self_attn.v_proj.ori_model.weight - torch.Size([128, 896]): 
The value is the same before and after calling `init_weights` of GroundingDINO  

lmm.model.layers.4.self_attn.v_proj.ori_model.bias - torch.Size([128]): 
The value is the same before and after calling `init_weights` of GroundingDINO  

lmm.model.layers.4.self_attn.o_proj.lora_A.weight - torch.Size([128, 896]): 
The value is the same before and after calling `init_weights` of GroundingDINO  

lmm.model.layers.4.self_attn.o_proj.lora_B.weight - torch.Size([896, 128]): 
The value is the same before and after calling `init_weights` of GroundingDINO  

lmm.model.layers.4.self_attn.o_proj.ori_model.weight - torch.Size([896, 896]): 
The value is the same before and after calling `init_weights` of GroundingDINO  

lmm.model.layers.4.mlp.gate_proj.lora_A.weight - torch.Size([128, 896]): 
The value is the same before and after calling `init_weights` of GroundingDINO  

lmm.model.layers.4.mlp.gate_proj.lora_B.weight - torch.Size([4864, 128]): 
The value is the same before and after calling `init_weights` of GroundingDINO  

lmm.model.layers.4.mlp.gate_proj.ori_model.weight - torch.Size([4864, 896]): 
The value is the same before and after calling `init_weights` of GroundingDINO  

lmm.model.layers.4.mlp.up_proj.lora_A.weight - torch.Size([128, 896]): 
The value is the same before and after calling `init_weights` of GroundingDINO  

lmm.model.layers.4.mlp.up_proj.lora_B.weight - torch.Size([4864, 128]): 
The value is the same before and after calling `init_weights` of GroundingDINO  

lmm.model.layers.4.mlp.up_proj.ori_model.weight - torch.Size([4864, 896]): 
The value is the same before and after calling `init_weights` of GroundingDINO  

lmm.model.layers.4.mlp.down_proj.lora_A.weight - torch.Size([128, 4864]): 
The value is the same before and after calling `init_weights` of GroundingDINO  

lmm.model.layers.4.mlp.down_proj.lora_B.weight - torch.Size([896, 128]): 
The value is the same before and after calling `init_weights` of GroundingDINO  

lmm.model.layers.4.mlp.down_proj.ori_model.weight - torch.Size([896, 4864]): 
The value is the same before and after calling `init_weights` of GroundingDINO  

lmm.model.layers.4.input_layernorm.weight - torch.Size([896]): 
The value is the same before and after calling `init_weights` of GroundingDINO  

lmm.model.layers.4.post_attention_layernorm.weight - torch.Size([896]): 
The value is the same before and after calling `init_weights` of GroundingDINO  

lmm.model.layers.4.down_proj.weight - torch.Size([256, 896]): 
The value is the same before and after calling `init_weights` of GroundingDINO  

lmm.model.layers.4.down_proj.bias - torch.Size([256]): 
The value is the same before and after calling `init_weights` of GroundingDINO  

lmm.model.layers.4.up_proj.weight - torch.Size([896, 256]): 
The value is the same before and after calling `init_weights` of GroundingDINO  

lmm.model.layers.4.up_proj.bias - torch.Size([896]): 
The value is the same before and after calling `init_weights` of GroundingDINO  

lmm.model.layers.4.corss_attn_norm.weight - torch.Size([896]): 
The value is the same before and after calling `init_weights` of GroundingDINO  

lmm.model.layers.4.cross_attn.sampling_offsets.weight - torch.Size([256, 256]): 
The value is the same before and after calling `init_weights` of GroundingDINO  

lmm.model.layers.4.cross_attn.sampling_offsets.bias - torch.Size([256]): 
The value is the same before and after calling `init_weights` of GroundingDINO  

lmm.model.layers.4.cross_attn.attention_weights.weight - torch.Size([128, 256]): 
The value is the same before and after calling `init_weights` of GroundingDINO  

lmm.model.layers.4.cross_attn.attention_weights.bias - torch.Size([128]): 
The value is the same before and after calling `init_weights` of GroundingDINO  

lmm.model.layers.4.cross_attn.value_proj.weight - torch.Size([256, 256]): 
The value is the same before and after calling `init_weights` of GroundingDINO  

lmm.model.layers.4.cross_attn.value_proj.bias - torch.Size([256]): 
The value is the same before and after calling `init_weights` of GroundingDINO  

lmm.model.layers.4.cross_attn.output_proj.weight - torch.Size([256, 256]): 
The value is the same before and after calling `init_weights` of GroundingDINO  

lmm.model.layers.4.cross_attn.output_proj.bias - torch.Size([256]): 
The value is the same before and after calling `init_weights` of GroundingDINO  

lmm.model.layers.5.self_attn.q_proj.lora_A.weight - torch.Size([128, 896]): 
The value is the same before and after calling `init_weights` of GroundingDINO  

lmm.model.layers.5.self_attn.q_proj.lora_B.weight - torch.Size([896, 128]): 
The value is the same before and after calling `init_weights` of GroundingDINO  

lmm.model.layers.5.self_attn.q_proj.ori_model.weight - torch.Size([896, 896]): 
The value is the same before and after calling `init_weights` of GroundingDINO  

lmm.model.layers.5.self_attn.q_proj.ori_model.bias - torch.Size([896]): 
The value is the same before and after calling `init_weights` of GroundingDINO  

lmm.model.layers.5.self_attn.k_proj.lora_A.weight - torch.Size([128, 896]): 
The value is the same before and after calling `init_weights` of GroundingDINO  

lmm.model.layers.5.self_attn.k_proj.lora_B.weight - torch.Size([128, 128]): 
The value is the same before and after calling `init_weights` of GroundingDINO  

lmm.model.layers.5.self_attn.k_proj.ori_model.weight - torch.Size([128, 896]): 
The value is the same before and after calling `init_weights` of GroundingDINO  

lmm.model.layers.5.self_attn.k_proj.ori_model.bias - torch.Size([128]): 
The value is the same before and after calling `init_weights` of GroundingDINO  

lmm.model.layers.5.self_attn.v_proj.lora_A.weight - torch.Size([128, 896]): 
The value is the same before and after calling `init_weights` of GroundingDINO  

lmm.model.layers.5.self_attn.v_proj.lora_B.weight - torch.Size([128, 128]): 
The value is the same before and after calling `init_weights` of GroundingDINO  

lmm.model.layers.5.self_attn.v_proj.ori_model.weight - torch.Size([128, 896]): 
The value is the same before and after calling `init_weights` of GroundingDINO  

lmm.model.layers.5.self_attn.v_proj.ori_model.bias - torch.Size([128]): 
The value is the same before and after calling `init_weights` of GroundingDINO  

lmm.model.layers.5.self_attn.o_proj.lora_A.weight - torch.Size([128, 896]): 
The value is the same before and after calling `init_weights` of GroundingDINO  

lmm.model.layers.5.self_attn.o_proj.lora_B.weight - torch.Size([896, 128]): 
The value is the same before and after calling `init_weights` of GroundingDINO  

lmm.model.layers.5.self_attn.o_proj.ori_model.weight - torch.Size([896, 896]): 
The value is the same before and after calling `init_weights` of GroundingDINO  

lmm.model.layers.5.mlp.gate_proj.lora_A.weight - torch.Size([128, 896]): 
The value is the same before and after calling `init_weights` of GroundingDINO  

lmm.model.layers.5.mlp.gate_proj.lora_B.weight - torch.Size([4864, 128]): 
The value is the same before and after calling `init_weights` of GroundingDINO  

lmm.model.layers.5.mlp.gate_proj.ori_model.weight - torch.Size([4864, 896]): 
The value is the same before and after calling `init_weights` of GroundingDINO  

lmm.model.layers.5.mlp.up_proj.lora_A.weight - torch.Size([128, 896]): 
The value is the same before and after calling `init_weights` of GroundingDINO  

lmm.model.layers.5.mlp.up_proj.lora_B.weight - torch.Size([4864, 128]): 
The value is the same before and after calling `init_weights` of GroundingDINO  

lmm.model.layers.5.mlp.up_proj.ori_model.weight - torch.Size([4864, 896]): 
The value is the same before and after calling `init_weights` of GroundingDINO  

lmm.model.layers.5.mlp.down_proj.lora_A.weight - torch.Size([128, 4864]): 
The value is the same before and after calling `init_weights` of GroundingDINO  

lmm.model.layers.5.mlp.down_proj.lora_B.weight - torch.Size([896, 128]): 
The value is the same before and after calling `init_weights` of GroundingDINO  

lmm.model.layers.5.mlp.down_proj.ori_model.weight - torch.Size([896, 4864]): 
The value is the same before and after calling `init_weights` of GroundingDINO  

lmm.model.layers.5.input_layernorm.weight - torch.Size([896]): 
The value is the same before and after calling `init_weights` of GroundingDINO  

lmm.model.layers.5.post_attention_layernorm.weight - torch.Size([896]): 
The value is the same before and after calling `init_weights` of GroundingDINO  

lmm.model.layers.6.self_attn.q_proj.lora_A.weight - torch.Size([128, 896]): 
The value is the same before and after calling `init_weights` of GroundingDINO  

lmm.model.layers.6.self_attn.q_proj.lora_B.weight - torch.Size([896, 128]): 
The value is the same before and after calling `init_weights` of GroundingDINO  

lmm.model.layers.6.self_attn.q_proj.ori_model.weight - torch.Size([896, 896]): 
The value is the same before and after calling `init_weights` of GroundingDINO  

lmm.model.layers.6.self_attn.q_proj.ori_model.bias - torch.Size([896]): 
The value is the same before and after calling `init_weights` of GroundingDINO  

lmm.model.layers.6.self_attn.k_proj.lora_A.weight - torch.Size([128, 896]): 
The value is the same before and after calling `init_weights` of GroundingDINO  

lmm.model.layers.6.self_attn.k_proj.lora_B.weight - torch.Size([128, 128]): 
The value is the same before and after calling `init_weights` of GroundingDINO  

lmm.model.layers.6.self_attn.k_proj.ori_model.weight - torch.Size([128, 896]): 
The value is the same before and after calling `init_weights` of GroundingDINO  

lmm.model.layers.6.self_attn.k_proj.ori_model.bias - torch.Size([128]): 
The value is the same before and after calling `init_weights` of GroundingDINO  

lmm.model.layers.6.self_attn.v_proj.lora_A.weight - torch.Size([128, 896]): 
The value is the same before and after calling `init_weights` of GroundingDINO  

lmm.model.layers.6.self_attn.v_proj.lora_B.weight - torch.Size([128, 128]): 
The value is the same before and after calling `init_weights` of GroundingDINO  

lmm.model.layers.6.self_attn.v_proj.ori_model.weight - torch.Size([128, 896]): 
The value is the same before and after calling `init_weights` of GroundingDINO  

lmm.model.layers.6.self_attn.v_proj.ori_model.bias - torch.Size([128]): 
The value is the same before and after calling `init_weights` of GroundingDINO  

lmm.model.layers.6.self_attn.o_proj.lora_A.weight - torch.Size([128, 896]): 
The value is the same before and after calling `init_weights` of GroundingDINO  

lmm.model.layers.6.self_attn.o_proj.lora_B.weight - torch.Size([896, 128]): 
The value is the same before and after calling `init_weights` of GroundingDINO  

lmm.model.layers.6.self_attn.o_proj.ori_model.weight - torch.Size([896, 896]): 
The value is the same before and after calling `init_weights` of GroundingDINO  

lmm.model.layers.6.mlp.gate_proj.lora_A.weight - torch.Size([128, 896]): 
The value is the same before and after calling `init_weights` of GroundingDINO  

lmm.model.layers.6.mlp.gate_proj.lora_B.weight - torch.Size([4864, 128]): 
The value is the same before and after calling `init_weights` of GroundingDINO  

lmm.model.layers.6.mlp.gate_proj.ori_model.weight - torch.Size([4864, 896]): 
The value is the same before and after calling `init_weights` of GroundingDINO  

lmm.model.layers.6.mlp.up_proj.lora_A.weight - torch.Size([128, 896]): 
The value is the same before and after calling `init_weights` of GroundingDINO  

lmm.model.layers.6.mlp.up_proj.lora_B.weight - torch.Size([4864, 128]): 
The value is the same before and after calling `init_weights` of GroundingDINO  

lmm.model.layers.6.mlp.up_proj.ori_model.weight - torch.Size([4864, 896]): 
The value is the same before and after calling `init_weights` of GroundingDINO  

lmm.model.layers.6.mlp.down_proj.lora_A.weight - torch.Size([128, 4864]): 
The value is the same before and after calling `init_weights` of GroundingDINO  

lmm.model.layers.6.mlp.down_proj.lora_B.weight - torch.Size([896, 128]): 
The value is the same before and after calling `init_weights` of GroundingDINO  

lmm.model.layers.6.mlp.down_proj.ori_model.weight - torch.Size([896, 4864]): 
The value is the same before and after calling `init_weights` of GroundingDINO  

lmm.model.layers.6.input_layernorm.weight - torch.Size([896]): 
The value is the same before and after calling `init_weights` of GroundingDINO  

lmm.model.layers.6.post_attention_layernorm.weight - torch.Size([896]): 
The value is the same before and after calling `init_weights` of GroundingDINO  

lmm.model.layers.7.self_attn.q_proj.lora_A.weight - torch.Size([128, 896]): 
The value is the same before and after calling `init_weights` of GroundingDINO  

lmm.model.layers.7.self_attn.q_proj.lora_B.weight - torch.Size([896, 128]): 
The value is the same before and after calling `init_weights` of GroundingDINO  

lmm.model.layers.7.self_attn.q_proj.ori_model.weight - torch.Size([896, 896]): 
The value is the same before and after calling `init_weights` of GroundingDINO  

lmm.model.layers.7.self_attn.q_proj.ori_model.bias - torch.Size([896]): 
The value is the same before and after calling `init_weights` of GroundingDINO  

lmm.model.layers.7.self_attn.k_proj.lora_A.weight - torch.Size([128, 896]): 
The value is the same before and after calling `init_weights` of GroundingDINO  

lmm.model.layers.7.self_attn.k_proj.lora_B.weight - torch.Size([128, 128]): 
The value is the same before and after calling `init_weights` of GroundingDINO  

lmm.model.layers.7.self_attn.k_proj.ori_model.weight - torch.Size([128, 896]): 
The value is the same before and after calling `init_weights` of GroundingDINO  

lmm.model.layers.7.self_attn.k_proj.ori_model.bias - torch.Size([128]): 
The value is the same before and after calling `init_weights` of GroundingDINO  

lmm.model.layers.7.self_attn.v_proj.lora_A.weight - torch.Size([128, 896]): 
The value is the same before and after calling `init_weights` of GroundingDINO  

lmm.model.layers.7.self_attn.v_proj.lora_B.weight - torch.Size([128, 128]): 
The value is the same before and after calling `init_weights` of GroundingDINO  

lmm.model.layers.7.self_attn.v_proj.ori_model.weight - torch.Size([128, 896]): 
The value is the same before and after calling `init_weights` of GroundingDINO  

lmm.model.layers.7.self_attn.v_proj.ori_model.bias - torch.Size([128]): 
The value is the same before and after calling `init_weights` of GroundingDINO  

lmm.model.layers.7.self_attn.o_proj.lora_A.weight - torch.Size([128, 896]): 
The value is the same before and after calling `init_weights` of GroundingDINO  

lmm.model.layers.7.self_attn.o_proj.lora_B.weight - torch.Size([896, 128]): 
The value is the same before and after calling `init_weights` of GroundingDINO  

lmm.model.layers.7.self_attn.o_proj.ori_model.weight - torch.Size([896, 896]): 
The value is the same before and after calling `init_weights` of GroundingDINO  

lmm.model.layers.7.mlp.gate_proj.lora_A.weight - torch.Size([128, 896]): 
The value is the same before and after calling `init_weights` of GroundingDINO  

lmm.model.layers.7.mlp.gate_proj.lora_B.weight - torch.Size([4864, 128]): 
The value is the same before and after calling `init_weights` of GroundingDINO  

lmm.model.layers.7.mlp.gate_proj.ori_model.weight - torch.Size([4864, 896]): 
The value is the same before and after calling `init_weights` of GroundingDINO  

lmm.model.layers.7.mlp.up_proj.lora_A.weight - torch.Size([128, 896]): 
The value is the same before and after calling `init_weights` of GroundingDINO  

lmm.model.layers.7.mlp.up_proj.lora_B.weight - torch.Size([4864, 128]): 
The value is the same before and after calling `init_weights` of GroundingDINO  

lmm.model.layers.7.mlp.up_proj.ori_model.weight - torch.Size([4864, 896]): 
The value is the same before and after calling `init_weights` of GroundingDINO  

lmm.model.layers.7.mlp.down_proj.lora_A.weight - torch.Size([128, 4864]): 
The value is the same before and after calling `init_weights` of GroundingDINO  

lmm.model.layers.7.mlp.down_proj.lora_B.weight - torch.Size([896, 128]): 
The value is the same before and after calling `init_weights` of GroundingDINO  

lmm.model.layers.7.mlp.down_proj.ori_model.weight - torch.Size([896, 4864]): 
The value is the same before and after calling `init_weights` of GroundingDINO  

lmm.model.layers.7.input_layernorm.weight - torch.Size([896]): 
The value is the same before and after calling `init_weights` of GroundingDINO  

lmm.model.layers.7.post_attention_layernorm.weight - torch.Size([896]): 
The value is the same before and after calling `init_weights` of GroundingDINO  

lmm.model.layers.8.self_attn.q_proj.lora_A.weight - torch.Size([128, 896]): 
The value is the same before and after calling `init_weights` of GroundingDINO  

lmm.model.layers.8.self_attn.q_proj.lora_B.weight - torch.Size([896, 128]): 
The value is the same before and after calling `init_weights` of GroundingDINO  

lmm.model.layers.8.self_attn.q_proj.ori_model.weight - torch.Size([896, 896]): 
The value is the same before and after calling `init_weights` of GroundingDINO  

lmm.model.layers.8.self_attn.q_proj.ori_model.bias - torch.Size([896]): 
The value is the same before and after calling `init_weights` of GroundingDINO  

lmm.model.layers.8.self_attn.k_proj.lora_A.weight - torch.Size([128, 896]): 
The value is the same before and after calling `init_weights` of GroundingDINO  

lmm.model.layers.8.self_attn.k_proj.lora_B.weight - torch.Size([128, 128]): 
The value is the same before and after calling `init_weights` of GroundingDINO  

lmm.model.layers.8.self_attn.k_proj.ori_model.weight - torch.Size([128, 896]): 
The value is the same before and after calling `init_weights` of GroundingDINO  

lmm.model.layers.8.self_attn.k_proj.ori_model.bias - torch.Size([128]): 
The value is the same before and after calling `init_weights` of GroundingDINO  

lmm.model.layers.8.self_attn.v_proj.lora_A.weight - torch.Size([128, 896]): 
The value is the same before and after calling `init_weights` of GroundingDINO  

lmm.model.layers.8.self_attn.v_proj.lora_B.weight - torch.Size([128, 128]): 
The value is the same before and after calling `init_weights` of GroundingDINO  

lmm.model.layers.8.self_attn.v_proj.ori_model.weight - torch.Size([128, 896]): 
The value is the same before and after calling `init_weights` of GroundingDINO  

lmm.model.layers.8.self_attn.v_proj.ori_model.bias - torch.Size([128]): 
The value is the same before and after calling `init_weights` of GroundingDINO  

lmm.model.layers.8.self_attn.o_proj.lora_A.weight - torch.Size([128, 896]): 
The value is the same before and after calling `init_weights` of GroundingDINO  

lmm.model.layers.8.self_attn.o_proj.lora_B.weight - torch.Size([896, 128]): 
The value is the same before and after calling `init_weights` of GroundingDINO  

lmm.model.layers.8.self_attn.o_proj.ori_model.weight - torch.Size([896, 896]): 
The value is the same before and after calling `init_weights` of GroundingDINO  

lmm.model.layers.8.mlp.gate_proj.lora_A.weight - torch.Size([128, 896]): 
The value is the same before and after calling `init_weights` of GroundingDINO  

lmm.model.layers.8.mlp.gate_proj.lora_B.weight - torch.Size([4864, 128]): 
The value is the same before and after calling `init_weights` of GroundingDINO  

lmm.model.layers.8.mlp.gate_proj.ori_model.weight - torch.Size([4864, 896]): 
The value is the same before and after calling `init_weights` of GroundingDINO  

lmm.model.layers.8.mlp.up_proj.lora_A.weight - torch.Size([128, 896]): 
The value is the same before and after calling `init_weights` of GroundingDINO  

lmm.model.layers.8.mlp.up_proj.lora_B.weight - torch.Size([4864, 128]): 
The value is the same before and after calling `init_weights` of GroundingDINO  

lmm.model.layers.8.mlp.up_proj.ori_model.weight - torch.Size([4864, 896]): 
The value is the same before and after calling `init_weights` of GroundingDINO  

lmm.model.layers.8.mlp.down_proj.lora_A.weight - torch.Size([128, 4864]): 
The value is the same before and after calling `init_weights` of GroundingDINO  

lmm.model.layers.8.mlp.down_proj.lora_B.weight - torch.Size([896, 128]): 
The value is the same before and after calling `init_weights` of GroundingDINO  

lmm.model.layers.8.mlp.down_proj.ori_model.weight - torch.Size([896, 4864]): 
The value is the same before and after calling `init_weights` of GroundingDINO  

lmm.model.layers.8.input_layernorm.weight - torch.Size([896]): 
The value is the same before and after calling `init_weights` of GroundingDINO  

lmm.model.layers.8.post_attention_layernorm.weight - torch.Size([896]): 
The value is the same before and after calling `init_weights` of GroundingDINO  

lmm.model.layers.8.down_proj.weight - torch.Size([256, 896]): 
The value is the same before and after calling `init_weights` of GroundingDINO  

lmm.model.layers.8.down_proj.bias - torch.Size([256]): 
The value is the same before and after calling `init_weights` of GroundingDINO  

lmm.model.layers.8.up_proj.weight - torch.Size([896, 256]): 
The value is the same before and after calling `init_weights` of GroundingDINO  

lmm.model.layers.8.up_proj.bias - torch.Size([896]): 
The value is the same before and after calling `init_weights` of GroundingDINO  

lmm.model.layers.8.corss_attn_norm.weight - torch.Size([896]): 
The value is the same before and after calling `init_weights` of GroundingDINO  

lmm.model.layers.8.cross_attn.sampling_offsets.weight - torch.Size([256, 256]): 
The value is the same before and after calling `init_weights` of GroundingDINO  

lmm.model.layers.8.cross_attn.sampling_offsets.bias - torch.Size([256]): 
The value is the same before and after calling `init_weights` of GroundingDINO  

lmm.model.layers.8.cross_attn.attention_weights.weight - torch.Size([128, 256]): 
The value is the same before and after calling `init_weights` of GroundingDINO  

lmm.model.layers.8.cross_attn.attention_weights.bias - torch.Size([128]): 
The value is the same before and after calling `init_weights` of GroundingDINO  

lmm.model.layers.8.cross_attn.value_proj.weight - torch.Size([256, 256]): 
The value is the same before and after calling `init_weights` of GroundingDINO  

lmm.model.layers.8.cross_attn.value_proj.bias - torch.Size([256]): 
The value is the same before and after calling `init_weights` of GroundingDINO  

lmm.model.layers.8.cross_attn.output_proj.weight - torch.Size([256, 256]): 
The value is the same before and after calling `init_weights` of GroundingDINO  

lmm.model.layers.8.cross_attn.output_proj.bias - torch.Size([256]): 
The value is the same before and after calling `init_weights` of GroundingDINO  

lmm.model.layers.9.self_attn.q_proj.lora_A.weight - torch.Size([128, 896]): 
The value is the same before and after calling `init_weights` of GroundingDINO  

lmm.model.layers.9.self_attn.q_proj.lora_B.weight - torch.Size([896, 128]): 
The value is the same before and after calling `init_weights` of GroundingDINO  

lmm.model.layers.9.self_attn.q_proj.ori_model.weight - torch.Size([896, 896]): 
The value is the same before and after calling `init_weights` of GroundingDINO  

lmm.model.layers.9.self_attn.q_proj.ori_model.bias - torch.Size([896]): 
The value is the same before and after calling `init_weights` of GroundingDINO  

lmm.model.layers.9.self_attn.k_proj.lora_A.weight - torch.Size([128, 896]): 
The value is the same before and after calling `init_weights` of GroundingDINO  

lmm.model.layers.9.self_attn.k_proj.lora_B.weight - torch.Size([128, 128]): 
The value is the same before and after calling `init_weights` of GroundingDINO  

lmm.model.layers.9.self_attn.k_proj.ori_model.weight - torch.Size([128, 896]): 
The value is the same before and after calling `init_weights` of GroundingDINO  

lmm.model.layers.9.self_attn.k_proj.ori_model.bias - torch.Size([128]): 
The value is the same before and after calling `init_weights` of GroundingDINO  

lmm.model.layers.9.self_attn.v_proj.lora_A.weight - torch.Size([128, 896]): 
The value is the same before and after calling `init_weights` of GroundingDINO  

lmm.model.layers.9.self_attn.v_proj.lora_B.weight - torch.Size([128, 128]): 
The value is the same before and after calling `init_weights` of GroundingDINO  

lmm.model.layers.9.self_attn.v_proj.ori_model.weight - torch.Size([128, 896]): 
The value is the same before and after calling `init_weights` of GroundingDINO  

lmm.model.layers.9.self_attn.v_proj.ori_model.bias - torch.Size([128]): 
The value is the same before and after calling `init_weights` of GroundingDINO  

lmm.model.layers.9.self_attn.o_proj.lora_A.weight - torch.Size([128, 896]): 
The value is the same before and after calling `init_weights` of GroundingDINO  

lmm.model.layers.9.self_attn.o_proj.lora_B.weight - torch.Size([896, 128]): 
The value is the same before and after calling `init_weights` of GroundingDINO  

lmm.model.layers.9.self_attn.o_proj.ori_model.weight - torch.Size([896, 896]): 
The value is the same before and after calling `init_weights` of GroundingDINO  

lmm.model.layers.9.mlp.gate_proj.lora_A.weight - torch.Size([128, 896]): 
The value is the same before and after calling `init_weights` of GroundingDINO  

lmm.model.layers.9.mlp.gate_proj.lora_B.weight - torch.Size([4864, 128]): 
The value is the same before and after calling `init_weights` of GroundingDINO  

lmm.model.layers.9.mlp.gate_proj.ori_model.weight - torch.Size([4864, 896]): 
The value is the same before and after calling `init_weights` of GroundingDINO  

lmm.model.layers.9.mlp.up_proj.lora_A.weight - torch.Size([128, 896]): 
The value is the same before and after calling `init_weights` of GroundingDINO  

lmm.model.layers.9.mlp.up_proj.lora_B.weight - torch.Size([4864, 128]): 
The value is the same before and after calling `init_weights` of GroundingDINO  

lmm.model.layers.9.mlp.up_proj.ori_model.weight - torch.Size([4864, 896]): 
The value is the same before and after calling `init_weights` of GroundingDINO  

lmm.model.layers.9.mlp.down_proj.lora_A.weight - torch.Size([128, 4864]): 
The value is the same before and after calling `init_weights` of GroundingDINO  

lmm.model.layers.9.mlp.down_proj.lora_B.weight - torch.Size([896, 128]): 
The value is the same before and after calling `init_weights` of GroundingDINO  

lmm.model.layers.9.mlp.down_proj.ori_model.weight - torch.Size([896, 4864]): 
The value is the same before and after calling `init_weights` of GroundingDINO  

lmm.model.layers.9.input_layernorm.weight - torch.Size([896]): 
The value is the same before and after calling `init_weights` of GroundingDINO  

lmm.model.layers.9.post_attention_layernorm.weight - torch.Size([896]): 
The value is the same before and after calling `init_weights` of GroundingDINO  

lmm.model.layers.10.self_attn.q_proj.lora_A.weight - torch.Size([128, 896]): 
The value is the same before and after calling `init_weights` of GroundingDINO  

lmm.model.layers.10.self_attn.q_proj.lora_B.weight - torch.Size([896, 128]): 
The value is the same before and after calling `init_weights` of GroundingDINO  

lmm.model.layers.10.self_attn.q_proj.ori_model.weight - torch.Size([896, 896]): 
The value is the same before and after calling `init_weights` of GroundingDINO  

lmm.model.layers.10.self_attn.q_proj.ori_model.bias - torch.Size([896]): 
The value is the same before and after calling `init_weights` of GroundingDINO  

lmm.model.layers.10.self_attn.k_proj.lora_A.weight - torch.Size([128, 896]): 
The value is the same before and after calling `init_weights` of GroundingDINO  

lmm.model.layers.10.self_attn.k_proj.lora_B.weight - torch.Size([128, 128]): 
The value is the same before and after calling `init_weights` of GroundingDINO  

lmm.model.layers.10.self_attn.k_proj.ori_model.weight - torch.Size([128, 896]): 
The value is the same before and after calling `init_weights` of GroundingDINO  

lmm.model.layers.10.self_attn.k_proj.ori_model.bias - torch.Size([128]): 
The value is the same before and after calling `init_weights` of GroundingDINO  

lmm.model.layers.10.self_attn.v_proj.lora_A.weight - torch.Size([128, 896]): 
The value is the same before and after calling `init_weights` of GroundingDINO  

lmm.model.layers.10.self_attn.v_proj.lora_B.weight - torch.Size([128, 128]): 
The value is the same before and after calling `init_weights` of GroundingDINO  

lmm.model.layers.10.self_attn.v_proj.ori_model.weight - torch.Size([128, 896]): 
The value is the same before and after calling `init_weights` of GroundingDINO  

lmm.model.layers.10.self_attn.v_proj.ori_model.bias - torch.Size([128]): 
The value is the same before and after calling `init_weights` of GroundingDINO  

lmm.model.layers.10.self_attn.o_proj.lora_A.weight - torch.Size([128, 896]): 
The value is the same before and after calling `init_weights` of GroundingDINO  

lmm.model.layers.10.self_attn.o_proj.lora_B.weight - torch.Size([896, 128]): 
The value is the same before and after calling `init_weights` of GroundingDINO  

lmm.model.layers.10.self_attn.o_proj.ori_model.weight - torch.Size([896, 896]): 
The value is the same before and after calling `init_weights` of GroundingDINO  

lmm.model.layers.10.mlp.gate_proj.lora_A.weight - torch.Size([128, 896]): 
The value is the same before and after calling `init_weights` of GroundingDINO  

lmm.model.layers.10.mlp.gate_proj.lora_B.weight - torch.Size([4864, 128]): 
The value is the same before and after calling `init_weights` of GroundingDINO  

lmm.model.layers.10.mlp.gate_proj.ori_model.weight - torch.Size([4864, 896]): 
The value is the same before and after calling `init_weights` of GroundingDINO  

lmm.model.layers.10.mlp.up_proj.lora_A.weight - torch.Size([128, 896]): 
The value is the same before and after calling `init_weights` of GroundingDINO  

lmm.model.layers.10.mlp.up_proj.lora_B.weight - torch.Size([4864, 128]): 
The value is the same before and after calling `init_weights` of GroundingDINO  

lmm.model.layers.10.mlp.up_proj.ori_model.weight - torch.Size([4864, 896]): 
The value is the same before and after calling `init_weights` of GroundingDINO  

lmm.model.layers.10.mlp.down_proj.lora_A.weight - torch.Size([128, 4864]): 
The value is the same before and after calling `init_weights` of GroundingDINO  

lmm.model.layers.10.mlp.down_proj.lora_B.weight - torch.Size([896, 128]): 
The value is the same before and after calling `init_weights` of GroundingDINO  

lmm.model.layers.10.mlp.down_proj.ori_model.weight - torch.Size([896, 4864]): 
The value is the same before and after calling `init_weights` of GroundingDINO  

lmm.model.layers.10.input_layernorm.weight - torch.Size([896]): 
The value is the same before and after calling `init_weights` of GroundingDINO  

lmm.model.layers.10.post_attention_layernorm.weight - torch.Size([896]): 
The value is the same before and after calling `init_weights` of GroundingDINO  

lmm.model.layers.11.self_attn.q_proj.lora_A.weight - torch.Size([128, 896]): 
The value is the same before and after calling `init_weights` of GroundingDINO  

lmm.model.layers.11.self_attn.q_proj.lora_B.weight - torch.Size([896, 128]): 
The value is the same before and after calling `init_weights` of GroundingDINO  

lmm.model.layers.11.self_attn.q_proj.ori_model.weight - torch.Size([896, 896]): 
The value is the same before and after calling `init_weights` of GroundingDINO  

lmm.model.layers.11.self_attn.q_proj.ori_model.bias - torch.Size([896]): 
The value is the same before and after calling `init_weights` of GroundingDINO  

lmm.model.layers.11.self_attn.k_proj.lora_A.weight - torch.Size([128, 896]): 
The value is the same before and after calling `init_weights` of GroundingDINO  

lmm.model.layers.11.self_attn.k_proj.lora_B.weight - torch.Size([128, 128]): 
The value is the same before and after calling `init_weights` of GroundingDINO  

lmm.model.layers.11.self_attn.k_proj.ori_model.weight - torch.Size([128, 896]): 
The value is the same before and after calling `init_weights` of GroundingDINO  

lmm.model.layers.11.self_attn.k_proj.ori_model.bias - torch.Size([128]): 
The value is the same before and after calling `init_weights` of GroundingDINO  

lmm.model.layers.11.self_attn.v_proj.lora_A.weight - torch.Size([128, 896]): 
The value is the same before and after calling `init_weights` of GroundingDINO  

lmm.model.layers.11.self_attn.v_proj.lora_B.weight - torch.Size([128, 128]): 
The value is the same before and after calling `init_weights` of GroundingDINO  

lmm.model.layers.11.self_attn.v_proj.ori_model.weight - torch.Size([128, 896]): 
The value is the same before and after calling `init_weights` of GroundingDINO  

lmm.model.layers.11.self_attn.v_proj.ori_model.bias - torch.Size([128]): 
The value is the same before and after calling `init_weights` of GroundingDINO  

lmm.model.layers.11.self_attn.o_proj.lora_A.weight - torch.Size([128, 896]): 
The value is the same before and after calling `init_weights` of GroundingDINO  

lmm.model.layers.11.self_attn.o_proj.lora_B.weight - torch.Size([896, 128]): 
The value is the same before and after calling `init_weights` of GroundingDINO  

lmm.model.layers.11.self_attn.o_proj.ori_model.weight - torch.Size([896, 896]): 
The value is the same before and after calling `init_weights` of GroundingDINO  

lmm.model.layers.11.mlp.gate_proj.lora_A.weight - torch.Size([128, 896]): 
The value is the same before and after calling `init_weights` of GroundingDINO  

lmm.model.layers.11.mlp.gate_proj.lora_B.weight - torch.Size([4864, 128]): 
The value is the same before and after calling `init_weights` of GroundingDINO  

lmm.model.layers.11.mlp.gate_proj.ori_model.weight - torch.Size([4864, 896]): 
The value is the same before and after calling `init_weights` of GroundingDINO  

lmm.model.layers.11.mlp.up_proj.lora_A.weight - torch.Size([128, 896]): 
The value is the same before and after calling `init_weights` of GroundingDINO  

lmm.model.layers.11.mlp.up_proj.lora_B.weight - torch.Size([4864, 128]): 
The value is the same before and after calling `init_weights` of GroundingDINO  

lmm.model.layers.11.mlp.up_proj.ori_model.weight - torch.Size([4864, 896]): 
The value is the same before and after calling `init_weights` of GroundingDINO  

lmm.model.layers.11.mlp.down_proj.lora_A.weight - torch.Size([128, 4864]): 
The value is the same before and after calling `init_weights` of GroundingDINO  

lmm.model.layers.11.mlp.down_proj.lora_B.weight - torch.Size([896, 128]): 
The value is the same before and after calling `init_weights` of GroundingDINO  

lmm.model.layers.11.mlp.down_proj.ori_model.weight - torch.Size([896, 4864]): 
The value is the same before and after calling `init_weights` of GroundingDINO  

lmm.model.layers.11.input_layernorm.weight - torch.Size([896]): 
The value is the same before and after calling `init_weights` of GroundingDINO  

lmm.model.layers.11.post_attention_layernorm.weight - torch.Size([896]): 
The value is the same before and after calling `init_weights` of GroundingDINO  

lmm.model.layers.12.self_attn.q_proj.lora_A.weight - torch.Size([128, 896]): 
The value is the same before and after calling `init_weights` of GroundingDINO  

lmm.model.layers.12.self_attn.q_proj.lora_B.weight - torch.Size([896, 128]): 
The value is the same before and after calling `init_weights` of GroundingDINO  

lmm.model.layers.12.self_attn.q_proj.ori_model.weight - torch.Size([896, 896]): 
The value is the same before and after calling `init_weights` of GroundingDINO  

lmm.model.layers.12.self_attn.q_proj.ori_model.bias - torch.Size([896]): 
The value is the same before and after calling `init_weights` of GroundingDINO  

lmm.model.layers.12.self_attn.k_proj.lora_A.weight - torch.Size([128, 896]): 
The value is the same before and after calling `init_weights` of GroundingDINO  

lmm.model.layers.12.self_attn.k_proj.lora_B.weight - torch.Size([128, 128]): 
The value is the same before and after calling `init_weights` of GroundingDINO  

lmm.model.layers.12.self_attn.k_proj.ori_model.weight - torch.Size([128, 896]): 
The value is the same before and after calling `init_weights` of GroundingDINO  

lmm.model.layers.12.self_attn.k_proj.ori_model.bias - torch.Size([128]): 
The value is the same before and after calling `init_weights` of GroundingDINO  

lmm.model.layers.12.self_attn.v_proj.lora_A.weight - torch.Size([128, 896]): 
The value is the same before and after calling `init_weights` of GroundingDINO  

lmm.model.layers.12.self_attn.v_proj.lora_B.weight - torch.Size([128, 128]): 
The value is the same before and after calling `init_weights` of GroundingDINO  

lmm.model.layers.12.self_attn.v_proj.ori_model.weight - torch.Size([128, 896]): 
The value is the same before and after calling `init_weights` of GroundingDINO  

lmm.model.layers.12.self_attn.v_proj.ori_model.bias - torch.Size([128]): 
The value is the same before and after calling `init_weights` of GroundingDINO  

lmm.model.layers.12.self_attn.o_proj.lora_A.weight - torch.Size([128, 896]): 
The value is the same before and after calling `init_weights` of GroundingDINO  

lmm.model.layers.12.self_attn.o_proj.lora_B.weight - torch.Size([896, 128]): 
The value is the same before and after calling `init_weights` of GroundingDINO  

lmm.model.layers.12.self_attn.o_proj.ori_model.weight - torch.Size([896, 896]): 
The value is the same before and after calling `init_weights` of GroundingDINO  

lmm.model.layers.12.mlp.gate_proj.lora_A.weight - torch.Size([128, 896]): 
The value is the same before and after calling `init_weights` of GroundingDINO  

lmm.model.layers.12.mlp.gate_proj.lora_B.weight - torch.Size([4864, 128]): 
The value is the same before and after calling `init_weights` of GroundingDINO  

lmm.model.layers.12.mlp.gate_proj.ori_model.weight - torch.Size([4864, 896]): 
The value is the same before and after calling `init_weights` of GroundingDINO  

lmm.model.layers.12.mlp.up_proj.lora_A.weight - torch.Size([128, 896]): 
The value is the same before and after calling `init_weights` of GroundingDINO  

lmm.model.layers.12.mlp.up_proj.lora_B.weight - torch.Size([4864, 128]): 
The value is the same before and after calling `init_weights` of GroundingDINO  

lmm.model.layers.12.mlp.up_proj.ori_model.weight - torch.Size([4864, 896]): 
The value is the same before and after calling `init_weights` of GroundingDINO  

lmm.model.layers.12.mlp.down_proj.lora_A.weight - torch.Size([128, 4864]): 
The value is the same before and after calling `init_weights` of GroundingDINO  

lmm.model.layers.12.mlp.down_proj.lora_B.weight - torch.Size([896, 128]): 
The value is the same before and after calling `init_weights` of GroundingDINO  

lmm.model.layers.12.mlp.down_proj.ori_model.weight - torch.Size([896, 4864]): 
The value is the same before and after calling `init_weights` of GroundingDINO  

lmm.model.layers.12.input_layernorm.weight - torch.Size([896]): 
The value is the same before and after calling `init_weights` of GroundingDINO  

lmm.model.layers.12.post_attention_layernorm.weight - torch.Size([896]): 
The value is the same before and after calling `init_weights` of GroundingDINO  

lmm.model.layers.12.down_proj.weight - torch.Size([256, 896]): 
The value is the same before and after calling `init_weights` of GroundingDINO  

lmm.model.layers.12.down_proj.bias - torch.Size([256]): 
The value is the same before and after calling `init_weights` of GroundingDINO  

lmm.model.layers.12.up_proj.weight - torch.Size([896, 256]): 
The value is the same before and after calling `init_weights` of GroundingDINO  

lmm.model.layers.12.up_proj.bias - torch.Size([896]): 
The value is the same before and after calling `init_weights` of GroundingDINO  

lmm.model.layers.12.corss_attn_norm.weight - torch.Size([896]): 
The value is the same before and after calling `init_weights` of GroundingDINO  

lmm.model.layers.12.cross_attn.sampling_offsets.weight - torch.Size([256, 256]): 
The value is the same before and after calling `init_weights` of GroundingDINO  

lmm.model.layers.12.cross_attn.sampling_offsets.bias - torch.Size([256]): 
The value is the same before and after calling `init_weights` of GroundingDINO  

lmm.model.layers.12.cross_attn.attention_weights.weight - torch.Size([128, 256]): 
The value is the same before and after calling `init_weights` of GroundingDINO  

lmm.model.layers.12.cross_attn.attention_weights.bias - torch.Size([128]): 
The value is the same before and after calling `init_weights` of GroundingDINO  

lmm.model.layers.12.cross_attn.value_proj.weight - torch.Size([256, 256]): 
The value is the same before and after calling `init_weights` of GroundingDINO  

lmm.model.layers.12.cross_attn.value_proj.bias - torch.Size([256]): 
The value is the same before and after calling `init_weights` of GroundingDINO  

lmm.model.layers.12.cross_attn.output_proj.weight - torch.Size([256, 256]): 
The value is the same before and after calling `init_weights` of GroundingDINO  

lmm.model.layers.12.cross_attn.output_proj.bias - torch.Size([256]): 
The value is the same before and after calling `init_weights` of GroundingDINO  

lmm.model.layers.13.self_attn.q_proj.lora_A.weight - torch.Size([128, 896]): 
The value is the same before and after calling `init_weights` of GroundingDINO  

lmm.model.layers.13.self_attn.q_proj.lora_B.weight - torch.Size([896, 128]): 
The value is the same before and after calling `init_weights` of GroundingDINO  

lmm.model.layers.13.self_attn.q_proj.ori_model.weight - torch.Size([896, 896]): 
The value is the same before and after calling `init_weights` of GroundingDINO  

lmm.model.layers.13.self_attn.q_proj.ori_model.bias - torch.Size([896]): 
The value is the same before and after calling `init_weights` of GroundingDINO  

lmm.model.layers.13.self_attn.k_proj.lora_A.weight - torch.Size([128, 896]): 
The value is the same before and after calling `init_weights` of GroundingDINO  

lmm.model.layers.13.self_attn.k_proj.lora_B.weight - torch.Size([128, 128]): 
The value is the same before and after calling `init_weights` of GroundingDINO  

lmm.model.layers.13.self_attn.k_proj.ori_model.weight - torch.Size([128, 896]): 
The value is the same before and after calling `init_weights` of GroundingDINO  

lmm.model.layers.13.self_attn.k_proj.ori_model.bias - torch.Size([128]): 
The value is the same before and after calling `init_weights` of GroundingDINO  

lmm.model.layers.13.self_attn.v_proj.lora_A.weight - torch.Size([128, 896]): 
The value is the same before and after calling `init_weights` of GroundingDINO  

lmm.model.layers.13.self_attn.v_proj.lora_B.weight - torch.Size([128, 128]): 
The value is the same before and after calling `init_weights` of GroundingDINO  

lmm.model.layers.13.self_attn.v_proj.ori_model.weight - torch.Size([128, 896]): 
The value is the same before and after calling `init_weights` of GroundingDINO  

lmm.model.layers.13.self_attn.v_proj.ori_model.bias - torch.Size([128]): 
The value is the same before and after calling `init_weights` of GroundingDINO  

lmm.model.layers.13.self_attn.o_proj.lora_A.weight - torch.Size([128, 896]): 
The value is the same before and after calling `init_weights` of GroundingDINO  

lmm.model.layers.13.self_attn.o_proj.lora_B.weight - torch.Size([896, 128]): 
The value is the same before and after calling `init_weights` of GroundingDINO  

lmm.model.layers.13.self_attn.o_proj.ori_model.weight - torch.Size([896, 896]): 
The value is the same before and after calling `init_weights` of GroundingDINO  

lmm.model.layers.13.mlp.gate_proj.lora_A.weight - torch.Size([128, 896]): 
The value is the same before and after calling `init_weights` of GroundingDINO  

lmm.model.layers.13.mlp.gate_proj.lora_B.weight - torch.Size([4864, 128]): 
The value is the same before and after calling `init_weights` of GroundingDINO  

lmm.model.layers.13.mlp.gate_proj.ori_model.weight - torch.Size([4864, 896]): 
The value is the same before and after calling `init_weights` of GroundingDINO  

lmm.model.layers.13.mlp.up_proj.lora_A.weight - torch.Size([128, 896]): 
The value is the same before and after calling `init_weights` of GroundingDINO  

lmm.model.layers.13.mlp.up_proj.lora_B.weight - torch.Size([4864, 128]): 
The value is the same before and after calling `init_weights` of GroundingDINO  

lmm.model.layers.13.mlp.up_proj.ori_model.weight - torch.Size([4864, 896]): 
The value is the same before and after calling `init_weights` of GroundingDINO  

lmm.model.layers.13.mlp.down_proj.lora_A.weight - torch.Size([128, 4864]): 
The value is the same before and after calling `init_weights` of GroundingDINO  

lmm.model.layers.13.mlp.down_proj.lora_B.weight - torch.Size([896, 128]): 
The value is the same before and after calling `init_weights` of GroundingDINO  

lmm.model.layers.13.mlp.down_proj.ori_model.weight - torch.Size([896, 4864]): 
The value is the same before and after calling `init_weights` of GroundingDINO  

lmm.model.layers.13.input_layernorm.weight - torch.Size([896]): 
The value is the same before and after calling `init_weights` of GroundingDINO  

lmm.model.layers.13.post_attention_layernorm.weight - torch.Size([896]): 
The value is the same before and after calling `init_weights` of GroundingDINO  

lmm.model.layers.14.self_attn.q_proj.lora_A.weight - torch.Size([128, 896]): 
The value is the same before and after calling `init_weights` of GroundingDINO  

lmm.model.layers.14.self_attn.q_proj.lora_B.weight - torch.Size([896, 128]): 
The value is the same before and after calling `init_weights` of GroundingDINO  

lmm.model.layers.14.self_attn.q_proj.ori_model.weight - torch.Size([896, 896]): 
The value is the same before and after calling `init_weights` of GroundingDINO  

lmm.model.layers.14.self_attn.q_proj.ori_model.bias - torch.Size([896]): 
The value is the same before and after calling `init_weights` of GroundingDINO  

lmm.model.layers.14.self_attn.k_proj.lora_A.weight - torch.Size([128, 896]): 
The value is the same before and after calling `init_weights` of GroundingDINO  

lmm.model.layers.14.self_attn.k_proj.lora_B.weight - torch.Size([128, 128]): 
The value is the same before and after calling `init_weights` of GroundingDINO  

lmm.model.layers.14.self_attn.k_proj.ori_model.weight - torch.Size([128, 896]): 
The value is the same before and after calling `init_weights` of GroundingDINO  

lmm.model.layers.14.self_attn.k_proj.ori_model.bias - torch.Size([128]): 
The value is the same before and after calling `init_weights` of GroundingDINO  

lmm.model.layers.14.self_attn.v_proj.lora_A.weight - torch.Size([128, 896]): 
The value is the same before and after calling `init_weights` of GroundingDINO  

lmm.model.layers.14.self_attn.v_proj.lora_B.weight - torch.Size([128, 128]): 
The value is the same before and after calling `init_weights` of GroundingDINO  

lmm.model.layers.14.self_attn.v_proj.ori_model.weight - torch.Size([128, 896]): 
The value is the same before and after calling `init_weights` of GroundingDINO  

lmm.model.layers.14.self_attn.v_proj.ori_model.bias - torch.Size([128]): 
The value is the same before and after calling `init_weights` of GroundingDINO  

lmm.model.layers.14.self_attn.o_proj.lora_A.weight - torch.Size([128, 896]): 
The value is the same before and after calling `init_weights` of GroundingDINO  

lmm.model.layers.14.self_attn.o_proj.lora_B.weight - torch.Size([896, 128]): 
The value is the same before and after calling `init_weights` of GroundingDINO  

lmm.model.layers.14.self_attn.o_proj.ori_model.weight - torch.Size([896, 896]): 
The value is the same before and after calling `init_weights` of GroundingDINO  

lmm.model.layers.14.mlp.gate_proj.lora_A.weight - torch.Size([128, 896]): 
The value is the same before and after calling `init_weights` of GroundingDINO  

lmm.model.layers.14.mlp.gate_proj.lora_B.weight - torch.Size([4864, 128]): 
The value is the same before and after calling `init_weights` of GroundingDINO  

lmm.model.layers.14.mlp.gate_proj.ori_model.weight - torch.Size([4864, 896]): 
The value is the same before and after calling `init_weights` of GroundingDINO  

lmm.model.layers.14.mlp.up_proj.lora_A.weight - torch.Size([128, 896]): 
The value is the same before and after calling `init_weights` of GroundingDINO  

lmm.model.layers.14.mlp.up_proj.lora_B.weight - torch.Size([4864, 128]): 
The value is the same before and after calling `init_weights` of GroundingDINO  

lmm.model.layers.14.mlp.up_proj.ori_model.weight - torch.Size([4864, 896]): 
The value is the same before and after calling `init_weights` of GroundingDINO  

lmm.model.layers.14.mlp.down_proj.lora_A.weight - torch.Size([128, 4864]): 
The value is the same before and after calling `init_weights` of GroundingDINO  

lmm.model.layers.14.mlp.down_proj.lora_B.weight - torch.Size([896, 128]): 
The value is the same before and after calling `init_weights` of GroundingDINO  

lmm.model.layers.14.mlp.down_proj.ori_model.weight - torch.Size([896, 4864]): 
The value is the same before and after calling `init_weights` of GroundingDINO  

lmm.model.layers.14.input_layernorm.weight - torch.Size([896]): 
The value is the same before and after calling `init_weights` of GroundingDINO  

lmm.model.layers.14.post_attention_layernorm.weight - torch.Size([896]): 
The value is the same before and after calling `init_weights` of GroundingDINO  

lmm.model.layers.15.self_attn.q_proj.lora_A.weight - torch.Size([128, 896]): 
The value is the same before and after calling `init_weights` of GroundingDINO  

lmm.model.layers.15.self_attn.q_proj.lora_B.weight - torch.Size([896, 128]): 
The value is the same before and after calling `init_weights` of GroundingDINO  

lmm.model.layers.15.self_attn.q_proj.ori_model.weight - torch.Size([896, 896]): 
The value is the same before and after calling `init_weights` of GroundingDINO  

lmm.model.layers.15.self_attn.q_proj.ori_model.bias - torch.Size([896]): 
The value is the same before and after calling `init_weights` of GroundingDINO  

lmm.model.layers.15.self_attn.k_proj.lora_A.weight - torch.Size([128, 896]): 
The value is the same before and after calling `init_weights` of GroundingDINO  

lmm.model.layers.15.self_attn.k_proj.lora_B.weight - torch.Size([128, 128]): 
The value is the same before and after calling `init_weights` of GroundingDINO  

lmm.model.layers.15.self_attn.k_proj.ori_model.weight - torch.Size([128, 896]): 
The value is the same before and after calling `init_weights` of GroundingDINO  

lmm.model.layers.15.self_attn.k_proj.ori_model.bias - torch.Size([128]): 
The value is the same before and after calling `init_weights` of GroundingDINO  

lmm.model.layers.15.self_attn.v_proj.lora_A.weight - torch.Size([128, 896]): 
The value is the same before and after calling `init_weights` of GroundingDINO  

lmm.model.layers.15.self_attn.v_proj.lora_B.weight - torch.Size([128, 128]): 
The value is the same before and after calling `init_weights` of GroundingDINO  

lmm.model.layers.15.self_attn.v_proj.ori_model.weight - torch.Size([128, 896]): 
The value is the same before and after calling `init_weights` of GroundingDINO  

lmm.model.layers.15.self_attn.v_proj.ori_model.bias - torch.Size([128]): 
The value is the same before and after calling `init_weights` of GroundingDINO  

lmm.model.layers.15.self_attn.o_proj.lora_A.weight - torch.Size([128, 896]): 
The value is the same before and after calling `init_weights` of GroundingDINO  

lmm.model.layers.15.self_attn.o_proj.lora_B.weight - torch.Size([896, 128]): 
The value is the same before and after calling `init_weights` of GroundingDINO  

lmm.model.layers.15.self_attn.o_proj.ori_model.weight - torch.Size([896, 896]): 
The value is the same before and after calling `init_weights` of GroundingDINO  

lmm.model.layers.15.mlp.gate_proj.lora_A.weight - torch.Size([128, 896]): 
The value is the same before and after calling `init_weights` of GroundingDINO  

lmm.model.layers.15.mlp.gate_proj.lora_B.weight - torch.Size([4864, 128]): 
The value is the same before and after calling `init_weights` of GroundingDINO  

lmm.model.layers.15.mlp.gate_proj.ori_model.weight - torch.Size([4864, 896]): 
The value is the same before and after calling `init_weights` of GroundingDINO  

lmm.model.layers.15.mlp.up_proj.lora_A.weight - torch.Size([128, 896]): 
The value is the same before and after calling `init_weights` of GroundingDINO  

lmm.model.layers.15.mlp.up_proj.lora_B.weight - torch.Size([4864, 128]): 
The value is the same before and after calling `init_weights` of GroundingDINO  

lmm.model.layers.15.mlp.up_proj.ori_model.weight - torch.Size([4864, 896]): 
The value is the same before and after calling `init_weights` of GroundingDINO  

lmm.model.layers.15.mlp.down_proj.lora_A.weight - torch.Size([128, 4864]): 
The value is the same before and after calling `init_weights` of GroundingDINO  

lmm.model.layers.15.mlp.down_proj.lora_B.weight - torch.Size([896, 128]): 
The value is the same before and after calling `init_weights` of GroundingDINO  

lmm.model.layers.15.mlp.down_proj.ori_model.weight - torch.Size([896, 4864]): 
The value is the same before and after calling `init_weights` of GroundingDINO  

lmm.model.layers.15.input_layernorm.weight - torch.Size([896]): 
The value is the same before and after calling `init_weights` of GroundingDINO  

lmm.model.layers.15.post_attention_layernorm.weight - torch.Size([896]): 
The value is the same before and after calling `init_weights` of GroundingDINO  

lmm.model.layers.16.self_attn.q_proj.lora_A.weight - torch.Size([128, 896]): 
The value is the same before and after calling `init_weights` of GroundingDINO  

lmm.model.layers.16.self_attn.q_proj.lora_B.weight - torch.Size([896, 128]): 
The value is the same before and after calling `init_weights` of GroundingDINO  

lmm.model.layers.16.self_attn.q_proj.ori_model.weight - torch.Size([896, 896]): 
The value is the same before and after calling `init_weights` of GroundingDINO  

lmm.model.layers.16.self_attn.q_proj.ori_model.bias - torch.Size([896]): 
The value is the same before and after calling `init_weights` of GroundingDINO  

lmm.model.layers.16.self_attn.k_proj.lora_A.weight - torch.Size([128, 896]): 
The value is the same before and after calling `init_weights` of GroundingDINO  

lmm.model.layers.16.self_attn.k_proj.lora_B.weight - torch.Size([128, 128]): 
The value is the same before and after calling `init_weights` of GroundingDINO  

lmm.model.layers.16.self_attn.k_proj.ori_model.weight - torch.Size([128, 896]): 
The value is the same before and after calling `init_weights` of GroundingDINO  

lmm.model.layers.16.self_attn.k_proj.ori_model.bias - torch.Size([128]): 
The value is the same before and after calling `init_weights` of GroundingDINO  

lmm.model.layers.16.self_attn.v_proj.lora_A.weight - torch.Size([128, 896]): 
The value is the same before and after calling `init_weights` of GroundingDINO  

lmm.model.layers.16.self_attn.v_proj.lora_B.weight - torch.Size([128, 128]): 
The value is the same before and after calling `init_weights` of GroundingDINO  

lmm.model.layers.16.self_attn.v_proj.ori_model.weight - torch.Size([128, 896]): 
The value is the same before and after calling `init_weights` of GroundingDINO  

lmm.model.layers.16.self_attn.v_proj.ori_model.bias - torch.Size([128]): 
The value is the same before and after calling `init_weights` of GroundingDINO  

lmm.model.layers.16.self_attn.o_proj.lora_A.weight - torch.Size([128, 896]): 
The value is the same before and after calling `init_weights` of GroundingDINO  

lmm.model.layers.16.self_attn.o_proj.lora_B.weight - torch.Size([896, 128]): 
The value is the same before and after calling `init_weights` of GroundingDINO  

lmm.model.layers.16.self_attn.o_proj.ori_model.weight - torch.Size([896, 896]): 
The value is the same before and after calling `init_weights` of GroundingDINO  

lmm.model.layers.16.mlp.gate_proj.lora_A.weight - torch.Size([128, 896]): 
The value is the same before and after calling `init_weights` of GroundingDINO  

lmm.model.layers.16.mlp.gate_proj.lora_B.weight - torch.Size([4864, 128]): 
The value is the same before and after calling `init_weights` of GroundingDINO  

lmm.model.layers.16.mlp.gate_proj.ori_model.weight - torch.Size([4864, 896]): 
The value is the same before and after calling `init_weights` of GroundingDINO  

lmm.model.layers.16.mlp.up_proj.lora_A.weight - torch.Size([128, 896]): 
The value is the same before and after calling `init_weights` of GroundingDINO  

lmm.model.layers.16.mlp.up_proj.lora_B.weight - torch.Size([4864, 128]): 
The value is the same before and after calling `init_weights` of GroundingDINO  

lmm.model.layers.16.mlp.up_proj.ori_model.weight - torch.Size([4864, 896]): 
The value is the same before and after calling `init_weights` of GroundingDINO  

lmm.model.layers.16.mlp.down_proj.lora_A.weight - torch.Size([128, 4864]): 
The value is the same before and after calling `init_weights` of GroundingDINO  

lmm.model.layers.16.mlp.down_proj.lora_B.weight - torch.Size([896, 128]): 
The value is the same before and after calling `init_weights` of GroundingDINO  

lmm.model.layers.16.mlp.down_proj.ori_model.weight - torch.Size([896, 4864]): 
The value is the same before and after calling `init_weights` of GroundingDINO  

lmm.model.layers.16.input_layernorm.weight - torch.Size([896]): 
The value is the same before and after calling `init_weights` of GroundingDINO  

lmm.model.layers.16.post_attention_layernorm.weight - torch.Size([896]): 
The value is the same before and after calling `init_weights` of GroundingDINO  

lmm.model.layers.16.down_proj.weight - torch.Size([256, 896]): 
The value is the same before and after calling `init_weights` of GroundingDINO  

lmm.model.layers.16.down_proj.bias - torch.Size([256]): 
The value is the same before and after calling `init_weights` of GroundingDINO  

lmm.model.layers.16.up_proj.weight - torch.Size([896, 256]): 
The value is the same before and after calling `init_weights` of GroundingDINO  

lmm.model.layers.16.up_proj.bias - torch.Size([896]): 
The value is the same before and after calling `init_weights` of GroundingDINO  

lmm.model.layers.16.corss_attn_norm.weight - torch.Size([896]): 
The value is the same before and after calling `init_weights` of GroundingDINO  

lmm.model.layers.16.cross_attn.sampling_offsets.weight - torch.Size([256, 256]): 
The value is the same before and after calling `init_weights` of GroundingDINO  

lmm.model.layers.16.cross_attn.sampling_offsets.bias - torch.Size([256]): 
The value is the same before and after calling `init_weights` of GroundingDINO  

lmm.model.layers.16.cross_attn.attention_weights.weight - torch.Size([128, 256]): 
The value is the same before and after calling `init_weights` of GroundingDINO  

lmm.model.layers.16.cross_attn.attention_weights.bias - torch.Size([128]): 
The value is the same before and after calling `init_weights` of GroundingDINO  

lmm.model.layers.16.cross_attn.value_proj.weight - torch.Size([256, 256]): 
The value is the same before and after calling `init_weights` of GroundingDINO  

lmm.model.layers.16.cross_attn.value_proj.bias - torch.Size([256]): 
The value is the same before and after calling `init_weights` of GroundingDINO  

lmm.model.layers.16.cross_attn.output_proj.weight - torch.Size([256, 256]): 
The value is the same before and after calling `init_weights` of GroundingDINO  

lmm.model.layers.16.cross_attn.output_proj.bias - torch.Size([256]): 
The value is the same before and after calling `init_weights` of GroundingDINO  

lmm.model.layers.17.self_attn.q_proj.lora_A.weight - torch.Size([128, 896]): 
The value is the same before and after calling `init_weights` of GroundingDINO  

lmm.model.layers.17.self_attn.q_proj.lora_B.weight - torch.Size([896, 128]): 
The value is the same before and after calling `init_weights` of GroundingDINO  

lmm.model.layers.17.self_attn.q_proj.ori_model.weight - torch.Size([896, 896]): 
The value is the same before and after calling `init_weights` of GroundingDINO  

lmm.model.layers.17.self_attn.q_proj.ori_model.bias - torch.Size([896]): 
The value is the same before and after calling `init_weights` of GroundingDINO  

lmm.model.layers.17.self_attn.k_proj.lora_A.weight - torch.Size([128, 896]): 
The value is the same before and after calling `init_weights` of GroundingDINO  

lmm.model.layers.17.self_attn.k_proj.lora_B.weight - torch.Size([128, 128]): 
The value is the same before and after calling `init_weights` of GroundingDINO  

lmm.model.layers.17.self_attn.k_proj.ori_model.weight - torch.Size([128, 896]): 
The value is the same before and after calling `init_weights` of GroundingDINO  

lmm.model.layers.17.self_attn.k_proj.ori_model.bias - torch.Size([128]): 
The value is the same before and after calling `init_weights` of GroundingDINO  

lmm.model.layers.17.self_attn.v_proj.lora_A.weight - torch.Size([128, 896]): 
The value is the same before and after calling `init_weights` of GroundingDINO  

lmm.model.layers.17.self_attn.v_proj.lora_B.weight - torch.Size([128, 128]): 
The value is the same before and after calling `init_weights` of GroundingDINO  

lmm.model.layers.17.self_attn.v_proj.ori_model.weight - torch.Size([128, 896]): 
The value is the same before and after calling `init_weights` of GroundingDINO  

lmm.model.layers.17.self_attn.v_proj.ori_model.bias - torch.Size([128]): 
The value is the same before and after calling `init_weights` of GroundingDINO  

lmm.model.layers.17.self_attn.o_proj.lora_A.weight - torch.Size([128, 896]): 
The value is the same before and after calling `init_weights` of GroundingDINO  

lmm.model.layers.17.self_attn.o_proj.lora_B.weight - torch.Size([896, 128]): 
The value is the same before and after calling `init_weights` of GroundingDINO  

lmm.model.layers.17.self_attn.o_proj.ori_model.weight - torch.Size([896, 896]): 
The value is the same before and after calling `init_weights` of GroundingDINO  

lmm.model.layers.17.mlp.gate_proj.lora_A.weight - torch.Size([128, 896]): 
The value is the same before and after calling `init_weights` of GroundingDINO  

lmm.model.layers.17.mlp.gate_proj.lora_B.weight - torch.Size([4864, 128]): 
The value is the same before and after calling `init_weights` of GroundingDINO  

lmm.model.layers.17.mlp.gate_proj.ori_model.weight - torch.Size([4864, 896]): 
The value is the same before and after calling `init_weights` of GroundingDINO  

lmm.model.layers.17.mlp.up_proj.lora_A.weight - torch.Size([128, 896]): 
The value is the same before and after calling `init_weights` of GroundingDINO  

lmm.model.layers.17.mlp.up_proj.lora_B.weight - torch.Size([4864, 128]): 
The value is the same before and after calling `init_weights` of GroundingDINO  

lmm.model.layers.17.mlp.up_proj.ori_model.weight - torch.Size([4864, 896]): 
The value is the same before and after calling `init_weights` of GroundingDINO  

lmm.model.layers.17.mlp.down_proj.lora_A.weight - torch.Size([128, 4864]): 
The value is the same before and after calling `init_weights` of GroundingDINO  

lmm.model.layers.17.mlp.down_proj.lora_B.weight - torch.Size([896, 128]): 
The value is the same before and after calling `init_weights` of GroundingDINO  

lmm.model.layers.17.mlp.down_proj.ori_model.weight - torch.Size([896, 4864]): 
The value is the same before and after calling `init_weights` of GroundingDINO  

lmm.model.layers.17.input_layernorm.weight - torch.Size([896]): 
The value is the same before and after calling `init_weights` of GroundingDINO  

lmm.model.layers.17.post_attention_layernorm.weight - torch.Size([896]): 
The value is the same before and after calling `init_weights` of GroundingDINO  

lmm.model.layers.18.self_attn.q_proj.lora_A.weight - torch.Size([128, 896]): 
The value is the same before and after calling `init_weights` of GroundingDINO  

lmm.model.layers.18.self_attn.q_proj.lora_B.weight - torch.Size([896, 128]): 
The value is the same before and after calling `init_weights` of GroundingDINO  

lmm.model.layers.18.self_attn.q_proj.ori_model.weight - torch.Size([896, 896]): 
The value is the same before and after calling `init_weights` of GroundingDINO  

lmm.model.layers.18.self_attn.q_proj.ori_model.bias - torch.Size([896]): 
The value is the same before and after calling `init_weights` of GroundingDINO  

lmm.model.layers.18.self_attn.k_proj.lora_A.weight - torch.Size([128, 896]): 
The value is the same before and after calling `init_weights` of GroundingDINO  

lmm.model.layers.18.self_attn.k_proj.lora_B.weight - torch.Size([128, 128]): 
The value is the same before and after calling `init_weights` of GroundingDINO  

lmm.model.layers.18.self_attn.k_proj.ori_model.weight - torch.Size([128, 896]): 
The value is the same before and after calling `init_weights` of GroundingDINO  

lmm.model.layers.18.self_attn.k_proj.ori_model.bias - torch.Size([128]): 
The value is the same before and after calling `init_weights` of GroundingDINO  

lmm.model.layers.18.self_attn.v_proj.lora_A.weight - torch.Size([128, 896]): 
The value is the same before and after calling `init_weights` of GroundingDINO  

lmm.model.layers.18.self_attn.v_proj.lora_B.weight - torch.Size([128, 128]): 
The value is the same before and after calling `init_weights` of GroundingDINO  

lmm.model.layers.18.self_attn.v_proj.ori_model.weight - torch.Size([128, 896]): 
The value is the same before and after calling `init_weights` of GroundingDINO  

lmm.model.layers.18.self_attn.v_proj.ori_model.bias - torch.Size([128]): 
The value is the same before and after calling `init_weights` of GroundingDINO  

lmm.model.layers.18.self_attn.o_proj.lora_A.weight - torch.Size([128, 896]): 
The value is the same before and after calling `init_weights` of GroundingDINO  

lmm.model.layers.18.self_attn.o_proj.lora_B.weight - torch.Size([896, 128]): 
The value is the same before and after calling `init_weights` of GroundingDINO  

lmm.model.layers.18.self_attn.o_proj.ori_model.weight - torch.Size([896, 896]): 
The value is the same before and after calling `init_weights` of GroundingDINO  

lmm.model.layers.18.mlp.gate_proj.lora_A.weight - torch.Size([128, 896]): 
The value is the same before and after calling `init_weights` of GroundingDINO  

lmm.model.layers.18.mlp.gate_proj.lora_B.weight - torch.Size([4864, 128]): 
The value is the same before and after calling `init_weights` of GroundingDINO  

lmm.model.layers.18.mlp.gate_proj.ori_model.weight - torch.Size([4864, 896]): 
The value is the same before and after calling `init_weights` of GroundingDINO  

lmm.model.layers.18.mlp.up_proj.lora_A.weight - torch.Size([128, 896]): 
The value is the same before and after calling `init_weights` of GroundingDINO  

lmm.model.layers.18.mlp.up_proj.lora_B.weight - torch.Size([4864, 128]): 
The value is the same before and after calling `init_weights` of GroundingDINO  

lmm.model.layers.18.mlp.up_proj.ori_model.weight - torch.Size([4864, 896]): 
The value is the same before and after calling `init_weights` of GroundingDINO  

lmm.model.layers.18.mlp.down_proj.lora_A.weight - torch.Size([128, 4864]): 
The value is the same before and after calling `init_weights` of GroundingDINO  

lmm.model.layers.18.mlp.down_proj.lora_B.weight - torch.Size([896, 128]): 
The value is the same before and after calling `init_weights` of GroundingDINO  

lmm.model.layers.18.mlp.down_proj.ori_model.weight - torch.Size([896, 4864]): 
The value is the same before and after calling `init_weights` of GroundingDINO  

lmm.model.layers.18.input_layernorm.weight - torch.Size([896]): 
The value is the same before and after calling `init_weights` of GroundingDINO  

lmm.model.layers.18.post_attention_layernorm.weight - torch.Size([896]): 
The value is the same before and after calling `init_weights` of GroundingDINO  

lmm.model.layers.19.self_attn.q_proj.lora_A.weight - torch.Size([128, 896]): 
The value is the same before and after calling `init_weights` of GroundingDINO  

lmm.model.layers.19.self_attn.q_proj.lora_B.weight - torch.Size([896, 128]): 
The value is the same before and after calling `init_weights` of GroundingDINO  

lmm.model.layers.19.self_attn.q_proj.ori_model.weight - torch.Size([896, 896]): 
The value is the same before and after calling `init_weights` of GroundingDINO  

lmm.model.layers.19.self_attn.q_proj.ori_model.bias - torch.Size([896]): 
The value is the same before and after calling `init_weights` of GroundingDINO  

lmm.model.layers.19.self_attn.k_proj.lora_A.weight - torch.Size([128, 896]): 
The value is the same before and after calling `init_weights` of GroundingDINO  

lmm.model.layers.19.self_attn.k_proj.lora_B.weight - torch.Size([128, 128]): 
The value is the same before and after calling `init_weights` of GroundingDINO  

lmm.model.layers.19.self_attn.k_proj.ori_model.weight - torch.Size([128, 896]): 
The value is the same before and after calling `init_weights` of GroundingDINO  

lmm.model.layers.19.self_attn.k_proj.ori_model.bias - torch.Size([128]): 
The value is the same before and after calling `init_weights` of GroundingDINO  

lmm.model.layers.19.self_attn.v_proj.lora_A.weight - torch.Size([128, 896]): 
The value is the same before and after calling `init_weights` of GroundingDINO  

lmm.model.layers.19.self_attn.v_proj.lora_B.weight - torch.Size([128, 128]): 
The value is the same before and after calling `init_weights` of GroundingDINO  

lmm.model.layers.19.self_attn.v_proj.ori_model.weight - torch.Size([128, 896]): 
The value is the same before and after calling `init_weights` of GroundingDINO  

lmm.model.layers.19.self_attn.v_proj.ori_model.bias - torch.Size([128]): 
The value is the same before and after calling `init_weights` of GroundingDINO  

lmm.model.layers.19.self_attn.o_proj.lora_A.weight - torch.Size([128, 896]): 
The value is the same before and after calling `init_weights` of GroundingDINO  

lmm.model.layers.19.self_attn.o_proj.lora_B.weight - torch.Size([896, 128]): 
The value is the same before and after calling `init_weights` of GroundingDINO  

lmm.model.layers.19.self_attn.o_proj.ori_model.weight - torch.Size([896, 896]): 
The value is the same before and after calling `init_weights` of GroundingDINO  

lmm.model.layers.19.mlp.gate_proj.lora_A.weight - torch.Size([128, 896]): 
The value is the same before and after calling `init_weights` of GroundingDINO  

lmm.model.layers.19.mlp.gate_proj.lora_B.weight - torch.Size([4864, 128]): 
The value is the same before and after calling `init_weights` of GroundingDINO  

lmm.model.layers.19.mlp.gate_proj.ori_model.weight - torch.Size([4864, 896]): 
The value is the same before and after calling `init_weights` of GroundingDINO  

lmm.model.layers.19.mlp.up_proj.lora_A.weight - torch.Size([128, 896]): 
The value is the same before and after calling `init_weights` of GroundingDINO  

lmm.model.layers.19.mlp.up_proj.lora_B.weight - torch.Size([4864, 128]): 
The value is the same before and after calling `init_weights` of GroundingDINO  

lmm.model.layers.19.mlp.up_proj.ori_model.weight - torch.Size([4864, 896]): 
The value is the same before and after calling `init_weights` of GroundingDINO  

lmm.model.layers.19.mlp.down_proj.lora_A.weight - torch.Size([128, 4864]): 
The value is the same before and after calling `init_weights` of GroundingDINO  

lmm.model.layers.19.mlp.down_proj.lora_B.weight - torch.Size([896, 128]): 
The value is the same before and after calling `init_weights` of GroundingDINO  

lmm.model.layers.19.mlp.down_proj.ori_model.weight - torch.Size([896, 4864]): 
The value is the same before and after calling `init_weights` of GroundingDINO  

lmm.model.layers.19.input_layernorm.weight - torch.Size([896]): 
The value is the same before and after calling `init_weights` of GroundingDINO  

lmm.model.layers.19.post_attention_layernorm.weight - torch.Size([896]): 
The value is the same before and after calling `init_weights` of GroundingDINO  

lmm.model.layers.20.self_attn.q_proj.lora_A.weight - torch.Size([128, 896]): 
The value is the same before and after calling `init_weights` of GroundingDINO  

lmm.model.layers.20.self_attn.q_proj.lora_B.weight - torch.Size([896, 128]): 
The value is the same before and after calling `init_weights` of GroundingDINO  

lmm.model.layers.20.self_attn.q_proj.ori_model.weight - torch.Size([896, 896]): 
The value is the same before and after calling `init_weights` of GroundingDINO  

lmm.model.layers.20.self_attn.q_proj.ori_model.bias - torch.Size([896]): 
The value is the same before and after calling `init_weights` of GroundingDINO  

lmm.model.layers.20.self_attn.k_proj.lora_A.weight - torch.Size([128, 896]): 
The value is the same before and after calling `init_weights` of GroundingDINO  

lmm.model.layers.20.self_attn.k_proj.lora_B.weight - torch.Size([128, 128]): 
The value is the same before and after calling `init_weights` of GroundingDINO  

lmm.model.layers.20.self_attn.k_proj.ori_model.weight - torch.Size([128, 896]): 
The value is the same before and after calling `init_weights` of GroundingDINO  

lmm.model.layers.20.self_attn.k_proj.ori_model.bias - torch.Size([128]): 
The value is the same before and after calling `init_weights` of GroundingDINO  

lmm.model.layers.20.self_attn.v_proj.lora_A.weight - torch.Size([128, 896]): 
The value is the same before and after calling `init_weights` of GroundingDINO  

lmm.model.layers.20.self_attn.v_proj.lora_B.weight - torch.Size([128, 128]): 
The value is the same before and after calling `init_weights` of GroundingDINO  

lmm.model.layers.20.self_attn.v_proj.ori_model.weight - torch.Size([128, 896]): 
The value is the same before and after calling `init_weights` of GroundingDINO  

lmm.model.layers.20.self_attn.v_proj.ori_model.bias - torch.Size([128]): 
The value is the same before and after calling `init_weights` of GroundingDINO  

lmm.model.layers.20.self_attn.o_proj.lora_A.weight - torch.Size([128, 896]): 
The value is the same before and after calling `init_weights` of GroundingDINO  

lmm.model.layers.20.self_attn.o_proj.lora_B.weight - torch.Size([896, 128]): 
The value is the same before and after calling `init_weights` of GroundingDINO  

lmm.model.layers.20.self_attn.o_proj.ori_model.weight - torch.Size([896, 896]): 
The value is the same before and after calling `init_weights` of GroundingDINO  

lmm.model.layers.20.mlp.gate_proj.lora_A.weight - torch.Size([128, 896]): 
The value is the same before and after calling `init_weights` of GroundingDINO  

lmm.model.layers.20.mlp.gate_proj.lora_B.weight - torch.Size([4864, 128]): 
The value is the same before and after calling `init_weights` of GroundingDINO  

lmm.model.layers.20.mlp.gate_proj.ori_model.weight - torch.Size([4864, 896]): 
The value is the same before and after calling `init_weights` of GroundingDINO  

lmm.model.layers.20.mlp.up_proj.lora_A.weight - torch.Size([128, 896]): 
The value is the same before and after calling `init_weights` of GroundingDINO  

lmm.model.layers.20.mlp.up_proj.lora_B.weight - torch.Size([4864, 128]): 
The value is the same before and after calling `init_weights` of GroundingDINO  

lmm.model.layers.20.mlp.up_proj.ori_model.weight - torch.Size([4864, 896]): 
The value is the same before and after calling `init_weights` of GroundingDINO  

lmm.model.layers.20.mlp.down_proj.lora_A.weight - torch.Size([128, 4864]): 
The value is the same before and after calling `init_weights` of GroundingDINO  

lmm.model.layers.20.mlp.down_proj.lora_B.weight - torch.Size([896, 128]): 
The value is the same before and after calling `init_weights` of GroundingDINO  

lmm.model.layers.20.mlp.down_proj.ori_model.weight - torch.Size([896, 4864]): 
The value is the same before and after calling `init_weights` of GroundingDINO  

lmm.model.layers.20.input_layernorm.weight - torch.Size([896]): 
The value is the same before and after calling `init_weights` of GroundingDINO  

lmm.model.layers.20.post_attention_layernorm.weight - torch.Size([896]): 
The value is the same before and after calling `init_weights` of GroundingDINO  

lmm.model.layers.20.down_proj.weight - torch.Size([256, 896]): 
The value is the same before and after calling `init_weights` of GroundingDINO  

lmm.model.layers.20.down_proj.bias - torch.Size([256]): 
The value is the same before and after calling `init_weights` of GroundingDINO  

lmm.model.layers.20.up_proj.weight - torch.Size([896, 256]): 
The value is the same before and after calling `init_weights` of GroundingDINO  

lmm.model.layers.20.up_proj.bias - torch.Size([896]): 
The value is the same before and after calling `init_weights` of GroundingDINO  

lmm.model.layers.20.corss_attn_norm.weight - torch.Size([896]): 
The value is the same before and after calling `init_weights` of GroundingDINO  

lmm.model.layers.20.cross_attn.sampling_offsets.weight - torch.Size([256, 256]): 
The value is the same before and after calling `init_weights` of GroundingDINO  

lmm.model.layers.20.cross_attn.sampling_offsets.bias - torch.Size([256]): 
The value is the same before and after calling `init_weights` of GroundingDINO  

lmm.model.layers.20.cross_attn.attention_weights.weight - torch.Size([128, 256]): 
The value is the same before and after calling `init_weights` of GroundingDINO  

lmm.model.layers.20.cross_attn.attention_weights.bias - torch.Size([128]): 
The value is the same before and after calling `init_weights` of GroundingDINO  

lmm.model.layers.20.cross_attn.value_proj.weight - torch.Size([256, 256]): 
The value is the same before and after calling `init_weights` of GroundingDINO  

lmm.model.layers.20.cross_attn.value_proj.bias - torch.Size([256]): 
The value is the same before and after calling `init_weights` of GroundingDINO  

lmm.model.layers.20.cross_attn.output_proj.weight - torch.Size([256, 256]): 
The value is the same before and after calling `init_weights` of GroundingDINO  

lmm.model.layers.20.cross_attn.output_proj.bias - torch.Size([256]): 
The value is the same before and after calling `init_weights` of GroundingDINO  

lmm.model.layers.21.self_attn.q_proj.lora_A.weight - torch.Size([128, 896]): 
The value is the same before and after calling `init_weights` of GroundingDINO  

lmm.model.layers.21.self_attn.q_proj.lora_B.weight - torch.Size([896, 128]): 
The value is the same before and after calling `init_weights` of GroundingDINO  

lmm.model.layers.21.self_attn.q_proj.ori_model.weight - torch.Size([896, 896]): 
The value is the same before and after calling `init_weights` of GroundingDINO  

lmm.model.layers.21.self_attn.q_proj.ori_model.bias - torch.Size([896]): 
The value is the same before and after calling `init_weights` of GroundingDINO  

lmm.model.layers.21.self_attn.k_proj.lora_A.weight - torch.Size([128, 896]): 
The value is the same before and after calling `init_weights` of GroundingDINO  

lmm.model.layers.21.self_attn.k_proj.lora_B.weight - torch.Size([128, 128]): 
The value is the same before and after calling `init_weights` of GroundingDINO  

lmm.model.layers.21.self_attn.k_proj.ori_model.weight - torch.Size([128, 896]): 
The value is the same before and after calling `init_weights` of GroundingDINO  

lmm.model.layers.21.self_attn.k_proj.ori_model.bias - torch.Size([128]): 
The value is the same before and after calling `init_weights` of GroundingDINO  

lmm.model.layers.21.self_attn.v_proj.lora_A.weight - torch.Size([128, 896]): 
The value is the same before and after calling `init_weights` of GroundingDINO  

lmm.model.layers.21.self_attn.v_proj.lora_B.weight - torch.Size([128, 128]): 
The value is the same before and after calling `init_weights` of GroundingDINO  

lmm.model.layers.21.self_attn.v_proj.ori_model.weight - torch.Size([128, 896]): 
The value is the same before and after calling `init_weights` of GroundingDINO  

lmm.model.layers.21.self_attn.v_proj.ori_model.bias - torch.Size([128]): 
The value is the same before and after calling `init_weights` of GroundingDINO  

lmm.model.layers.21.self_attn.o_proj.lora_A.weight - torch.Size([128, 896]): 
The value is the same before and after calling `init_weights` of GroundingDINO  

lmm.model.layers.21.self_attn.o_proj.lora_B.weight - torch.Size([896, 128]): 
The value is the same before and after calling `init_weights` of GroundingDINO  

lmm.model.layers.21.self_attn.o_proj.ori_model.weight - torch.Size([896, 896]): 
The value is the same before and after calling `init_weights` of GroundingDINO  

lmm.model.layers.21.mlp.gate_proj.lora_A.weight - torch.Size([128, 896]): 
The value is the same before and after calling `init_weights` of GroundingDINO  

lmm.model.layers.21.mlp.gate_proj.lora_B.weight - torch.Size([4864, 128]): 
The value is the same before and after calling `init_weights` of GroundingDINO  

lmm.model.layers.21.mlp.gate_proj.ori_model.weight - torch.Size([4864, 896]): 
The value is the same before and after calling `init_weights` of GroundingDINO  

lmm.model.layers.21.mlp.up_proj.lora_A.weight - torch.Size([128, 896]): 
The value is the same before and after calling `init_weights` of GroundingDINO  

lmm.model.layers.21.mlp.up_proj.lora_B.weight - torch.Size([4864, 128]): 
The value is the same before and after calling `init_weights` of GroundingDINO  

lmm.model.layers.21.mlp.up_proj.ori_model.weight - torch.Size([4864, 896]): 
The value is the same before and after calling `init_weights` of GroundingDINO  

lmm.model.layers.21.mlp.down_proj.lora_A.weight - torch.Size([128, 4864]): 
The value is the same before and after calling `init_weights` of GroundingDINO  

lmm.model.layers.21.mlp.down_proj.lora_B.weight - torch.Size([896, 128]): 
The value is the same before and after calling `init_weights` of GroundingDINO  

lmm.model.layers.21.mlp.down_proj.ori_model.weight - torch.Size([896, 4864]): 
The value is the same before and after calling `init_weights` of GroundingDINO  

lmm.model.layers.21.input_layernorm.weight - torch.Size([896]): 
The value is the same before and after calling `init_weights` of GroundingDINO  

lmm.model.layers.21.post_attention_layernorm.weight - torch.Size([896]): 
The value is the same before and after calling `init_weights` of GroundingDINO  

lmm.model.layers.22.self_attn.q_proj.lora_A.weight - torch.Size([128, 896]): 
The value is the same before and after calling `init_weights` of GroundingDINO  

lmm.model.layers.22.self_attn.q_proj.lora_B.weight - torch.Size([896, 128]): 
The value is the same before and after calling `init_weights` of GroundingDINO  

lmm.model.layers.22.self_attn.q_proj.ori_model.weight - torch.Size([896, 896]): 
The value is the same before and after calling `init_weights` of GroundingDINO  

lmm.model.layers.22.self_attn.q_proj.ori_model.bias - torch.Size([896]): 
The value is the same before and after calling `init_weights` of GroundingDINO  

lmm.model.layers.22.self_attn.k_proj.lora_A.weight - torch.Size([128, 896]): 
The value is the same before and after calling `init_weights` of GroundingDINO  

lmm.model.layers.22.self_attn.k_proj.lora_B.weight - torch.Size([128, 128]): 
The value is the same before and after calling `init_weights` of GroundingDINO  

lmm.model.layers.22.self_attn.k_proj.ori_model.weight - torch.Size([128, 896]): 
The value is the same before and after calling `init_weights` of GroundingDINO  

lmm.model.layers.22.self_attn.k_proj.ori_model.bias - torch.Size([128]): 
The value is the same before and after calling `init_weights` of GroundingDINO  

lmm.model.layers.22.self_attn.v_proj.lora_A.weight - torch.Size([128, 896]): 
The value is the same before and after calling `init_weights` of GroundingDINO  

lmm.model.layers.22.self_attn.v_proj.lora_B.weight - torch.Size([128, 128]): 
The value is the same before and after calling `init_weights` of GroundingDINO  

lmm.model.layers.22.self_attn.v_proj.ori_model.weight - torch.Size([128, 896]): 
The value is the same before and after calling `init_weights` of GroundingDINO  

lmm.model.layers.22.self_attn.v_proj.ori_model.bias - torch.Size([128]): 
The value is the same before and after calling `init_weights` of GroundingDINO  

lmm.model.layers.22.self_attn.o_proj.lora_A.weight - torch.Size([128, 896]): 
The value is the same before and after calling `init_weights` of GroundingDINO  

lmm.model.layers.22.self_attn.o_proj.lora_B.weight - torch.Size([896, 128]): 
The value is the same before and after calling `init_weights` of GroundingDINO  

lmm.model.layers.22.self_attn.o_proj.ori_model.weight - torch.Size([896, 896]): 
The value is the same before and after calling `init_weights` of GroundingDINO  

lmm.model.layers.22.mlp.gate_proj.lora_A.weight - torch.Size([128, 896]): 
The value is the same before and after calling `init_weights` of GroundingDINO  

lmm.model.layers.22.mlp.gate_proj.lora_B.weight - torch.Size([4864, 128]): 
The value is the same before and after calling `init_weights` of GroundingDINO  

lmm.model.layers.22.mlp.gate_proj.ori_model.weight - torch.Size([4864, 896]): 
The value is the same before and after calling `init_weights` of GroundingDINO  

lmm.model.layers.22.mlp.up_proj.lora_A.weight - torch.Size([128, 896]): 
The value is the same before and after calling `init_weights` of GroundingDINO  

lmm.model.layers.22.mlp.up_proj.lora_B.weight - torch.Size([4864, 128]): 
The value is the same before and after calling `init_weights` of GroundingDINO  

lmm.model.layers.22.mlp.up_proj.ori_model.weight - torch.Size([4864, 896]): 
The value is the same before and after calling `init_weights` of GroundingDINO  

lmm.model.layers.22.mlp.down_proj.lora_A.weight - torch.Size([128, 4864]): 
The value is the same before and after calling `init_weights` of GroundingDINO  

lmm.model.layers.22.mlp.down_proj.lora_B.weight - torch.Size([896, 128]): 
The value is the same before and after calling `init_weights` of GroundingDINO  

lmm.model.layers.22.mlp.down_proj.ori_model.weight - torch.Size([896, 4864]): 
The value is the same before and after calling `init_weights` of GroundingDINO  

lmm.model.layers.22.input_layernorm.weight - torch.Size([896]): 
The value is the same before and after calling `init_weights` of GroundingDINO  

lmm.model.layers.22.post_attention_layernorm.weight - torch.Size([896]): 
The value is the same before and after calling `init_weights` of GroundingDINO  

lmm.model.layers.23.self_attn.q_proj.lora_A.weight - torch.Size([128, 896]): 
The value is the same before and after calling `init_weights` of GroundingDINO  

lmm.model.layers.23.self_attn.q_proj.lora_B.weight - torch.Size([896, 128]): 
The value is the same before and after calling `init_weights` of GroundingDINO  

lmm.model.layers.23.self_attn.q_proj.ori_model.weight - torch.Size([896, 896]): 
The value is the same before and after calling `init_weights` of GroundingDINO  

lmm.model.layers.23.self_attn.q_proj.ori_model.bias - torch.Size([896]): 
The value is the same before and after calling `init_weights` of GroundingDINO  

lmm.model.layers.23.self_attn.k_proj.lora_A.weight - torch.Size([128, 896]): 
The value is the same before and after calling `init_weights` of GroundingDINO  

lmm.model.layers.23.self_attn.k_proj.lora_B.weight - torch.Size([128, 128]): 
The value is the same before and after calling `init_weights` of GroundingDINO  

lmm.model.layers.23.self_attn.k_proj.ori_model.weight - torch.Size([128, 896]): 
The value is the same before and after calling `init_weights` of GroundingDINO  

lmm.model.layers.23.self_attn.k_proj.ori_model.bias - torch.Size([128]): 
The value is the same before and after calling `init_weights` of GroundingDINO  

lmm.model.layers.23.self_attn.v_proj.lora_A.weight - torch.Size([128, 896]): 
The value is the same before and after calling `init_weights` of GroundingDINO  

lmm.model.layers.23.self_attn.v_proj.lora_B.weight - torch.Size([128, 128]): 
The value is the same before and after calling `init_weights` of GroundingDINO  

lmm.model.layers.23.self_attn.v_proj.ori_model.weight - torch.Size([128, 896]): 
The value is the same before and after calling `init_weights` of GroundingDINO  

lmm.model.layers.23.self_attn.v_proj.ori_model.bias - torch.Size([128]): 
The value is the same before and after calling `init_weights` of GroundingDINO  

lmm.model.layers.23.self_attn.o_proj.lora_A.weight - torch.Size([128, 896]): 
The value is the same before and after calling `init_weights` of GroundingDINO  

lmm.model.layers.23.self_attn.o_proj.lora_B.weight - torch.Size([896, 128]): 
The value is the same before and after calling `init_weights` of GroundingDINO  

lmm.model.layers.23.self_attn.o_proj.ori_model.weight - torch.Size([896, 896]): 
The value is the same before and after calling `init_weights` of GroundingDINO  

lmm.model.layers.23.mlp.gate_proj.lora_A.weight - torch.Size([128, 896]): 
The value is the same before and after calling `init_weights` of GroundingDINO  

lmm.model.layers.23.mlp.gate_proj.lora_B.weight - torch.Size([4864, 128]): 
The value is the same before and after calling `init_weights` of GroundingDINO  

lmm.model.layers.23.mlp.gate_proj.ori_model.weight - torch.Size([4864, 896]): 
The value is the same before and after calling `init_weights` of GroundingDINO  

lmm.model.layers.23.mlp.up_proj.lora_A.weight - torch.Size([128, 896]): 
The value is the same before and after calling `init_weights` of GroundingDINO  

lmm.model.layers.23.mlp.up_proj.lora_B.weight - torch.Size([4864, 128]): 
The value is the same before and after calling `init_weights` of GroundingDINO  

lmm.model.layers.23.mlp.up_proj.ori_model.weight - torch.Size([4864, 896]): 
The value is the same before and after calling `init_weights` of GroundingDINO  

lmm.model.layers.23.mlp.down_proj.lora_A.weight - torch.Size([128, 4864]): 
The value is the same before and after calling `init_weights` of GroundingDINO  

lmm.model.layers.23.mlp.down_proj.lora_B.weight - torch.Size([896, 128]): 
The value is the same before and after calling `init_weights` of GroundingDINO  

lmm.model.layers.23.mlp.down_proj.ori_model.weight - torch.Size([896, 4864]): 
The value is the same before and after calling `init_weights` of GroundingDINO  

lmm.model.layers.23.input_layernorm.weight - torch.Size([896]): 
The value is the same before and after calling `init_weights` of GroundingDINO  

lmm.model.layers.23.post_attention_layernorm.weight - torch.Size([896]): 
The value is the same before and after calling `init_weights` of GroundingDINO  

lmm.model.norm.weight - torch.Size([896]): 
The value is the same before and after calling `init_weights` of GroundingDINO  

ref_point_head.layers.0.weight - torch.Size([256, 512]): 
The value is the same before and after calling `init_weights` of GroundingDINO  

ref_point_head.layers.0.bias - torch.Size([256]): 
The value is the same before and after calling `init_weights` of GroundingDINO  

ref_point_head.layers.1.weight - torch.Size([256, 256]): 
The value is the same before and after calling `init_weights` of GroundingDINO  

ref_point_head.layers.1.bias - torch.Size([256]): 
The value is the same before and after calling `init_weights` of GroundingDINO  

connector.vision_projector.0.0.weight - torch.Size([896, 256]): 
The value is the same before and after calling `init_weights` of GroundingDINO  

connector.vision_projector.0.0.bias - torch.Size([896]): 
The value is the same before and after calling `init_weights` of GroundingDINO  

connector.vision_projector.0.2.weight - torch.Size([896, 896]): 
The value is the same before and after calling `init_weights` of GroundingDINO  

connector.vision_projector.0.2.bias - torch.Size([896]): 
The value is the same before and after calling `init_weights` of GroundingDINO  

connector.pos_proj.weight - torch.Size([896, 512]): 
The value is the same before and after calling `init_weights` of GroundingDINO  

connector.pos_proj.bias - torch.Size([896]): 
The value is the same before and after calling `init_weights` of GroundingDINO  

region_connector.vision_projector.0.0.weight - torch.Size([896, 256]): 
The value is the same before and after calling `init_weights` of GroundingDINO  

region_connector.vision_projector.0.0.bias - torch.Size([896]): 
The value is the same before and after calling `init_weights` of GroundingDINO  

region_connector.vision_projector.0.2.weight - torch.Size([896, 896]): 
The value is the same before and after calling `init_weights` of GroundingDINO  

region_connector.vision_projector.0.2.bias - torch.Size([896]): 
The value is the same before and after calling `init_weights` of GroundingDINO  

region_connector.pos_proj.weight - torch.Size([896, 512]): 
The value is the same before and after calling `init_weights` of GroundingDINO  

region_connector.pos_proj.bias - torch.Size([896]): 
The value is the same before and after calling `init_weights` of GroundingDINO  

image_seperate.weight - torch.Size([1, 896]): 
The value is the same before and after calling `init_weights` of GroundingDINO  
2025/06/16 11:07:36 - mmengine - INFO - Load checkpoint from ../huggingface/mm_grounding_dino/grounding_dino_swin-t_pretrain_obj365_goldg_grit9m_v3det_20231204_095047-b448804b.pth
2025/06/16 11:07:36 - mmengine - WARNING - "FileClient" will be deprecated in future. Please use io functions in https://mmengine.readthedocs.io/en/latest/api/fileio.html#file-io
2025/06/16 11:07:36 - mmengine - WARNING - "HardDiskBackend" is the alias of "LocalBackend" and the former will be deprecated in future.
2025/06/16 11:07:36 - mmengine - INFO - Checkpoints will be saved to /home/jovyan/Computer_vision/LLMDet/work_dirs/grounding_dino_swin_t.
2025/06/16 11:09:21 - mmengine - INFO - Iter(train) [  100/15000]  base_lr: 1.0000e-05 lr: 1.0000e-05  eta: 4:20:35  time: 1.0613  data_time: 0.0208  memory: 23432  grad_norm: 31.1905  loss: 13.3013  loss_cls: 0.4644  loss_bbox: 0.1588  loss_iou: 0.3187  d0.loss_cls: 0.4911  d0.loss_bbox: 0.1726  d0.loss_iou: 0.3312  d1.loss_cls: 0.4690  d1.loss_bbox: 0.1664  d1.loss_iou: 0.3228  d2.loss_cls: 0.4600  d2.loss_bbox: 0.1644  d2.loss_iou: 0.3238  d3.loss_cls: 0.4588  d3.loss_bbox: 0.1622  d3.loss_iou: 0.3208  d4.loss_cls: 0.4617  d4.loss_bbox: 0.1602  d4.loss_iou: 0.3180  enc_loss_cls: 0.4958  enc_loss_bbox: 0.1852  enc_loss_iou: 0.3518  dn_loss_cls: 0.2228  dn_loss_bbox: 0.2065  dn_loss_iou: 0.2662  d0.dn_loss_cls: 0.3027  d0.dn_loss_bbox: 0.3920  d0.dn_loss_iou: 0.4489  d1.dn_loss_cls: 0.2535  d1.dn_loss_bbox: 0.2477  d1.dn_loss_iou: 0.3123  d2.dn_loss_cls: 0.2315  d2.dn_loss_bbox: 0.2159  d2.dn_loss_iou: 0.2792  d3.dn_loss_cls: 0.2207  d3.dn_loss_bbox: 0.2077  d3.dn_loss_iou: 0.2681  d4.dn_loss_cls: 0.2224  d4.dn_loss_bbox: 0.2064  d4.dn_loss_iou: 0.2663  d1.loss_lmm_region: 0.5263  loss_lmm_image: 1.2464
2025/06/16 11:11:03 - mmengine - INFO - Iter(train) [  200/15000]  base_lr: 2.0000e-05 lr: 2.0000e-05  eta: 4:15:16  time: 1.0192  data_time: 0.0203  memory: 23697  grad_norm: 24.1389  loss: 11.8337  loss_cls: 0.3968  loss_bbox: 0.1620  loss_iou: 0.2295  d0.loss_cls: 0.4226  d0.loss_bbox: 0.1888  d0.loss_iou: 0.2491  d1.loss_cls: 0.4105  d1.loss_bbox: 0.1698  d1.loss_iou: 0.2353  d2.loss_cls: 0.4035  d2.loss_bbox: 0.1633  d2.loss_iou: 0.2323  d3.loss_cls: 0.4017  d3.loss_bbox: 0.1619  d3.loss_iou: 0.2309  d4.loss_cls: 0.3978  d4.loss_bbox: 0.1624  d4.loss_iou: 0.2303  enc_loss_cls: 0.4296  enc_loss_bbox: 0.2014  enc_loss_iou: 0.2691  dn_loss_cls: 0.1888  dn_loss_bbox: 0.2183  dn_loss_iou: 0.2278  d0.dn_loss_cls: 0.2682  d0.dn_loss_bbox: 0.4007  d0.dn_loss_iou: 0.3953  d1.dn_loss_cls: 0.2147  d1.dn_loss_bbox: 0.2600  d1.dn_loss_iou: 0.2690  d2.dn_loss_cls: 0.2009  d2.dn_loss_bbox: 0.2288  d2.dn_loss_iou: 0.2394  d3.dn_loss_cls: 0.1937  d3.dn_loss_bbox: 0.2199  d3.dn_loss_iou: 0.2298  d4.dn_loss_cls: 0.1907  d4.dn_loss_bbox: 0.2184  d4.dn_loss_iou: 0.2279  d1.loss_lmm_region: 0.5436  loss_lmm_image: 1.1492
2025/06/16 11:12:46 - mmengine - INFO - Iter(train) [  300/15000]  base_lr: 3.0000e-05 lr: 3.0000e-05  eta: 4:13:40  time: 1.0606  data_time: 0.0211  memory: 22397  grad_norm: nan  loss: 12.5869  loss_cls: 0.3786  loss_bbox: 0.1765  loss_iou: 0.2900  d0.loss_cls: 0.4077  d0.loss_bbox: 0.1939  d0.loss_iou: 0.3072  d1.loss_cls: 0.3920  d1.loss_bbox: 0.1833  d1.loss_iou: 0.2973  d2.loss_cls: 0.3805  d2.loss_bbox: 0.1809  d2.loss_iou: 0.2934  d3.loss_cls: 0.3789  d3.loss_bbox: 0.1771  d3.loss_iou: 0.2916  d4.loss_cls: 0.3771  d4.loss_bbox: 0.1765  d4.loss_iou: 0.2903  enc_loss_cls: 0.4159  enc_loss_bbox: 0.2067  enc_loss_iou: 0.3215  dn_loss_cls: 0.1748  dn_loss_bbox: 0.2498  dn_loss_iou: 0.2767  d0.dn_loss_cls: 0.2717  d0.dn_loss_bbox: 0.4289  d0.dn_loss_iou: 0.4496  d1.dn_loss_cls: 0.2127  d1.dn_loss_bbox: 0.2825  d1.dn_loss_iou: 0.3118  d2.dn_loss_cls: 0.1943  d2.dn_loss_bbox: 0.2597  d2.dn_loss_iou: 0.2858  d3.dn_loss_cls: 0.1823  d3.dn_loss_bbox: 0.2516  d3.dn_loss_iou: 0.2785  d4.dn_loss_cls: 0.1766  d4.dn_loss_bbox: 0.2496  d4.dn_loss_iou: 0.2767  d1.loss_lmm_region: 0.5330  loss_lmm_image: 1.1232
2025/06/16 11:14:29 - mmengine - INFO - Iter(train) [  400/15000]  base_lr: 4.0000e-05 lr: 4.0000e-05  eta: 4:11:15  time: 1.0149  data_time: 0.0210  memory: 24143  grad_norm: 26.8910  loss: 11.2044  loss_cls: 0.3985  loss_bbox: 0.1201  loss_iou: 0.2486  d0.loss_cls: 0.4156  d0.loss_bbox: 0.1415  d0.loss_iou: 0.2674  d1.loss_cls: 0.3990  d1.loss_bbox: 0.1357  d1.loss_iou: 0.2644  d2.loss_cls: 0.3993  d2.loss_bbox: 0.1263  d2.loss_iou: 0.2547  d3.loss_cls: 0.4023  d3.loss_bbox: 0.1207  d3.loss_iou: 0.2497  d4.loss_cls: 0.3986  d4.loss_bbox: 0.1213  d4.loss_iou: 0.2498  enc_loss_cls: 0.4286  enc_loss_bbox: 0.1565  enc_loss_iou: 0.2865  dn_loss_cls: 0.1844  dn_loss_bbox: 0.1680  dn_loss_iou: 0.2172  d0.dn_loss_cls: 0.2581  d0.dn_loss_bbox: 0.3521  d0.dn_loss_iou: 0.3800  d1.dn_loss_cls: 0.2103  d1.dn_loss_bbox: 0.2085  d1.dn_loss_iou: 0.2551  d2.dn_loss_cls: 0.1927  d2.dn_loss_bbox: 0.1793  d2.dn_loss_iou: 0.2275  d3.dn_loss_cls: 0.1849  d3.dn_loss_bbox: 0.1693  d3.dn_loss_iou: 0.2192  d4.dn_loss_cls: 0.1837  d4.dn_loss_bbox: 0.1680  d4.dn_loss_iou: 0.2171  d1.loss_lmm_region: 0.5212  loss_lmm_image: 1.1223
2025/06/16 11:16:12 - mmengine - INFO - Iter(train) [  500/15000]  base_lr: 5.0000e-05 lr: 5.0000e-05  eta: 4:09:38  time: 1.0604  data_time: 0.0211  memory: 23307  grad_norm: 22.5583  loss: 11.7742  loss_cls: 0.3652  loss_bbox: 0.1467  loss_iou: 0.2866  d0.loss_cls: 0.3923  d0.loss_bbox: 0.1689  d0.loss_iou: 0.3047  d1.loss_cls: 0.3844  d1.loss_bbox: 0.1516  d1.loss_iou: 0.2889  d2.loss_cls: 0.3777  d2.loss_bbox: 0.1466  d2.loss_iou: 0.2851  d3.loss_cls: 0.3703  d3.loss_bbox: 0.1475  d3.loss_iou: 0.2858  d4.loss_cls: 0.3696  d4.loss_bbox: 0.1469  d4.loss_iou: 0.2850  enc_loss_cls: 0.4074  enc_loss_bbox: 0.1808  enc_loss_iou: 0.3242  dn_loss_cls: 0.1532  dn_loss_bbox: 0.2005  dn_loss_iou: 0.2594  d0.dn_loss_cls: 0.2409  d0.dn_loss_bbox: 0.3964  d0.dn_loss_iou: 0.4393  d1.dn_loss_cls: 0.1842  d1.dn_loss_bbox: 0.2442  d1.dn_loss_iou: 0.3018  d2.dn_loss_cls: 0.1650  d2.dn_loss_bbox: 0.2111  d2.dn_loss_iou: 0.2703  d3.dn_loss_cls: 0.1581  d3.dn_loss_bbox: 0.2016  d3.dn_loss_iou: 0.2611  d4.dn_loss_cls: 0.1544  d4.dn_loss_bbox: 0.2005  d4.dn_loss_iou: 0.2594  d1.loss_lmm_region: 0.5108  loss_lmm_image: 1.1458
2025/06/16 11:17:54 - mmengine - INFO - Iter(train) [  600/15000]  base_lr: 6.0000e-05 lr: 6.0000e-05  eta: 4:07:19  time: 1.0215  data_time: 0.0214  memory: 22977  grad_norm: 24.3570  loss: 10.5588  loss_cls: 0.3141  loss_bbox: 0.1315  loss_iou: 0.2261  d0.loss_cls: 0.3367  d0.loss_bbox: 0.1519  d0.loss_iou: 0.2511  d1.loss_cls: 0.3280  d1.loss_bbox: 0.1365  d1.loss_iou: 0.2321  d2.loss_cls: 0.3273  d2.loss_bbox: 0.1273  d2.loss_iou: 0.2214  d3.loss_cls: 0.3223  d3.loss_bbox: 0.1266  d3.loss_iou: 0.2231  d4.loss_cls: 0.3162  d4.loss_bbox: 0.1302  d4.loss_iou: 0.2262  enc_loss_cls: 0.3517  enc_loss_bbox: 0.1584  enc_loss_iou: 0.2649  dn_loss_cls: 0.1567  dn_loss_bbox: 0.1842  dn_loss_iou: 0.2305  d0.dn_loss_cls: 0.2505  d0.dn_loss_bbox: 0.3749  d0.dn_loss_iou: 0.4055  d1.dn_loss_cls: 0.1946  d1.dn_loss_bbox: 0.2210  d1.dn_loss_iou: 0.2719  d2.dn_loss_cls: 0.1755  d2.dn_loss_bbox: 0.1941  d2.dn_loss_iou: 0.2425  d3.dn_loss_cls: 0.1634  d3.dn_loss_bbox: 0.1855  d3.dn_loss_iou: 0.2324  d4.dn_loss_cls: 0.1585  d4.dn_loss_bbox: 0.1842  d4.dn_loss_iou: 0.2305  d1.loss_lmm_region: 0.5245  loss_lmm_image: 1.0745
2025/06/16 11:19:38 - mmengine - INFO - Iter(train) [  700/15000]  base_lr: 7.0000e-05 lr: 7.0000e-05  eta: 4:05:47  time: 1.0581  data_time: 0.0208  memory: 23616  grad_norm: 22.5754  loss: 11.5383  loss_cls: 0.3511  loss_bbox: 0.1476  loss_iou: 0.2790  d0.loss_cls: 0.3824  d0.loss_bbox: 0.1645  d0.loss_iou: 0.2988  d1.loss_cls: 0.3634  d1.loss_bbox: 0.1547  d1.loss_iou: 0.2889  d2.loss_cls: 0.3563  d2.loss_bbox: 0.1511  d2.loss_iou: 0.2824  d3.loss_cls: 0.3531  d3.loss_bbox: 0.1484  d3.loss_iou: 0.2800  d4.loss_cls: 0.3530  d4.loss_bbox: 0.1477  d4.loss_iou: 0.2788  enc_loss_cls: 0.3961  enc_loss_bbox: 0.1756  enc_loss_iou: 0.3147  dn_loss_cls: 0.1515  dn_loss_bbox: 0.2115  dn_loss_iou: 0.2485  d0.dn_loss_cls: 0.2461  d0.dn_loss_bbox: 0.3782  d0.dn_loss_iou: 0.4137  d1.dn_loss_cls: 0.1870  d1.dn_loss_bbox: 0.2434  d1.dn_loss_iou: 0.2836  d2.dn_loss_cls: 0.1661  d2.dn_loss_bbox: 0.2189  d2.dn_loss_iou: 0.2584  d3.dn_loss_cls: 0.1548  d3.dn_loss_bbox: 0.2125  d3.dn_loss_iou: 0.2500  d4.dn_loss_cls: 0.1528  d4.dn_loss_bbox: 0.2116  d4.dn_loss_iou: 0.2485  d1.loss_lmm_region: 0.5186  loss_lmm_image: 1.1152
2025/06/16 11:21:19 - mmengine - INFO - Iter(train) [  800/15000]  base_lr: 8.0000e-05 lr: 8.0000e-05  eta: 4:03:33  time: 1.0149  data_time: 0.0211  memory: 24025  grad_norm: 22.8358  loss: 11.8805  loss_cls: 0.3484  loss_bbox: 0.1806  loss_iou: 0.3051  d0.loss_cls: 0.3870  d0.loss_bbox: 0.1959  d0.loss_iou: 0.3234  d1.loss_cls: 0.3674  d1.loss_bbox: 0.1862  d1.loss_iou: 0.3138  d2.loss_cls: 0.3543  d2.loss_bbox: 0.1837  d2.loss_iou: 0.3076  d3.loss_cls: 0.3534  d3.loss_bbox: 0.1786  d3.loss_iou: 0.3028  d4.loss_cls: 0.3488  d4.loss_bbox: 0.1816  d4.loss_iou: 0.3046  enc_loss_cls: 0.3936  enc_loss_bbox: 0.2087  enc_loss_iou: 0.3395  dn_loss_cls: 0.1317  dn_loss_bbox: 0.2055  dn_loss_iou: 0.2627  d0.dn_loss_cls: 0.2243  d0.dn_loss_bbox: 0.3901  d0.dn_loss_iou: 0.4402  d1.dn_loss_cls: 0.1637  d1.dn_loss_bbox: 0.2484  d1.dn_loss_iou: 0.3050  d2.dn_loss_cls: 0.1460  d2.dn_loss_bbox: 0.2188  d2.dn_loss_iou: 0.2749  d3.dn_loss_cls: 0.1350  d3.dn_loss_bbox: 0.2073  d3.dn_loss_iou: 0.2643  d4.dn_loss_cls: 0.1331  d4.dn_loss_bbox: 0.2054  d4.dn_loss_iou: 0.2625  d1.loss_lmm_region: 0.4935  loss_lmm_image: 1.1034
2025/06/16 11:23:02 - mmengine - INFO - Iter(train) [  900/15000]  base_lr: 9.0000e-05 lr: 9.0000e-05  eta: 4:01:47  time: 1.0397  data_time: 0.0211  memory: 23098  grad_norm: 21.5258  loss: 12.8073  loss_cls: 0.4330  loss_bbox: 0.1819  loss_iou: 0.3112  d0.loss_cls: 0.4671  d0.loss_bbox: 0.2074  d0.loss_iou: 0.3387  d1.loss_cls: 0.4587  d1.loss_bbox: 0.1857  d1.loss_iou: 0.3174  d2.loss_cls: 0.4442  d2.loss_bbox: 0.1841  d2.loss_iou: 0.3153  d3.loss_cls: 0.4354  d3.loss_bbox: 0.1837  d3.loss_iou: 0.3154  d4.loss_cls: 0.4320  d4.loss_bbox: 0.1840  d4.loss_iou: 0.3127  enc_loss_cls: 0.4864  enc_loss_bbox: 0.2137  enc_loss_iou: 0.3552  dn_loss_cls: 0.1660  dn_loss_bbox: 0.2212  dn_loss_iou: 0.2591  d0.dn_loss_cls: 0.2566  d0.dn_loss_bbox: 0.4064  d0.dn_loss_iou: 0.4341  d1.dn_loss_cls: 0.1927  d1.dn_loss_bbox: 0.2607  d1.dn_loss_iou: 0.2983  d2.dn_loss_cls: 0.1732  d2.dn_loss_bbox: 0.2293  d2.dn_loss_iou: 0.2685  d3.dn_loss_cls: 0.1701  d3.dn_loss_bbox: 0.2217  d3.dn_loss_iou: 0.2602  d4.dn_loss_cls: 0.1661  d4.dn_loss_bbox: 0.2211  d4.dn_loss_iou: 0.2589  d1.loss_lmm_region: 0.4805  loss_lmm_image: 1.0999
2025/06/16 11:24:45 - mmengine - INFO - Exp name: grounding_dino_swin_t_20250616_110116
2025/06/16 11:24:45 - mmengine - INFO - Iter(train) [ 1000/15000]  base_lr: 1.0000e-04 lr: 1.0000e-04  eta: 4:00:05  time: 1.0205  data_time: 0.0204  memory: 23815  grad_norm: 21.2115  loss: 10.9501  loss_cls: 0.3452  loss_bbox: 0.1599  loss_iou: 0.2354  d0.loss_cls: 0.3749  d0.loss_bbox: 0.1637  d0.loss_iou: 0.2498  d1.loss_cls: 0.3641  d1.loss_bbox: 0.1565  d1.loss_iou: 0.2355  d2.loss_cls: 0.3558  d2.loss_bbox: 0.1590  d2.loss_iou: 0.2387  d3.loss_cls: 0.3543  d3.loss_bbox: 0.1591  d3.loss_iou: 0.2341  d4.loss_cls: 0.3458  d4.loss_bbox: 0.1600  d4.loss_iou: 0.2358  enc_loss_cls: 0.3910  enc_loss_bbox: 0.1786  enc_loss_iou: 0.2641  dn_loss_cls: 0.1403  dn_loss_bbox: 0.2106  dn_loss_iou: 0.2340  d0.dn_loss_cls: 0.2342  d0.dn_loss_bbox: 0.3720  d0.dn_loss_iou: 0.3779  d1.dn_loss_cls: 0.1758  d1.dn_loss_bbox: 0.2464  d1.dn_loss_iou: 0.2662  d2.dn_loss_cls: 0.1593  d2.dn_loss_bbox: 0.2202  d2.dn_loss_iou: 0.2424  d3.dn_loss_cls: 0.1481  d3.dn_loss_bbox: 0.2115  d3.dn_loss_iou: 0.2354  d4.dn_loss_cls: 0.1411  d4.dn_loss_bbox: 0.2106  d4.dn_loss_iou: 0.2339  d1.loss_lmm_region: 0.4676  loss_lmm_image: 1.0615
2025/06/16 11:26:27 - mmengine - INFO - Iter(train) [ 1100/15000]  base_lr: 1.0000e-04 lr: 1.0000e-04  eta: 3:58:08  time: 1.0238  data_time: 0.0187  memory: 23926  grad_norm: 21.4806  loss: 11.0831  loss_cls: 0.3578  loss_bbox: 0.1501  loss_iou: 0.2391  d0.loss_cls: 0.3976  d0.loss_bbox: 0.1693  d0.loss_iou: 0.2634  d1.loss_cls: 0.3831  d1.loss_bbox: 0.1510  d1.loss_iou: 0.2455  d2.loss_cls: 0.3733  d2.loss_bbox: 0.1450  d2.loss_iou: 0.2376  d3.loss_cls: 0.3735  d3.loss_bbox: 0.1468  d3.loss_iou: 0.2364  d4.loss_cls: 0.3599  d4.loss_bbox: 0.1505  d4.loss_iou: 0.2391  enc_loss_cls: 0.4108  enc_loss_bbox: 0.1811  enc_loss_iou: 0.2814  dn_loss_cls: 0.1456  dn_loss_bbox: 0.2027  dn_loss_iou: 0.2292  d0.dn_loss_cls: 0.2319  d0.dn_loss_bbox: 0.3887  d0.dn_loss_iou: 0.3943  d1.dn_loss_cls: 0.1783  d1.dn_loss_bbox: 0.2392  d1.dn_loss_iou: 0.2649  d2.dn_loss_cls: 0.1609  d2.dn_loss_bbox: 0.2122  d2.dn_loss_iou: 0.2387  d3.dn_loss_cls: 0.1513  d3.dn_loss_bbox: 0.2041  d3.dn_loss_iou: 0.2308  d4.dn_loss_cls: 0.1466  d4.dn_loss_bbox: 0.2029  d4.dn_loss_iou: 0.2293  d1.loss_lmm_region: 0.4241  loss_lmm_image: 1.1155
2025/06/16 11:28:09 - mmengine - INFO - Iter(train) [ 1200/15000]  base_lr: 1.0000e-04 lr: 1.0000e-04  eta: 3:56:25  time: 1.0074  data_time: 0.0191  memory: 23704  grad_norm: 21.1688  loss: 10.7278  loss_cls: 0.3242  loss_bbox: 0.1527  loss_iou: 0.2647  d0.loss_cls: 0.3576  d0.loss_bbox: 0.1653  d0.loss_iou: 0.2803  d1.loss_cls: 0.3447  d1.loss_bbox: 0.1559  d1.loss_iou: 0.2664  d2.loss_cls: 0.3336  d2.loss_bbox: 0.1524  d2.loss_iou: 0.2651  d3.loss_cls: 0.3292  d3.loss_bbox: 0.1514  d3.loss_iou: 0.2619  d4.loss_cls: 0.3263  d4.loss_bbox: 0.1518  d4.loss_iou: 0.2627  enc_loss_cls: 0.3751  enc_loss_bbox: 0.1837  enc_loss_iou: 0.2984  dn_loss_cls: 0.1221  dn_loss_bbox: 0.1901  dn_loss_iou: 0.2372  d0.dn_loss_cls: 0.2026  d0.dn_loss_bbox: 0.3740  d0.dn_loss_iou: 0.4020  d1.dn_loss_cls: 0.1484  d1.dn_loss_bbox: 0.2310  d1.dn_loss_iou: 0.2738  d2.dn_loss_cls: 0.1331  d2.dn_loss_bbox: 0.1988  d2.dn_loss_iou: 0.2462  d3.dn_loss_cls: 0.1252  d3.dn_loss_bbox: 0.1910  d3.dn_loss_iou: 0.2381  d4.dn_loss_cls: 0.1232  d4.dn_loss_bbox: 0.1900  d4.dn_loss_iou: 0.2372  d1.loss_lmm_region: 0.3872  loss_lmm_image: 1.0735
2025/06/16 11:29:51 - mmengine - INFO - Iter(train) [ 1300/15000]  base_lr: 1.0000e-04 lr: 1.0000e-04  eta: 3:54:25  time: 1.0129  data_time: 0.0193  memory: 23041  grad_norm: 23.1623  loss: 10.3641  loss_cls: 0.3341  loss_bbox: 0.1194  loss_iou: 0.2570  d0.loss_cls: 0.3740  d0.loss_bbox: 0.1394  d0.loss_iou: 0.2804  d1.loss_cls: 0.3523  d1.loss_bbox: 0.1286  d1.loss_iou: 0.2668  d2.loss_cls: 0.3421  d2.loss_bbox: 0.1234  d2.loss_iou: 0.2604  d3.loss_cls: 0.3382  d3.loss_bbox: 0.1211  d3.loss_iou: 0.2569  d4.loss_cls: 0.3355  d4.loss_bbox: 0.1212  d4.loss_iou: 0.2583  enc_loss_cls: 0.3846  enc_loss_bbox: 0.1546  enc_loss_iou: 0.3044  dn_loss_cls: 0.1373  dn_loss_bbox: 0.1677  dn_loss_iou: 0.2167  d0.dn_loss_cls: 0.2143  d0.dn_loss_bbox: 0.3305  d0.dn_loss_iou: 0.3852  d1.dn_loss_cls: 0.1627  d1.dn_loss_bbox: 0.2051  d1.dn_loss_iou: 0.2590  d2.dn_loss_cls: 0.1498  d2.dn_loss_bbox: 0.1778  d2.dn_loss_iou: 0.2284  d3.dn_loss_cls: 0.1413  d3.dn_loss_bbox: 0.1691  d3.dn_loss_iou: 0.2190  d4.dn_loss_cls: 0.1370  d4.dn_loss_bbox: 0.1677  d4.dn_loss_iou: 0.2167  d1.loss_lmm_region: 0.3586  loss_lmm_image: 1.0675
2025/06/16 11:31:33 - mmengine - INFO - Iter(train) [ 1400/15000]  base_lr: 1.0000e-04 lr: 1.0000e-04  eta: 3:52:44  time: 1.0106  data_time: 0.0190  memory: 23720  grad_norm: 22.4509  loss: 10.3590  loss_cls: 0.2874  loss_bbox: 0.1530  loss_iou: 0.2581  d0.loss_cls: 0.3251  d0.loss_bbox: 0.1659  d0.loss_iou: 0.2724  d1.loss_cls: 0.3081  d1.loss_bbox: 0.1551  d1.loss_iou: 0.2596  d2.loss_cls: 0.3007  d2.loss_bbox: 0.1530  d2.loss_iou: 0.2555  d3.loss_cls: 0.2897  d3.loss_bbox: 0.1562  d3.loss_iou: 0.2565  d4.loss_cls: 0.2888  d4.loss_bbox: 0.1532  d4.loss_iou: 0.2569  enc_loss_cls: 0.3371  enc_loss_bbox: 0.1797  enc_loss_iou: 0.2936  dn_loss_cls: 0.1191  dn_loss_bbox: 0.1915  dn_loss_iou: 0.2395  d0.dn_loss_cls: 0.1953  d0.dn_loss_bbox: 0.3674  d0.dn_loss_iou: 0.4020  d1.dn_loss_cls: 0.1420  d1.dn_loss_bbox: 0.2308  d1.dn_loss_iou: 0.2771  d2.dn_loss_cls: 0.1275  d2.dn_loss_bbox: 0.2032  d2.dn_loss_iou: 0.2505  d3.dn_loss_cls: 0.1212  d3.dn_loss_bbox: 0.1934  d3.dn_loss_iou: 0.2414  d4.dn_loss_cls: 0.1192  d4.dn_loss_bbox: 0.1914  d4.dn_loss_iou: 0.2395  d1.loss_lmm_region: 0.3283  loss_lmm_image: 1.0729
2025/06/16 11:33:14 - mmengine - INFO - Iter(train) [ 1500/15000]  base_lr: 1.0000e-04 lr: 1.0000e-04  eta: 3:50:45  time: 1.0160  data_time: 0.0192  memory: 24442  grad_norm: 21.1320  loss: 10.5504  loss_cls: 0.3295  loss_bbox: 0.1391  loss_iou: 0.2939  d0.loss_cls: 0.3659  d0.loss_bbox: 0.1539  d0.loss_iou: 0.3083  d1.loss_cls: 0.3446  d1.loss_bbox: 0.1477  d1.loss_iou: 0.3025  d2.loss_cls: 0.3429  d2.loss_bbox: 0.1415  d2.loss_iou: 0.2953  d3.loss_cls: 0.3365  d3.loss_bbox: 0.1384  d3.loss_iou: 0.2909  d4.loss_cls: 0.3324  d4.loss_bbox: 0.1375  d4.loss_iou: 0.2923  enc_loss_cls: 0.3856  enc_loss_bbox: 0.1699  enc_loss_iou: 0.3307  dn_loss_cls: 0.1092  dn_loss_bbox: 0.1641  dn_loss_iou: 0.2313  d0.dn_loss_cls: 0.1871  d0.dn_loss_bbox: 0.3201  d0.dn_loss_iou: 0.3834  d1.dn_loss_cls: 0.1367  d1.dn_loss_bbox: 0.1996  d1.dn_loss_iou: 0.2674  d2.dn_loss_cls: 0.1211  d2.dn_loss_bbox: 0.1743  d2.dn_loss_iou: 0.2408  d3.dn_loss_cls: 0.1136  d3.dn_loss_bbox: 0.1656  d3.dn_loss_iou: 0.2328  d4.dn_loss_cls: 0.1104  d4.dn_loss_bbox: 0.1641  d4.dn_loss_iou: 0.2312  d1.loss_lmm_region: 0.3055  loss_lmm_image: 1.1128
2025/06/16 11:34:58 - mmengine - INFO - Iter(train) [ 1600/15000]  base_lr: 1.0000e-04 lr: 1.0000e-04  eta: 3:49:13  time: 1.0184  data_time: 0.0194  memory: 23577  grad_norm: 23.2617  loss: 10.6838  loss_cls: 0.3340  loss_bbox: 0.1471  loss_iou: 0.2478  d0.loss_cls: 0.3628  d0.loss_bbox: 0.1648  d0.loss_iou: 0.2672  d1.loss_cls: 0.3536  d1.loss_bbox: 0.1485  d1.loss_iou: 0.2522  d2.loss_cls: 0.3446  d2.loss_bbox: 0.1488  d2.loss_iou: 0.2484  d3.loss_cls: 0.3381  d3.loss_bbox: 0.1490  d3.loss_iou: 0.2476  d4.loss_cls: 0.3350  d4.loss_bbox: 0.1464  d4.loss_iou: 0.2473  enc_loss_cls: 0.3727  enc_loss_bbox: 0.1864  enc_loss_iou: 0.2933  dn_loss_cls: 0.1259  dn_loss_bbox: 0.2020  dn_loss_iou: 0.2422  d0.dn_loss_cls: 0.2164  d0.dn_loss_bbox: 0.3816  d0.dn_loss_iou: 0.4125  d1.dn_loss_cls: 0.1600  d1.dn_loss_bbox: 0.2442  d1.dn_loss_iou: 0.2822  d2.dn_loss_cls: 0.1415  d2.dn_loss_bbox: 0.2156  d2.dn_loss_iou: 0.2532  d3.dn_loss_cls: 0.1301  d3.dn_loss_bbox: 0.2040  d3.dn_loss_iou: 0.2436  d4.dn_loss_cls: 0.1262  d4.dn_loss_bbox: 0.2020  d4.dn_loss_iou: 0.2421  d1.loss_lmm_region: 0.3089  loss_lmm_image: 1.0137
2025/06/16 11:36:39 - mmengine - INFO - Iter(train) [ 1700/15000]  base_lr: 1.0000e-04 lr: 1.0000e-04  eta: 3:47:19  time: 1.0077  data_time: 0.0195  memory: 23534  grad_norm: 20.2878  loss: 10.2804  loss_cls: 0.3132  loss_bbox: 0.1282  loss_iou: 0.2521  d0.loss_cls: 0.3509  d0.loss_bbox: 0.1395  d0.loss_iou: 0.2657  d1.loss_cls: 0.3334  d1.loss_bbox: 0.1321  d1.loss_iou: 0.2606  d2.loss_cls: 0.3226  d2.loss_bbox: 0.1312  d2.loss_iou: 0.2545  d3.loss_cls: 0.3189  d3.loss_bbox: 0.1278  d3.loss_iou: 0.2521  d4.loss_cls: 0.3155  d4.loss_bbox: 0.1280  d4.loss_iou: 0.2523  enc_loss_cls: 0.3596  enc_loss_bbox: 0.1551  enc_loss_iou: 0.2897  dn_loss_cls: 0.1156  dn_loss_bbox: 0.1900  dn_loss_iou: 0.2295  d0.dn_loss_cls: 0.2065  d0.dn_loss_bbox: 0.3904  d0.dn_loss_iou: 0.4073  d1.dn_loss_cls: 0.1503  d1.dn_loss_bbox: 0.2378  d1.dn_loss_iou: 0.2735  d2.dn_loss_cls: 0.1324  d2.dn_loss_bbox: 0.2069  d2.dn_loss_iou: 0.2434  d3.dn_loss_cls: 0.1202  d3.dn_loss_bbox: 0.1930  d3.dn_loss_iou: 0.2324  d4.dn_loss_cls: 0.1156  d4.dn_loss_bbox: 0.1899  d4.dn_loss_iou: 0.2295  d1.loss_lmm_region: 0.3156  loss_lmm_image: 1.0176
2025/06/16 11:38:23 - mmengine - INFO - Iter(train) [ 1800/15000]  base_lr: 1.0000e-04 lr: 1.0000e-04  eta: 3:45:43  time: 1.0084  data_time: 0.0189  memory: 24350  grad_norm: 20.9971  loss: 11.0935  loss_cls: 0.3470  loss_bbox: 0.1708  loss_iou: 0.2847  d0.loss_cls: 0.3865  d0.loss_bbox: 0.1822  d0.loss_iou: 0.3062  d1.loss_cls: 0.3680  d1.loss_bbox: 0.1779  d1.loss_iou: 0.2931  d2.loss_cls: 0.3570  d2.loss_bbox: 0.1729  d2.loss_iou: 0.2878  d3.loss_cls: 0.3536  d3.loss_bbox: 0.1707  d3.loss_iou: 0.2836  d4.loss_cls: 0.3512  d4.loss_bbox: 0.1682  d4.loss_iou: 0.2836  enc_loss_cls: 0.3951  enc_loss_bbox: 0.2022  enc_loss_iou: 0.3297  dn_loss_cls: 0.1378  dn_loss_bbox: 0.1871  dn_loss_iou: 0.2348  d0.dn_loss_cls: 0.2202  d0.dn_loss_bbox: 0.3475  d0.dn_loss_iou: 0.3946  d1.dn_loss_cls: 0.1691  d1.dn_loss_bbox: 0.2230  d1.dn_loss_iou: 0.2724  d2.dn_loss_cls: 0.1534  d2.dn_loss_bbox: 0.1970  d2.dn_loss_iou: 0.2446  d3.dn_loss_cls: 0.1430  d3.dn_loss_bbox: 0.1886  d3.dn_loss_iou: 0.2367  d4.dn_loss_cls: 0.1378  d4.dn_loss_bbox: 0.1871  d4.dn_loss_iou: 0.2347  d1.loss_lmm_region: 0.2740  loss_lmm_image: 1.0381
2025/06/16 11:40:04 - mmengine - INFO - Iter(train) [ 1900/15000]  base_lr: 1.0000e-04 lr: 1.0000e-04  eta: 3:43:50  time: 1.0085  data_time: 0.0190  memory: 24013  grad_norm: 21.8943  loss: 10.1570  loss_cls: 0.3017  loss_bbox: 0.1452  loss_iou: 0.2244  d0.loss_cls: 0.3297  d0.loss_bbox: 0.1623  d0.loss_iou: 0.2469  d1.loss_cls: 0.3181  d1.loss_bbox: 0.1509  d1.loss_iou: 0.2316  d2.loss_cls: 0.3106  d2.loss_bbox: 0.1462  d2.loss_iou: 0.2267  d3.loss_cls: 0.3065  d3.loss_bbox: 0.1462  d3.loss_iou: 0.2238  d4.loss_cls: 0.3018  d4.loss_bbox: 0.1465  d4.loss_iou: 0.2256  enc_loss_cls: 0.3424  enc_loss_bbox: 0.1811  enc_loss_iou: 0.2669  dn_loss_cls: 0.1205  dn_loss_bbox: 0.2051  dn_loss_iou: 0.2260  d0.dn_loss_cls: 0.1997  d0.dn_loss_bbox: 0.3900  d0.dn_loss_iou: 0.3951  d1.dn_loss_cls: 0.1499  d1.dn_loss_bbox: 0.2466  d1.dn_loss_iou: 0.2658  d2.dn_loss_cls: 0.1347  d2.dn_loss_bbox: 0.2195  d2.dn_loss_iou: 0.2375  d3.dn_loss_cls: 0.1257  d3.dn_loss_bbox: 0.2076  d3.dn_loss_iou: 0.2279  d4.dn_loss_cls: 0.1213  d4.dn_loss_bbox: 0.2051  d4.dn_loss_iou: 0.2259  d1.loss_lmm_region: 0.2848  loss_lmm_image: 1.0336
2025/06/16 11:41:47 - mmengine - INFO - Exp name: grounding_dino_swin_t_20250616_110116
2025/06/16 11:41:47 - mmengine - INFO - Iter(train) [ 2000/15000]  base_lr: 1.0000e-04 lr: 1.0000e-04  eta: 3:42:13  time: 1.0086  data_time: 0.0192  memory: 23632  grad_norm: 21.9405  loss: 10.1275  loss_cls: 0.3113  loss_bbox: 0.1349  loss_iou: 0.2415  d0.loss_cls: 0.3387  d0.loss_bbox: 0.1457  d0.loss_iou: 0.2587  d1.loss_cls: 0.3253  d1.loss_bbox: 0.1336  d1.loss_iou: 0.2463  d2.loss_cls: 0.3177  d2.loss_bbox: 0.1320  d2.loss_iou: 0.2434  d3.loss_cls: 0.3163  d3.loss_bbox: 0.1320  d3.loss_iou: 0.2412  d4.loss_cls: 0.3116  d4.loss_bbox: 0.1345  d4.loss_iou: 0.2416  enc_loss_cls: 0.3506  enc_loss_bbox: 0.1623  enc_loss_iou: 0.2805  dn_loss_cls: 0.1359  dn_loss_bbox: 0.1698  dn_loss_iou: 0.2208  d0.dn_loss_cls: 0.2186  d0.dn_loss_bbox: 0.3520  d0.dn_loss_iou: 0.3933  d1.dn_loss_cls: 0.1658  d1.dn_loss_bbox: 0.2130  d1.dn_loss_iou: 0.2618  d2.dn_loss_cls: 0.1474  d2.dn_loss_bbox: 0.1789  d2.dn_loss_iou: 0.2313  d3.dn_loss_cls: 0.1373  d3.dn_loss_bbox: 0.1720  d3.dn_loss_iou: 0.2227  d4.dn_loss_cls: 0.1367  d4.dn_loss_bbox: 0.1698  d4.dn_loss_iou: 0.2208  d1.loss_lmm_region: 0.2924  loss_lmm_image: 1.0874
2025/06/16 11:43:28 - mmengine - INFO - Iter(train) [ 2100/15000]  base_lr: 1.0000e-04 lr: 1.0000e-04  eta: 3:40:20  time: 1.0036  data_time: 0.0195  memory: 23645  grad_norm: 22.5807  loss: 11.2347  loss_cls: 0.3385  loss_bbox: 0.1761  loss_iou: 0.3264  d0.loss_cls: 0.3734  d0.loss_bbox: 0.1884  d0.loss_iou: 0.3445  d1.loss_cls: 0.3660  d1.loss_bbox: 0.1745  d1.loss_iou: 0.3242  d2.loss_cls: 0.3560  d2.loss_bbox: 0.1741  d2.loss_iou: 0.3254  d3.loss_cls: 0.3454  d3.loss_bbox: 0.1749  d3.loss_iou: 0.3270  d4.loss_cls: 0.3400  d4.loss_bbox: 0.1773  d4.loss_iou: 0.3269  enc_loss_cls: 0.3850  enc_loss_bbox: 0.2042  enc_loss_iou: 0.3685  dn_loss_cls: 0.1112  dn_loss_bbox: 0.1812  dn_loss_iou: 0.2544  d0.dn_loss_cls: 0.1892  d0.dn_loss_bbox: 0.3335  d0.dn_loss_iou: 0.4103  d1.dn_loss_cls: 0.1413  d1.dn_loss_bbox: 0.2186  d1.dn_loss_iou: 0.2916  d2.dn_loss_cls: 0.1246  d2.dn_loss_bbox: 0.1895  d2.dn_loss_iou: 0.2638  d3.dn_loss_cls: 0.1187  d3.dn_loss_bbox: 0.1819  d3.dn_loss_iou: 0.2557  d4.dn_loss_cls: 0.1134  d4.dn_loss_bbox: 0.1812  d4.dn_loss_iou: 0.2543  d1.loss_lmm_region: 0.2441  loss_lmm_image: 1.0595
2025/06/16 11:45:11 - mmengine - INFO - Iter(train) [ 2200/15000]  base_lr: 1.0000e-04 lr: 1.0000e-04  eta: 3:38:43  time: 1.0176  data_time: 0.0191  memory: 23238  grad_norm: 23.1532  loss: 11.1009  loss_cls: 0.3259  loss_bbox: 0.1795  loss_iou: 0.2893  d0.loss_cls: 0.3580  d0.loss_bbox: 0.1967  d0.loss_iou: 0.3008  d1.loss_cls: 0.3491  d1.loss_bbox: 0.1759  d1.loss_iou: 0.2861  d2.loss_cls: 0.3436  d2.loss_bbox: 0.1754  d2.loss_iou: 0.2853  d3.loss_cls: 0.3372  d3.loss_bbox: 0.1778  d3.loss_iou: 0.2873  d4.loss_cls: 0.3283  d4.loss_bbox: 0.1810  d4.loss_iou: 0.2891  enc_loss_cls: 0.3735  enc_loss_bbox: 0.2051  enc_loss_iou: 0.3190  dn_loss_cls: 0.1086  dn_loss_bbox: 0.2089  dn_loss_iou: 0.2510  d0.dn_loss_cls: 0.1970  d0.dn_loss_bbox: 0.3921  d0.dn_loss_iou: 0.4152  d1.dn_loss_cls: 0.1376  d1.dn_loss_bbox: 0.2500  d1.dn_loss_iou: 0.2877  d2.dn_loss_cls: 0.1215  d2.dn_loss_bbox: 0.2192  d2.dn_loss_iou: 0.2610  d3.dn_loss_cls: 0.1121  d3.dn_loss_bbox: 0.2098  d3.dn_loss_iou: 0.2526  d4.dn_loss_cls: 0.1095  d4.dn_loss_bbox: 0.2090  d4.dn_loss_iou: 0.2509  d1.loss_lmm_region: 0.2622  loss_lmm_image: 1.0811
2025/06/16 11:46:52 - mmengine - INFO - Iter(train) [ 2300/15000]  base_lr: 1.0000e-04 lr: 1.0000e-04  eta: 3:36:51  time: 1.0061  data_time: 0.0192  memory: 23123  grad_norm: 20.3983  loss: 11.6655  loss_cls: 0.3342  loss_bbox: 0.1885  loss_iou: 0.3196  d0.loss_cls: 0.3657  d0.loss_bbox: 0.2066  d0.loss_iou: 0.3397  d1.loss_cls: 0.3508  d1.loss_bbox: 0.1938  d1.loss_iou: 0.3256  d2.loss_cls: 0.3434  d2.loss_bbox: 0.1897  d2.loss_iou: 0.3212  d3.loss_cls: 0.3379  d3.loss_bbox: 0.1879  d3.loss_iou: 0.3208  d4.loss_cls: 0.3343  d4.loss_bbox: 0.1876  d4.loss_iou: 0.3220  enc_loss_cls: 0.3849  enc_loss_bbox: 0.2165  enc_loss_iou: 0.3558  dn_loss_cls: 0.1115  dn_loss_bbox: 0.2210  dn_loss_iou: 0.2767  d0.dn_loss_cls: 0.2029  d0.dn_loss_bbox: 0.3857  d0.dn_loss_iou: 0.4449  d1.dn_loss_cls: 0.1432  d1.dn_loss_bbox: 0.2575  d1.dn_loss_iou: 0.3153  d2.dn_loss_cls: 0.1271  d2.dn_loss_bbox: 0.2282  d2.dn_loss_iou: 0.2859  d3.dn_loss_cls: 0.1158  d3.dn_loss_bbox: 0.2225  d3.dn_loss_iou: 0.2780  d4.dn_loss_cls: 0.1113  d4.dn_loss_bbox: 0.2211  d4.dn_loss_iou: 0.2767  d1.loss_lmm_region: 0.2807  loss_lmm_image: 1.0334
2025/06/16 11:48:35 - mmengine - INFO - Iter(train) [ 2400/15000]  base_lr: 1.0000e-04 lr: 1.0000e-04  eta: 3:35:12  time: 1.0226  data_time: 0.0191  memory: 23812  grad_norm: nan  loss: 10.3761  loss_cls: 0.3269  loss_bbox: 0.1420  loss_iou: 0.3239  d0.loss_cls: 0.3588  d0.loss_bbox: 0.1574  d0.loss_iou: 0.3427  d1.loss_cls: 0.3430  d1.loss_bbox: 0.1497  d1.loss_iou: 0.3294  d2.loss_cls: 0.3388  d2.loss_bbox: 0.1439  d2.loss_iou: 0.3205  d3.loss_cls: 0.3319  d3.loss_bbox: 0.1431  d3.loss_iou: 0.3237  d4.loss_cls: 0.3310  d4.loss_bbox: 0.1420  d4.loss_iou: 0.3231  enc_loss_cls: 0.3729  enc_loss_bbox: 0.1683  enc_loss_iou: 0.3546  dn_loss_cls: 0.1001  dn_loss_bbox: 0.1527  dn_loss_iou: 0.2243  d0.dn_loss_cls: 0.1714  d0.dn_loss_bbox: 0.2988  d0.dn_loss_iou: 0.3720  d1.dn_loss_cls: 0.1260  d1.dn_loss_bbox: 0.1820  d1.dn_loss_iou: 0.2582  d2.dn_loss_cls: 0.1112  d2.dn_loss_bbox: 0.1585  d2.dn_loss_iou: 0.2323  d3.dn_loss_cls: 0.1038  d3.dn_loss_bbox: 0.1547  d3.dn_loss_iou: 0.2258  d4.dn_loss_cls: 0.1013  d4.dn_loss_bbox: 0.1528  d4.dn_loss_iou: 0.2241  d1.loss_lmm_region: 0.2501  loss_lmm_image: 1.0084
2025/06/16 11:50:16 - mmengine - INFO - Iter(train) [ 2500/15000]  base_lr: 1.0000e-04 lr: 1.0000e-04  eta: 3:33:22  time: 1.0080  data_time: 0.0187  memory: 23930  grad_norm: 21.9350  loss: 10.3112  loss_cls: 0.3026  loss_bbox: 0.1486  loss_iou: 0.2626  d0.loss_cls: 0.3329  d0.loss_bbox: 0.1653  d0.loss_iou: 0.2778  d1.loss_cls: 0.3189  d1.loss_bbox: 0.1508  d1.loss_iou: 0.2656  d2.loss_cls: 0.3135  d2.loss_bbox: 0.1495  d2.loss_iou: 0.2620  d3.loss_cls: 0.3038  d3.loss_bbox: 0.1566  d3.loss_iou: 0.2656  d4.loss_cls: 0.3029  d4.loss_bbox: 0.1513  d4.loss_iou: 0.2641  enc_loss_cls: 0.3447  enc_loss_bbox: 0.1744  enc_loss_iou: 0.2950  dn_loss_cls: 0.1062  dn_loss_bbox: 0.1909  dn_loss_iou: 0.2376  d0.dn_loss_cls: 0.2023  d0.dn_loss_bbox: 0.3677  d0.dn_loss_iou: 0.3945  d1.dn_loss_cls: 0.1422  d1.dn_loss_bbox: 0.2236  d1.dn_loss_iou: 0.2705  d2.dn_loss_cls: 0.1254  d2.dn_loss_bbox: 0.2011  d2.dn_loss_iou: 0.2466  d3.dn_loss_cls: 0.1117  d3.dn_loss_bbox: 0.1918  d3.dn_loss_iou: 0.2389  d4.dn_loss_cls: 0.1072  d4.dn_loss_bbox: 0.1909  d4.dn_loss_iou: 0.2376  d1.loss_lmm_region: 0.2727  loss_lmm_image: 1.0434
2025/06/16 11:51:59 - mmengine - INFO - Iter(train) [ 2600/15000]  base_lr: 1.0000e-04 lr: 1.0000e-04  eta: 3:31:42  time: 1.0453  data_time: 0.0192  memory: 23716  grad_norm: 21.6108  loss: 11.2331  loss_cls: 0.3462  loss_bbox: 0.1796  loss_iou: 0.2931  d0.loss_cls: 0.3827  d0.loss_bbox: 0.1920  d0.loss_iou: 0.3116  d1.loss_cls: 0.3675  d1.loss_bbox: 0.1846  d1.loss_iou: 0.2989  d2.loss_cls: 0.3583  d2.loss_bbox: 0.1808  d2.loss_iou: 0.2978  d3.loss_cls: 0.3554  d3.loss_bbox: 0.1779  d3.loss_iou: 0.2938  d4.loss_cls: 0.3475  d4.loss_bbox: 0.1804  d4.loss_iou: 0.2940  enc_loss_cls: 0.4097  enc_loss_bbox: 0.2043  enc_loss_iou: 0.3301  dn_loss_cls: 0.1161  dn_loss_bbox: 0.2087  dn_loss_iou: 0.2445  d0.dn_loss_cls: 0.2088  d0.dn_loss_bbox: 0.3747  d0.dn_loss_iou: 0.3963  d1.dn_loss_cls: 0.1494  d1.dn_loss_bbox: 0.2375  d1.dn_loss_iou: 0.2748  d2.dn_loss_cls: 0.1312  d2.dn_loss_bbox: 0.2183  d2.dn_loss_iou: 0.2530  d3.dn_loss_cls: 0.1196  d3.dn_loss_bbox: 0.2103  d3.dn_loss_iou: 0.2456  d4.dn_loss_cls: 0.1168  d4.dn_loss_bbox: 0.2087  d4.dn_loss_iou: 0.2444  d1.loss_lmm_region: 0.2777  loss_lmm_image: 1.0105
2025/06/16 11:53:41 - mmengine - INFO - Iter(train) [ 2700/15000]  base_lr: 1.0000e-04 lr: 1.0000e-04  eta: 3:29:55  time: 1.0150  data_time: 0.0193  memory: 23831  grad_norm: 22.2579  loss: 10.5017  loss_cls: 0.3493  loss_bbox: 0.1409  loss_iou: 0.2635  d0.loss_cls: 0.3856  d0.loss_bbox: 0.1579  d0.loss_iou: 0.2814  d1.loss_cls: 0.3638  d1.loss_bbox: 0.1477  d1.loss_iou: 0.2729  d2.loss_cls: 0.3581  d2.loss_bbox: 0.1425  d2.loss_iou: 0.2647  d3.loss_cls: 0.3560  d3.loss_bbox: 0.1418  d3.loss_iou: 0.2645  d4.loss_cls: 0.3518  d4.loss_bbox: 0.1406  d4.loss_iou: 0.2630  enc_loss_cls: 0.3993  enc_loss_bbox: 0.1749  enc_loss_iou: 0.3100  dn_loss_cls: 0.1216  dn_loss_bbox: 0.1756  dn_loss_iou: 0.2277  d0.dn_loss_cls: 0.1957  d0.dn_loss_bbox: 0.3380  d0.dn_loss_iou: 0.3809  d1.dn_loss_cls: 0.1452  d1.dn_loss_bbox: 0.2131  d1.dn_loss_iou: 0.2640  d2.dn_loss_cls: 0.1320  d2.dn_loss_bbox: 0.1872  d2.dn_loss_iou: 0.2378  d3.dn_loss_cls: 0.1242  d3.dn_loss_bbox: 0.1773  d3.dn_loss_iou: 0.2292  d4.dn_loss_cls: 0.1221  d4.dn_loss_bbox: 0.1756  d4.dn_loss_iou: 0.2277  d1.loss_lmm_region: 0.2543  loss_lmm_image: 1.0421
2025/06/16 11:55:23 - mmengine - INFO - Iter(train) [ 2800/15000]  base_lr: 1.0000e-04 lr: 1.0000e-04  eta: 3:28:13  time: 1.0365  data_time: 0.0193  memory: 23745  grad_norm: 21.3477  loss: 10.5166  loss_cls: 0.2977  loss_bbox: 0.1556  loss_iou: 0.2704  d0.loss_cls: 0.3340  d0.loss_bbox: 0.1690  d0.loss_iou: 0.2871  d1.loss_cls: 0.3223  d1.loss_bbox: 0.1596  d1.loss_iou: 0.2757  d2.loss_cls: 0.3093  d2.loss_bbox: 0.1576  d2.loss_iou: 0.2725  d3.loss_cls: 0.3031  d3.loss_bbox: 0.1562  d3.loss_iou: 0.2721  d4.loss_cls: 0.2950  d4.loss_bbox: 0.1585  d4.loss_iou: 0.2722  enc_loss_cls: 0.3461  enc_loss_bbox: 0.1828  enc_loss_iou: 0.3093  dn_loss_cls: 0.1140  dn_loss_bbox: 0.1881  dn_loss_iou: 0.2446  d0.dn_loss_cls: 0.1982  d0.dn_loss_bbox: 0.3596  d0.dn_loss_iou: 0.4206  d1.dn_loss_cls: 0.1474  d1.dn_loss_bbox: 0.2381  d1.dn_loss_iou: 0.2893  d2.dn_loss_cls: 0.1309  d2.dn_loss_bbox: 0.2001  d2.dn_loss_iou: 0.2559  d3.dn_loss_cls: 0.1207  d3.dn_loss_bbox: 0.1903  d3.dn_loss_iou: 0.2461  d4.dn_loss_cls: 0.1161  d4.dn_loss_bbox: 0.1880  d4.dn_loss_iou: 0.2445  d1.loss_lmm_region: 0.2354  loss_lmm_image: 1.0827
2025/06/16 11:57:04 - mmengine - INFO - Iter(train) [ 2900/15000]  base_lr: 1.0000e-04 lr: 1.0000e-04  eta: 3:26:25  time: 1.0112  data_time: 0.0190  memory: 23754  grad_norm: 21.4210  loss: 11.7412  loss_cls: 0.3755  loss_bbox: 0.1836  loss_iou: 0.3246  d0.loss_cls: 0.4123  d0.loss_bbox: 0.2056  d0.loss_iou: 0.3523  d1.loss_cls: 0.3937  d1.loss_bbox: 0.1919  d1.loss_iou: 0.3375  d2.loss_cls: 0.3918  d2.loss_bbox: 0.1836  d2.loss_iou: 0.3275  d3.loss_cls: 0.3832  d3.loss_bbox: 0.1829  d3.loss_iou: 0.3253  d4.loss_cls: 0.3789  d4.loss_bbox: 0.1830  d4.loss_iou: 0.3247  enc_loss_cls: 0.4319  enc_loss_bbox: 0.2198  enc_loss_iou: 0.3743  dn_loss_cls: 0.1301  dn_loss_bbox: 0.1919  dn_loss_iou: 0.2539  d0.dn_loss_cls: 0.2212  d0.dn_loss_bbox: 0.3427  d0.dn_loss_iou: 0.4117  d1.dn_loss_cls: 0.1667  d1.dn_loss_bbox: 0.2258  d1.dn_loss_iou: 0.2882  d2.dn_loss_cls: 0.1478  d2.dn_loss_bbox: 0.2015  d2.dn_loss_iou: 0.2632  d3.dn_loss_cls: 0.1366  d3.dn_loss_bbox: 0.1934  d3.dn_loss_iou: 0.2555  d4.dn_loss_cls: 0.1320  d4.dn_loss_bbox: 0.1919  d4.dn_loss_iou: 0.2538  d1.loss_lmm_region: 0.2362  loss_lmm_image: 1.0133
2025/06/16 11:58:47 - mmengine - INFO - Exp name: grounding_dino_swin_t_20250616_110116
2025/06/16 11:58:47 - mmengine - INFO - Iter(train) [ 3000/15000]  base_lr: 1.0000e-04 lr: 1.0000e-04  eta: 3:24:45  time: 1.0478  data_time: 0.0193  memory: 23877  grad_norm: 22.0705  loss: 10.2267  loss_cls: 0.3445  loss_bbox: 0.1487  loss_iou: 0.2814  d0.loss_cls: 0.3779  d0.loss_bbox: 0.1567  d0.loss_iou: 0.2994  d1.loss_cls: 0.3667  d1.loss_bbox: 0.1471  d1.loss_iou: 0.2855  d2.loss_cls: 0.3578  d2.loss_bbox: 0.1471  d2.loss_iou: 0.2813  d3.loss_cls: 0.3546  d3.loss_bbox: 0.1485  d3.loss_iou: 0.2808  d4.loss_cls: 0.3458  d4.loss_bbox: 0.1476  d4.loss_iou: 0.2809  enc_loss_cls: 0.3909  enc_loss_bbox: 0.1817  enc_loss_iou: 0.3315  dn_loss_cls: 0.1116  dn_loss_bbox: 0.1421  dn_loss_iou: 0.2049  d0.dn_loss_cls: 0.1906  d0.dn_loss_bbox: 0.3023  d0.dn_loss_iou: 0.3600  d1.dn_loss_cls: 0.1403  d1.dn_loss_bbox: 0.1796  d1.dn_loss_iou: 0.2433  d2.dn_loss_cls: 0.1250  d2.dn_loss_bbox: 0.1530  d2.dn_loss_iou: 0.2163  d3.dn_loss_cls: 0.1191  d3.dn_loss_bbox: 0.1434  d3.dn_loss_iou: 0.2069  d4.dn_loss_cls: 0.1132  d4.dn_loss_bbox: 0.1421  d4.dn_loss_iou: 0.2048  d1.loss_lmm_region: 0.2457  loss_lmm_image: 1.0262
2025/06/16 11:58:47 - mmengine - INFO - Saving checkpoint at 3000 iterations
2025/06/16 12:05:32 - mmengine - INFO - Iter(val) [100/602]    eta: 0:33:05  time: 4.0763  data_time: 0.0025  memory: 5412  
2025/06/16 12:12:44 - mmengine - INFO - Iter(val) [200/602]    eta: 0:27:42  time: 4.4619  data_time: 0.0025  memory: 5418  
2025/06/16 12:20:45 - mmengine - INFO - Iter(val) [300/602]    eta: 0:21:57  time: 4.9098  data_time: 0.0025  memory: 5413  
2025/06/16 12:29:29 - mmengine - INFO - Iter(val) [400/602]    eta: 0:15:25  time: 5.4048  data_time: 0.0026  memory: 5418  
2025/06/16 12:38:57 - mmengine - INFO - Iter(val) [500/602]    eta: 0:08:09  time: 5.7121  data_time: 0.0026  memory: 5404  
2025/06/16 12:49:12 - mmengine - INFO - Iter(val) [600/602]    eta: 0:00:10  time: 6.2010  data_time: 0.0027  memory: 5418  
2025/06/16 12:58:29 - mmengine - INFO - 
===
35 classes had less than 10000 detections!
 Outputting 10000 detections for each class will improve AP further.
 ===
