2025/06/16 18:42:07 - mmengine - INFO - 
------------------------------------------------------------
System environment:
    sys.platform: linux
    Python: 3.11.9 | packaged by conda-forge | (main, Apr 19 2024, 18:36:13) [GCC 12.3.0]
    CUDA available: True
    MUSA available: False
    numpy_random_seed: 624982218
    GPU 0,1,2,3,4,5,6,7: NVIDIA A100-SXM4-40GB
    CUDA_HOME: /opt/conda/
    NVCC: Cuda compilation tools, release 12.2, V12.2.140
    GCC: gcc (Ubuntu 11.4.0-1ubuntu1~22.04) 11.4.0
    PyTorch: 2.2.2+cu121
    PyTorch compiling details: PyTorch built with:
  - GCC 9.3
  - C++ Version: 201703
  - Intel(R) oneAPI Math Kernel Library Version 2022.2-Product Build 20220804 for Intel(R) 64 architecture applications
  - Intel(R) MKL-DNN v3.3.2 (Git Hash 2dc95a2ad0841e29db8b22fbccaf3e5da7992b01)
  - OpenMP 201511 (a.k.a. OpenMP 4.5)
  - LAPACK is enabled (usually provided by MKL)
  - NNPACK is enabled
  - CPU capability usage: AVX512
  - CUDA Runtime 12.1
  - NVCC architecture flags: -gencode;arch=compute_50,code=sm_50;-gencode;arch=compute_60,code=sm_60;-gencode;arch=compute_70,code=sm_70;-gencode;arch=compute_75,code=sm_75;-gencode;arch=compute_80,code=sm_80;-gencode;arch=compute_86,code=sm_86;-gencode;arch=compute_90,code=sm_90
  - CuDNN 8.9.2
  - Magma 2.6.1
  - Build settings: BLAS_INFO=mkl, BUILD_TYPE=Release, CUDA_VERSION=12.1, CUDNN_VERSION=8.9.2, CXX_COMPILER=/opt/rh/devtoolset-9/root/usr/bin/c++, CXX_FLAGS= -D_GLIBCXX_USE_CXX11_ABI=0 -fabi-version=11 -fvisibility-inlines-hidden -DUSE_PTHREADPOOL -DNDEBUG -DUSE_KINETO -DLIBKINETO_NOROCTRACER -DUSE_FBGEMM -DUSE_QNNPACK -DUSE_PYTORCH_QNNPACK -DUSE_XNNPACK -DSYMBOLICATE_MOBILE_DEBUG_HANDLE -O2 -fPIC -Wall -Wextra -Werror=return-type -Werror=non-virtual-dtor -Werror=bool-operation -Wnarrowing -Wno-missing-field-initializers -Wno-type-limits -Wno-array-bounds -Wno-unknown-pragmas -Wno-unused-parameter -Wno-unused-function -Wno-unused-result -Wno-strict-overflow -Wno-strict-aliasing -Wno-stringop-overflow -Wsuggest-override -Wno-psabi -Wno-error=pedantic -Wno-error=old-style-cast -Wno-missing-braces -fdiagnostics-color=always -faligned-new -Wno-unused-but-set-variable -Wno-maybe-uninitialized -fno-math-errno -fno-trapping-math -Werror=format -Wno-stringop-overflow, LAPACK_INFO=mkl, PERF_WITH_AVX=1, PERF_WITH_AVX2=1, PERF_WITH_AVX512=1, TORCH_VERSION=2.2.2, USE_CUDA=ON, USE_CUDNN=ON, USE_EXCEPTION_PTR=1, USE_GFLAGS=OFF, USE_GLOG=OFF, USE_MKL=ON, USE_MKLDNN=ON, USE_MPI=OFF, USE_NCCL=1, USE_NNPACK=ON, USE_OPENMP=ON, USE_ROCM=OFF, USE_ROCM_KERNEL_ASSERT=OFF, 

    TorchVision: 0.17.2+cu121
    OpenCV: 4.11.0
    MMEngine: 0.10.7

Runtime environment:
    cudnn_benchmark: False
    mp_cfg: {'mp_start_method': 'fork', 'opencv_num_threads': 0}
    dist_cfg: {'backend': 'nccl', 'timeout': 3600}
    seed: 624982218
    Distributed launcher: pytorch
    Distributed training: True
    GPU number: 8
------------------------------------------------------------

2025/06/16 18:42:08 - mmengine - INFO - Config:
auto_scale_lr = dict(base_batch_size=16, enable=True)
backend_args = None
caption_dataset = dict(
    actual_dataset_mode='OD',
    ann_file='LLaVA-ReCap-558K_tag_box_vg7.jsonl',
    backend_args=None,
    clean_caption=True,
    data_prefix=dict(img='images/'),
    data_root='../grounding_data/llava_cap/',
    filter_cfg=dict(filter_empty_gt=False),
    label_map_file=None,
    pipeline=[
        dict(backend_args=None, type='LoadImageFromFile'),
        dict(type='LoadAnnotations', with_bbox=True),
        dict(
            keep_ratio=True,
            scales=[
                (
                    480,
                    1333,
                ),
                (
                    512,
                    1333,
                ),
                (
                    544,
                    1333,
                ),
                (
                    576,
                    1333,
                ),
                (
                    608,
                    1333,
                ),
                (
                    640,
                    1333,
                ),
                (
                    672,
                    1333,
                ),
                (
                    704,
                    1333,
                ),
                (
                    736,
                    1333,
                ),
                (
                    768,
                    1333,
                ),
                (
                    800,
                    1333,
                ),
            ],
            type='RandomChoiceResize'),
        dict(min_gt_bbox_wh=(
            0.01,
            0.01,
        ), type='FilterAnnotations'),
        dict(
            lmm_max_token_length=1600,
            max_tokens=256,
            num_region_caption=16,
            num_sample_negative=85,
            tokenizer_name='../huggingface/bert-base-uncased/',
            tokenizer_name2=
            '../huggingface/my_llava-onevision-qwen2-0.5b-ov-2/',
            type='RandomSamplingNegPos2'),
        dict(
            meta_keys=(
                'img_id',
                'img_path',
                'ori_shape',
                'img_shape',
                'scale_factor',
                'flip',
                'flip_direction',
                'text',
                'tags',
                'contrast_conv',
                'custom_entities',
                'tokens_positive',
                'dataset_mode',
                'conversations',
                'region_conversations',
            ),
            type='PackDetInputs'),
    ],
    return_classes=True,
    type='ODVGDataset',
    use_short_cap=False,
    use_uniform_prompt=True)
clean_caption = True
coco2017_train_dataset = dict(
    actual_dataset_mode='OD',
    ann_file='annotations/instances_train2017_vg_merged6.jsonl',
    backend_args=None,
    clean_caption=True,
    data_prefix=dict(img='train2017'),
    data_root='../grounding_data/coco/',
    filter_cfg=dict(filter_empty_gt=False),
    pipeline=[
        dict(backend_args=None, type='LoadImageFromFile'),
        dict(type='LoadAnnotations', with_bbox=True),
        dict(
            keep_ratio=True,
            scales=[
                (
                    480,
                    1333,
                ),
                (
                    512,
                    1333,
                ),
                (
                    544,
                    1333,
                ),
                (
                    576,
                    1333,
                ),
                (
                    608,
                    1333,
                ),
                (
                    640,
                    1333,
                ),
                (
                    672,
                    1333,
                ),
                (
                    704,
                    1333,
                ),
                (
                    736,
                    1333,
                ),
                (
                    768,
                    1333,
                ),
                (
                    800,
                    1333,
                ),
            ],
            type='RandomChoiceResize'),
        dict(min_gt_bbox_wh=(
            0.01,
            0.01,
        ), type='FilterAnnotations'),
        dict(
            lmm_max_token_length=1600,
            max_tokens=256,
            num_region_caption=16,
            num_sample_negative=85,
            tokenizer_name='../huggingface/bert-base-uncased/',
            tokenizer_name2=
            '../huggingface/my_llava-onevision-qwen2-0.5b-ov-2/',
            type='RandomSamplingNegPos2'),
        dict(
            meta_keys=(
                'img_id',
                'img_path',
                'ori_shape',
                'img_shape',
                'scale_factor',
                'flip',
                'flip_direction',
                'text',
                'tags',
                'contrast_conv',
                'custom_entities',
                'tokens_positive',
                'dataset_mode',
                'conversations',
                'region_conversations',
            ),
            type='PackDetInputs'),
    ],
    return_classes=True,
    type='ODVGDataset',
    use_short_cap=False,
    use_uniform_prompt=True)
data_root = '../grounding_data/coco/'
dataset_type = 'LVISV1Dataset'
default_hooks = dict(
    checkpoint=dict(
        by_epoch=False,
        interval=3000,
        max_keep_ckpts=30,
        type='CheckpointHook'),
    logger=dict(interval=100, type='LoggerHook'),
    param_scheduler=dict(type='ParamSchedulerHook'),
    sampler_seed=dict(type='DistSamplerSeedHook'),
    timer=dict(type='IterTimerHook'),
    visualization=dict(type='GroundingVisualizationHook'))
default_scope = 'mmdet'
env_cfg = dict(
    cudnn_benchmark=False,
    dist_cfg=dict(backend='nccl', timeout=3600),
    mp_cfg=dict(mp_start_method='fork', opencv_num_threads=0))
flickr30k_dataset = dict(
    actual_dataset_mode='VG',
    ann_file='flickr_train_vg7.jsonl',
    backend_args=None,
    clean_caption=True,
    data_prefix=dict(img='flickr30k_images/'),
    data_root='../grounding_data/flickr30k_entities/',
    filter_cfg=dict(filter_empty_gt=False),
    label_map_file=None,
    pipeline=[
        dict(backend_args=None, type='LoadImageFromFile'),
        dict(type='LoadAnnotations', with_bbox=True),
        dict(
            keep_ratio=True,
            scales=[
                (
                    480,
                    1333,
                ),
                (
                    512,
                    1333,
                ),
                (
                    544,
                    1333,
                ),
                (
                    576,
                    1333,
                ),
                (
                    608,
                    1333,
                ),
                (
                    640,
                    1333,
                ),
                (
                    672,
                    1333,
                ),
                (
                    704,
                    1333,
                ),
                (
                    736,
                    1333,
                ),
                (
                    768,
                    1333,
                ),
                (
                    800,
                    1333,
                ),
            ],
            type='RandomChoiceResize'),
        dict(min_gt_bbox_wh=(
            0.01,
            0.01,
        ), type='FilterAnnotations'),
        dict(
            lmm_max_token_length=1600,
            max_tokens=256,
            num_region_caption=16,
            num_sample_negative=85,
            tokenizer_name='../huggingface/bert-base-uncased/',
            tokenizer_name2=
            '../huggingface/my_llava-onevision-qwen2-0.5b-ov-2/',
            type='RandomSamplingNegPos2'),
        dict(
            meta_keys=(
                'img_id',
                'img_path',
                'ori_shape',
                'img_shape',
                'scale_factor',
                'flip',
                'flip_direction',
                'text',
                'tags',
                'contrast_conv',
                'custom_entities',
                'tokens_positive',
                'dataset_mode',
                'conversations',
                'region_conversations',
            ),
            type='PackDetInputs'),
    ],
    return_classes=True,
    type='ODVGDataset',
    use_short_cap=False,
    use_uniform_prompt=True)
gqa_dataset = dict(
    actual_dataset_mode='VG',
    ann_file='gqa_train_vg7.jsonl',
    backend_args=None,
    clean_caption=True,
    data_prefix=dict(img='images/'),
    data_root='../grounding_data/gqa/',
    filter_cfg=dict(filter_empty_gt=False),
    label_map_file=None,
    pipeline=[
        dict(backend_args=None, type='LoadImageFromFile'),
        dict(type='LoadAnnotations', with_bbox=True),
        dict(
            keep_ratio=True,
            scales=[
                (
                    480,
                    1333,
                ),
                (
                    512,
                    1333,
                ),
                (
                    544,
                    1333,
                ),
                (
                    576,
                    1333,
                ),
                (
                    608,
                    1333,
                ),
                (
                    640,
                    1333,
                ),
                (
                    672,
                    1333,
                ),
                (
                    704,
                    1333,
                ),
                (
                    736,
                    1333,
                ),
                (
                    768,
                    1333,
                ),
                (
                    800,
                    1333,
                ),
            ],
            type='RandomChoiceResize'),
        dict(min_gt_bbox_wh=(
            0.01,
            0.01,
        ), type='FilterAnnotations'),
        dict(
            lmm_max_token_length=1600,
            max_tokens=256,
            num_region_caption=16,
            num_sample_negative=85,
            tokenizer_name='../huggingface/bert-base-uncased/',
            tokenizer_name2=
            '../huggingface/my_llava-onevision-qwen2-0.5b-ov-2/',
            type='RandomSamplingNegPos2'),
        dict(
            meta_keys=(
                'img_id',
                'img_path',
                'ori_shape',
                'img_shape',
                'scale_factor',
                'flip',
                'flip_direction',
                'text',
                'tags',
                'contrast_conv',
                'custom_entities',
                'tokens_positive',
                'dataset_mode',
                'conversations',
                'region_conversations',
            ),
            type='PackDetInputs'),
    ],
    return_classes=True,
    type='ODVGDataset',
    use_short_cap=False,
    use_uniform_prompt=True)
lang_model_name = '../huggingface/bert-base-uncased/'
launcher = 'pytorch'
lmm_max_token_length = 1600
lmm_path = '../huggingface/my_llava-onevision-qwen2-0.5b-ov-2/'
load_from = '/home/jovyan/Computer_vision/LLMDet/work_dirs/grounding_dino_swin_t/iter_3000.pth'
log_level = 'INFO'
log_processor = dict(by_epoch=False, type='LogProcessor', window_size=50)
max_iter = 15000
model = dict(
    as_two_stage=True,
    backbone=dict(
        attn_drop_rate=0.0,
        convert_weights=True,
        depths=[
            2,
            2,
            6,
            2,
        ],
        drop_path_rate=0.2,
        drop_rate=0.0,
        embed_dims=96,
        frozen_stages=-1,
        init_cfg=dict(checkpoint=None, type='Pretrained'),
        mlp_ratio=4,
        num_heads=[
            3,
            6,
            12,
            24,
        ],
        out_indices=(
            1,
            2,
            3,
        ),
        patch_norm=True,
        qk_scale=None,
        qkv_bias=True,
        type='SwinTransformer',
        window_size=7,
        with_cp=True),
    bbox_head=dict(
        contrastive_cfg=dict(bias=True, log_scale='auto', max_text_len=256),
        loss_bbox=dict(loss_weight=5.0, type='L1Loss'),
        loss_cls=dict(
            alpha=0.25,
            gamma=2.0,
            loss_weight=1.0,
            type='FocalLoss',
            use_sigmoid=True),
        num_classes=256,
        sync_cls_avg_factor=True,
        type='GroundingDINOHead'),
    data_preprocessor=dict(
        bgr_to_rgb=True,
        mean=[
            123.675,
            116.28,
            103.53,
        ],
        pad_mask=False,
        std=[
            58.395,
            57.12,
            57.375,
        ],
        type='DetDataPreprocessor'),
    decoder=dict(
        layer_cfg=dict(
            cross_attn_cfg=dict(dropout=0.0, embed_dims=256, num_heads=8),
            cross_attn_text_cfg=dict(dropout=0.0, embed_dims=256, num_heads=8),
            ffn_cfg=dict(
                embed_dims=256, feedforward_channels=2048, ffn_drop=0.0),
            self_attn_cfg=dict(dropout=0.0, embed_dims=256, num_heads=8)),
        num_layers=6,
        post_norm_cfg=None,
        return_intermediate=True),
    dn_cfg=dict(
        box_noise_scale=1.0,
        group_cfg=dict(dynamic=True, num_dn_queries=100, num_groups=None),
        label_noise_scale=0.5),
    encoder=dict(
        fusion_layer_cfg=dict(
            embed_dim=1024,
            init_values=0.0001,
            l_dim=256,
            num_heads=4,
            v_dim=256),
        layer_cfg=dict(
            ffn_cfg=dict(
                embed_dims=256, feedforward_channels=2048, ffn_drop=0.0),
            self_attn_cfg=dict(dropout=0.0, embed_dims=256, num_levels=4)),
        num_cp=6,
        num_layers=6,
        text_layer_cfg=dict(
            ffn_cfg=dict(
                embed_dims=256, feedforward_channels=1024, ffn_drop=0.0),
            self_attn_cfg=dict(dropout=0.0, embed_dims=256, num_heads=4))),
    feature_map_size=27,
    freeze_backbone=True,
    freeze_lm=False,
    language_model=dict(
        add_pooling_layer=False,
        max_tokens=256,
        name='../huggingface/bert-base-uncased/',
        pad_to_max=False,
        special_tokens_list=[
            '[CLS]',
            '[SEP]',
            '.',
            '?',
        ],
        type='BertModel',
        use_sub_sentence_represent=True),
    lmm='../huggingface/my_llava-onevision-qwen2-0.5b-ov-2/',
    lmm_connector=
    '../huggingface/my_llava-onevision-qwen2-0.5b-ov-2/mm_projector2.bin',
    lmm_connector_prefix='mm_projector',
    lmm_image_loss_weight=1.0,
    lmm_max_token_length=1600,
    lmm_new_layer_insert_type='all',
    lmm_region_loss_weight=1.0,
    lora_alpha=256,
    lora_dropout=0,
    lora_r=128,
    mini_query=False,
    neck=dict(
        act_cfg=None,
        bias=True,
        in_channels=[
            192,
            384,
            768,
        ],
        kernel_size=1,
        norm_cfg=dict(num_groups=32, type='GN'),
        num_outs=4,
        out_channels=256,
        type='ChannelMapper'),
    num_lmm_new_layers=6,
    num_queries=900,
    num_region_caption=16,
    positional_encoding=dict(
        normalize=True, num_feats=128, offset=0.0, temperature=20),
    test_cfg=dict(chunked_size=40, max_per_img=300),
    train_cfg=dict(
        assigner=dict(
            match_costs=[
                dict(type='BinaryFocalLossCost', weight=2.0),
                dict(box_format='xywh', type='BBoxL1Cost', weight=5.0),
                dict(iou_mode='giou', type='IoUCost', weight=2.0),
            ],
            type='HungarianAssigner')),
    type='GroundingDINO',
    use_image_level_cross_attn=False,
    use_lmm_cross_attn=True,
    use_lora=True,
    use_p4_input=True,
    use_p5_input=True,
    use_plora=False,
    use_query_input=False,
    with_box_refine=True)
num_region_caption = 16
optim_wrapper = dict(
    clip_grad=dict(max_norm=0.1, norm_type=2),
    optimizer=dict(lr=0.0001, type='AdamW', weight_decay=0.0001),
    paramwise_cfg=dict(
        custom_keys=dict(
            absolute_pos_embed=dict(decay_mult=0.0),
            backbone=dict(lr_mult=0.1),
            language_model=dict(lr_mult=0.1))),
    type='OptimWrapper')
param_scheduler = [
    dict(
        begin=0, by_epoch=False, end=1000, start_factor=0.001,
        type='LinearLR'),
    dict(
        begin=0,
        by_epoch=False,
        end=15000,
        gamma=0.1,
        milestones=[
            12000,
            14000,
        ],
        type='MultiStepLR'),
]
pretrained = None
randomness = dict(seed=624982218)
resume = True
test_cfg = dict(type='TestLoop')
test_dataloader = dict(
    batch_size=1,
    dataset=dict(
        ann_file='annotations/lvis_v1_minival_inserted_image_name.json',
        backend_args=None,
        data_prefix=dict(img=''),
        data_root='../grounding_data/coco/',
        pipeline=[
            dict(
                backend_args=None,
                imdecode_backend='pillow',
                type='LoadImageFromFile'),
            dict(
                backend='pillow',
                keep_ratio=True,
                scale=(
                    800,
                    1333,
                ),
                type='FixScaleResize'),
            dict(type='LoadAnnotations', with_bbox=True),
            dict(
                meta_keys=(
                    'img_id',
                    'img_path',
                    'ori_shape',
                    'img_shape',
                    'scale_factor',
                    'text',
                    'custom_entities',
                    'tokens_positive',
                ),
                type='PackDetInputs'),
        ],
        return_classes=True,
        test_mode=True,
        type='LVISV1Dataset'),
    drop_last=False,
    num_workers=2,
    persistent_workers=True,
    sampler=dict(shuffle=False, type='DefaultSampler'))
test_evaluator = dict(
    ann_file=
    '../grounding_data/coco/annotations/lvis_v1_minival_inserted_image_name.json',
    type='LVISFixedAPMetric')
test_pipeline = [
    dict(
        backend_args=None, imdecode_backend='pillow',
        type='LoadImageFromFile'),
    dict(
        backend='pillow',
        keep_ratio=True,
        scale=(
            800,
            1333,
        ),
        type='FixScaleResize'),
    dict(type='LoadAnnotations', with_bbox=True),
    dict(
        meta_keys=(
            'img_id',
            'img_path',
            'ori_shape',
            'img_shape',
            'scale_factor',
            'text',
            'custom_entities',
            'tokens_positive',
        ),
        type='PackDetInputs'),
]
train_cfg = dict(max_iters=15000, type='IterBasedTrainLoop', val_interval=3000)
train_dataloader = dict(
    batch_sampler=dict(type='AspectRatioBatchSampler'),
    batch_size=2,
    dataset=dict(
        datasets=[
            dict(
                actual_dataset_mode='OD',
                ann_file='annotations/instances_train2017_vg_merged6.jsonl',
                backend_args=None,
                clean_caption=True,
                data_prefix=dict(img='train2017'),
                data_root='../grounding_data/coco/',
                filter_cfg=dict(filter_empty_gt=False),
                pipeline=[
                    dict(backend_args=None, type='LoadImageFromFile'),
                    dict(type='LoadAnnotations', with_bbox=True),
                    dict(
                        keep_ratio=True,
                        scales=[
                            (
                                480,
                                1333,
                            ),
                            (
                                512,
                                1333,
                            ),
                            (
                                544,
                                1333,
                            ),
                            (
                                576,
                                1333,
                            ),
                            (
                                608,
                                1333,
                            ),
                            (
                                640,
                                1333,
                            ),
                            (
                                672,
                                1333,
                            ),
                            (
                                704,
                                1333,
                            ),
                            (
                                736,
                                1333,
                            ),
                            (
                                768,
                                1333,
                            ),
                            (
                                800,
                                1333,
                            ),
                        ],
                        type='RandomChoiceResize'),
                    dict(
                        min_gt_bbox_wh=(
                            0.01,
                            0.01,
                        ),
                        type='FilterAnnotations'),
                    dict(
                        lmm_max_token_length=1600,
                        max_tokens=256,
                        num_region_caption=16,
                        num_sample_negative=85,
                        tokenizer_name='../huggingface/bert-base-uncased/',
                        tokenizer_name2=
                        '../huggingface/my_llava-onevision-qwen2-0.5b-ov-2/',
                        type='RandomSamplingNegPos2'),
                    dict(
                        meta_keys=(
                            'img_id',
                            'img_path',
                            'ori_shape',
                            'img_shape',
                            'scale_factor',
                            'flip',
                            'flip_direction',
                            'text',
                            'tags',
                            'contrast_conv',
                            'custom_entities',
                            'tokens_positive',
                            'dataset_mode',
                            'conversations',
                            'region_conversations',
                        ),
                        type='PackDetInputs'),
                ],
                return_classes=True,
                type='ODVGDataset',
                use_short_cap=False,
                use_uniform_prompt=True),
            dict(
                actual_dataset_mode='VG',
                ann_file='flickr_train_vg7.jsonl',
                backend_args=None,
                clean_caption=True,
                data_prefix=dict(img='flickr30k_images/'),
                data_root='../grounding_data/flickr30k_entities/',
                filter_cfg=dict(filter_empty_gt=False),
                label_map_file=None,
                pipeline=[
                    dict(backend_args=None, type='LoadImageFromFile'),
                    dict(type='LoadAnnotations', with_bbox=True),
                    dict(
                        keep_ratio=True,
                        scales=[
                            (
                                480,
                                1333,
                            ),
                            (
                                512,
                                1333,
                            ),
                            (
                                544,
                                1333,
                            ),
                            (
                                576,
                                1333,
                            ),
                            (
                                608,
                                1333,
                            ),
                            (
                                640,
                                1333,
                            ),
                            (
                                672,
                                1333,
                            ),
                            (
                                704,
                                1333,
                            ),
                            (
                                736,
                                1333,
                            ),
                            (
                                768,
                                1333,
                            ),
                            (
                                800,
                                1333,
                            ),
                        ],
                        type='RandomChoiceResize'),
                    dict(
                        min_gt_bbox_wh=(
                            0.01,
                            0.01,
                        ),
                        type='FilterAnnotations'),
                    dict(
                        lmm_max_token_length=1600,
                        max_tokens=256,
                        num_region_caption=16,
                        num_sample_negative=85,
                        tokenizer_name='../huggingface/bert-base-uncased/',
                        tokenizer_name2=
                        '../huggingface/my_llava-onevision-qwen2-0.5b-ov-2/',
                        type='RandomSamplingNegPos2'),
                    dict(
                        meta_keys=(
                            'img_id',
                            'img_path',
                            'ori_shape',
                            'img_shape',
                            'scale_factor',
                            'flip',
                            'flip_direction',
                            'text',
                            'tags',
                            'contrast_conv',
                            'custom_entities',
                            'tokens_positive',
                            'dataset_mode',
                            'conversations',
                            'region_conversations',
                        ),
                        type='PackDetInputs'),
                ],
                return_classes=True,
                type='ODVGDataset',
                use_short_cap=False,
                use_uniform_prompt=True),
            dict(
                actual_dataset_mode='VG',
                ann_file='gqa_train_vg7.jsonl',
                backend_args=None,
                clean_caption=True,
                data_prefix=dict(img='images/'),
                data_root='../grounding_data/gqa/',
                filter_cfg=dict(filter_empty_gt=False),
                label_map_file=None,
                pipeline=[
                    dict(backend_args=None, type='LoadImageFromFile'),
                    dict(type='LoadAnnotations', with_bbox=True),
                    dict(
                        keep_ratio=True,
                        scales=[
                            (
                                480,
                                1333,
                            ),
                            (
                                512,
                                1333,
                            ),
                            (
                                544,
                                1333,
                            ),
                            (
                                576,
                                1333,
                            ),
                            (
                                608,
                                1333,
                            ),
                            (
                                640,
                                1333,
                            ),
                            (
                                672,
                                1333,
                            ),
                            (
                                704,
                                1333,
                            ),
                            (
                                736,
                                1333,
                            ),
                            (
                                768,
                                1333,
                            ),
                            (
                                800,
                                1333,
                            ),
                        ],
                        type='RandomChoiceResize'),
                    dict(
                        min_gt_bbox_wh=(
                            0.01,
                            0.01,
                        ),
                        type='FilterAnnotations'),
                    dict(
                        lmm_max_token_length=1600,
                        max_tokens=256,
                        num_region_caption=16,
                        num_sample_negative=85,
                        tokenizer_name='../huggingface/bert-base-uncased/',
                        tokenizer_name2=
                        '../huggingface/my_llava-onevision-qwen2-0.5b-ov-2/',
                        type='RandomSamplingNegPos2'),
                    dict(
                        meta_keys=(
                            'img_id',
                            'img_path',
                            'ori_shape',
                            'img_shape',
                            'scale_factor',
                            'flip',
                            'flip_direction',
                            'text',
                            'tags',
                            'contrast_conv',
                            'custom_entities',
                            'tokens_positive',
                            'dataset_mode',
                            'conversations',
                            'region_conversations',
                        ),
                        type='PackDetInputs'),
                ],
                return_classes=True,
                type='ODVGDataset',
                use_short_cap=False,
                use_uniform_prompt=True),
            dict(
                actual_dataset_mode='OD',
                ann_file='LLaVA-ReCap-558K_tag_box_vg7.jsonl',
                backend_args=None,
                clean_caption=True,
                data_prefix=dict(img='images/'),
                data_root='../grounding_data/llava_cap/',
                filter_cfg=dict(filter_empty_gt=False),
                label_map_file=None,
                pipeline=[
                    dict(backend_args=None, type='LoadImageFromFile'),
                    dict(type='LoadAnnotations', with_bbox=True),
                    dict(
                        keep_ratio=True,
                        scales=[
                            (
                                480,
                                1333,
                            ),
                            (
                                512,
                                1333,
                            ),
                            (
                                544,
                                1333,
                            ),
                            (
                                576,
                                1333,
                            ),
                            (
                                608,
                                1333,
                            ),
                            (
                                640,
                                1333,
                            ),
                            (
                                672,
                                1333,
                            ),
                            (
                                704,
                                1333,
                            ),
                            (
                                736,
                                1333,
                            ),
                            (
                                768,
                                1333,
                            ),
                            (
                                800,
                                1333,
                            ),
                        ],
                        type='RandomChoiceResize'),
                    dict(
                        min_gt_bbox_wh=(
                            0.01,
                            0.01,
                        ),
                        type='FilterAnnotations'),
                    dict(
                        lmm_max_token_length=1600,
                        max_tokens=256,
                        num_region_caption=16,
                        num_sample_negative=85,
                        tokenizer_name='../huggingface/bert-base-uncased/',
                        tokenizer_name2=
                        '../huggingface/my_llava-onevision-qwen2-0.5b-ov-2/',
                        type='RandomSamplingNegPos2'),
                    dict(
                        meta_keys=(
                            'img_id',
                            'img_path',
                            'ori_shape',
                            'img_shape',
                            'scale_factor',
                            'flip',
                            'flip_direction',
                            'text',
                            'tags',
                            'contrast_conv',
                            'custom_entities',
                            'tokens_positive',
                            'dataset_mode',
                            'conversations',
                            'region_conversations',
                        ),
                        type='PackDetInputs'),
                ],
                return_classes=True,
                type='ODVGDataset',
                use_short_cap=False,
                use_uniform_prompt=True),
        ],
        type='ConcatDataset'),
    num_workers=4,
    persistent_workers=True,
    sampler=dict(shuffle=True, type='DefaultSampler'))
train_pipeline = [
    dict(backend_args=None, type='LoadImageFromFile'),
    dict(type='LoadAnnotations', with_bbox=True),
    dict(
        keep_ratio=True,
        scales=[
            (
                480,
                1333,
            ),
            (
                512,
                1333,
            ),
            (
                544,
                1333,
            ),
            (
                576,
                1333,
            ),
            (
                608,
                1333,
            ),
            (
                640,
                1333,
            ),
            (
                672,
                1333,
            ),
            (
                704,
                1333,
            ),
            (
                736,
                1333,
            ),
            (
                768,
                1333,
            ),
            (
                800,
                1333,
            ),
        ],
        type='RandomChoiceResize'),
    dict(min_gt_bbox_wh=(
        0.01,
        0.01,
    ), type='FilterAnnotations'),
    dict(
        lmm_max_token_length=1600,
        max_tokens=256,
        num_region_caption=16,
        num_sample_negative=85,
        tokenizer_name='../huggingface/bert-base-uncased/',
        tokenizer_name2='../huggingface/my_llava-onevision-qwen2-0.5b-ov-2/',
        type='RandomSamplingNegPos2'),
    dict(
        meta_keys=(
            'img_id',
            'img_path',
            'ori_shape',
            'img_shape',
            'scale_factor',
            'flip',
            'flip_direction',
            'text',
            'tags',
            'contrast_conv',
            'custom_entities',
            'tokens_positive',
            'dataset_mode',
            'conversations',
            'region_conversations',
        ),
        type='PackDetInputs'),
]
use_short_cap = False
use_uniform_prompt = True
v3det_dataset = dict(
    actual_dataset_mode='OD',
    ann_file='annotations/v3det_2023_v1_train_vg7.jsonl',
    backend_args=None,
    clean_caption=True,
    data_prefix=dict(img=''),
    data_root='../grounding_data/v3det/',
    filter_cfg=dict(filter_empty_gt=False),
    label_map_file=None,
    pipeline=[
        dict(backend_args=None, type='LoadImageFromFile'),
        dict(type='LoadAnnotations', with_bbox=True),
        dict(
            keep_ratio=True,
            scales=[
                (
                    480,
                    1333,
                ),
                (
                    512,
                    1333,
                ),
                (
                    544,
                    1333,
                ),
                (
                    576,
                    1333,
                ),
                (
                    608,
                    1333,
                ),
                (
                    640,
                    1333,
                ),
                (
                    672,
                    1333,
                ),
                (
                    704,
                    1333,
                ),
                (
                    736,
                    1333,
                ),
                (
                    768,
                    1333,
                ),
                (
                    800,
                    1333,
                ),
            ],
            type='RandomChoiceResize'),
        dict(min_gt_bbox_wh=(
            0.01,
            0.01,
        ), type='FilterAnnotations'),
        dict(
            lmm_max_token_length=1600,
            max_tokens=256,
            num_region_caption=16,
            num_sample_negative=85,
            tokenizer_name='../huggingface/bert-base-uncased/',
            tokenizer_name2=
            '../huggingface/my_llava-onevision-qwen2-0.5b-ov-2/',
            type='RandomSamplingNegPos2'),
        dict(
            meta_keys=(
                'img_id',
                'img_path',
                'ori_shape',
                'img_shape',
                'scale_factor',
                'flip',
                'flip_direction',
                'text',
                'tags',
                'contrast_conv',
                'custom_entities',
                'tokens_positive',
                'dataset_mode',
                'conversations',
                'region_conversations',
            ),
            type='PackDetInputs'),
    ],
    return_classes=True,
    type='ODVGDataset',
    use_short_cap=False,
    use_uniform_prompt=True)
val_cfg = dict(type='ValLoop')
val_dataloader = dict(
    batch_size=1,
    dataset=dict(
        ann_file='annotations/lvis_v1_minival_inserted_image_name.json',
        backend_args=None,
        data_prefix=dict(img=''),
        data_root='../grounding_data/coco/',
        pipeline=[
            dict(
                backend_args=None,
                imdecode_backend='pillow',
                type='LoadImageFromFile'),
            dict(
                backend='pillow',
                keep_ratio=True,
                scale=(
                    800,
                    1333,
                ),
                type='FixScaleResize'),
            dict(type='LoadAnnotations', with_bbox=True),
            dict(
                meta_keys=(
                    'img_id',
                    'img_path',
                    'ori_shape',
                    'img_shape',
                    'scale_factor',
                    'text',
                    'custom_entities',
                    'tokens_positive',
                ),
                type='PackDetInputs'),
        ],
        return_classes=True,
        test_mode=True,
        type='LVISV1Dataset'),
    drop_last=False,
    num_workers=2,
    persistent_workers=True,
    sampler=dict(shuffle=False, type='DefaultSampler'))
val_evaluator = dict(
    ann_file=
    '../grounding_data/coco/annotations/lvis_v1_minival_inserted_image_name.json',
    type='LVISFixedAPMetric')
vis_backends = [
    dict(type='LocalVisBackend'),
]
visualizer = dict(
    name='visualizer',
    type='DetLocalVisualizer',
    vis_backends=[
        dict(type='LocalVisBackend'),
    ])
work_dir = './work_dirs/grounding_dino_swin_t'

2025/06/16 18:42:16 - mmengine - INFO - Hooks will be executed in the following order:
before_run:
(VERY_HIGH   ) RuntimeInfoHook                    
(BELOW_NORMAL) LoggerHook                         
 -------------------- 
before_train:
(VERY_HIGH   ) RuntimeInfoHook                    
(NORMAL      ) IterTimerHook                      
(VERY_LOW    ) CheckpointHook                     
 -------------------- 
before_train_epoch:
(VERY_HIGH   ) RuntimeInfoHook                    
(NORMAL      ) IterTimerHook                      
(NORMAL      ) DistSamplerSeedHook                
 -------------------- 
before_train_iter:
(VERY_HIGH   ) RuntimeInfoHook                    
(NORMAL      ) IterTimerHook                      
 -------------------- 
after_train_iter:
(VERY_HIGH   ) RuntimeInfoHook                    
(NORMAL      ) IterTimerHook                      
(BELOW_NORMAL) LoggerHook                         
(LOW         ) ParamSchedulerHook                 
(VERY_LOW    ) CheckpointHook                     
 -------------------- 
after_train_epoch:
(NORMAL      ) IterTimerHook                      
(LOW         ) ParamSchedulerHook                 
(VERY_LOW    ) CheckpointHook                     
 -------------------- 
before_val:
(VERY_HIGH   ) RuntimeInfoHook                    
 -------------------- 
before_val_epoch:
(NORMAL      ) IterTimerHook                      
 -------------------- 
before_val_iter:
(NORMAL      ) IterTimerHook                      
 -------------------- 
after_val_iter:
(NORMAL      ) IterTimerHook                      
(NORMAL      ) GroundingVisualizationHook         
(BELOW_NORMAL) LoggerHook                         
 -------------------- 
after_val_epoch:
(VERY_HIGH   ) RuntimeInfoHook                    
(NORMAL      ) IterTimerHook                      
(BELOW_NORMAL) LoggerHook                         
(LOW         ) ParamSchedulerHook                 
(VERY_LOW    ) CheckpointHook                     
 -------------------- 
after_val:
(VERY_HIGH   ) RuntimeInfoHook                    
 -------------------- 
after_train:
(VERY_HIGH   ) RuntimeInfoHook                    
(VERY_LOW    ) CheckpointHook                     
 -------------------- 
before_test:
(VERY_HIGH   ) RuntimeInfoHook                    
 -------------------- 
before_test_epoch:
(NORMAL      ) IterTimerHook                      
 -------------------- 
before_test_iter:
(NORMAL      ) IterTimerHook                      
 -------------------- 
after_test_iter:
(NORMAL      ) IterTimerHook                      
(NORMAL      ) GroundingVisualizationHook         
(BELOW_NORMAL) LoggerHook                         
 -------------------- 
after_test_epoch:
(VERY_HIGH   ) RuntimeInfoHook                    
(NORMAL      ) IterTimerHook                      
(BELOW_NORMAL) LoggerHook                         
 -------------------- 
after_test:
(VERY_HIGH   ) RuntimeInfoHook                    
 -------------------- 
after_run:
(BELOW_NORMAL) LoggerHook                         
 -------------------- 
2025/06/16 18:48:08 - mmengine - WARNING - backbone.patch_embed.projection.weight is skipped since its requires_grad=False
2025/06/16 18:48:08 - mmengine - WARNING - backbone.patch_embed.projection.bias is skipped since its requires_grad=False
2025/06/16 18:48:08 - mmengine - WARNING - backbone.patch_embed.norm.weight is skipped since its requires_grad=False
2025/06/16 18:48:08 - mmengine - WARNING - backbone.patch_embed.norm.bias is skipped since its requires_grad=False
2025/06/16 18:48:08 - mmengine - WARNING - backbone.stages.0.blocks.0.norm1.weight is skipped since its requires_grad=False
2025/06/16 18:48:08 - mmengine - WARNING - backbone.stages.0.blocks.0.norm1.bias is skipped since its requires_grad=False
2025/06/16 18:48:08 - mmengine - WARNING - backbone.stages.0.blocks.0.attn.w_msa.relative_position_bias_table is skipped since its requires_grad=False
2025/06/16 18:48:08 - mmengine - WARNING - backbone.stages.0.blocks.0.attn.w_msa.qkv.weight is skipped since its requires_grad=False
2025/06/16 18:48:08 - mmengine - WARNING - backbone.stages.0.blocks.0.attn.w_msa.qkv.bias is skipped since its requires_grad=False
2025/06/16 18:48:08 - mmengine - WARNING - backbone.stages.0.blocks.0.attn.w_msa.proj.weight is skipped since its requires_grad=False
2025/06/16 18:48:08 - mmengine - WARNING - backbone.stages.0.blocks.0.attn.w_msa.proj.bias is skipped since its requires_grad=False
2025/06/16 18:48:08 - mmengine - WARNING - backbone.stages.0.blocks.0.norm2.weight is skipped since its requires_grad=False
2025/06/16 18:48:08 - mmengine - WARNING - backbone.stages.0.blocks.0.norm2.bias is skipped since its requires_grad=False
2025/06/16 18:48:08 - mmengine - WARNING - backbone.stages.0.blocks.0.ffn.layers.0.0.weight is skipped since its requires_grad=False
2025/06/16 18:48:08 - mmengine - WARNING - backbone.stages.0.blocks.0.ffn.layers.0.0.bias is skipped since its requires_grad=False
2025/06/16 18:48:08 - mmengine - WARNING - backbone.stages.0.blocks.0.ffn.layers.1.weight is skipped since its requires_grad=False
2025/06/16 18:48:08 - mmengine - WARNING - backbone.stages.0.blocks.0.ffn.layers.1.bias is skipped since its requires_grad=False
2025/06/16 18:48:08 - mmengine - WARNING - backbone.stages.0.blocks.1.norm1.weight is skipped since its requires_grad=False
2025/06/16 18:48:08 - mmengine - WARNING - backbone.stages.0.blocks.1.norm1.bias is skipped since its requires_grad=False
2025/06/16 18:48:08 - mmengine - WARNING - backbone.stages.0.blocks.1.attn.w_msa.relative_position_bias_table is skipped since its requires_grad=False
2025/06/16 18:48:08 - mmengine - WARNING - backbone.stages.0.blocks.1.attn.w_msa.qkv.weight is skipped since its requires_grad=False
2025/06/16 18:48:08 - mmengine - WARNING - backbone.stages.0.blocks.1.attn.w_msa.qkv.bias is skipped since its requires_grad=False
2025/06/16 18:48:08 - mmengine - WARNING - backbone.stages.0.blocks.1.attn.w_msa.proj.weight is skipped since its requires_grad=False
2025/06/16 18:48:08 - mmengine - WARNING - backbone.stages.0.blocks.1.attn.w_msa.proj.bias is skipped since its requires_grad=False
2025/06/16 18:48:08 - mmengine - WARNING - backbone.stages.0.blocks.1.norm2.weight is skipped since its requires_grad=False
2025/06/16 18:48:08 - mmengine - WARNING - backbone.stages.0.blocks.1.norm2.bias is skipped since its requires_grad=False
2025/06/16 18:48:08 - mmengine - WARNING - backbone.stages.0.blocks.1.ffn.layers.0.0.weight is skipped since its requires_grad=False
2025/06/16 18:48:08 - mmengine - WARNING - backbone.stages.0.blocks.1.ffn.layers.0.0.bias is skipped since its requires_grad=False
2025/06/16 18:48:08 - mmengine - WARNING - backbone.stages.0.blocks.1.ffn.layers.1.weight is skipped since its requires_grad=False
2025/06/16 18:48:08 - mmengine - WARNING - backbone.stages.0.blocks.1.ffn.layers.1.bias is skipped since its requires_grad=False
2025/06/16 18:48:08 - mmengine - WARNING - backbone.stages.0.downsample.norm.weight is skipped since its requires_grad=False
2025/06/16 18:48:08 - mmengine - WARNING - backbone.stages.0.downsample.norm.bias is skipped since its requires_grad=False
2025/06/16 18:48:08 - mmengine - WARNING - backbone.stages.0.downsample.reduction.weight is skipped since its requires_grad=False
2025/06/16 18:48:08 - mmengine - WARNING - backbone.stages.1.blocks.0.norm1.weight is skipped since its requires_grad=False
2025/06/16 18:48:08 - mmengine - WARNING - backbone.stages.1.blocks.0.norm1.bias is skipped since its requires_grad=False
2025/06/16 18:48:08 - mmengine - WARNING - backbone.stages.1.blocks.0.attn.w_msa.relative_position_bias_table is skipped since its requires_grad=False
2025/06/16 18:48:08 - mmengine - WARNING - backbone.stages.1.blocks.0.attn.w_msa.qkv.weight is skipped since its requires_grad=False
2025/06/16 18:48:08 - mmengine - WARNING - backbone.stages.1.blocks.0.attn.w_msa.qkv.bias is skipped since its requires_grad=False
2025/06/16 18:48:08 - mmengine - WARNING - backbone.stages.1.blocks.0.attn.w_msa.proj.weight is skipped since its requires_grad=False
2025/06/16 18:48:08 - mmengine - WARNING - backbone.stages.1.blocks.0.attn.w_msa.proj.bias is skipped since its requires_grad=False
2025/06/16 18:48:08 - mmengine - WARNING - backbone.stages.1.blocks.0.norm2.weight is skipped since its requires_grad=False
2025/06/16 18:48:08 - mmengine - WARNING - backbone.stages.1.blocks.0.norm2.bias is skipped since its requires_grad=False
2025/06/16 18:48:08 - mmengine - WARNING - backbone.stages.1.blocks.0.ffn.layers.0.0.weight is skipped since its requires_grad=False
2025/06/16 18:48:08 - mmengine - WARNING - backbone.stages.1.blocks.0.ffn.layers.0.0.bias is skipped since its requires_grad=False
2025/06/16 18:48:08 - mmengine - WARNING - backbone.stages.1.blocks.0.ffn.layers.1.weight is skipped since its requires_grad=False
2025/06/16 18:48:08 - mmengine - WARNING - backbone.stages.1.blocks.0.ffn.layers.1.bias is skipped since its requires_grad=False
2025/06/16 18:48:08 - mmengine - WARNING - backbone.stages.1.blocks.1.norm1.weight is skipped since its requires_grad=False
2025/06/16 18:48:08 - mmengine - WARNING - backbone.stages.1.blocks.1.norm1.bias is skipped since its requires_grad=False
2025/06/16 18:48:08 - mmengine - WARNING - backbone.stages.1.blocks.1.attn.w_msa.relative_position_bias_table is skipped since its requires_grad=False
2025/06/16 18:48:08 - mmengine - WARNING - backbone.stages.1.blocks.1.attn.w_msa.qkv.weight is skipped since its requires_grad=False
2025/06/16 18:48:08 - mmengine - WARNING - backbone.stages.1.blocks.1.attn.w_msa.qkv.bias is skipped since its requires_grad=False
2025/06/16 18:48:08 - mmengine - WARNING - backbone.stages.1.blocks.1.attn.w_msa.proj.weight is skipped since its requires_grad=False
2025/06/16 18:48:08 - mmengine - WARNING - backbone.stages.1.blocks.1.attn.w_msa.proj.bias is skipped since its requires_grad=False
2025/06/16 18:48:08 - mmengine - WARNING - backbone.stages.1.blocks.1.norm2.weight is skipped since its requires_grad=False
2025/06/16 18:48:08 - mmengine - WARNING - backbone.stages.1.blocks.1.norm2.bias is skipped since its requires_grad=False
2025/06/16 18:48:08 - mmengine - WARNING - backbone.stages.1.blocks.1.ffn.layers.0.0.weight is skipped since its requires_grad=False
2025/06/16 18:48:08 - mmengine - WARNING - backbone.stages.1.blocks.1.ffn.layers.0.0.bias is skipped since its requires_grad=False
2025/06/16 18:48:08 - mmengine - WARNING - backbone.stages.1.blocks.1.ffn.layers.1.weight is skipped since its requires_grad=False
2025/06/16 18:48:08 - mmengine - WARNING - backbone.stages.1.blocks.1.ffn.layers.1.bias is skipped since its requires_grad=False
2025/06/16 18:48:08 - mmengine - WARNING - backbone.stages.1.downsample.norm.weight is skipped since its requires_grad=False
2025/06/16 18:48:08 - mmengine - WARNING - backbone.stages.1.downsample.norm.bias is skipped since its requires_grad=False
2025/06/16 18:48:08 - mmengine - WARNING - backbone.stages.1.downsample.reduction.weight is skipped since its requires_grad=False
2025/06/16 18:48:08 - mmengine - WARNING - backbone.stages.2.blocks.0.norm1.weight is skipped since its requires_grad=False
2025/06/16 18:48:08 - mmengine - WARNING - backbone.stages.2.blocks.0.norm1.bias is skipped since its requires_grad=False
2025/06/16 18:48:08 - mmengine - WARNING - backbone.stages.2.blocks.0.attn.w_msa.relative_position_bias_table is skipped since its requires_grad=False
2025/06/16 18:48:08 - mmengine - WARNING - backbone.stages.2.blocks.0.attn.w_msa.qkv.weight is skipped since its requires_grad=False
2025/06/16 18:48:08 - mmengine - WARNING - backbone.stages.2.blocks.0.attn.w_msa.qkv.bias is skipped since its requires_grad=False
2025/06/16 18:48:08 - mmengine - WARNING - backbone.stages.2.blocks.0.attn.w_msa.proj.weight is skipped since its requires_grad=False
2025/06/16 18:48:08 - mmengine - WARNING - backbone.stages.2.blocks.0.attn.w_msa.proj.bias is skipped since its requires_grad=False
2025/06/16 18:48:08 - mmengine - WARNING - backbone.stages.2.blocks.0.norm2.weight is skipped since its requires_grad=False
2025/06/16 18:48:08 - mmengine - WARNING - backbone.stages.2.blocks.0.norm2.bias is skipped since its requires_grad=False
2025/06/16 18:48:08 - mmengine - WARNING - backbone.stages.2.blocks.0.ffn.layers.0.0.weight is skipped since its requires_grad=False
2025/06/16 18:48:08 - mmengine - WARNING - backbone.stages.2.blocks.0.ffn.layers.0.0.bias is skipped since its requires_grad=False
2025/06/16 18:48:08 - mmengine - WARNING - backbone.stages.2.blocks.0.ffn.layers.1.weight is skipped since its requires_grad=False
2025/06/16 18:48:08 - mmengine - WARNING - backbone.stages.2.blocks.0.ffn.layers.1.bias is skipped since its requires_grad=False
2025/06/16 18:48:08 - mmengine - WARNING - backbone.stages.2.blocks.1.norm1.weight is skipped since its requires_grad=False
2025/06/16 18:48:08 - mmengine - WARNING - backbone.stages.2.blocks.1.norm1.bias is skipped since its requires_grad=False
2025/06/16 18:48:08 - mmengine - WARNING - backbone.stages.2.blocks.1.attn.w_msa.relative_position_bias_table is skipped since its requires_grad=False
2025/06/16 18:48:08 - mmengine - WARNING - backbone.stages.2.blocks.1.attn.w_msa.qkv.weight is skipped since its requires_grad=False
2025/06/16 18:48:08 - mmengine - WARNING - backbone.stages.2.blocks.1.attn.w_msa.qkv.bias is skipped since its requires_grad=False
2025/06/16 18:48:08 - mmengine - WARNING - backbone.stages.2.blocks.1.attn.w_msa.proj.weight is skipped since its requires_grad=False
2025/06/16 18:48:08 - mmengine - WARNING - backbone.stages.2.blocks.1.attn.w_msa.proj.bias is skipped since its requires_grad=False
2025/06/16 18:48:08 - mmengine - WARNING - backbone.stages.2.blocks.1.norm2.weight is skipped since its requires_grad=False
2025/06/16 18:48:08 - mmengine - WARNING - backbone.stages.2.blocks.1.norm2.bias is skipped since its requires_grad=False
2025/06/16 18:48:08 - mmengine - WARNING - backbone.stages.2.blocks.1.ffn.layers.0.0.weight is skipped since its requires_grad=False
2025/06/16 18:48:08 - mmengine - WARNING - backbone.stages.2.blocks.1.ffn.layers.0.0.bias is skipped since its requires_grad=False
2025/06/16 18:48:08 - mmengine - WARNING - backbone.stages.2.blocks.1.ffn.layers.1.weight is skipped since its requires_grad=False
2025/06/16 18:48:08 - mmengine - WARNING - backbone.stages.2.blocks.1.ffn.layers.1.bias is skipped since its requires_grad=False
2025/06/16 18:48:08 - mmengine - WARNING - backbone.stages.2.blocks.2.norm1.weight is skipped since its requires_grad=False
2025/06/16 18:48:08 - mmengine - WARNING - backbone.stages.2.blocks.2.norm1.bias is skipped since its requires_grad=False
2025/06/16 18:48:08 - mmengine - WARNING - backbone.stages.2.blocks.2.attn.w_msa.relative_position_bias_table is skipped since its requires_grad=False
2025/06/16 18:48:08 - mmengine - WARNING - backbone.stages.2.blocks.2.attn.w_msa.qkv.weight is skipped since its requires_grad=False
2025/06/16 18:48:08 - mmengine - WARNING - backbone.stages.2.blocks.2.attn.w_msa.qkv.bias is skipped since its requires_grad=False
2025/06/16 18:48:08 - mmengine - WARNING - backbone.stages.2.blocks.2.attn.w_msa.proj.weight is skipped since its requires_grad=False
2025/06/16 18:48:08 - mmengine - WARNING - backbone.stages.2.blocks.2.attn.w_msa.proj.bias is skipped since its requires_grad=False
2025/06/16 18:48:08 - mmengine - WARNING - backbone.stages.2.blocks.2.norm2.weight is skipped since its requires_grad=False
2025/06/16 18:48:08 - mmengine - WARNING - backbone.stages.2.blocks.2.norm2.bias is skipped since its requires_grad=False
2025/06/16 18:48:08 - mmengine - WARNING - backbone.stages.2.blocks.2.ffn.layers.0.0.weight is skipped since its requires_grad=False
2025/06/16 18:48:08 - mmengine - WARNING - backbone.stages.2.blocks.2.ffn.layers.0.0.bias is skipped since its requires_grad=False
2025/06/16 18:48:08 - mmengine - WARNING - backbone.stages.2.blocks.2.ffn.layers.1.weight is skipped since its requires_grad=False
2025/06/16 18:48:08 - mmengine - WARNING - backbone.stages.2.blocks.2.ffn.layers.1.bias is skipped since its requires_grad=False
2025/06/16 18:48:08 - mmengine - WARNING - backbone.stages.2.blocks.3.norm1.weight is skipped since its requires_grad=False
2025/06/16 18:48:08 - mmengine - WARNING - backbone.stages.2.blocks.3.norm1.bias is skipped since its requires_grad=False
2025/06/16 18:48:08 - mmengine - WARNING - backbone.stages.2.blocks.3.attn.w_msa.relative_position_bias_table is skipped since its requires_grad=False
2025/06/16 18:48:08 - mmengine - WARNING - backbone.stages.2.blocks.3.attn.w_msa.qkv.weight is skipped since its requires_grad=False
2025/06/16 18:48:08 - mmengine - WARNING - backbone.stages.2.blocks.3.attn.w_msa.qkv.bias is skipped since its requires_grad=False
2025/06/16 18:48:08 - mmengine - WARNING - backbone.stages.2.blocks.3.attn.w_msa.proj.weight is skipped since its requires_grad=False
2025/06/16 18:48:08 - mmengine - WARNING - backbone.stages.2.blocks.3.attn.w_msa.proj.bias is skipped since its requires_grad=False
2025/06/16 18:48:08 - mmengine - WARNING - backbone.stages.2.blocks.3.norm2.weight is skipped since its requires_grad=False
2025/06/16 18:48:08 - mmengine - WARNING - backbone.stages.2.blocks.3.norm2.bias is skipped since its requires_grad=False
2025/06/16 18:48:08 - mmengine - WARNING - backbone.stages.2.blocks.3.ffn.layers.0.0.weight is skipped since its requires_grad=False
2025/06/16 18:48:08 - mmengine - WARNING - backbone.stages.2.blocks.3.ffn.layers.0.0.bias is skipped since its requires_grad=False
2025/06/16 18:48:08 - mmengine - WARNING - backbone.stages.2.blocks.3.ffn.layers.1.weight is skipped since its requires_grad=False
2025/06/16 18:48:08 - mmengine - WARNING - backbone.stages.2.blocks.3.ffn.layers.1.bias is skipped since its requires_grad=False
2025/06/16 18:48:08 - mmengine - WARNING - backbone.stages.2.blocks.4.norm1.weight is skipped since its requires_grad=False
2025/06/16 18:48:08 - mmengine - WARNING - backbone.stages.2.blocks.4.norm1.bias is skipped since its requires_grad=False
2025/06/16 18:48:08 - mmengine - WARNING - backbone.stages.2.blocks.4.attn.w_msa.relative_position_bias_table is skipped since its requires_grad=False
2025/06/16 18:48:08 - mmengine - WARNING - backbone.stages.2.blocks.4.attn.w_msa.qkv.weight is skipped since its requires_grad=False
2025/06/16 18:48:08 - mmengine - WARNING - backbone.stages.2.blocks.4.attn.w_msa.qkv.bias is skipped since its requires_grad=False
2025/06/16 18:48:08 - mmengine - WARNING - backbone.stages.2.blocks.4.attn.w_msa.proj.weight is skipped since its requires_grad=False
2025/06/16 18:48:08 - mmengine - WARNING - backbone.stages.2.blocks.4.attn.w_msa.proj.bias is skipped since its requires_grad=False
2025/06/16 18:48:08 - mmengine - WARNING - backbone.stages.2.blocks.4.norm2.weight is skipped since its requires_grad=False
2025/06/16 18:48:08 - mmengine - WARNING - backbone.stages.2.blocks.4.norm2.bias is skipped since its requires_grad=False
2025/06/16 18:48:08 - mmengine - WARNING - backbone.stages.2.blocks.4.ffn.layers.0.0.weight is skipped since its requires_grad=False
2025/06/16 18:48:08 - mmengine - WARNING - backbone.stages.2.blocks.4.ffn.layers.0.0.bias is skipped since its requires_grad=False
2025/06/16 18:48:08 - mmengine - WARNING - backbone.stages.2.blocks.4.ffn.layers.1.weight is skipped since its requires_grad=False
2025/06/16 18:48:08 - mmengine - WARNING - backbone.stages.2.blocks.4.ffn.layers.1.bias is skipped since its requires_grad=False
2025/06/16 18:48:08 - mmengine - WARNING - backbone.stages.2.blocks.5.norm1.weight is skipped since its requires_grad=False
2025/06/16 18:48:08 - mmengine - WARNING - backbone.stages.2.blocks.5.norm1.bias is skipped since its requires_grad=False
2025/06/16 18:48:08 - mmengine - WARNING - backbone.stages.2.blocks.5.attn.w_msa.relative_position_bias_table is skipped since its requires_grad=False
2025/06/16 18:48:08 - mmengine - WARNING - backbone.stages.2.blocks.5.attn.w_msa.qkv.weight is skipped since its requires_grad=False
2025/06/16 18:48:08 - mmengine - WARNING - backbone.stages.2.blocks.5.attn.w_msa.qkv.bias is skipped since its requires_grad=False
2025/06/16 18:48:08 - mmengine - WARNING - backbone.stages.2.blocks.5.attn.w_msa.proj.weight is skipped since its requires_grad=False
2025/06/16 18:48:08 - mmengine - WARNING - backbone.stages.2.blocks.5.attn.w_msa.proj.bias is skipped since its requires_grad=False
2025/06/16 18:48:08 - mmengine - WARNING - backbone.stages.2.blocks.5.norm2.weight is skipped since its requires_grad=False
2025/06/16 18:48:08 - mmengine - WARNING - backbone.stages.2.blocks.5.norm2.bias is skipped since its requires_grad=False
2025/06/16 18:48:08 - mmengine - WARNING - backbone.stages.2.blocks.5.ffn.layers.0.0.weight is skipped since its requires_grad=False
2025/06/16 18:48:08 - mmengine - WARNING - backbone.stages.2.blocks.5.ffn.layers.0.0.bias is skipped since its requires_grad=False
2025/06/16 18:48:08 - mmengine - WARNING - backbone.stages.2.blocks.5.ffn.layers.1.weight is skipped since its requires_grad=False
2025/06/16 18:48:08 - mmengine - WARNING - backbone.stages.2.blocks.5.ffn.layers.1.bias is skipped since its requires_grad=False
2025/06/16 18:48:08 - mmengine - WARNING - backbone.stages.2.downsample.norm.weight is skipped since its requires_grad=False
2025/06/16 18:48:08 - mmengine - WARNING - backbone.stages.2.downsample.norm.bias is skipped since its requires_grad=False
2025/06/16 18:48:08 - mmengine - WARNING - backbone.stages.2.downsample.reduction.weight is skipped since its requires_grad=False
2025/06/16 18:48:08 - mmengine - WARNING - backbone.stages.3.blocks.0.norm1.weight is skipped since its requires_grad=False
2025/06/16 18:48:08 - mmengine - WARNING - backbone.stages.3.blocks.0.norm1.bias is skipped since its requires_grad=False
2025/06/16 18:48:08 - mmengine - WARNING - backbone.stages.3.blocks.0.attn.w_msa.relative_position_bias_table is skipped since its requires_grad=False
2025/06/16 18:48:08 - mmengine - WARNING - backbone.stages.3.blocks.0.attn.w_msa.qkv.weight is skipped since its requires_grad=False
2025/06/16 18:48:08 - mmengine - WARNING - backbone.stages.3.blocks.0.attn.w_msa.qkv.bias is skipped since its requires_grad=False
2025/06/16 18:48:08 - mmengine - WARNING - backbone.stages.3.blocks.0.attn.w_msa.proj.weight is skipped since its requires_grad=False
2025/06/16 18:48:08 - mmengine - WARNING - backbone.stages.3.blocks.0.attn.w_msa.proj.bias is skipped since its requires_grad=False
2025/06/16 18:48:08 - mmengine - WARNING - backbone.stages.3.blocks.0.norm2.weight is skipped since its requires_grad=False
2025/06/16 18:48:08 - mmengine - WARNING - backbone.stages.3.blocks.0.norm2.bias is skipped since its requires_grad=False
2025/06/16 18:48:08 - mmengine - WARNING - backbone.stages.3.blocks.0.ffn.layers.0.0.weight is skipped since its requires_grad=False
2025/06/16 18:48:08 - mmengine - WARNING - backbone.stages.3.blocks.0.ffn.layers.0.0.bias is skipped since its requires_grad=False
2025/06/16 18:48:08 - mmengine - WARNING - backbone.stages.3.blocks.0.ffn.layers.1.weight is skipped since its requires_grad=False
2025/06/16 18:48:08 - mmengine - WARNING - backbone.stages.3.blocks.0.ffn.layers.1.bias is skipped since its requires_grad=False
2025/06/16 18:48:08 - mmengine - WARNING - backbone.stages.3.blocks.1.norm1.weight is skipped since its requires_grad=False
2025/06/16 18:48:08 - mmengine - WARNING - backbone.stages.3.blocks.1.norm1.bias is skipped since its requires_grad=False
2025/06/16 18:48:08 - mmengine - WARNING - backbone.stages.3.blocks.1.attn.w_msa.relative_position_bias_table is skipped since its requires_grad=False
2025/06/16 18:48:08 - mmengine - WARNING - backbone.stages.3.blocks.1.attn.w_msa.qkv.weight is skipped since its requires_grad=False
2025/06/16 18:48:08 - mmengine - WARNING - backbone.stages.3.blocks.1.attn.w_msa.qkv.bias is skipped since its requires_grad=False
2025/06/16 18:48:08 - mmengine - WARNING - backbone.stages.3.blocks.1.attn.w_msa.proj.weight is skipped since its requires_grad=False
2025/06/16 18:48:08 - mmengine - WARNING - backbone.stages.3.blocks.1.attn.w_msa.proj.bias is skipped since its requires_grad=False
2025/06/16 18:48:08 - mmengine - WARNING - backbone.stages.3.blocks.1.norm2.weight is skipped since its requires_grad=False
2025/06/16 18:48:08 - mmengine - WARNING - backbone.stages.3.blocks.1.norm2.bias is skipped since its requires_grad=False
2025/06/16 18:48:08 - mmengine - WARNING - backbone.stages.3.blocks.1.ffn.layers.0.0.weight is skipped since its requires_grad=False
2025/06/16 18:48:08 - mmengine - WARNING - backbone.stages.3.blocks.1.ffn.layers.0.0.bias is skipped since its requires_grad=False
2025/06/16 18:48:08 - mmengine - WARNING - backbone.stages.3.blocks.1.ffn.layers.1.weight is skipped since its requires_grad=False
2025/06/16 18:48:08 - mmengine - WARNING - backbone.stages.3.blocks.1.ffn.layers.1.bias is skipped since its requires_grad=False
2025/06/16 18:48:08 - mmengine - WARNING - backbone.norm1.weight is skipped since its requires_grad=False
2025/06/16 18:48:08 - mmengine - WARNING - backbone.norm1.bias is skipped since its requires_grad=False
2025/06/16 18:48:08 - mmengine - WARNING - backbone.norm2.weight is skipped since its requires_grad=False
2025/06/16 18:48:08 - mmengine - WARNING - backbone.norm2.bias is skipped since its requires_grad=False
2025/06/16 18:48:08 - mmengine - WARNING - backbone.norm3.weight is skipped since its requires_grad=False
2025/06/16 18:48:08 - mmengine - WARNING - backbone.norm3.bias is skipped since its requires_grad=False
2025/06/16 18:48:08 - mmengine - WARNING - neck.convs.0.conv.weight is skipped since its requires_grad=False
2025/06/16 18:48:08 - mmengine - WARNING - neck.convs.0.conv.bias is skipped since its requires_grad=False
2025/06/16 18:48:08 - mmengine - WARNING - neck.convs.0.gn.weight is skipped since its requires_grad=False
2025/06/16 18:48:08 - mmengine - WARNING - neck.convs.0.gn.bias is skipped since its requires_grad=False
2025/06/16 18:48:08 - mmengine - WARNING - neck.convs.1.conv.weight is skipped since its requires_grad=False
2025/06/16 18:48:08 - mmengine - WARNING - neck.convs.1.conv.bias is skipped since its requires_grad=False
2025/06/16 18:48:08 - mmengine - WARNING - neck.convs.1.gn.weight is skipped since its requires_grad=False
2025/06/16 18:48:08 - mmengine - WARNING - neck.convs.1.gn.bias is skipped since its requires_grad=False
2025/06/16 18:48:08 - mmengine - WARNING - neck.convs.2.conv.weight is skipped since its requires_grad=False
2025/06/16 18:48:08 - mmengine - WARNING - neck.convs.2.conv.bias is skipped since its requires_grad=False
2025/06/16 18:48:08 - mmengine - WARNING - neck.convs.2.gn.weight is skipped since its requires_grad=False
2025/06/16 18:48:08 - mmengine - WARNING - neck.convs.2.gn.bias is skipped since its requires_grad=False
2025/06/16 18:48:08 - mmengine - WARNING - neck.extra_convs.0.conv.weight is skipped since its requires_grad=False
2025/06/16 18:48:08 - mmengine - WARNING - neck.extra_convs.0.conv.bias is skipped since its requires_grad=False
2025/06/16 18:48:08 - mmengine - WARNING - neck.extra_convs.0.gn.weight is skipped since its requires_grad=False
2025/06/16 18:48:08 - mmengine - WARNING - neck.extra_convs.0.gn.bias is skipped since its requires_grad=False
2025/06/16 18:48:08 - mmengine - INFO - paramwise_options -- language_model.language_backbone.body.model.embeddings.word_embeddings.weight:lr=1e-05
2025/06/16 18:48:08 - mmengine - INFO - paramwise_options -- language_model.language_backbone.body.model.embeddings.word_embeddings.weight:weight_decay=0.0001
2025/06/16 18:48:08 - mmengine - INFO - paramwise_options -- language_model.language_backbone.body.model.embeddings.word_embeddings.weight:lr_mult=0.1
2025/06/16 18:48:08 - mmengine - INFO - paramwise_options -- language_model.language_backbone.body.model.embeddings.position_embeddings.weight:lr=1e-05
2025/06/16 18:48:08 - mmengine - INFO - paramwise_options -- language_model.language_backbone.body.model.embeddings.position_embeddings.weight:weight_decay=0.0001
2025/06/16 18:48:08 - mmengine - INFO - paramwise_options -- language_model.language_backbone.body.model.embeddings.position_embeddings.weight:lr_mult=0.1
2025/06/16 18:48:08 - mmengine - INFO - paramwise_options -- language_model.language_backbone.body.model.embeddings.token_type_embeddings.weight:lr=1e-05
2025/06/16 18:48:08 - mmengine - INFO - paramwise_options -- language_model.language_backbone.body.model.embeddings.token_type_embeddings.weight:weight_decay=0.0001
2025/06/16 18:48:08 - mmengine - INFO - paramwise_options -- language_model.language_backbone.body.model.embeddings.token_type_embeddings.weight:lr_mult=0.1
2025/06/16 18:48:08 - mmengine - INFO - paramwise_options -- language_model.language_backbone.body.model.embeddings.LayerNorm.weight:lr=1e-05
2025/06/16 18:48:08 - mmengine - INFO - paramwise_options -- language_model.language_backbone.body.model.embeddings.LayerNorm.weight:weight_decay=0.0001
2025/06/16 18:48:08 - mmengine - INFO - paramwise_options -- language_model.language_backbone.body.model.embeddings.LayerNorm.weight:lr_mult=0.1
2025/06/16 18:48:08 - mmengine - INFO - paramwise_options -- language_model.language_backbone.body.model.embeddings.LayerNorm.bias:lr=1e-05
2025/06/16 18:48:08 - mmengine - INFO - paramwise_options -- language_model.language_backbone.body.model.embeddings.LayerNorm.bias:weight_decay=0.0001
2025/06/16 18:48:08 - mmengine - INFO - paramwise_options -- language_model.language_backbone.body.model.embeddings.LayerNorm.bias:lr_mult=0.1
2025/06/16 18:48:08 - mmengine - INFO - paramwise_options -- language_model.language_backbone.body.model.encoder.layer.0.attention.self.query.weight:lr=1e-05
2025/06/16 18:48:08 - mmengine - INFO - paramwise_options -- language_model.language_backbone.body.model.encoder.layer.0.attention.self.query.weight:weight_decay=0.0001
2025/06/16 18:48:08 - mmengine - INFO - paramwise_options -- language_model.language_backbone.body.model.encoder.layer.0.attention.self.query.weight:lr_mult=0.1
2025/06/16 18:48:08 - mmengine - INFO - paramwise_options -- language_model.language_backbone.body.model.encoder.layer.0.attention.self.query.bias:lr=1e-05
2025/06/16 18:48:08 - mmengine - INFO - paramwise_options -- language_model.language_backbone.body.model.encoder.layer.0.attention.self.query.bias:weight_decay=0.0001
2025/06/16 18:48:08 - mmengine - INFO - paramwise_options -- language_model.language_backbone.body.model.encoder.layer.0.attention.self.query.bias:lr_mult=0.1
2025/06/16 18:48:08 - mmengine - INFO - paramwise_options -- language_model.language_backbone.body.model.encoder.layer.0.attention.self.key.weight:lr=1e-05
2025/06/16 18:48:08 - mmengine - INFO - paramwise_options -- language_model.language_backbone.body.model.encoder.layer.0.attention.self.key.weight:weight_decay=0.0001
2025/06/16 18:48:08 - mmengine - INFO - paramwise_options -- language_model.language_backbone.body.model.encoder.layer.0.attention.self.key.weight:lr_mult=0.1
2025/06/16 18:48:08 - mmengine - INFO - paramwise_options -- language_model.language_backbone.body.model.encoder.layer.0.attention.self.key.bias:lr=1e-05
2025/06/16 18:48:08 - mmengine - INFO - paramwise_options -- language_model.language_backbone.body.model.encoder.layer.0.attention.self.key.bias:weight_decay=0.0001
2025/06/16 18:48:08 - mmengine - INFO - paramwise_options -- language_model.language_backbone.body.model.encoder.layer.0.attention.self.key.bias:lr_mult=0.1
2025/06/16 18:48:08 - mmengine - INFO - paramwise_options -- language_model.language_backbone.body.model.encoder.layer.0.attention.self.value.weight:lr=1e-05
2025/06/16 18:48:08 - mmengine - INFO - paramwise_options -- language_model.language_backbone.body.model.encoder.layer.0.attention.self.value.weight:weight_decay=0.0001
2025/06/16 18:48:08 - mmengine - INFO - paramwise_options -- language_model.language_backbone.body.model.encoder.layer.0.attention.self.value.weight:lr_mult=0.1
2025/06/16 18:48:08 - mmengine - INFO - paramwise_options -- language_model.language_backbone.body.model.encoder.layer.0.attention.self.value.bias:lr=1e-05
2025/06/16 18:48:08 - mmengine - INFO - paramwise_options -- language_model.language_backbone.body.model.encoder.layer.0.attention.self.value.bias:weight_decay=0.0001
2025/06/16 18:48:08 - mmengine - INFO - paramwise_options -- language_model.language_backbone.body.model.encoder.layer.0.attention.self.value.bias:lr_mult=0.1
2025/06/16 18:48:08 - mmengine - INFO - paramwise_options -- language_model.language_backbone.body.model.encoder.layer.0.attention.output.dense.weight:lr=1e-05
2025/06/16 18:48:08 - mmengine - INFO - paramwise_options -- language_model.language_backbone.body.model.encoder.layer.0.attention.output.dense.weight:weight_decay=0.0001
2025/06/16 18:48:08 - mmengine - INFO - paramwise_options -- language_model.language_backbone.body.model.encoder.layer.0.attention.output.dense.weight:lr_mult=0.1
2025/06/16 18:48:08 - mmengine - INFO - paramwise_options -- language_model.language_backbone.body.model.encoder.layer.0.attention.output.dense.bias:lr=1e-05
2025/06/16 18:48:08 - mmengine - INFO - paramwise_options -- language_model.language_backbone.body.model.encoder.layer.0.attention.output.dense.bias:weight_decay=0.0001
2025/06/16 18:48:08 - mmengine - INFO - paramwise_options -- language_model.language_backbone.body.model.encoder.layer.0.attention.output.dense.bias:lr_mult=0.1
2025/06/16 18:48:08 - mmengine - INFO - paramwise_options -- language_model.language_backbone.body.model.encoder.layer.0.attention.output.LayerNorm.weight:lr=1e-05
2025/06/16 18:48:08 - mmengine - INFO - paramwise_options -- language_model.language_backbone.body.model.encoder.layer.0.attention.output.LayerNorm.weight:weight_decay=0.0001
2025/06/16 18:48:08 - mmengine - INFO - paramwise_options -- language_model.language_backbone.body.model.encoder.layer.0.attention.output.LayerNorm.weight:lr_mult=0.1
2025/06/16 18:48:08 - mmengine - INFO - paramwise_options -- language_model.language_backbone.body.model.encoder.layer.0.attention.output.LayerNorm.bias:lr=1e-05
2025/06/16 18:48:08 - mmengine - INFO - paramwise_options -- language_model.language_backbone.body.model.encoder.layer.0.attention.output.LayerNorm.bias:weight_decay=0.0001
2025/06/16 18:48:08 - mmengine - INFO - paramwise_options -- language_model.language_backbone.body.model.encoder.layer.0.attention.output.LayerNorm.bias:lr_mult=0.1
2025/06/16 18:48:08 - mmengine - INFO - paramwise_options -- language_model.language_backbone.body.model.encoder.layer.0.intermediate.dense.weight:lr=1e-05
2025/06/16 18:48:08 - mmengine - INFO - paramwise_options -- language_model.language_backbone.body.model.encoder.layer.0.intermediate.dense.weight:weight_decay=0.0001
2025/06/16 18:48:08 - mmengine - INFO - paramwise_options -- language_model.language_backbone.body.model.encoder.layer.0.intermediate.dense.weight:lr_mult=0.1
2025/06/16 18:48:08 - mmengine - INFO - paramwise_options -- language_model.language_backbone.body.model.encoder.layer.0.intermediate.dense.bias:lr=1e-05
2025/06/16 18:48:08 - mmengine - INFO - paramwise_options -- language_model.language_backbone.body.model.encoder.layer.0.intermediate.dense.bias:weight_decay=0.0001
2025/06/16 18:48:08 - mmengine - INFO - paramwise_options -- language_model.language_backbone.body.model.encoder.layer.0.intermediate.dense.bias:lr_mult=0.1
2025/06/16 18:48:08 - mmengine - INFO - paramwise_options -- language_model.language_backbone.body.model.encoder.layer.0.output.dense.weight:lr=1e-05
2025/06/16 18:48:08 - mmengine - INFO - paramwise_options -- language_model.language_backbone.body.model.encoder.layer.0.output.dense.weight:weight_decay=0.0001
2025/06/16 18:48:08 - mmengine - INFO - paramwise_options -- language_model.language_backbone.body.model.encoder.layer.0.output.dense.weight:lr_mult=0.1
2025/06/16 18:48:08 - mmengine - INFO - paramwise_options -- language_model.language_backbone.body.model.encoder.layer.0.output.dense.bias:lr=1e-05
2025/06/16 18:48:08 - mmengine - INFO - paramwise_options -- language_model.language_backbone.body.model.encoder.layer.0.output.dense.bias:weight_decay=0.0001
2025/06/16 18:48:08 - mmengine - INFO - paramwise_options -- language_model.language_backbone.body.model.encoder.layer.0.output.dense.bias:lr_mult=0.1
2025/06/16 18:48:08 - mmengine - INFO - paramwise_options -- language_model.language_backbone.body.model.encoder.layer.0.output.LayerNorm.weight:lr=1e-05
2025/06/16 18:48:08 - mmengine - INFO - paramwise_options -- language_model.language_backbone.body.model.encoder.layer.0.output.LayerNorm.weight:weight_decay=0.0001
2025/06/16 18:48:08 - mmengine - INFO - paramwise_options -- language_model.language_backbone.body.model.encoder.layer.0.output.LayerNorm.weight:lr_mult=0.1
2025/06/16 18:48:08 - mmengine - INFO - paramwise_options -- language_model.language_backbone.body.model.encoder.layer.0.output.LayerNorm.bias:lr=1e-05
2025/06/16 18:48:08 - mmengine - INFO - paramwise_options -- language_model.language_backbone.body.model.encoder.layer.0.output.LayerNorm.bias:weight_decay=0.0001
2025/06/16 18:48:08 - mmengine - INFO - paramwise_options -- language_model.language_backbone.body.model.encoder.layer.0.output.LayerNorm.bias:lr_mult=0.1
2025/06/16 18:48:08 - mmengine - INFO - paramwise_options -- language_model.language_backbone.body.model.encoder.layer.1.attention.self.query.weight:lr=1e-05
2025/06/16 18:48:08 - mmengine - INFO - paramwise_options -- language_model.language_backbone.body.model.encoder.layer.1.attention.self.query.weight:weight_decay=0.0001
2025/06/16 18:48:08 - mmengine - INFO - paramwise_options -- language_model.language_backbone.body.model.encoder.layer.1.attention.self.query.weight:lr_mult=0.1
2025/06/16 18:48:08 - mmengine - INFO - paramwise_options -- language_model.language_backbone.body.model.encoder.layer.1.attention.self.query.bias:lr=1e-05
2025/06/16 18:48:08 - mmengine - INFO - paramwise_options -- language_model.language_backbone.body.model.encoder.layer.1.attention.self.query.bias:weight_decay=0.0001
2025/06/16 18:48:08 - mmengine - INFO - paramwise_options -- language_model.language_backbone.body.model.encoder.layer.1.attention.self.query.bias:lr_mult=0.1
2025/06/16 18:48:08 - mmengine - INFO - paramwise_options -- language_model.language_backbone.body.model.encoder.layer.1.attention.self.key.weight:lr=1e-05
2025/06/16 18:48:08 - mmengine - INFO - paramwise_options -- language_model.language_backbone.body.model.encoder.layer.1.attention.self.key.weight:weight_decay=0.0001
2025/06/16 18:48:08 - mmengine - INFO - paramwise_options -- language_model.language_backbone.body.model.encoder.layer.1.attention.self.key.weight:lr_mult=0.1
2025/06/16 18:48:08 - mmengine - INFO - paramwise_options -- language_model.language_backbone.body.model.encoder.layer.1.attention.self.key.bias:lr=1e-05
2025/06/16 18:48:08 - mmengine - INFO - paramwise_options -- language_model.language_backbone.body.model.encoder.layer.1.attention.self.key.bias:weight_decay=0.0001
2025/06/16 18:48:08 - mmengine - INFO - paramwise_options -- language_model.language_backbone.body.model.encoder.layer.1.attention.self.key.bias:lr_mult=0.1
2025/06/16 18:48:08 - mmengine - INFO - paramwise_options -- language_model.language_backbone.body.model.encoder.layer.1.attention.self.value.weight:lr=1e-05
2025/06/16 18:48:08 - mmengine - INFO - paramwise_options -- language_model.language_backbone.body.model.encoder.layer.1.attention.self.value.weight:weight_decay=0.0001
2025/06/16 18:48:08 - mmengine - INFO - paramwise_options -- language_model.language_backbone.body.model.encoder.layer.1.attention.self.value.weight:lr_mult=0.1
2025/06/16 18:48:08 - mmengine - INFO - paramwise_options -- language_model.language_backbone.body.model.encoder.layer.1.attention.self.value.bias:lr=1e-05
2025/06/16 18:48:08 - mmengine - INFO - paramwise_options -- language_model.language_backbone.body.model.encoder.layer.1.attention.self.value.bias:weight_decay=0.0001
2025/06/16 18:48:08 - mmengine - INFO - paramwise_options -- language_model.language_backbone.body.model.encoder.layer.1.attention.self.value.bias:lr_mult=0.1
2025/06/16 18:48:08 - mmengine - INFO - paramwise_options -- language_model.language_backbone.body.model.encoder.layer.1.attention.output.dense.weight:lr=1e-05
2025/06/16 18:48:08 - mmengine - INFO - paramwise_options -- language_model.language_backbone.body.model.encoder.layer.1.attention.output.dense.weight:weight_decay=0.0001
2025/06/16 18:48:08 - mmengine - INFO - paramwise_options -- language_model.language_backbone.body.model.encoder.layer.1.attention.output.dense.weight:lr_mult=0.1
2025/06/16 18:48:08 - mmengine - INFO - paramwise_options -- language_model.language_backbone.body.model.encoder.layer.1.attention.output.dense.bias:lr=1e-05
2025/06/16 18:48:08 - mmengine - INFO - paramwise_options -- language_model.language_backbone.body.model.encoder.layer.1.attention.output.dense.bias:weight_decay=0.0001
2025/06/16 18:48:08 - mmengine - INFO - paramwise_options -- language_model.language_backbone.body.model.encoder.layer.1.attention.output.dense.bias:lr_mult=0.1
2025/06/16 18:48:08 - mmengine - INFO - paramwise_options -- language_model.language_backbone.body.model.encoder.layer.1.attention.output.LayerNorm.weight:lr=1e-05
2025/06/16 18:48:08 - mmengine - INFO - paramwise_options -- language_model.language_backbone.body.model.encoder.layer.1.attention.output.LayerNorm.weight:weight_decay=0.0001
2025/06/16 18:48:08 - mmengine - INFO - paramwise_options -- language_model.language_backbone.body.model.encoder.layer.1.attention.output.LayerNorm.weight:lr_mult=0.1
2025/06/16 18:48:08 - mmengine - INFO - paramwise_options -- language_model.language_backbone.body.model.encoder.layer.1.attention.output.LayerNorm.bias:lr=1e-05
2025/06/16 18:48:08 - mmengine - INFO - paramwise_options -- language_model.language_backbone.body.model.encoder.layer.1.attention.output.LayerNorm.bias:weight_decay=0.0001
2025/06/16 18:48:08 - mmengine - INFO - paramwise_options -- language_model.language_backbone.body.model.encoder.layer.1.attention.output.LayerNorm.bias:lr_mult=0.1
2025/06/16 18:48:08 - mmengine - INFO - paramwise_options -- language_model.language_backbone.body.model.encoder.layer.1.intermediate.dense.weight:lr=1e-05
2025/06/16 18:48:08 - mmengine - INFO - paramwise_options -- language_model.language_backbone.body.model.encoder.layer.1.intermediate.dense.weight:weight_decay=0.0001
2025/06/16 18:48:08 - mmengine - INFO - paramwise_options -- language_model.language_backbone.body.model.encoder.layer.1.intermediate.dense.weight:lr_mult=0.1
2025/06/16 18:48:08 - mmengine - INFO - paramwise_options -- language_model.language_backbone.body.model.encoder.layer.1.intermediate.dense.bias:lr=1e-05
2025/06/16 18:48:08 - mmengine - INFO - paramwise_options -- language_model.language_backbone.body.model.encoder.layer.1.intermediate.dense.bias:weight_decay=0.0001
2025/06/16 18:48:08 - mmengine - INFO - paramwise_options -- language_model.language_backbone.body.model.encoder.layer.1.intermediate.dense.bias:lr_mult=0.1
2025/06/16 18:48:08 - mmengine - INFO - paramwise_options -- language_model.language_backbone.body.model.encoder.layer.1.output.dense.weight:lr=1e-05
2025/06/16 18:48:08 - mmengine - INFO - paramwise_options -- language_model.language_backbone.body.model.encoder.layer.1.output.dense.weight:weight_decay=0.0001
2025/06/16 18:48:08 - mmengine - INFO - paramwise_options -- language_model.language_backbone.body.model.encoder.layer.1.output.dense.weight:lr_mult=0.1
2025/06/16 18:48:08 - mmengine - INFO - paramwise_options -- language_model.language_backbone.body.model.encoder.layer.1.output.dense.bias:lr=1e-05
2025/06/16 18:48:08 - mmengine - INFO - paramwise_options -- language_model.language_backbone.body.model.encoder.layer.1.output.dense.bias:weight_decay=0.0001
2025/06/16 18:48:08 - mmengine - INFO - paramwise_options -- language_model.language_backbone.body.model.encoder.layer.1.output.dense.bias:lr_mult=0.1
2025/06/16 18:48:08 - mmengine - INFO - paramwise_options -- language_model.language_backbone.body.model.encoder.layer.1.output.LayerNorm.weight:lr=1e-05
2025/06/16 18:48:08 - mmengine - INFO - paramwise_options -- language_model.language_backbone.body.model.encoder.layer.1.output.LayerNorm.weight:weight_decay=0.0001
2025/06/16 18:48:08 - mmengine - INFO - paramwise_options -- language_model.language_backbone.body.model.encoder.layer.1.output.LayerNorm.weight:lr_mult=0.1
2025/06/16 18:48:08 - mmengine - INFO - paramwise_options -- language_model.language_backbone.body.model.encoder.layer.1.output.LayerNorm.bias:lr=1e-05
2025/06/16 18:48:08 - mmengine - INFO - paramwise_options -- language_model.language_backbone.body.model.encoder.layer.1.output.LayerNorm.bias:weight_decay=0.0001
2025/06/16 18:48:08 - mmengine - INFO - paramwise_options -- language_model.language_backbone.body.model.encoder.layer.1.output.LayerNorm.bias:lr_mult=0.1
2025/06/16 18:48:08 - mmengine - INFO - paramwise_options -- language_model.language_backbone.body.model.encoder.layer.2.attention.self.query.weight:lr=1e-05
2025/06/16 18:48:08 - mmengine - INFO - paramwise_options -- language_model.language_backbone.body.model.encoder.layer.2.attention.self.query.weight:weight_decay=0.0001
2025/06/16 18:48:08 - mmengine - INFO - paramwise_options -- language_model.language_backbone.body.model.encoder.layer.2.attention.self.query.weight:lr_mult=0.1
2025/06/16 18:48:08 - mmengine - INFO - paramwise_options -- language_model.language_backbone.body.model.encoder.layer.2.attention.self.query.bias:lr=1e-05
2025/06/16 18:48:08 - mmengine - INFO - paramwise_options -- language_model.language_backbone.body.model.encoder.layer.2.attention.self.query.bias:weight_decay=0.0001
2025/06/16 18:48:08 - mmengine - INFO - paramwise_options -- language_model.language_backbone.body.model.encoder.layer.2.attention.self.query.bias:lr_mult=0.1
2025/06/16 18:48:08 - mmengine - INFO - paramwise_options -- language_model.language_backbone.body.model.encoder.layer.2.attention.self.key.weight:lr=1e-05
2025/06/16 18:48:08 - mmengine - INFO - paramwise_options -- language_model.language_backbone.body.model.encoder.layer.2.attention.self.key.weight:weight_decay=0.0001
2025/06/16 18:48:08 - mmengine - INFO - paramwise_options -- language_model.language_backbone.body.model.encoder.layer.2.attention.self.key.weight:lr_mult=0.1
2025/06/16 18:48:08 - mmengine - INFO - paramwise_options -- language_model.language_backbone.body.model.encoder.layer.2.attention.self.key.bias:lr=1e-05
2025/06/16 18:48:08 - mmengine - INFO - paramwise_options -- language_model.language_backbone.body.model.encoder.layer.2.attention.self.key.bias:weight_decay=0.0001
2025/06/16 18:48:08 - mmengine - INFO - paramwise_options -- language_model.language_backbone.body.model.encoder.layer.2.attention.self.key.bias:lr_mult=0.1
2025/06/16 18:48:08 - mmengine - INFO - paramwise_options -- language_model.language_backbone.body.model.encoder.layer.2.attention.self.value.weight:lr=1e-05
2025/06/16 18:48:08 - mmengine - INFO - paramwise_options -- language_model.language_backbone.body.model.encoder.layer.2.attention.self.value.weight:weight_decay=0.0001
2025/06/16 18:48:08 - mmengine - INFO - paramwise_options -- language_model.language_backbone.body.model.encoder.layer.2.attention.self.value.weight:lr_mult=0.1
2025/06/16 18:48:08 - mmengine - INFO - paramwise_options -- language_model.language_backbone.body.model.encoder.layer.2.attention.self.value.bias:lr=1e-05
2025/06/16 18:48:08 - mmengine - INFO - paramwise_options -- language_model.language_backbone.body.model.encoder.layer.2.attention.self.value.bias:weight_decay=0.0001
2025/06/16 18:48:08 - mmengine - INFO - paramwise_options -- language_model.language_backbone.body.model.encoder.layer.2.attention.self.value.bias:lr_mult=0.1
2025/06/16 18:48:08 - mmengine - INFO - paramwise_options -- language_model.language_backbone.body.model.encoder.layer.2.attention.output.dense.weight:lr=1e-05
2025/06/16 18:48:08 - mmengine - INFO - paramwise_options -- language_model.language_backbone.body.model.encoder.layer.2.attention.output.dense.weight:weight_decay=0.0001
2025/06/16 18:48:08 - mmengine - INFO - paramwise_options -- language_model.language_backbone.body.model.encoder.layer.2.attention.output.dense.weight:lr_mult=0.1
2025/06/16 18:48:08 - mmengine - INFO - paramwise_options -- language_model.language_backbone.body.model.encoder.layer.2.attention.output.dense.bias:lr=1e-05
2025/06/16 18:48:08 - mmengine - INFO - paramwise_options -- language_model.language_backbone.body.model.encoder.layer.2.attention.output.dense.bias:weight_decay=0.0001
2025/06/16 18:48:08 - mmengine - INFO - paramwise_options -- language_model.language_backbone.body.model.encoder.layer.2.attention.output.dense.bias:lr_mult=0.1
2025/06/16 18:48:08 - mmengine - INFO - paramwise_options -- language_model.language_backbone.body.model.encoder.layer.2.attention.output.LayerNorm.weight:lr=1e-05
2025/06/16 18:48:08 - mmengine - INFO - paramwise_options -- language_model.language_backbone.body.model.encoder.layer.2.attention.output.LayerNorm.weight:weight_decay=0.0001
2025/06/16 18:48:08 - mmengine - INFO - paramwise_options -- language_model.language_backbone.body.model.encoder.layer.2.attention.output.LayerNorm.weight:lr_mult=0.1
2025/06/16 18:48:08 - mmengine - INFO - paramwise_options -- language_model.language_backbone.body.model.encoder.layer.2.attention.output.LayerNorm.bias:lr=1e-05
2025/06/16 18:48:08 - mmengine - INFO - paramwise_options -- language_model.language_backbone.body.model.encoder.layer.2.attention.output.LayerNorm.bias:weight_decay=0.0001
2025/06/16 18:48:08 - mmengine - INFO - paramwise_options -- language_model.language_backbone.body.model.encoder.layer.2.attention.output.LayerNorm.bias:lr_mult=0.1
2025/06/16 18:48:08 - mmengine - INFO - paramwise_options -- language_model.language_backbone.body.model.encoder.layer.2.intermediate.dense.weight:lr=1e-05
2025/06/16 18:48:08 - mmengine - INFO - paramwise_options -- language_model.language_backbone.body.model.encoder.layer.2.intermediate.dense.weight:weight_decay=0.0001
2025/06/16 18:48:08 - mmengine - INFO - paramwise_options -- language_model.language_backbone.body.model.encoder.layer.2.intermediate.dense.weight:lr_mult=0.1
2025/06/16 18:48:08 - mmengine - INFO - paramwise_options -- language_model.language_backbone.body.model.encoder.layer.2.intermediate.dense.bias:lr=1e-05
2025/06/16 18:48:08 - mmengine - INFO - paramwise_options -- language_model.language_backbone.body.model.encoder.layer.2.intermediate.dense.bias:weight_decay=0.0001
2025/06/16 18:48:08 - mmengine - INFO - paramwise_options -- language_model.language_backbone.body.model.encoder.layer.2.intermediate.dense.bias:lr_mult=0.1
2025/06/16 18:48:08 - mmengine - INFO - paramwise_options -- language_model.language_backbone.body.model.encoder.layer.2.output.dense.weight:lr=1e-05
2025/06/16 18:48:08 - mmengine - INFO - paramwise_options -- language_model.language_backbone.body.model.encoder.layer.2.output.dense.weight:weight_decay=0.0001
2025/06/16 18:48:08 - mmengine - INFO - paramwise_options -- language_model.language_backbone.body.model.encoder.layer.2.output.dense.weight:lr_mult=0.1
2025/06/16 18:48:08 - mmengine - INFO - paramwise_options -- language_model.language_backbone.body.model.encoder.layer.2.output.dense.bias:lr=1e-05
2025/06/16 18:48:08 - mmengine - INFO - paramwise_options -- language_model.language_backbone.body.model.encoder.layer.2.output.dense.bias:weight_decay=0.0001
2025/06/16 18:48:08 - mmengine - INFO - paramwise_options -- language_model.language_backbone.body.model.encoder.layer.2.output.dense.bias:lr_mult=0.1
2025/06/16 18:48:08 - mmengine - INFO - paramwise_options -- language_model.language_backbone.body.model.encoder.layer.2.output.LayerNorm.weight:lr=1e-05
2025/06/16 18:48:08 - mmengine - INFO - paramwise_options -- language_model.language_backbone.body.model.encoder.layer.2.output.LayerNorm.weight:weight_decay=0.0001
2025/06/16 18:48:08 - mmengine - INFO - paramwise_options -- language_model.language_backbone.body.model.encoder.layer.2.output.LayerNorm.weight:lr_mult=0.1
2025/06/16 18:48:08 - mmengine - INFO - paramwise_options -- language_model.language_backbone.body.model.encoder.layer.2.output.LayerNorm.bias:lr=1e-05
2025/06/16 18:48:08 - mmengine - INFO - paramwise_options -- language_model.language_backbone.body.model.encoder.layer.2.output.LayerNorm.bias:weight_decay=0.0001
2025/06/16 18:48:08 - mmengine - INFO - paramwise_options -- language_model.language_backbone.body.model.encoder.layer.2.output.LayerNorm.bias:lr_mult=0.1
2025/06/16 18:48:08 - mmengine - INFO - paramwise_options -- language_model.language_backbone.body.model.encoder.layer.3.attention.self.query.weight:lr=1e-05
2025/06/16 18:48:08 - mmengine - INFO - paramwise_options -- language_model.language_backbone.body.model.encoder.layer.3.attention.self.query.weight:weight_decay=0.0001
2025/06/16 18:48:08 - mmengine - INFO - paramwise_options -- language_model.language_backbone.body.model.encoder.layer.3.attention.self.query.weight:lr_mult=0.1
2025/06/16 18:48:08 - mmengine - INFO - paramwise_options -- language_model.language_backbone.body.model.encoder.layer.3.attention.self.query.bias:lr=1e-05
2025/06/16 18:48:08 - mmengine - INFO - paramwise_options -- language_model.language_backbone.body.model.encoder.layer.3.attention.self.query.bias:weight_decay=0.0001
2025/06/16 18:48:08 - mmengine - INFO - paramwise_options -- language_model.language_backbone.body.model.encoder.layer.3.attention.self.query.bias:lr_mult=0.1
2025/06/16 18:48:08 - mmengine - INFO - paramwise_options -- language_model.language_backbone.body.model.encoder.layer.3.attention.self.key.weight:lr=1e-05
2025/06/16 18:48:08 - mmengine - INFO - paramwise_options -- language_model.language_backbone.body.model.encoder.layer.3.attention.self.key.weight:weight_decay=0.0001
2025/06/16 18:48:08 - mmengine - INFO - paramwise_options -- language_model.language_backbone.body.model.encoder.layer.3.attention.self.key.weight:lr_mult=0.1
2025/06/16 18:48:08 - mmengine - INFO - paramwise_options -- language_model.language_backbone.body.model.encoder.layer.3.attention.self.key.bias:lr=1e-05
2025/06/16 18:48:08 - mmengine - INFO - paramwise_options -- language_model.language_backbone.body.model.encoder.layer.3.attention.self.key.bias:weight_decay=0.0001
2025/06/16 18:48:08 - mmengine - INFO - paramwise_options -- language_model.language_backbone.body.model.encoder.layer.3.attention.self.key.bias:lr_mult=0.1
2025/06/16 18:48:08 - mmengine - INFO - paramwise_options -- language_model.language_backbone.body.model.encoder.layer.3.attention.self.value.weight:lr=1e-05
2025/06/16 18:48:08 - mmengine - INFO - paramwise_options -- language_model.language_backbone.body.model.encoder.layer.3.attention.self.value.weight:weight_decay=0.0001
2025/06/16 18:48:08 - mmengine - INFO - paramwise_options -- language_model.language_backbone.body.model.encoder.layer.3.attention.self.value.weight:lr_mult=0.1
2025/06/16 18:48:08 - mmengine - INFO - paramwise_options -- language_model.language_backbone.body.model.encoder.layer.3.attention.self.value.bias:lr=1e-05
2025/06/16 18:48:08 - mmengine - INFO - paramwise_options -- language_model.language_backbone.body.model.encoder.layer.3.attention.self.value.bias:weight_decay=0.0001
2025/06/16 18:48:08 - mmengine - INFO - paramwise_options -- language_model.language_backbone.body.model.encoder.layer.3.attention.self.value.bias:lr_mult=0.1
2025/06/16 18:48:08 - mmengine - INFO - paramwise_options -- language_model.language_backbone.body.model.encoder.layer.3.attention.output.dense.weight:lr=1e-05
2025/06/16 18:48:08 - mmengine - INFO - paramwise_options -- language_model.language_backbone.body.model.encoder.layer.3.attention.output.dense.weight:weight_decay=0.0001
2025/06/16 18:48:08 - mmengine - INFO - paramwise_options -- language_model.language_backbone.body.model.encoder.layer.3.attention.output.dense.weight:lr_mult=0.1
2025/06/16 18:48:08 - mmengine - INFO - paramwise_options -- language_model.language_backbone.body.model.encoder.layer.3.attention.output.dense.bias:lr=1e-05
2025/06/16 18:48:08 - mmengine - INFO - paramwise_options -- language_model.language_backbone.body.model.encoder.layer.3.attention.output.dense.bias:weight_decay=0.0001
2025/06/16 18:48:08 - mmengine - INFO - paramwise_options -- language_model.language_backbone.body.model.encoder.layer.3.attention.output.dense.bias:lr_mult=0.1
2025/06/16 18:48:08 - mmengine - INFO - paramwise_options -- language_model.language_backbone.body.model.encoder.layer.3.attention.output.LayerNorm.weight:lr=1e-05
2025/06/16 18:48:08 - mmengine - INFO - paramwise_options -- language_model.language_backbone.body.model.encoder.layer.3.attention.output.LayerNorm.weight:weight_decay=0.0001
2025/06/16 18:48:08 - mmengine - INFO - paramwise_options -- language_model.language_backbone.body.model.encoder.layer.3.attention.output.LayerNorm.weight:lr_mult=0.1
2025/06/16 18:48:08 - mmengine - INFO - paramwise_options -- language_model.language_backbone.body.model.encoder.layer.3.attention.output.LayerNorm.bias:lr=1e-05
2025/06/16 18:48:08 - mmengine - INFO - paramwise_options -- language_model.language_backbone.body.model.encoder.layer.3.attention.output.LayerNorm.bias:weight_decay=0.0001
2025/06/16 18:48:08 - mmengine - INFO - paramwise_options -- language_model.language_backbone.body.model.encoder.layer.3.attention.output.LayerNorm.bias:lr_mult=0.1
2025/06/16 18:48:08 - mmengine - INFO - paramwise_options -- language_model.language_backbone.body.model.encoder.layer.3.intermediate.dense.weight:lr=1e-05
2025/06/16 18:48:08 - mmengine - INFO - paramwise_options -- language_model.language_backbone.body.model.encoder.layer.3.intermediate.dense.weight:weight_decay=0.0001
2025/06/16 18:48:08 - mmengine - INFO - paramwise_options -- language_model.language_backbone.body.model.encoder.layer.3.intermediate.dense.weight:lr_mult=0.1
2025/06/16 18:48:08 - mmengine - INFO - paramwise_options -- language_model.language_backbone.body.model.encoder.layer.3.intermediate.dense.bias:lr=1e-05
2025/06/16 18:48:08 - mmengine - INFO - paramwise_options -- language_model.language_backbone.body.model.encoder.layer.3.intermediate.dense.bias:weight_decay=0.0001
2025/06/16 18:48:08 - mmengine - INFO - paramwise_options -- language_model.language_backbone.body.model.encoder.layer.3.intermediate.dense.bias:lr_mult=0.1
2025/06/16 18:48:08 - mmengine - INFO - paramwise_options -- language_model.language_backbone.body.model.encoder.layer.3.output.dense.weight:lr=1e-05
2025/06/16 18:48:08 - mmengine - INFO - paramwise_options -- language_model.language_backbone.body.model.encoder.layer.3.output.dense.weight:weight_decay=0.0001
2025/06/16 18:48:08 - mmengine - INFO - paramwise_options -- language_model.language_backbone.body.model.encoder.layer.3.output.dense.weight:lr_mult=0.1
2025/06/16 18:48:08 - mmengine - INFO - paramwise_options -- language_model.language_backbone.body.model.encoder.layer.3.output.dense.bias:lr=1e-05
2025/06/16 18:48:08 - mmengine - INFO - paramwise_options -- language_model.language_backbone.body.model.encoder.layer.3.output.dense.bias:weight_decay=0.0001
2025/06/16 18:48:08 - mmengine - INFO - paramwise_options -- language_model.language_backbone.body.model.encoder.layer.3.output.dense.bias:lr_mult=0.1
2025/06/16 18:48:08 - mmengine - INFO - paramwise_options -- language_model.language_backbone.body.model.encoder.layer.3.output.LayerNorm.weight:lr=1e-05
2025/06/16 18:48:08 - mmengine - INFO - paramwise_options -- language_model.language_backbone.body.model.encoder.layer.3.output.LayerNorm.weight:weight_decay=0.0001
2025/06/16 18:48:08 - mmengine - INFO - paramwise_options -- language_model.language_backbone.body.model.encoder.layer.3.output.LayerNorm.weight:lr_mult=0.1
2025/06/16 18:48:08 - mmengine - INFO - paramwise_options -- language_model.language_backbone.body.model.encoder.layer.3.output.LayerNorm.bias:lr=1e-05
2025/06/16 18:48:08 - mmengine - INFO - paramwise_options -- language_model.language_backbone.body.model.encoder.layer.3.output.LayerNorm.bias:weight_decay=0.0001
2025/06/16 18:48:08 - mmengine - INFO - paramwise_options -- language_model.language_backbone.body.model.encoder.layer.3.output.LayerNorm.bias:lr_mult=0.1
2025/06/16 18:48:08 - mmengine - INFO - paramwise_options -- language_model.language_backbone.body.model.encoder.layer.4.attention.self.query.weight:lr=1e-05
2025/06/16 18:48:08 - mmengine - INFO - paramwise_options -- language_model.language_backbone.body.model.encoder.layer.4.attention.self.query.weight:weight_decay=0.0001
2025/06/16 18:48:08 - mmengine - INFO - paramwise_options -- language_model.language_backbone.body.model.encoder.layer.4.attention.self.query.weight:lr_mult=0.1
2025/06/16 18:48:08 - mmengine - INFO - paramwise_options -- language_model.language_backbone.body.model.encoder.layer.4.attention.self.query.bias:lr=1e-05
2025/06/16 18:48:08 - mmengine - INFO - paramwise_options -- language_model.language_backbone.body.model.encoder.layer.4.attention.self.query.bias:weight_decay=0.0001
2025/06/16 18:48:08 - mmengine - INFO - paramwise_options -- language_model.language_backbone.body.model.encoder.layer.4.attention.self.query.bias:lr_mult=0.1
2025/06/16 18:48:08 - mmengine - INFO - paramwise_options -- language_model.language_backbone.body.model.encoder.layer.4.attention.self.key.weight:lr=1e-05
2025/06/16 18:48:08 - mmengine - INFO - paramwise_options -- language_model.language_backbone.body.model.encoder.layer.4.attention.self.key.weight:weight_decay=0.0001
2025/06/16 18:48:08 - mmengine - INFO - paramwise_options -- language_model.language_backbone.body.model.encoder.layer.4.attention.self.key.weight:lr_mult=0.1
2025/06/16 18:48:08 - mmengine - INFO - paramwise_options -- language_model.language_backbone.body.model.encoder.layer.4.attention.self.key.bias:lr=1e-05
2025/06/16 18:48:08 - mmengine - INFO - paramwise_options -- language_model.language_backbone.body.model.encoder.layer.4.attention.self.key.bias:weight_decay=0.0001
2025/06/16 18:48:08 - mmengine - INFO - paramwise_options -- language_model.language_backbone.body.model.encoder.layer.4.attention.self.key.bias:lr_mult=0.1
2025/06/16 18:48:08 - mmengine - INFO - paramwise_options -- language_model.language_backbone.body.model.encoder.layer.4.attention.self.value.weight:lr=1e-05
2025/06/16 18:48:08 - mmengine - INFO - paramwise_options -- language_model.language_backbone.body.model.encoder.layer.4.attention.self.value.weight:weight_decay=0.0001
2025/06/16 18:48:08 - mmengine - INFO - paramwise_options -- language_model.language_backbone.body.model.encoder.layer.4.attention.self.value.weight:lr_mult=0.1
2025/06/16 18:48:08 - mmengine - INFO - paramwise_options -- language_model.language_backbone.body.model.encoder.layer.4.attention.self.value.bias:lr=1e-05
2025/06/16 18:48:08 - mmengine - INFO - paramwise_options -- language_model.language_backbone.body.model.encoder.layer.4.attention.self.value.bias:weight_decay=0.0001
2025/06/16 18:48:08 - mmengine - INFO - paramwise_options -- language_model.language_backbone.body.model.encoder.layer.4.attention.self.value.bias:lr_mult=0.1
2025/06/16 18:48:08 - mmengine - INFO - paramwise_options -- language_model.language_backbone.body.model.encoder.layer.4.attention.output.dense.weight:lr=1e-05
2025/06/16 18:48:08 - mmengine - INFO - paramwise_options -- language_model.language_backbone.body.model.encoder.layer.4.attention.output.dense.weight:weight_decay=0.0001
2025/06/16 18:48:08 - mmengine - INFO - paramwise_options -- language_model.language_backbone.body.model.encoder.layer.4.attention.output.dense.weight:lr_mult=0.1
2025/06/16 18:48:08 - mmengine - INFO - paramwise_options -- language_model.language_backbone.body.model.encoder.layer.4.attention.output.dense.bias:lr=1e-05
2025/06/16 18:48:08 - mmengine - INFO - paramwise_options -- language_model.language_backbone.body.model.encoder.layer.4.attention.output.dense.bias:weight_decay=0.0001
2025/06/16 18:48:08 - mmengine - INFO - paramwise_options -- language_model.language_backbone.body.model.encoder.layer.4.attention.output.dense.bias:lr_mult=0.1
2025/06/16 18:48:08 - mmengine - INFO - paramwise_options -- language_model.language_backbone.body.model.encoder.layer.4.attention.output.LayerNorm.weight:lr=1e-05
2025/06/16 18:48:08 - mmengine - INFO - paramwise_options -- language_model.language_backbone.body.model.encoder.layer.4.attention.output.LayerNorm.weight:weight_decay=0.0001
2025/06/16 18:48:08 - mmengine - INFO - paramwise_options -- language_model.language_backbone.body.model.encoder.layer.4.attention.output.LayerNorm.weight:lr_mult=0.1
2025/06/16 18:48:08 - mmengine - INFO - paramwise_options -- language_model.language_backbone.body.model.encoder.layer.4.attention.output.LayerNorm.bias:lr=1e-05
2025/06/16 18:48:08 - mmengine - INFO - paramwise_options -- language_model.language_backbone.body.model.encoder.layer.4.attention.output.LayerNorm.bias:weight_decay=0.0001
2025/06/16 18:48:08 - mmengine - INFO - paramwise_options -- language_model.language_backbone.body.model.encoder.layer.4.attention.output.LayerNorm.bias:lr_mult=0.1
2025/06/16 18:48:08 - mmengine - INFO - paramwise_options -- language_model.language_backbone.body.model.encoder.layer.4.intermediate.dense.weight:lr=1e-05
2025/06/16 18:48:08 - mmengine - INFO - paramwise_options -- language_model.language_backbone.body.model.encoder.layer.4.intermediate.dense.weight:weight_decay=0.0001
2025/06/16 18:48:08 - mmengine - INFO - paramwise_options -- language_model.language_backbone.body.model.encoder.layer.4.intermediate.dense.weight:lr_mult=0.1
2025/06/16 18:48:08 - mmengine - INFO - paramwise_options -- language_model.language_backbone.body.model.encoder.layer.4.intermediate.dense.bias:lr=1e-05
2025/06/16 18:48:08 - mmengine - INFO - paramwise_options -- language_model.language_backbone.body.model.encoder.layer.4.intermediate.dense.bias:weight_decay=0.0001
2025/06/16 18:48:08 - mmengine - INFO - paramwise_options -- language_model.language_backbone.body.model.encoder.layer.4.intermediate.dense.bias:lr_mult=0.1
2025/06/16 18:48:08 - mmengine - INFO - paramwise_options -- language_model.language_backbone.body.model.encoder.layer.4.output.dense.weight:lr=1e-05
2025/06/16 18:48:08 - mmengine - INFO - paramwise_options -- language_model.language_backbone.body.model.encoder.layer.4.output.dense.weight:weight_decay=0.0001
2025/06/16 18:48:08 - mmengine - INFO - paramwise_options -- language_model.language_backbone.body.model.encoder.layer.4.output.dense.weight:lr_mult=0.1
2025/06/16 18:48:08 - mmengine - INFO - paramwise_options -- language_model.language_backbone.body.model.encoder.layer.4.output.dense.bias:lr=1e-05
2025/06/16 18:48:08 - mmengine - INFO - paramwise_options -- language_model.language_backbone.body.model.encoder.layer.4.output.dense.bias:weight_decay=0.0001
2025/06/16 18:48:08 - mmengine - INFO - paramwise_options -- language_model.language_backbone.body.model.encoder.layer.4.output.dense.bias:lr_mult=0.1
2025/06/16 18:48:08 - mmengine - INFO - paramwise_options -- language_model.language_backbone.body.model.encoder.layer.4.output.LayerNorm.weight:lr=1e-05
2025/06/16 18:48:08 - mmengine - INFO - paramwise_options -- language_model.language_backbone.body.model.encoder.layer.4.output.LayerNorm.weight:weight_decay=0.0001
2025/06/16 18:48:08 - mmengine - INFO - paramwise_options -- language_model.language_backbone.body.model.encoder.layer.4.output.LayerNorm.weight:lr_mult=0.1
2025/06/16 18:48:08 - mmengine - INFO - paramwise_options -- language_model.language_backbone.body.model.encoder.layer.4.output.LayerNorm.bias:lr=1e-05
2025/06/16 18:48:08 - mmengine - INFO - paramwise_options -- language_model.language_backbone.body.model.encoder.layer.4.output.LayerNorm.bias:weight_decay=0.0001
2025/06/16 18:48:08 - mmengine - INFO - paramwise_options -- language_model.language_backbone.body.model.encoder.layer.4.output.LayerNorm.bias:lr_mult=0.1
2025/06/16 18:48:08 - mmengine - INFO - paramwise_options -- language_model.language_backbone.body.model.encoder.layer.5.attention.self.query.weight:lr=1e-05
2025/06/16 18:48:08 - mmengine - INFO - paramwise_options -- language_model.language_backbone.body.model.encoder.layer.5.attention.self.query.weight:weight_decay=0.0001
2025/06/16 18:48:08 - mmengine - INFO - paramwise_options -- language_model.language_backbone.body.model.encoder.layer.5.attention.self.query.weight:lr_mult=0.1
2025/06/16 18:48:08 - mmengine - INFO - paramwise_options -- language_model.language_backbone.body.model.encoder.layer.5.attention.self.query.bias:lr=1e-05
2025/06/16 18:48:08 - mmengine - INFO - paramwise_options -- language_model.language_backbone.body.model.encoder.layer.5.attention.self.query.bias:weight_decay=0.0001
2025/06/16 18:48:08 - mmengine - INFO - paramwise_options -- language_model.language_backbone.body.model.encoder.layer.5.attention.self.query.bias:lr_mult=0.1
2025/06/16 18:48:08 - mmengine - INFO - paramwise_options -- language_model.language_backbone.body.model.encoder.layer.5.attention.self.key.weight:lr=1e-05
2025/06/16 18:48:08 - mmengine - INFO - paramwise_options -- language_model.language_backbone.body.model.encoder.layer.5.attention.self.key.weight:weight_decay=0.0001
2025/06/16 18:48:08 - mmengine - INFO - paramwise_options -- language_model.language_backbone.body.model.encoder.layer.5.attention.self.key.weight:lr_mult=0.1
2025/06/16 18:48:08 - mmengine - INFO - paramwise_options -- language_model.language_backbone.body.model.encoder.layer.5.attention.self.key.bias:lr=1e-05
2025/06/16 18:48:08 - mmengine - INFO - paramwise_options -- language_model.language_backbone.body.model.encoder.layer.5.attention.self.key.bias:weight_decay=0.0001
2025/06/16 18:48:08 - mmengine - INFO - paramwise_options -- language_model.language_backbone.body.model.encoder.layer.5.attention.self.key.bias:lr_mult=0.1
2025/06/16 18:48:08 - mmengine - INFO - paramwise_options -- language_model.language_backbone.body.model.encoder.layer.5.attention.self.value.weight:lr=1e-05
2025/06/16 18:48:08 - mmengine - INFO - paramwise_options -- language_model.language_backbone.body.model.encoder.layer.5.attention.self.value.weight:weight_decay=0.0001
2025/06/16 18:48:08 - mmengine - INFO - paramwise_options -- language_model.language_backbone.body.model.encoder.layer.5.attention.self.value.weight:lr_mult=0.1
2025/06/16 18:48:08 - mmengine - INFO - paramwise_options -- language_model.language_backbone.body.model.encoder.layer.5.attention.self.value.bias:lr=1e-05
2025/06/16 18:48:08 - mmengine - INFO - paramwise_options -- language_model.language_backbone.body.model.encoder.layer.5.attention.self.value.bias:weight_decay=0.0001
2025/06/16 18:48:08 - mmengine - INFO - paramwise_options -- language_model.language_backbone.body.model.encoder.layer.5.attention.self.value.bias:lr_mult=0.1
2025/06/16 18:48:08 - mmengine - INFO - paramwise_options -- language_model.language_backbone.body.model.encoder.layer.5.attention.output.dense.weight:lr=1e-05
2025/06/16 18:48:08 - mmengine - INFO - paramwise_options -- language_model.language_backbone.body.model.encoder.layer.5.attention.output.dense.weight:weight_decay=0.0001
2025/06/16 18:48:08 - mmengine - INFO - paramwise_options -- language_model.language_backbone.body.model.encoder.layer.5.attention.output.dense.weight:lr_mult=0.1
2025/06/16 18:48:08 - mmengine - INFO - paramwise_options -- language_model.language_backbone.body.model.encoder.layer.5.attention.output.dense.bias:lr=1e-05
2025/06/16 18:48:08 - mmengine - INFO - paramwise_options -- language_model.language_backbone.body.model.encoder.layer.5.attention.output.dense.bias:weight_decay=0.0001
2025/06/16 18:48:08 - mmengine - INFO - paramwise_options -- language_model.language_backbone.body.model.encoder.layer.5.attention.output.dense.bias:lr_mult=0.1
2025/06/16 18:48:08 - mmengine - INFO - paramwise_options -- language_model.language_backbone.body.model.encoder.layer.5.attention.output.LayerNorm.weight:lr=1e-05
2025/06/16 18:48:08 - mmengine - INFO - paramwise_options -- language_model.language_backbone.body.model.encoder.layer.5.attention.output.LayerNorm.weight:weight_decay=0.0001
2025/06/16 18:48:08 - mmengine - INFO - paramwise_options -- language_model.language_backbone.body.model.encoder.layer.5.attention.output.LayerNorm.weight:lr_mult=0.1
2025/06/16 18:48:08 - mmengine - INFO - paramwise_options -- language_model.language_backbone.body.model.encoder.layer.5.attention.output.LayerNorm.bias:lr=1e-05
2025/06/16 18:48:08 - mmengine - INFO - paramwise_options -- language_model.language_backbone.body.model.encoder.layer.5.attention.output.LayerNorm.bias:weight_decay=0.0001
2025/06/16 18:48:08 - mmengine - INFO - paramwise_options -- language_model.language_backbone.body.model.encoder.layer.5.attention.output.LayerNorm.bias:lr_mult=0.1
2025/06/16 18:48:08 - mmengine - INFO - paramwise_options -- language_model.language_backbone.body.model.encoder.layer.5.intermediate.dense.weight:lr=1e-05
2025/06/16 18:48:08 - mmengine - INFO - paramwise_options -- language_model.language_backbone.body.model.encoder.layer.5.intermediate.dense.weight:weight_decay=0.0001
2025/06/16 18:48:08 - mmengine - INFO - paramwise_options -- language_model.language_backbone.body.model.encoder.layer.5.intermediate.dense.weight:lr_mult=0.1
2025/06/16 18:48:08 - mmengine - INFO - paramwise_options -- language_model.language_backbone.body.model.encoder.layer.5.intermediate.dense.bias:lr=1e-05
2025/06/16 18:48:08 - mmengine - INFO - paramwise_options -- language_model.language_backbone.body.model.encoder.layer.5.intermediate.dense.bias:weight_decay=0.0001
2025/06/16 18:48:08 - mmengine - INFO - paramwise_options -- language_model.language_backbone.body.model.encoder.layer.5.intermediate.dense.bias:lr_mult=0.1
2025/06/16 18:48:08 - mmengine - INFO - paramwise_options -- language_model.language_backbone.body.model.encoder.layer.5.output.dense.weight:lr=1e-05
2025/06/16 18:48:08 - mmengine - INFO - paramwise_options -- language_model.language_backbone.body.model.encoder.layer.5.output.dense.weight:weight_decay=0.0001
2025/06/16 18:48:08 - mmengine - INFO - paramwise_options -- language_model.language_backbone.body.model.encoder.layer.5.output.dense.weight:lr_mult=0.1
2025/06/16 18:48:08 - mmengine - INFO - paramwise_options -- language_model.language_backbone.body.model.encoder.layer.5.output.dense.bias:lr=1e-05
2025/06/16 18:48:08 - mmengine - INFO - paramwise_options -- language_model.language_backbone.body.model.encoder.layer.5.output.dense.bias:weight_decay=0.0001
2025/06/16 18:48:08 - mmengine - INFO - paramwise_options -- language_model.language_backbone.body.model.encoder.layer.5.output.dense.bias:lr_mult=0.1
2025/06/16 18:48:08 - mmengine - INFO - paramwise_options -- language_model.language_backbone.body.model.encoder.layer.5.output.LayerNorm.weight:lr=1e-05
2025/06/16 18:48:08 - mmengine - INFO - paramwise_options -- language_model.language_backbone.body.model.encoder.layer.5.output.LayerNorm.weight:weight_decay=0.0001
2025/06/16 18:48:08 - mmengine - INFO - paramwise_options -- language_model.language_backbone.body.model.encoder.layer.5.output.LayerNorm.weight:lr_mult=0.1
2025/06/16 18:48:08 - mmengine - INFO - paramwise_options -- language_model.language_backbone.body.model.encoder.layer.5.output.LayerNorm.bias:lr=1e-05
2025/06/16 18:48:08 - mmengine - INFO - paramwise_options -- language_model.language_backbone.body.model.encoder.layer.5.output.LayerNorm.bias:weight_decay=0.0001
2025/06/16 18:48:08 - mmengine - INFO - paramwise_options -- language_model.language_backbone.body.model.encoder.layer.5.output.LayerNorm.bias:lr_mult=0.1
2025/06/16 18:48:08 - mmengine - INFO - paramwise_options -- language_model.language_backbone.body.model.encoder.layer.6.attention.self.query.weight:lr=1e-05
2025/06/16 18:48:08 - mmengine - INFO - paramwise_options -- language_model.language_backbone.body.model.encoder.layer.6.attention.self.query.weight:weight_decay=0.0001
2025/06/16 18:48:08 - mmengine - INFO - paramwise_options -- language_model.language_backbone.body.model.encoder.layer.6.attention.self.query.weight:lr_mult=0.1
2025/06/16 18:48:08 - mmengine - INFO - paramwise_options -- language_model.language_backbone.body.model.encoder.layer.6.attention.self.query.bias:lr=1e-05
2025/06/16 18:48:08 - mmengine - INFO - paramwise_options -- language_model.language_backbone.body.model.encoder.layer.6.attention.self.query.bias:weight_decay=0.0001
2025/06/16 18:48:08 - mmengine - INFO - paramwise_options -- language_model.language_backbone.body.model.encoder.layer.6.attention.self.query.bias:lr_mult=0.1
2025/06/16 18:48:08 - mmengine - INFO - paramwise_options -- language_model.language_backbone.body.model.encoder.layer.6.attention.self.key.weight:lr=1e-05
2025/06/16 18:48:08 - mmengine - INFO - paramwise_options -- language_model.language_backbone.body.model.encoder.layer.6.attention.self.key.weight:weight_decay=0.0001
2025/06/16 18:48:08 - mmengine - INFO - paramwise_options -- language_model.language_backbone.body.model.encoder.layer.6.attention.self.key.weight:lr_mult=0.1
2025/06/16 18:48:08 - mmengine - INFO - paramwise_options -- language_model.language_backbone.body.model.encoder.layer.6.attention.self.key.bias:lr=1e-05
2025/06/16 18:48:08 - mmengine - INFO - paramwise_options -- language_model.language_backbone.body.model.encoder.layer.6.attention.self.key.bias:weight_decay=0.0001
2025/06/16 18:48:08 - mmengine - INFO - paramwise_options -- language_model.language_backbone.body.model.encoder.layer.6.attention.self.key.bias:lr_mult=0.1
2025/06/16 18:48:08 - mmengine - INFO - paramwise_options -- language_model.language_backbone.body.model.encoder.layer.6.attention.self.value.weight:lr=1e-05
2025/06/16 18:48:08 - mmengine - INFO - paramwise_options -- language_model.language_backbone.body.model.encoder.layer.6.attention.self.value.weight:weight_decay=0.0001
2025/06/16 18:48:08 - mmengine - INFO - paramwise_options -- language_model.language_backbone.body.model.encoder.layer.6.attention.self.value.weight:lr_mult=0.1
2025/06/16 18:48:08 - mmengine - INFO - paramwise_options -- language_model.language_backbone.body.model.encoder.layer.6.attention.self.value.bias:lr=1e-05
2025/06/16 18:48:08 - mmengine - INFO - paramwise_options -- language_model.language_backbone.body.model.encoder.layer.6.attention.self.value.bias:weight_decay=0.0001
2025/06/16 18:48:08 - mmengine - INFO - paramwise_options -- language_model.language_backbone.body.model.encoder.layer.6.attention.self.value.bias:lr_mult=0.1
2025/06/16 18:48:08 - mmengine - INFO - paramwise_options -- language_model.language_backbone.body.model.encoder.layer.6.attention.output.dense.weight:lr=1e-05
2025/06/16 18:48:08 - mmengine - INFO - paramwise_options -- language_model.language_backbone.body.model.encoder.layer.6.attention.output.dense.weight:weight_decay=0.0001
2025/06/16 18:48:08 - mmengine - INFO - paramwise_options -- language_model.language_backbone.body.model.encoder.layer.6.attention.output.dense.weight:lr_mult=0.1
2025/06/16 18:48:08 - mmengine - INFO - paramwise_options -- language_model.language_backbone.body.model.encoder.layer.6.attention.output.dense.bias:lr=1e-05
2025/06/16 18:48:08 - mmengine - INFO - paramwise_options -- language_model.language_backbone.body.model.encoder.layer.6.attention.output.dense.bias:weight_decay=0.0001
2025/06/16 18:48:08 - mmengine - INFO - paramwise_options -- language_model.language_backbone.body.model.encoder.layer.6.attention.output.dense.bias:lr_mult=0.1
2025/06/16 18:48:08 - mmengine - INFO - paramwise_options -- language_model.language_backbone.body.model.encoder.layer.6.attention.output.LayerNorm.weight:lr=1e-05
2025/06/16 18:48:08 - mmengine - INFO - paramwise_options -- language_model.language_backbone.body.model.encoder.layer.6.attention.output.LayerNorm.weight:weight_decay=0.0001
2025/06/16 18:48:08 - mmengine - INFO - paramwise_options -- language_model.language_backbone.body.model.encoder.layer.6.attention.output.LayerNorm.weight:lr_mult=0.1
2025/06/16 18:48:08 - mmengine - INFO - paramwise_options -- language_model.language_backbone.body.model.encoder.layer.6.attention.output.LayerNorm.bias:lr=1e-05
2025/06/16 18:48:08 - mmengine - INFO - paramwise_options -- language_model.language_backbone.body.model.encoder.layer.6.attention.output.LayerNorm.bias:weight_decay=0.0001
2025/06/16 18:48:08 - mmengine - INFO - paramwise_options -- language_model.language_backbone.body.model.encoder.layer.6.attention.output.LayerNorm.bias:lr_mult=0.1
2025/06/16 18:48:08 - mmengine - INFO - paramwise_options -- language_model.language_backbone.body.model.encoder.layer.6.intermediate.dense.weight:lr=1e-05
2025/06/16 18:48:08 - mmengine - INFO - paramwise_options -- language_model.language_backbone.body.model.encoder.layer.6.intermediate.dense.weight:weight_decay=0.0001
2025/06/16 18:48:08 - mmengine - INFO - paramwise_options -- language_model.language_backbone.body.model.encoder.layer.6.intermediate.dense.weight:lr_mult=0.1
2025/06/16 18:48:08 - mmengine - INFO - paramwise_options -- language_model.language_backbone.body.model.encoder.layer.6.intermediate.dense.bias:lr=1e-05
2025/06/16 18:48:08 - mmengine - INFO - paramwise_options -- language_model.language_backbone.body.model.encoder.layer.6.intermediate.dense.bias:weight_decay=0.0001
2025/06/16 18:48:08 - mmengine - INFO - paramwise_options -- language_model.language_backbone.body.model.encoder.layer.6.intermediate.dense.bias:lr_mult=0.1
2025/06/16 18:48:08 - mmengine - INFO - paramwise_options -- language_model.language_backbone.body.model.encoder.layer.6.output.dense.weight:lr=1e-05
2025/06/16 18:48:08 - mmengine - INFO - paramwise_options -- language_model.language_backbone.body.model.encoder.layer.6.output.dense.weight:weight_decay=0.0001
2025/06/16 18:48:08 - mmengine - INFO - paramwise_options -- language_model.language_backbone.body.model.encoder.layer.6.output.dense.weight:lr_mult=0.1
2025/06/16 18:48:08 - mmengine - INFO - paramwise_options -- language_model.language_backbone.body.model.encoder.layer.6.output.dense.bias:lr=1e-05
2025/06/16 18:48:08 - mmengine - INFO - paramwise_options -- language_model.language_backbone.body.model.encoder.layer.6.output.dense.bias:weight_decay=0.0001
2025/06/16 18:48:08 - mmengine - INFO - paramwise_options -- language_model.language_backbone.body.model.encoder.layer.6.output.dense.bias:lr_mult=0.1
2025/06/16 18:48:08 - mmengine - INFO - paramwise_options -- language_model.language_backbone.body.model.encoder.layer.6.output.LayerNorm.weight:lr=1e-05
2025/06/16 18:48:08 - mmengine - INFO - paramwise_options -- language_model.language_backbone.body.model.encoder.layer.6.output.LayerNorm.weight:weight_decay=0.0001
2025/06/16 18:48:08 - mmengine - INFO - paramwise_options -- language_model.language_backbone.body.model.encoder.layer.6.output.LayerNorm.weight:lr_mult=0.1
2025/06/16 18:48:08 - mmengine - INFO - paramwise_options -- language_model.language_backbone.body.model.encoder.layer.6.output.LayerNorm.bias:lr=1e-05
2025/06/16 18:48:08 - mmengine - INFO - paramwise_options -- language_model.language_backbone.body.model.encoder.layer.6.output.LayerNorm.bias:weight_decay=0.0001
2025/06/16 18:48:08 - mmengine - INFO - paramwise_options -- language_model.language_backbone.body.model.encoder.layer.6.output.LayerNorm.bias:lr_mult=0.1
2025/06/16 18:48:08 - mmengine - INFO - paramwise_options -- language_model.language_backbone.body.model.encoder.layer.7.attention.self.query.weight:lr=1e-05
2025/06/16 18:48:08 - mmengine - INFO - paramwise_options -- language_model.language_backbone.body.model.encoder.layer.7.attention.self.query.weight:weight_decay=0.0001
2025/06/16 18:48:08 - mmengine - INFO - paramwise_options -- language_model.language_backbone.body.model.encoder.layer.7.attention.self.query.weight:lr_mult=0.1
2025/06/16 18:48:08 - mmengine - INFO - paramwise_options -- language_model.language_backbone.body.model.encoder.layer.7.attention.self.query.bias:lr=1e-05
2025/06/16 18:48:08 - mmengine - INFO - paramwise_options -- language_model.language_backbone.body.model.encoder.layer.7.attention.self.query.bias:weight_decay=0.0001
2025/06/16 18:48:08 - mmengine - INFO - paramwise_options -- language_model.language_backbone.body.model.encoder.layer.7.attention.self.query.bias:lr_mult=0.1
2025/06/16 18:48:08 - mmengine - INFO - paramwise_options -- language_model.language_backbone.body.model.encoder.layer.7.attention.self.key.weight:lr=1e-05
2025/06/16 18:48:08 - mmengine - INFO - paramwise_options -- language_model.language_backbone.body.model.encoder.layer.7.attention.self.key.weight:weight_decay=0.0001
2025/06/16 18:48:08 - mmengine - INFO - paramwise_options -- language_model.language_backbone.body.model.encoder.layer.7.attention.self.key.weight:lr_mult=0.1
2025/06/16 18:48:08 - mmengine - INFO - paramwise_options -- language_model.language_backbone.body.model.encoder.layer.7.attention.self.key.bias:lr=1e-05
2025/06/16 18:48:08 - mmengine - INFO - paramwise_options -- language_model.language_backbone.body.model.encoder.layer.7.attention.self.key.bias:weight_decay=0.0001
2025/06/16 18:48:08 - mmengine - INFO - paramwise_options -- language_model.language_backbone.body.model.encoder.layer.7.attention.self.key.bias:lr_mult=0.1
2025/06/16 18:48:08 - mmengine - INFO - paramwise_options -- language_model.language_backbone.body.model.encoder.layer.7.attention.self.value.weight:lr=1e-05
2025/06/16 18:48:08 - mmengine - INFO - paramwise_options -- language_model.language_backbone.body.model.encoder.layer.7.attention.self.value.weight:weight_decay=0.0001
2025/06/16 18:48:08 - mmengine - INFO - paramwise_options -- language_model.language_backbone.body.model.encoder.layer.7.attention.self.value.weight:lr_mult=0.1
2025/06/16 18:48:08 - mmengine - INFO - paramwise_options -- language_model.language_backbone.body.model.encoder.layer.7.attention.self.value.bias:lr=1e-05
2025/06/16 18:48:08 - mmengine - INFO - paramwise_options -- language_model.language_backbone.body.model.encoder.layer.7.attention.self.value.bias:weight_decay=0.0001
2025/06/16 18:48:08 - mmengine - INFO - paramwise_options -- language_model.language_backbone.body.model.encoder.layer.7.attention.self.value.bias:lr_mult=0.1
2025/06/16 18:48:08 - mmengine - INFO - paramwise_options -- language_model.language_backbone.body.model.encoder.layer.7.attention.output.dense.weight:lr=1e-05
2025/06/16 18:48:08 - mmengine - INFO - paramwise_options -- language_model.language_backbone.body.model.encoder.layer.7.attention.output.dense.weight:weight_decay=0.0001
2025/06/16 18:48:08 - mmengine - INFO - paramwise_options -- language_model.language_backbone.body.model.encoder.layer.7.attention.output.dense.weight:lr_mult=0.1
2025/06/16 18:48:08 - mmengine - INFO - paramwise_options -- language_model.language_backbone.body.model.encoder.layer.7.attention.output.dense.bias:lr=1e-05
2025/06/16 18:48:08 - mmengine - INFO - paramwise_options -- language_model.language_backbone.body.model.encoder.layer.7.attention.output.dense.bias:weight_decay=0.0001
2025/06/16 18:48:08 - mmengine - INFO - paramwise_options -- language_model.language_backbone.body.model.encoder.layer.7.attention.output.dense.bias:lr_mult=0.1
2025/06/16 18:48:08 - mmengine - INFO - paramwise_options -- language_model.language_backbone.body.model.encoder.layer.7.attention.output.LayerNorm.weight:lr=1e-05
2025/06/16 18:48:08 - mmengine - INFO - paramwise_options -- language_model.language_backbone.body.model.encoder.layer.7.attention.output.LayerNorm.weight:weight_decay=0.0001
2025/06/16 18:48:08 - mmengine - INFO - paramwise_options -- language_model.language_backbone.body.model.encoder.layer.7.attention.output.LayerNorm.weight:lr_mult=0.1
2025/06/16 18:48:08 - mmengine - INFO - paramwise_options -- language_model.language_backbone.body.model.encoder.layer.7.attention.output.LayerNorm.bias:lr=1e-05
2025/06/16 18:48:08 - mmengine - INFO - paramwise_options -- language_model.language_backbone.body.model.encoder.layer.7.attention.output.LayerNorm.bias:weight_decay=0.0001
2025/06/16 18:48:08 - mmengine - INFO - paramwise_options -- language_model.language_backbone.body.model.encoder.layer.7.attention.output.LayerNorm.bias:lr_mult=0.1
2025/06/16 18:48:08 - mmengine - INFO - paramwise_options -- language_model.language_backbone.body.model.encoder.layer.7.intermediate.dense.weight:lr=1e-05
2025/06/16 18:48:08 - mmengine - INFO - paramwise_options -- language_model.language_backbone.body.model.encoder.layer.7.intermediate.dense.weight:weight_decay=0.0001
2025/06/16 18:48:08 - mmengine - INFO - paramwise_options -- language_model.language_backbone.body.model.encoder.layer.7.intermediate.dense.weight:lr_mult=0.1
2025/06/16 18:48:08 - mmengine - INFO - paramwise_options -- language_model.language_backbone.body.model.encoder.layer.7.intermediate.dense.bias:lr=1e-05
2025/06/16 18:48:08 - mmengine - INFO - paramwise_options -- language_model.language_backbone.body.model.encoder.layer.7.intermediate.dense.bias:weight_decay=0.0001
2025/06/16 18:48:08 - mmengine - INFO - paramwise_options -- language_model.language_backbone.body.model.encoder.layer.7.intermediate.dense.bias:lr_mult=0.1
2025/06/16 18:48:08 - mmengine - INFO - paramwise_options -- language_model.language_backbone.body.model.encoder.layer.7.output.dense.weight:lr=1e-05
2025/06/16 18:48:08 - mmengine - INFO - paramwise_options -- language_model.language_backbone.body.model.encoder.layer.7.output.dense.weight:weight_decay=0.0001
2025/06/16 18:48:08 - mmengine - INFO - paramwise_options -- language_model.language_backbone.body.model.encoder.layer.7.output.dense.weight:lr_mult=0.1
2025/06/16 18:48:08 - mmengine - INFO - paramwise_options -- language_model.language_backbone.body.model.encoder.layer.7.output.dense.bias:lr=1e-05
2025/06/16 18:48:08 - mmengine - INFO - paramwise_options -- language_model.language_backbone.body.model.encoder.layer.7.output.dense.bias:weight_decay=0.0001
2025/06/16 18:48:08 - mmengine - INFO - paramwise_options -- language_model.language_backbone.body.model.encoder.layer.7.output.dense.bias:lr_mult=0.1
2025/06/16 18:48:08 - mmengine - INFO - paramwise_options -- language_model.language_backbone.body.model.encoder.layer.7.output.LayerNorm.weight:lr=1e-05
2025/06/16 18:48:08 - mmengine - INFO - paramwise_options -- language_model.language_backbone.body.model.encoder.layer.7.output.LayerNorm.weight:weight_decay=0.0001
2025/06/16 18:48:08 - mmengine - INFO - paramwise_options -- language_model.language_backbone.body.model.encoder.layer.7.output.LayerNorm.weight:lr_mult=0.1
2025/06/16 18:48:08 - mmengine - INFO - paramwise_options -- language_model.language_backbone.body.model.encoder.layer.7.output.LayerNorm.bias:lr=1e-05
2025/06/16 18:48:08 - mmengine - INFO - paramwise_options -- language_model.language_backbone.body.model.encoder.layer.7.output.LayerNorm.bias:weight_decay=0.0001
2025/06/16 18:48:08 - mmengine - INFO - paramwise_options -- language_model.language_backbone.body.model.encoder.layer.7.output.LayerNorm.bias:lr_mult=0.1
2025/06/16 18:48:08 - mmengine - INFO - paramwise_options -- language_model.language_backbone.body.model.encoder.layer.8.attention.self.query.weight:lr=1e-05
2025/06/16 18:48:08 - mmengine - INFO - paramwise_options -- language_model.language_backbone.body.model.encoder.layer.8.attention.self.query.weight:weight_decay=0.0001
2025/06/16 18:48:08 - mmengine - INFO - paramwise_options -- language_model.language_backbone.body.model.encoder.layer.8.attention.self.query.weight:lr_mult=0.1
2025/06/16 18:48:08 - mmengine - INFO - paramwise_options -- language_model.language_backbone.body.model.encoder.layer.8.attention.self.query.bias:lr=1e-05
2025/06/16 18:48:08 - mmengine - INFO - paramwise_options -- language_model.language_backbone.body.model.encoder.layer.8.attention.self.query.bias:weight_decay=0.0001
2025/06/16 18:48:08 - mmengine - INFO - paramwise_options -- language_model.language_backbone.body.model.encoder.layer.8.attention.self.query.bias:lr_mult=0.1
2025/06/16 18:48:08 - mmengine - INFO - paramwise_options -- language_model.language_backbone.body.model.encoder.layer.8.attention.self.key.weight:lr=1e-05
2025/06/16 18:48:08 - mmengine - INFO - paramwise_options -- language_model.language_backbone.body.model.encoder.layer.8.attention.self.key.weight:weight_decay=0.0001
2025/06/16 18:48:08 - mmengine - INFO - paramwise_options -- language_model.language_backbone.body.model.encoder.layer.8.attention.self.key.weight:lr_mult=0.1
2025/06/16 18:48:08 - mmengine - INFO - paramwise_options -- language_model.language_backbone.body.model.encoder.layer.8.attention.self.key.bias:lr=1e-05
2025/06/16 18:48:08 - mmengine - INFO - paramwise_options -- language_model.language_backbone.body.model.encoder.layer.8.attention.self.key.bias:weight_decay=0.0001
2025/06/16 18:48:08 - mmengine - INFO - paramwise_options -- language_model.language_backbone.body.model.encoder.layer.8.attention.self.key.bias:lr_mult=0.1
2025/06/16 18:48:08 - mmengine - INFO - paramwise_options -- language_model.language_backbone.body.model.encoder.layer.8.attention.self.value.weight:lr=1e-05
2025/06/16 18:48:08 - mmengine - INFO - paramwise_options -- language_model.language_backbone.body.model.encoder.layer.8.attention.self.value.weight:weight_decay=0.0001
2025/06/16 18:48:08 - mmengine - INFO - paramwise_options -- language_model.language_backbone.body.model.encoder.layer.8.attention.self.value.weight:lr_mult=0.1
2025/06/16 18:48:08 - mmengine - INFO - paramwise_options -- language_model.language_backbone.body.model.encoder.layer.8.attention.self.value.bias:lr=1e-05
2025/06/16 18:48:08 - mmengine - INFO - paramwise_options -- language_model.language_backbone.body.model.encoder.layer.8.attention.self.value.bias:weight_decay=0.0001
2025/06/16 18:48:08 - mmengine - INFO - paramwise_options -- language_model.language_backbone.body.model.encoder.layer.8.attention.self.value.bias:lr_mult=0.1
2025/06/16 18:48:08 - mmengine - INFO - paramwise_options -- language_model.language_backbone.body.model.encoder.layer.8.attention.output.dense.weight:lr=1e-05
2025/06/16 18:48:08 - mmengine - INFO - paramwise_options -- language_model.language_backbone.body.model.encoder.layer.8.attention.output.dense.weight:weight_decay=0.0001
2025/06/16 18:48:08 - mmengine - INFO - paramwise_options -- language_model.language_backbone.body.model.encoder.layer.8.attention.output.dense.weight:lr_mult=0.1
2025/06/16 18:48:08 - mmengine - INFO - paramwise_options -- language_model.language_backbone.body.model.encoder.layer.8.attention.output.dense.bias:lr=1e-05
2025/06/16 18:48:08 - mmengine - INFO - paramwise_options -- language_model.language_backbone.body.model.encoder.layer.8.attention.output.dense.bias:weight_decay=0.0001
2025/06/16 18:48:08 - mmengine - INFO - paramwise_options -- language_model.language_backbone.body.model.encoder.layer.8.attention.output.dense.bias:lr_mult=0.1
2025/06/16 18:48:08 - mmengine - INFO - paramwise_options -- language_model.language_backbone.body.model.encoder.layer.8.attention.output.LayerNorm.weight:lr=1e-05
2025/06/16 18:48:08 - mmengine - INFO - paramwise_options -- language_model.language_backbone.body.model.encoder.layer.8.attention.output.LayerNorm.weight:weight_decay=0.0001
2025/06/16 18:48:08 - mmengine - INFO - paramwise_options -- language_model.language_backbone.body.model.encoder.layer.8.attention.output.LayerNorm.weight:lr_mult=0.1
2025/06/16 18:48:08 - mmengine - INFO - paramwise_options -- language_model.language_backbone.body.model.encoder.layer.8.attention.output.LayerNorm.bias:lr=1e-05
2025/06/16 18:48:08 - mmengine - INFO - paramwise_options -- language_model.language_backbone.body.model.encoder.layer.8.attention.output.LayerNorm.bias:weight_decay=0.0001
2025/06/16 18:48:08 - mmengine - INFO - paramwise_options -- language_model.language_backbone.body.model.encoder.layer.8.attention.output.LayerNorm.bias:lr_mult=0.1
2025/06/16 18:48:08 - mmengine - INFO - paramwise_options -- language_model.language_backbone.body.model.encoder.layer.8.intermediate.dense.weight:lr=1e-05
2025/06/16 18:48:08 - mmengine - INFO - paramwise_options -- language_model.language_backbone.body.model.encoder.layer.8.intermediate.dense.weight:weight_decay=0.0001
2025/06/16 18:48:08 - mmengine - INFO - paramwise_options -- language_model.language_backbone.body.model.encoder.layer.8.intermediate.dense.weight:lr_mult=0.1
2025/06/16 18:48:08 - mmengine - INFO - paramwise_options -- language_model.language_backbone.body.model.encoder.layer.8.intermediate.dense.bias:lr=1e-05
2025/06/16 18:48:08 - mmengine - INFO - paramwise_options -- language_model.language_backbone.body.model.encoder.layer.8.intermediate.dense.bias:weight_decay=0.0001
2025/06/16 18:48:08 - mmengine - INFO - paramwise_options -- language_model.language_backbone.body.model.encoder.layer.8.intermediate.dense.bias:lr_mult=0.1
2025/06/16 18:48:08 - mmengine - INFO - paramwise_options -- language_model.language_backbone.body.model.encoder.layer.8.output.dense.weight:lr=1e-05
2025/06/16 18:48:08 - mmengine - INFO - paramwise_options -- language_model.language_backbone.body.model.encoder.layer.8.output.dense.weight:weight_decay=0.0001
2025/06/16 18:48:08 - mmengine - INFO - paramwise_options -- language_model.language_backbone.body.model.encoder.layer.8.output.dense.weight:lr_mult=0.1
2025/06/16 18:48:08 - mmengine - INFO - paramwise_options -- language_model.language_backbone.body.model.encoder.layer.8.output.dense.bias:lr=1e-05
2025/06/16 18:48:08 - mmengine - INFO - paramwise_options -- language_model.language_backbone.body.model.encoder.layer.8.output.dense.bias:weight_decay=0.0001
2025/06/16 18:48:08 - mmengine - INFO - paramwise_options -- language_model.language_backbone.body.model.encoder.layer.8.output.dense.bias:lr_mult=0.1
2025/06/16 18:48:08 - mmengine - INFO - paramwise_options -- language_model.language_backbone.body.model.encoder.layer.8.output.LayerNorm.weight:lr=1e-05
2025/06/16 18:48:08 - mmengine - INFO - paramwise_options -- language_model.language_backbone.body.model.encoder.layer.8.output.LayerNorm.weight:weight_decay=0.0001
2025/06/16 18:48:08 - mmengine - INFO - paramwise_options -- language_model.language_backbone.body.model.encoder.layer.8.output.LayerNorm.weight:lr_mult=0.1
2025/06/16 18:48:08 - mmengine - INFO - paramwise_options -- language_model.language_backbone.body.model.encoder.layer.8.output.LayerNorm.bias:lr=1e-05
2025/06/16 18:48:08 - mmengine - INFO - paramwise_options -- language_model.language_backbone.body.model.encoder.layer.8.output.LayerNorm.bias:weight_decay=0.0001
2025/06/16 18:48:08 - mmengine - INFO - paramwise_options -- language_model.language_backbone.body.model.encoder.layer.8.output.LayerNorm.bias:lr_mult=0.1
2025/06/16 18:48:08 - mmengine - INFO - paramwise_options -- language_model.language_backbone.body.model.encoder.layer.9.attention.self.query.weight:lr=1e-05
2025/06/16 18:48:08 - mmengine - INFO - paramwise_options -- language_model.language_backbone.body.model.encoder.layer.9.attention.self.query.weight:weight_decay=0.0001
2025/06/16 18:48:08 - mmengine - INFO - paramwise_options -- language_model.language_backbone.body.model.encoder.layer.9.attention.self.query.weight:lr_mult=0.1
2025/06/16 18:48:08 - mmengine - INFO - paramwise_options -- language_model.language_backbone.body.model.encoder.layer.9.attention.self.query.bias:lr=1e-05
2025/06/16 18:48:08 - mmengine - INFO - paramwise_options -- language_model.language_backbone.body.model.encoder.layer.9.attention.self.query.bias:weight_decay=0.0001
2025/06/16 18:48:08 - mmengine - INFO - paramwise_options -- language_model.language_backbone.body.model.encoder.layer.9.attention.self.query.bias:lr_mult=0.1
2025/06/16 18:48:08 - mmengine - INFO - paramwise_options -- language_model.language_backbone.body.model.encoder.layer.9.attention.self.key.weight:lr=1e-05
2025/06/16 18:48:08 - mmengine - INFO - paramwise_options -- language_model.language_backbone.body.model.encoder.layer.9.attention.self.key.weight:weight_decay=0.0001
2025/06/16 18:48:08 - mmengine - INFO - paramwise_options -- language_model.language_backbone.body.model.encoder.layer.9.attention.self.key.weight:lr_mult=0.1
2025/06/16 18:48:08 - mmengine - INFO - paramwise_options -- language_model.language_backbone.body.model.encoder.layer.9.attention.self.key.bias:lr=1e-05
2025/06/16 18:48:08 - mmengine - INFO - paramwise_options -- language_model.language_backbone.body.model.encoder.layer.9.attention.self.key.bias:weight_decay=0.0001
2025/06/16 18:48:08 - mmengine - INFO - paramwise_options -- language_model.language_backbone.body.model.encoder.layer.9.attention.self.key.bias:lr_mult=0.1
2025/06/16 18:48:08 - mmengine - INFO - paramwise_options -- language_model.language_backbone.body.model.encoder.layer.9.attention.self.value.weight:lr=1e-05
2025/06/16 18:48:08 - mmengine - INFO - paramwise_options -- language_model.language_backbone.body.model.encoder.layer.9.attention.self.value.weight:weight_decay=0.0001
2025/06/16 18:48:08 - mmengine - INFO - paramwise_options -- language_model.language_backbone.body.model.encoder.layer.9.attention.self.value.weight:lr_mult=0.1
2025/06/16 18:48:08 - mmengine - INFO - paramwise_options -- language_model.language_backbone.body.model.encoder.layer.9.attention.self.value.bias:lr=1e-05
2025/06/16 18:48:08 - mmengine - INFO - paramwise_options -- language_model.language_backbone.body.model.encoder.layer.9.attention.self.value.bias:weight_decay=0.0001
2025/06/16 18:48:08 - mmengine - INFO - paramwise_options -- language_model.language_backbone.body.model.encoder.layer.9.attention.self.value.bias:lr_mult=0.1
2025/06/16 18:48:08 - mmengine - INFO - paramwise_options -- language_model.language_backbone.body.model.encoder.layer.9.attention.output.dense.weight:lr=1e-05
2025/06/16 18:48:08 - mmengine - INFO - paramwise_options -- language_model.language_backbone.body.model.encoder.layer.9.attention.output.dense.weight:weight_decay=0.0001
2025/06/16 18:48:08 - mmengine - INFO - paramwise_options -- language_model.language_backbone.body.model.encoder.layer.9.attention.output.dense.weight:lr_mult=0.1
2025/06/16 18:48:08 - mmengine - INFO - paramwise_options -- language_model.language_backbone.body.model.encoder.layer.9.attention.output.dense.bias:lr=1e-05
2025/06/16 18:48:08 - mmengine - INFO - paramwise_options -- language_model.language_backbone.body.model.encoder.layer.9.attention.output.dense.bias:weight_decay=0.0001
2025/06/16 18:48:08 - mmengine - INFO - paramwise_options -- language_model.language_backbone.body.model.encoder.layer.9.attention.output.dense.bias:lr_mult=0.1
2025/06/16 18:48:08 - mmengine - INFO - paramwise_options -- language_model.language_backbone.body.model.encoder.layer.9.attention.output.LayerNorm.weight:lr=1e-05
2025/06/16 18:48:08 - mmengine - INFO - paramwise_options -- language_model.language_backbone.body.model.encoder.layer.9.attention.output.LayerNorm.weight:weight_decay=0.0001
2025/06/16 18:48:08 - mmengine - INFO - paramwise_options -- language_model.language_backbone.body.model.encoder.layer.9.attention.output.LayerNorm.weight:lr_mult=0.1
2025/06/16 18:48:08 - mmengine - INFO - paramwise_options -- language_model.language_backbone.body.model.encoder.layer.9.attention.output.LayerNorm.bias:lr=1e-05
2025/06/16 18:48:08 - mmengine - INFO - paramwise_options -- language_model.language_backbone.body.model.encoder.layer.9.attention.output.LayerNorm.bias:weight_decay=0.0001
2025/06/16 18:48:08 - mmengine - INFO - paramwise_options -- language_model.language_backbone.body.model.encoder.layer.9.attention.output.LayerNorm.bias:lr_mult=0.1
2025/06/16 18:48:08 - mmengine - INFO - paramwise_options -- language_model.language_backbone.body.model.encoder.layer.9.intermediate.dense.weight:lr=1e-05
2025/06/16 18:48:08 - mmengine - INFO - paramwise_options -- language_model.language_backbone.body.model.encoder.layer.9.intermediate.dense.weight:weight_decay=0.0001
2025/06/16 18:48:08 - mmengine - INFO - paramwise_options -- language_model.language_backbone.body.model.encoder.layer.9.intermediate.dense.weight:lr_mult=0.1
2025/06/16 18:48:08 - mmengine - INFO - paramwise_options -- language_model.language_backbone.body.model.encoder.layer.9.intermediate.dense.bias:lr=1e-05
2025/06/16 18:48:08 - mmengine - INFO - paramwise_options -- language_model.language_backbone.body.model.encoder.layer.9.intermediate.dense.bias:weight_decay=0.0001
2025/06/16 18:48:08 - mmengine - INFO - paramwise_options -- language_model.language_backbone.body.model.encoder.layer.9.intermediate.dense.bias:lr_mult=0.1
2025/06/16 18:48:08 - mmengine - INFO - paramwise_options -- language_model.language_backbone.body.model.encoder.layer.9.output.dense.weight:lr=1e-05
2025/06/16 18:48:08 - mmengine - INFO - paramwise_options -- language_model.language_backbone.body.model.encoder.layer.9.output.dense.weight:weight_decay=0.0001
2025/06/16 18:48:08 - mmengine - INFO - paramwise_options -- language_model.language_backbone.body.model.encoder.layer.9.output.dense.weight:lr_mult=0.1
2025/06/16 18:48:08 - mmengine - INFO - paramwise_options -- language_model.language_backbone.body.model.encoder.layer.9.output.dense.bias:lr=1e-05
2025/06/16 18:48:08 - mmengine - INFO - paramwise_options -- language_model.language_backbone.body.model.encoder.layer.9.output.dense.bias:weight_decay=0.0001
2025/06/16 18:48:08 - mmengine - INFO - paramwise_options -- language_model.language_backbone.body.model.encoder.layer.9.output.dense.bias:lr_mult=0.1
2025/06/16 18:48:08 - mmengine - INFO - paramwise_options -- language_model.language_backbone.body.model.encoder.layer.9.output.LayerNorm.weight:lr=1e-05
2025/06/16 18:48:08 - mmengine - INFO - paramwise_options -- language_model.language_backbone.body.model.encoder.layer.9.output.LayerNorm.weight:weight_decay=0.0001
2025/06/16 18:48:08 - mmengine - INFO - paramwise_options -- language_model.language_backbone.body.model.encoder.layer.9.output.LayerNorm.weight:lr_mult=0.1
2025/06/16 18:48:08 - mmengine - INFO - paramwise_options -- language_model.language_backbone.body.model.encoder.layer.9.output.LayerNorm.bias:lr=1e-05
2025/06/16 18:48:08 - mmengine - INFO - paramwise_options -- language_model.language_backbone.body.model.encoder.layer.9.output.LayerNorm.bias:weight_decay=0.0001
2025/06/16 18:48:08 - mmengine - INFO - paramwise_options -- language_model.language_backbone.body.model.encoder.layer.9.output.LayerNorm.bias:lr_mult=0.1
2025/06/16 18:48:08 - mmengine - INFO - paramwise_options -- language_model.language_backbone.body.model.encoder.layer.10.attention.self.query.weight:lr=1e-05
2025/06/16 18:48:08 - mmengine - INFO - paramwise_options -- language_model.language_backbone.body.model.encoder.layer.10.attention.self.query.weight:weight_decay=0.0001
2025/06/16 18:48:08 - mmengine - INFO - paramwise_options -- language_model.language_backbone.body.model.encoder.layer.10.attention.self.query.weight:lr_mult=0.1
2025/06/16 18:48:08 - mmengine - INFO - paramwise_options -- language_model.language_backbone.body.model.encoder.layer.10.attention.self.query.bias:lr=1e-05
2025/06/16 18:48:08 - mmengine - INFO - paramwise_options -- language_model.language_backbone.body.model.encoder.layer.10.attention.self.query.bias:weight_decay=0.0001
2025/06/16 18:48:08 - mmengine - INFO - paramwise_options -- language_model.language_backbone.body.model.encoder.layer.10.attention.self.query.bias:lr_mult=0.1
2025/06/16 18:48:08 - mmengine - INFO - paramwise_options -- language_model.language_backbone.body.model.encoder.layer.10.attention.self.key.weight:lr=1e-05
2025/06/16 18:48:08 - mmengine - INFO - paramwise_options -- language_model.language_backbone.body.model.encoder.layer.10.attention.self.key.weight:weight_decay=0.0001
2025/06/16 18:48:08 - mmengine - INFO - paramwise_options -- language_model.language_backbone.body.model.encoder.layer.10.attention.self.key.weight:lr_mult=0.1
2025/06/16 18:48:08 - mmengine - INFO - paramwise_options -- language_model.language_backbone.body.model.encoder.layer.10.attention.self.key.bias:lr=1e-05
2025/06/16 18:48:08 - mmengine - INFO - paramwise_options -- language_model.language_backbone.body.model.encoder.layer.10.attention.self.key.bias:weight_decay=0.0001
2025/06/16 18:48:08 - mmengine - INFO - paramwise_options -- language_model.language_backbone.body.model.encoder.layer.10.attention.self.key.bias:lr_mult=0.1
2025/06/16 18:48:08 - mmengine - INFO - paramwise_options -- language_model.language_backbone.body.model.encoder.layer.10.attention.self.value.weight:lr=1e-05
2025/06/16 18:48:08 - mmengine - INFO - paramwise_options -- language_model.language_backbone.body.model.encoder.layer.10.attention.self.value.weight:weight_decay=0.0001
2025/06/16 18:48:08 - mmengine - INFO - paramwise_options -- language_model.language_backbone.body.model.encoder.layer.10.attention.self.value.weight:lr_mult=0.1
2025/06/16 18:48:08 - mmengine - INFO - paramwise_options -- language_model.language_backbone.body.model.encoder.layer.10.attention.self.value.bias:lr=1e-05
2025/06/16 18:48:08 - mmengine - INFO - paramwise_options -- language_model.language_backbone.body.model.encoder.layer.10.attention.self.value.bias:weight_decay=0.0001
2025/06/16 18:48:08 - mmengine - INFO - paramwise_options -- language_model.language_backbone.body.model.encoder.layer.10.attention.self.value.bias:lr_mult=0.1
2025/06/16 18:48:08 - mmengine - INFO - paramwise_options -- language_model.language_backbone.body.model.encoder.layer.10.attention.output.dense.weight:lr=1e-05
2025/06/16 18:48:08 - mmengine - INFO - paramwise_options -- language_model.language_backbone.body.model.encoder.layer.10.attention.output.dense.weight:weight_decay=0.0001
2025/06/16 18:48:08 - mmengine - INFO - paramwise_options -- language_model.language_backbone.body.model.encoder.layer.10.attention.output.dense.weight:lr_mult=0.1
2025/06/16 18:48:08 - mmengine - INFO - paramwise_options -- language_model.language_backbone.body.model.encoder.layer.10.attention.output.dense.bias:lr=1e-05
2025/06/16 18:48:08 - mmengine - INFO - paramwise_options -- language_model.language_backbone.body.model.encoder.layer.10.attention.output.dense.bias:weight_decay=0.0001
2025/06/16 18:48:08 - mmengine - INFO - paramwise_options -- language_model.language_backbone.body.model.encoder.layer.10.attention.output.dense.bias:lr_mult=0.1
2025/06/16 18:48:08 - mmengine - INFO - paramwise_options -- language_model.language_backbone.body.model.encoder.layer.10.attention.output.LayerNorm.weight:lr=1e-05
2025/06/16 18:48:08 - mmengine - INFO - paramwise_options -- language_model.language_backbone.body.model.encoder.layer.10.attention.output.LayerNorm.weight:weight_decay=0.0001
2025/06/16 18:48:08 - mmengine - INFO - paramwise_options -- language_model.language_backbone.body.model.encoder.layer.10.attention.output.LayerNorm.weight:lr_mult=0.1
2025/06/16 18:48:08 - mmengine - INFO - paramwise_options -- language_model.language_backbone.body.model.encoder.layer.10.attention.output.LayerNorm.bias:lr=1e-05
2025/06/16 18:48:08 - mmengine - INFO - paramwise_options -- language_model.language_backbone.body.model.encoder.layer.10.attention.output.LayerNorm.bias:weight_decay=0.0001
2025/06/16 18:48:08 - mmengine - INFO - paramwise_options -- language_model.language_backbone.body.model.encoder.layer.10.attention.output.LayerNorm.bias:lr_mult=0.1
2025/06/16 18:48:08 - mmengine - INFO - paramwise_options -- language_model.language_backbone.body.model.encoder.layer.10.intermediate.dense.weight:lr=1e-05
2025/06/16 18:48:08 - mmengine - INFO - paramwise_options -- language_model.language_backbone.body.model.encoder.layer.10.intermediate.dense.weight:weight_decay=0.0001
2025/06/16 18:48:08 - mmengine - INFO - paramwise_options -- language_model.language_backbone.body.model.encoder.layer.10.intermediate.dense.weight:lr_mult=0.1
2025/06/16 18:48:08 - mmengine - INFO - paramwise_options -- language_model.language_backbone.body.model.encoder.layer.10.intermediate.dense.bias:lr=1e-05
2025/06/16 18:48:08 - mmengine - INFO - paramwise_options -- language_model.language_backbone.body.model.encoder.layer.10.intermediate.dense.bias:weight_decay=0.0001
2025/06/16 18:48:08 - mmengine - INFO - paramwise_options -- language_model.language_backbone.body.model.encoder.layer.10.intermediate.dense.bias:lr_mult=0.1
2025/06/16 18:48:08 - mmengine - INFO - paramwise_options -- language_model.language_backbone.body.model.encoder.layer.10.output.dense.weight:lr=1e-05
2025/06/16 18:48:08 - mmengine - INFO - paramwise_options -- language_model.language_backbone.body.model.encoder.layer.10.output.dense.weight:weight_decay=0.0001
2025/06/16 18:48:08 - mmengine - INFO - paramwise_options -- language_model.language_backbone.body.model.encoder.layer.10.output.dense.weight:lr_mult=0.1
2025/06/16 18:48:08 - mmengine - INFO - paramwise_options -- language_model.language_backbone.body.model.encoder.layer.10.output.dense.bias:lr=1e-05
2025/06/16 18:48:08 - mmengine - INFO - paramwise_options -- language_model.language_backbone.body.model.encoder.layer.10.output.dense.bias:weight_decay=0.0001
2025/06/16 18:48:08 - mmengine - INFO - paramwise_options -- language_model.language_backbone.body.model.encoder.layer.10.output.dense.bias:lr_mult=0.1
2025/06/16 18:48:08 - mmengine - INFO - paramwise_options -- language_model.language_backbone.body.model.encoder.layer.10.output.LayerNorm.weight:lr=1e-05
2025/06/16 18:48:08 - mmengine - INFO - paramwise_options -- language_model.language_backbone.body.model.encoder.layer.10.output.LayerNorm.weight:weight_decay=0.0001
2025/06/16 18:48:08 - mmengine - INFO - paramwise_options -- language_model.language_backbone.body.model.encoder.layer.10.output.LayerNorm.weight:lr_mult=0.1
2025/06/16 18:48:08 - mmengine - INFO - paramwise_options -- language_model.language_backbone.body.model.encoder.layer.10.output.LayerNorm.bias:lr=1e-05
2025/06/16 18:48:08 - mmengine - INFO - paramwise_options -- language_model.language_backbone.body.model.encoder.layer.10.output.LayerNorm.bias:weight_decay=0.0001
2025/06/16 18:48:08 - mmengine - INFO - paramwise_options -- language_model.language_backbone.body.model.encoder.layer.10.output.LayerNorm.bias:lr_mult=0.1
2025/06/16 18:48:08 - mmengine - INFO - paramwise_options -- language_model.language_backbone.body.model.encoder.layer.11.attention.self.query.weight:lr=1e-05
2025/06/16 18:48:08 - mmengine - INFO - paramwise_options -- language_model.language_backbone.body.model.encoder.layer.11.attention.self.query.weight:weight_decay=0.0001
2025/06/16 18:48:08 - mmengine - INFO - paramwise_options -- language_model.language_backbone.body.model.encoder.layer.11.attention.self.query.weight:lr_mult=0.1
2025/06/16 18:48:08 - mmengine - INFO - paramwise_options -- language_model.language_backbone.body.model.encoder.layer.11.attention.self.query.bias:lr=1e-05
2025/06/16 18:48:08 - mmengine - INFO - paramwise_options -- language_model.language_backbone.body.model.encoder.layer.11.attention.self.query.bias:weight_decay=0.0001
2025/06/16 18:48:08 - mmengine - INFO - paramwise_options -- language_model.language_backbone.body.model.encoder.layer.11.attention.self.query.bias:lr_mult=0.1
2025/06/16 18:48:08 - mmengine - INFO - paramwise_options -- language_model.language_backbone.body.model.encoder.layer.11.attention.self.key.weight:lr=1e-05
2025/06/16 18:48:08 - mmengine - INFO - paramwise_options -- language_model.language_backbone.body.model.encoder.layer.11.attention.self.key.weight:weight_decay=0.0001
2025/06/16 18:48:08 - mmengine - INFO - paramwise_options -- language_model.language_backbone.body.model.encoder.layer.11.attention.self.key.weight:lr_mult=0.1
2025/06/16 18:48:08 - mmengine - INFO - paramwise_options -- language_model.language_backbone.body.model.encoder.layer.11.attention.self.key.bias:lr=1e-05
2025/06/16 18:48:08 - mmengine - INFO - paramwise_options -- language_model.language_backbone.body.model.encoder.layer.11.attention.self.key.bias:weight_decay=0.0001
2025/06/16 18:48:08 - mmengine - INFO - paramwise_options -- language_model.language_backbone.body.model.encoder.layer.11.attention.self.key.bias:lr_mult=0.1
2025/06/16 18:48:08 - mmengine - INFO - paramwise_options -- language_model.language_backbone.body.model.encoder.layer.11.attention.self.value.weight:lr=1e-05
2025/06/16 18:48:08 - mmengine - INFO - paramwise_options -- language_model.language_backbone.body.model.encoder.layer.11.attention.self.value.weight:weight_decay=0.0001
2025/06/16 18:48:08 - mmengine - INFO - paramwise_options -- language_model.language_backbone.body.model.encoder.layer.11.attention.self.value.weight:lr_mult=0.1
2025/06/16 18:48:08 - mmengine - INFO - paramwise_options -- language_model.language_backbone.body.model.encoder.layer.11.attention.self.value.bias:lr=1e-05
2025/06/16 18:48:08 - mmengine - INFO - paramwise_options -- language_model.language_backbone.body.model.encoder.layer.11.attention.self.value.bias:weight_decay=0.0001
2025/06/16 18:48:08 - mmengine - INFO - paramwise_options -- language_model.language_backbone.body.model.encoder.layer.11.attention.self.value.bias:lr_mult=0.1
2025/06/16 18:48:08 - mmengine - INFO - paramwise_options -- language_model.language_backbone.body.model.encoder.layer.11.attention.output.dense.weight:lr=1e-05
2025/06/16 18:48:08 - mmengine - INFO - paramwise_options -- language_model.language_backbone.body.model.encoder.layer.11.attention.output.dense.weight:weight_decay=0.0001
2025/06/16 18:48:08 - mmengine - INFO - paramwise_options -- language_model.language_backbone.body.model.encoder.layer.11.attention.output.dense.weight:lr_mult=0.1
2025/06/16 18:48:08 - mmengine - INFO - paramwise_options -- language_model.language_backbone.body.model.encoder.layer.11.attention.output.dense.bias:lr=1e-05
2025/06/16 18:48:08 - mmengine - INFO - paramwise_options -- language_model.language_backbone.body.model.encoder.layer.11.attention.output.dense.bias:weight_decay=0.0001
2025/06/16 18:48:08 - mmengine - INFO - paramwise_options -- language_model.language_backbone.body.model.encoder.layer.11.attention.output.dense.bias:lr_mult=0.1
2025/06/16 18:48:08 - mmengine - INFO - paramwise_options -- language_model.language_backbone.body.model.encoder.layer.11.attention.output.LayerNorm.weight:lr=1e-05
2025/06/16 18:48:08 - mmengine - INFO - paramwise_options -- language_model.language_backbone.body.model.encoder.layer.11.attention.output.LayerNorm.weight:weight_decay=0.0001
2025/06/16 18:48:08 - mmengine - INFO - paramwise_options -- language_model.language_backbone.body.model.encoder.layer.11.attention.output.LayerNorm.weight:lr_mult=0.1
2025/06/16 18:48:08 - mmengine - INFO - paramwise_options -- language_model.language_backbone.body.model.encoder.layer.11.attention.output.LayerNorm.bias:lr=1e-05
2025/06/16 18:48:08 - mmengine - INFO - paramwise_options -- language_model.language_backbone.body.model.encoder.layer.11.attention.output.LayerNorm.bias:weight_decay=0.0001
2025/06/16 18:48:08 - mmengine - INFO - paramwise_options -- language_model.language_backbone.body.model.encoder.layer.11.attention.output.LayerNorm.bias:lr_mult=0.1
2025/06/16 18:48:08 - mmengine - INFO - paramwise_options -- language_model.language_backbone.body.model.encoder.layer.11.intermediate.dense.weight:lr=1e-05
2025/06/16 18:48:08 - mmengine - INFO - paramwise_options -- language_model.language_backbone.body.model.encoder.layer.11.intermediate.dense.weight:weight_decay=0.0001
2025/06/16 18:48:08 - mmengine - INFO - paramwise_options -- language_model.language_backbone.body.model.encoder.layer.11.intermediate.dense.weight:lr_mult=0.1
2025/06/16 18:48:08 - mmengine - INFO - paramwise_options -- language_model.language_backbone.body.model.encoder.layer.11.intermediate.dense.bias:lr=1e-05
2025/06/16 18:48:08 - mmengine - INFO - paramwise_options -- language_model.language_backbone.body.model.encoder.layer.11.intermediate.dense.bias:weight_decay=0.0001
2025/06/16 18:48:08 - mmengine - INFO - paramwise_options -- language_model.language_backbone.body.model.encoder.layer.11.intermediate.dense.bias:lr_mult=0.1
2025/06/16 18:48:08 - mmengine - INFO - paramwise_options -- language_model.language_backbone.body.model.encoder.layer.11.output.dense.weight:lr=1e-05
2025/06/16 18:48:08 - mmengine - INFO - paramwise_options -- language_model.language_backbone.body.model.encoder.layer.11.output.dense.weight:weight_decay=0.0001
2025/06/16 18:48:08 - mmengine - INFO - paramwise_options -- language_model.language_backbone.body.model.encoder.layer.11.output.dense.weight:lr_mult=0.1
2025/06/16 18:48:08 - mmengine - INFO - paramwise_options -- language_model.language_backbone.body.model.encoder.layer.11.output.dense.bias:lr=1e-05
2025/06/16 18:48:08 - mmengine - INFO - paramwise_options -- language_model.language_backbone.body.model.encoder.layer.11.output.dense.bias:weight_decay=0.0001
2025/06/16 18:48:08 - mmengine - INFO - paramwise_options -- language_model.language_backbone.body.model.encoder.layer.11.output.dense.bias:lr_mult=0.1
2025/06/16 18:48:08 - mmengine - INFO - paramwise_options -- language_model.language_backbone.body.model.encoder.layer.11.output.LayerNorm.weight:lr=1e-05
2025/06/16 18:48:08 - mmengine - INFO - paramwise_options -- language_model.language_backbone.body.model.encoder.layer.11.output.LayerNorm.weight:weight_decay=0.0001
2025/06/16 18:48:08 - mmengine - INFO - paramwise_options -- language_model.language_backbone.body.model.encoder.layer.11.output.LayerNorm.weight:lr_mult=0.1
2025/06/16 18:48:08 - mmengine - INFO - paramwise_options -- language_model.language_backbone.body.model.encoder.layer.11.output.LayerNorm.bias:lr=1e-05
2025/06/16 18:48:08 - mmengine - INFO - paramwise_options -- language_model.language_backbone.body.model.encoder.layer.11.output.LayerNorm.bias:weight_decay=0.0001
2025/06/16 18:48:08 - mmengine - INFO - paramwise_options -- language_model.language_backbone.body.model.encoder.layer.11.output.LayerNorm.bias:lr_mult=0.1
2025/06/16 18:48:08 - mmengine - WARNING - lmm.model.embed_tokens.weight is skipped since its requires_grad=False
2025/06/16 18:48:08 - mmengine - WARNING - lmm.model.layers.0.self_attn.q_proj.ori_model.weight is skipped since its requires_grad=False
2025/06/16 18:48:08 - mmengine - WARNING - lmm.model.layers.0.self_attn.q_proj.ori_model.bias is skipped since its requires_grad=False
2025/06/16 18:48:08 - mmengine - WARNING - lmm.model.layers.0.self_attn.k_proj.ori_model.weight is skipped since its requires_grad=False
2025/06/16 18:48:08 - mmengine - WARNING - lmm.model.layers.0.self_attn.k_proj.ori_model.bias is skipped since its requires_grad=False
2025/06/16 18:48:08 - mmengine - WARNING - lmm.model.layers.0.self_attn.v_proj.ori_model.weight is skipped since its requires_grad=False
2025/06/16 18:48:08 - mmengine - WARNING - lmm.model.layers.0.self_attn.v_proj.ori_model.bias is skipped since its requires_grad=False
2025/06/16 18:48:08 - mmengine - WARNING - lmm.model.layers.0.self_attn.o_proj.ori_model.weight is skipped since its requires_grad=False
2025/06/16 18:48:08 - mmengine - WARNING - lmm.model.layers.0.mlp.gate_proj.ori_model.weight is skipped since its requires_grad=False
2025/06/16 18:48:08 - mmengine - WARNING - lmm.model.layers.0.mlp.up_proj.ori_model.weight is skipped since its requires_grad=False
2025/06/16 18:48:08 - mmengine - WARNING - lmm.model.layers.0.mlp.down_proj.ori_model.weight is skipped since its requires_grad=False
2025/06/16 18:48:08 - mmengine - WARNING - lmm.model.layers.0.input_layernorm.weight is skipped since its requires_grad=False
2025/06/16 18:48:08 - mmengine - WARNING - lmm.model.layers.0.post_attention_layernorm.weight is skipped since its requires_grad=False
2025/06/16 18:48:08 - mmengine - WARNING - lmm.model.layers.1.self_attn.q_proj.ori_model.weight is skipped since its requires_grad=False
2025/06/16 18:48:08 - mmengine - WARNING - lmm.model.layers.1.self_attn.q_proj.ori_model.bias is skipped since its requires_grad=False
2025/06/16 18:48:08 - mmengine - WARNING - lmm.model.layers.1.self_attn.k_proj.ori_model.weight is skipped since its requires_grad=False
2025/06/16 18:48:08 - mmengine - WARNING - lmm.model.layers.1.self_attn.k_proj.ori_model.bias is skipped since its requires_grad=False
2025/06/16 18:48:08 - mmengine - WARNING - lmm.model.layers.1.self_attn.v_proj.ori_model.weight is skipped since its requires_grad=False
2025/06/16 18:48:08 - mmengine - WARNING - lmm.model.layers.1.self_attn.v_proj.ori_model.bias is skipped since its requires_grad=False
2025/06/16 18:48:08 - mmengine - WARNING - lmm.model.layers.1.self_attn.o_proj.ori_model.weight is skipped since its requires_grad=False
2025/06/16 18:48:08 - mmengine - WARNING - lmm.model.layers.1.mlp.gate_proj.ori_model.weight is skipped since its requires_grad=False
2025/06/16 18:48:08 - mmengine - WARNING - lmm.model.layers.1.mlp.up_proj.ori_model.weight is skipped since its requires_grad=False
2025/06/16 18:48:08 - mmengine - WARNING - lmm.model.layers.1.mlp.down_proj.ori_model.weight is skipped since its requires_grad=False
2025/06/16 18:48:08 - mmengine - WARNING - lmm.model.layers.1.input_layernorm.weight is skipped since its requires_grad=False
2025/06/16 18:48:08 - mmengine - WARNING - lmm.model.layers.1.post_attention_layernorm.weight is skipped since its requires_grad=False
2025/06/16 18:48:08 - mmengine - WARNING - lmm.model.layers.2.self_attn.q_proj.ori_model.weight is skipped since its requires_grad=False
2025/06/16 18:48:08 - mmengine - WARNING - lmm.model.layers.2.self_attn.q_proj.ori_model.bias is skipped since its requires_grad=False
2025/06/16 18:48:08 - mmengine - WARNING - lmm.model.layers.2.self_attn.k_proj.ori_model.weight is skipped since its requires_grad=False
2025/06/16 18:48:08 - mmengine - WARNING - lmm.model.layers.2.self_attn.k_proj.ori_model.bias is skipped since its requires_grad=False
2025/06/16 18:48:08 - mmengine - WARNING - lmm.model.layers.2.self_attn.v_proj.ori_model.weight is skipped since its requires_grad=False
2025/06/16 18:48:08 - mmengine - WARNING - lmm.model.layers.2.self_attn.v_proj.ori_model.bias is skipped since its requires_grad=False
2025/06/16 18:48:08 - mmengine - WARNING - lmm.model.layers.2.self_attn.o_proj.ori_model.weight is skipped since its requires_grad=False
2025/06/16 18:48:08 - mmengine - WARNING - lmm.model.layers.2.mlp.gate_proj.ori_model.weight is skipped since its requires_grad=False
2025/06/16 18:48:08 - mmengine - WARNING - lmm.model.layers.2.mlp.up_proj.ori_model.weight is skipped since its requires_grad=False
2025/06/16 18:48:08 - mmengine - WARNING - lmm.model.layers.2.mlp.down_proj.ori_model.weight is skipped since its requires_grad=False
2025/06/16 18:48:08 - mmengine - WARNING - lmm.model.layers.2.input_layernorm.weight is skipped since its requires_grad=False
2025/06/16 18:48:08 - mmengine - WARNING - lmm.model.layers.2.post_attention_layernorm.weight is skipped since its requires_grad=False
2025/06/16 18:48:08 - mmengine - WARNING - lmm.model.layers.3.self_attn.q_proj.ori_model.weight is skipped since its requires_grad=False
2025/06/16 18:48:08 - mmengine - WARNING - lmm.model.layers.3.self_attn.q_proj.ori_model.bias is skipped since its requires_grad=False
2025/06/16 18:48:08 - mmengine - WARNING - lmm.model.layers.3.self_attn.k_proj.ori_model.weight is skipped since its requires_grad=False
2025/06/16 18:48:08 - mmengine - WARNING - lmm.model.layers.3.self_attn.k_proj.ori_model.bias is skipped since its requires_grad=False
2025/06/16 18:48:08 - mmengine - WARNING - lmm.model.layers.3.self_attn.v_proj.ori_model.weight is skipped since its requires_grad=False
2025/06/16 18:48:08 - mmengine - WARNING - lmm.model.layers.3.self_attn.v_proj.ori_model.bias is skipped since its requires_grad=False
2025/06/16 18:48:08 - mmengine - WARNING - lmm.model.layers.3.self_attn.o_proj.ori_model.weight is skipped since its requires_grad=False
2025/06/16 18:48:08 - mmengine - WARNING - lmm.model.layers.3.mlp.gate_proj.ori_model.weight is skipped since its requires_grad=False
2025/06/16 18:48:08 - mmengine - WARNING - lmm.model.layers.3.mlp.up_proj.ori_model.weight is skipped since its requires_grad=False
2025/06/16 18:48:08 - mmengine - WARNING - lmm.model.layers.3.mlp.down_proj.ori_model.weight is skipped since its requires_grad=False
2025/06/16 18:48:08 - mmengine - WARNING - lmm.model.layers.3.input_layernorm.weight is skipped since its requires_grad=False
2025/06/16 18:48:08 - mmengine - WARNING - lmm.model.layers.3.post_attention_layernorm.weight is skipped since its requires_grad=False
2025/06/16 18:48:08 - mmengine - WARNING - lmm.model.layers.4.self_attn.q_proj.ori_model.weight is skipped since its requires_grad=False
2025/06/16 18:48:08 - mmengine - WARNING - lmm.model.layers.4.self_attn.q_proj.ori_model.bias is skipped since its requires_grad=False
2025/06/16 18:48:08 - mmengine - WARNING - lmm.model.layers.4.self_attn.k_proj.ori_model.weight is skipped since its requires_grad=False
2025/06/16 18:48:08 - mmengine - WARNING - lmm.model.layers.4.self_attn.k_proj.ori_model.bias is skipped since its requires_grad=False
2025/06/16 18:48:08 - mmengine - WARNING - lmm.model.layers.4.self_attn.v_proj.ori_model.weight is skipped since its requires_grad=False
2025/06/16 18:48:08 - mmengine - WARNING - lmm.model.layers.4.self_attn.v_proj.ori_model.bias is skipped since its requires_grad=False
2025/06/16 18:48:08 - mmengine - WARNING - lmm.model.layers.4.self_attn.o_proj.ori_model.weight is skipped since its requires_grad=False
2025/06/16 18:48:08 - mmengine - WARNING - lmm.model.layers.4.mlp.gate_proj.ori_model.weight is skipped since its requires_grad=False
2025/06/16 18:48:08 - mmengine - WARNING - lmm.model.layers.4.mlp.up_proj.ori_model.weight is skipped since its requires_grad=False
2025/06/16 18:48:08 - mmengine - WARNING - lmm.model.layers.4.mlp.down_proj.ori_model.weight is skipped since its requires_grad=False
2025/06/16 18:48:08 - mmengine - WARNING - lmm.model.layers.4.input_layernorm.weight is skipped since its requires_grad=False
2025/06/16 18:48:08 - mmengine - WARNING - lmm.model.layers.4.post_attention_layernorm.weight is skipped since its requires_grad=False
2025/06/16 18:48:08 - mmengine - WARNING - lmm.model.layers.5.self_attn.q_proj.ori_model.weight is skipped since its requires_grad=False
2025/06/16 18:48:08 - mmengine - WARNING - lmm.model.layers.5.self_attn.q_proj.ori_model.bias is skipped since its requires_grad=False
2025/06/16 18:48:08 - mmengine - WARNING - lmm.model.layers.5.self_attn.k_proj.ori_model.weight is skipped since its requires_grad=False
2025/06/16 18:48:08 - mmengine - WARNING - lmm.model.layers.5.self_attn.k_proj.ori_model.bias is skipped since its requires_grad=False
2025/06/16 18:48:08 - mmengine - WARNING - lmm.model.layers.5.self_attn.v_proj.ori_model.weight is skipped since its requires_grad=False
2025/06/16 18:48:08 - mmengine - WARNING - lmm.model.layers.5.self_attn.v_proj.ori_model.bias is skipped since its requires_grad=False
2025/06/16 18:48:08 - mmengine - WARNING - lmm.model.layers.5.self_attn.o_proj.ori_model.weight is skipped since its requires_grad=False
2025/06/16 18:48:08 - mmengine - WARNING - lmm.model.layers.5.mlp.gate_proj.ori_model.weight is skipped since its requires_grad=False
2025/06/16 18:48:08 - mmengine - WARNING - lmm.model.layers.5.mlp.up_proj.ori_model.weight is skipped since its requires_grad=False
2025/06/16 18:48:08 - mmengine - WARNING - lmm.model.layers.5.mlp.down_proj.ori_model.weight is skipped since its requires_grad=False
2025/06/16 18:48:08 - mmengine - WARNING - lmm.model.layers.5.input_layernorm.weight is skipped since its requires_grad=False
2025/06/16 18:48:08 - mmengine - WARNING - lmm.model.layers.5.post_attention_layernorm.weight is skipped since its requires_grad=False
2025/06/16 18:48:08 - mmengine - WARNING - lmm.model.layers.6.self_attn.q_proj.ori_model.weight is skipped since its requires_grad=False
2025/06/16 18:48:08 - mmengine - WARNING - lmm.model.layers.6.self_attn.q_proj.ori_model.bias is skipped since its requires_grad=False
2025/06/16 18:48:08 - mmengine - WARNING - lmm.model.layers.6.self_attn.k_proj.ori_model.weight is skipped since its requires_grad=False
2025/06/16 18:48:08 - mmengine - WARNING - lmm.model.layers.6.self_attn.k_proj.ori_model.bias is skipped since its requires_grad=False
2025/06/16 18:48:08 - mmengine - WARNING - lmm.model.layers.6.self_attn.v_proj.ori_model.weight is skipped since its requires_grad=False
2025/06/16 18:48:08 - mmengine - WARNING - lmm.model.layers.6.self_attn.v_proj.ori_model.bias is skipped since its requires_grad=False
2025/06/16 18:48:08 - mmengine - WARNING - lmm.model.layers.6.self_attn.o_proj.ori_model.weight is skipped since its requires_grad=False
2025/06/16 18:48:08 - mmengine - WARNING - lmm.model.layers.6.mlp.gate_proj.ori_model.weight is skipped since its requires_grad=False
2025/06/16 18:48:08 - mmengine - WARNING - lmm.model.layers.6.mlp.up_proj.ori_model.weight is skipped since its requires_grad=False
2025/06/16 18:48:08 - mmengine - WARNING - lmm.model.layers.6.mlp.down_proj.ori_model.weight is skipped since its requires_grad=False
2025/06/16 18:48:08 - mmengine - WARNING - lmm.model.layers.6.input_layernorm.weight is skipped since its requires_grad=False
2025/06/16 18:48:08 - mmengine - WARNING - lmm.model.layers.6.post_attention_layernorm.weight is skipped since its requires_grad=False
2025/06/16 18:48:08 - mmengine - WARNING - lmm.model.layers.7.self_attn.q_proj.ori_model.weight is skipped since its requires_grad=False
2025/06/16 18:48:08 - mmengine - WARNING - lmm.model.layers.7.self_attn.q_proj.ori_model.bias is skipped since its requires_grad=False
2025/06/16 18:48:08 - mmengine - WARNING - lmm.model.layers.7.self_attn.k_proj.ori_model.weight is skipped since its requires_grad=False
2025/06/16 18:48:08 - mmengine - WARNING - lmm.model.layers.7.self_attn.k_proj.ori_model.bias is skipped since its requires_grad=False
2025/06/16 18:48:08 - mmengine - WARNING - lmm.model.layers.7.self_attn.v_proj.ori_model.weight is skipped since its requires_grad=False
2025/06/16 18:48:08 - mmengine - WARNING - lmm.model.layers.7.self_attn.v_proj.ori_model.bias is skipped since its requires_grad=False
2025/06/16 18:48:08 - mmengine - WARNING - lmm.model.layers.7.self_attn.o_proj.ori_model.weight is skipped since its requires_grad=False
2025/06/16 18:48:08 - mmengine - WARNING - lmm.model.layers.7.mlp.gate_proj.ori_model.weight is skipped since its requires_grad=False
2025/06/16 18:48:08 - mmengine - WARNING - lmm.model.layers.7.mlp.up_proj.ori_model.weight is skipped since its requires_grad=False
2025/06/16 18:48:08 - mmengine - WARNING - lmm.model.layers.7.mlp.down_proj.ori_model.weight is skipped since its requires_grad=False
2025/06/16 18:48:08 - mmengine - WARNING - lmm.model.layers.7.input_layernorm.weight is skipped since its requires_grad=False
2025/06/16 18:48:08 - mmengine - WARNING - lmm.model.layers.7.post_attention_layernorm.weight is skipped since its requires_grad=False
2025/06/16 18:48:08 - mmengine - WARNING - lmm.model.layers.8.self_attn.q_proj.ori_model.weight is skipped since its requires_grad=False
2025/06/16 18:48:08 - mmengine - WARNING - lmm.model.layers.8.self_attn.q_proj.ori_model.bias is skipped since its requires_grad=False
2025/06/16 18:48:08 - mmengine - WARNING - lmm.model.layers.8.self_attn.k_proj.ori_model.weight is skipped since its requires_grad=False
2025/06/16 18:48:08 - mmengine - WARNING - lmm.model.layers.8.self_attn.k_proj.ori_model.bias is skipped since its requires_grad=False
2025/06/16 18:48:08 - mmengine - WARNING - lmm.model.layers.8.self_attn.v_proj.ori_model.weight is skipped since its requires_grad=False
2025/06/16 18:48:08 - mmengine - WARNING - lmm.model.layers.8.self_attn.v_proj.ori_model.bias is skipped since its requires_grad=False
2025/06/16 18:48:08 - mmengine - WARNING - lmm.model.layers.8.self_attn.o_proj.ori_model.weight is skipped since its requires_grad=False
2025/06/16 18:48:08 - mmengine - WARNING - lmm.model.layers.8.mlp.gate_proj.ori_model.weight is skipped since its requires_grad=False
2025/06/16 18:48:08 - mmengine - WARNING - lmm.model.layers.8.mlp.up_proj.ori_model.weight is skipped since its requires_grad=False
2025/06/16 18:48:08 - mmengine - WARNING - lmm.model.layers.8.mlp.down_proj.ori_model.weight is skipped since its requires_grad=False
2025/06/16 18:48:08 - mmengine - WARNING - lmm.model.layers.8.input_layernorm.weight is skipped since its requires_grad=False
2025/06/16 18:48:08 - mmengine - WARNING - lmm.model.layers.8.post_attention_layernorm.weight is skipped since its requires_grad=False
2025/06/16 18:48:08 - mmengine - WARNING - lmm.model.layers.9.self_attn.q_proj.ori_model.weight is skipped since its requires_grad=False
2025/06/16 18:48:08 - mmengine - WARNING - lmm.model.layers.9.self_attn.q_proj.ori_model.bias is skipped since its requires_grad=False
2025/06/16 18:48:08 - mmengine - WARNING - lmm.model.layers.9.self_attn.k_proj.ori_model.weight is skipped since its requires_grad=False
2025/06/16 18:48:08 - mmengine - WARNING - lmm.model.layers.9.self_attn.k_proj.ori_model.bias is skipped since its requires_grad=False
2025/06/16 18:48:08 - mmengine - WARNING - lmm.model.layers.9.self_attn.v_proj.ori_model.weight is skipped since its requires_grad=False
2025/06/16 18:48:08 - mmengine - WARNING - lmm.model.layers.9.self_attn.v_proj.ori_model.bias is skipped since its requires_grad=False
2025/06/16 18:48:08 - mmengine - WARNING - lmm.model.layers.9.self_attn.o_proj.ori_model.weight is skipped since its requires_grad=False
2025/06/16 18:48:08 - mmengine - WARNING - lmm.model.layers.9.mlp.gate_proj.ori_model.weight is skipped since its requires_grad=False
2025/06/16 18:48:08 - mmengine - WARNING - lmm.model.layers.9.mlp.up_proj.ori_model.weight is skipped since its requires_grad=False
2025/06/16 18:48:08 - mmengine - WARNING - lmm.model.layers.9.mlp.down_proj.ori_model.weight is skipped since its requires_grad=False
2025/06/16 18:48:08 - mmengine - WARNING - lmm.model.layers.9.input_layernorm.weight is skipped since its requires_grad=False
2025/06/16 18:48:08 - mmengine - WARNING - lmm.model.layers.9.post_attention_layernorm.weight is skipped since its requires_grad=False
2025/06/16 18:48:08 - mmengine - WARNING - lmm.model.layers.10.self_attn.q_proj.ori_model.weight is skipped since its requires_grad=False
2025/06/16 18:48:08 - mmengine - WARNING - lmm.model.layers.10.self_attn.q_proj.ori_model.bias is skipped since its requires_grad=False
2025/06/16 18:48:08 - mmengine - WARNING - lmm.model.layers.10.self_attn.k_proj.ori_model.weight is skipped since its requires_grad=False
2025/06/16 18:48:08 - mmengine - WARNING - lmm.model.layers.10.self_attn.k_proj.ori_model.bias is skipped since its requires_grad=False
2025/06/16 18:48:08 - mmengine - WARNING - lmm.model.layers.10.self_attn.v_proj.ori_model.weight is skipped since its requires_grad=False
2025/06/16 18:48:08 - mmengine - WARNING - lmm.model.layers.10.self_attn.v_proj.ori_model.bias is skipped since its requires_grad=False
2025/06/16 18:48:08 - mmengine - WARNING - lmm.model.layers.10.self_attn.o_proj.ori_model.weight is skipped since its requires_grad=False
2025/06/16 18:48:08 - mmengine - WARNING - lmm.model.layers.10.mlp.gate_proj.ori_model.weight is skipped since its requires_grad=False
2025/06/16 18:48:08 - mmengine - WARNING - lmm.model.layers.10.mlp.up_proj.ori_model.weight is skipped since its requires_grad=False
2025/06/16 18:48:08 - mmengine - WARNING - lmm.model.layers.10.mlp.down_proj.ori_model.weight is skipped since its requires_grad=False
2025/06/16 18:48:08 - mmengine - WARNING - lmm.model.layers.10.input_layernorm.weight is skipped since its requires_grad=False
2025/06/16 18:48:08 - mmengine - WARNING - lmm.model.layers.10.post_attention_layernorm.weight is skipped since its requires_grad=False
2025/06/16 18:48:08 - mmengine - WARNING - lmm.model.layers.11.self_attn.q_proj.ori_model.weight is skipped since its requires_grad=False
2025/06/16 18:48:08 - mmengine - WARNING - lmm.model.layers.11.self_attn.q_proj.ori_model.bias is skipped since its requires_grad=False
2025/06/16 18:48:08 - mmengine - WARNING - lmm.model.layers.11.self_attn.k_proj.ori_model.weight is skipped since its requires_grad=False
2025/06/16 18:48:08 - mmengine - WARNING - lmm.model.layers.11.self_attn.k_proj.ori_model.bias is skipped since its requires_grad=False
2025/06/16 18:48:08 - mmengine - WARNING - lmm.model.layers.11.self_attn.v_proj.ori_model.weight is skipped since its requires_grad=False
2025/06/16 18:48:08 - mmengine - WARNING - lmm.model.layers.11.self_attn.v_proj.ori_model.bias is skipped since its requires_grad=False
2025/06/16 18:48:08 - mmengine - WARNING - lmm.model.layers.11.self_attn.o_proj.ori_model.weight is skipped since its requires_grad=False
2025/06/16 18:48:08 - mmengine - WARNING - lmm.model.layers.11.mlp.gate_proj.ori_model.weight is skipped since its requires_grad=False
2025/06/16 18:48:08 - mmengine - WARNING - lmm.model.layers.11.mlp.up_proj.ori_model.weight is skipped since its requires_grad=False
2025/06/16 18:48:08 - mmengine - WARNING - lmm.model.layers.11.mlp.down_proj.ori_model.weight is skipped since its requires_grad=False
2025/06/16 18:48:08 - mmengine - WARNING - lmm.model.layers.11.input_layernorm.weight is skipped since its requires_grad=False
2025/06/16 18:48:08 - mmengine - WARNING - lmm.model.layers.11.post_attention_layernorm.weight is skipped since its requires_grad=False
2025/06/16 18:48:08 - mmengine - WARNING - lmm.model.layers.12.self_attn.q_proj.ori_model.weight is skipped since its requires_grad=False
2025/06/16 18:48:08 - mmengine - WARNING - lmm.model.layers.12.self_attn.q_proj.ori_model.bias is skipped since its requires_grad=False
2025/06/16 18:48:08 - mmengine - WARNING - lmm.model.layers.12.self_attn.k_proj.ori_model.weight is skipped since its requires_grad=False
2025/06/16 18:48:08 - mmengine - WARNING - lmm.model.layers.12.self_attn.k_proj.ori_model.bias is skipped since its requires_grad=False
2025/06/16 18:48:08 - mmengine - WARNING - lmm.model.layers.12.self_attn.v_proj.ori_model.weight is skipped since its requires_grad=False
2025/06/16 18:48:08 - mmengine - WARNING - lmm.model.layers.12.self_attn.v_proj.ori_model.bias is skipped since its requires_grad=False
2025/06/16 18:48:08 - mmengine - WARNING - lmm.model.layers.12.self_attn.o_proj.ori_model.weight is skipped since its requires_grad=False
2025/06/16 18:48:08 - mmengine - WARNING - lmm.model.layers.12.mlp.gate_proj.ori_model.weight is skipped since its requires_grad=False
2025/06/16 18:48:08 - mmengine - WARNING - lmm.model.layers.12.mlp.up_proj.ori_model.weight is skipped since its requires_grad=False
2025/06/16 18:48:08 - mmengine - WARNING - lmm.model.layers.12.mlp.down_proj.ori_model.weight is skipped since its requires_grad=False
2025/06/16 18:48:08 - mmengine - WARNING - lmm.model.layers.12.input_layernorm.weight is skipped since its requires_grad=False
2025/06/16 18:48:08 - mmengine - WARNING - lmm.model.layers.12.post_attention_layernorm.weight is skipped since its requires_grad=False
2025/06/16 18:48:08 - mmengine - WARNING - lmm.model.layers.13.self_attn.q_proj.ori_model.weight is skipped since its requires_grad=False
2025/06/16 18:48:08 - mmengine - WARNING - lmm.model.layers.13.self_attn.q_proj.ori_model.bias is skipped since its requires_grad=False
2025/06/16 18:48:08 - mmengine - WARNING - lmm.model.layers.13.self_attn.k_proj.ori_model.weight is skipped since its requires_grad=False
2025/06/16 18:48:08 - mmengine - WARNING - lmm.model.layers.13.self_attn.k_proj.ori_model.bias is skipped since its requires_grad=False
2025/06/16 18:48:08 - mmengine - WARNING - lmm.model.layers.13.self_attn.v_proj.ori_model.weight is skipped since its requires_grad=False
2025/06/16 18:48:08 - mmengine - WARNING - lmm.model.layers.13.self_attn.v_proj.ori_model.bias is skipped since its requires_grad=False
2025/06/16 18:48:08 - mmengine - WARNING - lmm.model.layers.13.self_attn.o_proj.ori_model.weight is skipped since its requires_grad=False
2025/06/16 18:48:08 - mmengine - WARNING - lmm.model.layers.13.mlp.gate_proj.ori_model.weight is skipped since its requires_grad=False
2025/06/16 18:48:08 - mmengine - WARNING - lmm.model.layers.13.mlp.up_proj.ori_model.weight is skipped since its requires_grad=False
2025/06/16 18:48:08 - mmengine - WARNING - lmm.model.layers.13.mlp.down_proj.ori_model.weight is skipped since its requires_grad=False
2025/06/16 18:48:08 - mmengine - WARNING - lmm.model.layers.13.input_layernorm.weight is skipped since its requires_grad=False
2025/06/16 18:48:08 - mmengine - WARNING - lmm.model.layers.13.post_attention_layernorm.weight is skipped since its requires_grad=False
2025/06/16 18:48:08 - mmengine - WARNING - lmm.model.layers.14.self_attn.q_proj.ori_model.weight is skipped since its requires_grad=False
2025/06/16 18:48:08 - mmengine - WARNING - lmm.model.layers.14.self_attn.q_proj.ori_model.bias is skipped since its requires_grad=False
2025/06/16 18:48:08 - mmengine - WARNING - lmm.model.layers.14.self_attn.k_proj.ori_model.weight is skipped since its requires_grad=False
2025/06/16 18:48:08 - mmengine - WARNING - lmm.model.layers.14.self_attn.k_proj.ori_model.bias is skipped since its requires_grad=False
2025/06/16 18:48:08 - mmengine - WARNING - lmm.model.layers.14.self_attn.v_proj.ori_model.weight is skipped since its requires_grad=False
2025/06/16 18:48:08 - mmengine - WARNING - lmm.model.layers.14.self_attn.v_proj.ori_model.bias is skipped since its requires_grad=False
2025/06/16 18:48:08 - mmengine - WARNING - lmm.model.layers.14.self_attn.o_proj.ori_model.weight is skipped since its requires_grad=False
2025/06/16 18:48:08 - mmengine - WARNING - lmm.model.layers.14.mlp.gate_proj.ori_model.weight is skipped since its requires_grad=False
2025/06/16 18:48:08 - mmengine - WARNING - lmm.model.layers.14.mlp.up_proj.ori_model.weight is skipped since its requires_grad=False
2025/06/16 18:48:08 - mmengine - WARNING - lmm.model.layers.14.mlp.down_proj.ori_model.weight is skipped since its requires_grad=False
2025/06/16 18:48:08 - mmengine - WARNING - lmm.model.layers.14.input_layernorm.weight is skipped since its requires_grad=False
2025/06/16 18:48:08 - mmengine - WARNING - lmm.model.layers.14.post_attention_layernorm.weight is skipped since its requires_grad=False
2025/06/16 18:48:08 - mmengine - WARNING - lmm.model.layers.15.self_attn.q_proj.ori_model.weight is skipped since its requires_grad=False
2025/06/16 18:48:08 - mmengine - WARNING - lmm.model.layers.15.self_attn.q_proj.ori_model.bias is skipped since its requires_grad=False
2025/06/16 18:48:08 - mmengine - WARNING - lmm.model.layers.15.self_attn.k_proj.ori_model.weight is skipped since its requires_grad=False
2025/06/16 18:48:08 - mmengine - WARNING - lmm.model.layers.15.self_attn.k_proj.ori_model.bias is skipped since its requires_grad=False
2025/06/16 18:48:08 - mmengine - WARNING - lmm.model.layers.15.self_attn.v_proj.ori_model.weight is skipped since its requires_grad=False
2025/06/16 18:48:08 - mmengine - WARNING - lmm.model.layers.15.self_attn.v_proj.ori_model.bias is skipped since its requires_grad=False
2025/06/16 18:48:08 - mmengine - WARNING - lmm.model.layers.15.self_attn.o_proj.ori_model.weight is skipped since its requires_grad=False
2025/06/16 18:48:08 - mmengine - WARNING - lmm.model.layers.15.mlp.gate_proj.ori_model.weight is skipped since its requires_grad=False
2025/06/16 18:48:08 - mmengine - WARNING - lmm.model.layers.15.mlp.up_proj.ori_model.weight is skipped since its requires_grad=False
2025/06/16 18:48:08 - mmengine - WARNING - lmm.model.layers.15.mlp.down_proj.ori_model.weight is skipped since its requires_grad=False
2025/06/16 18:48:08 - mmengine - WARNING - lmm.model.layers.15.input_layernorm.weight is skipped since its requires_grad=False
2025/06/16 18:48:08 - mmengine - WARNING - lmm.model.layers.15.post_attention_layernorm.weight is skipped since its requires_grad=False
2025/06/16 18:48:08 - mmengine - WARNING - lmm.model.layers.16.self_attn.q_proj.ori_model.weight is skipped since its requires_grad=False
2025/06/16 18:48:08 - mmengine - WARNING - lmm.model.layers.16.self_attn.q_proj.ori_model.bias is skipped since its requires_grad=False
2025/06/16 18:48:08 - mmengine - WARNING - lmm.model.layers.16.self_attn.k_proj.ori_model.weight is skipped since its requires_grad=False
2025/06/16 18:48:08 - mmengine - WARNING - lmm.model.layers.16.self_attn.k_proj.ori_model.bias is skipped since its requires_grad=False
2025/06/16 18:48:08 - mmengine - WARNING - lmm.model.layers.16.self_attn.v_proj.ori_model.weight is skipped since its requires_grad=False
2025/06/16 18:48:08 - mmengine - WARNING - lmm.model.layers.16.self_attn.v_proj.ori_model.bias is skipped since its requires_grad=False
2025/06/16 18:48:08 - mmengine - WARNING - lmm.model.layers.16.self_attn.o_proj.ori_model.weight is skipped since its requires_grad=False
2025/06/16 18:48:08 - mmengine - WARNING - lmm.model.layers.16.mlp.gate_proj.ori_model.weight is skipped since its requires_grad=False
2025/06/16 18:48:08 - mmengine - WARNING - lmm.model.layers.16.mlp.up_proj.ori_model.weight is skipped since its requires_grad=False
2025/06/16 18:48:08 - mmengine - WARNING - lmm.model.layers.16.mlp.down_proj.ori_model.weight is skipped since its requires_grad=False
2025/06/16 18:48:08 - mmengine - WARNING - lmm.model.layers.16.input_layernorm.weight is skipped since its requires_grad=False
2025/06/16 18:48:08 - mmengine - WARNING - lmm.model.layers.16.post_attention_layernorm.weight is skipped since its requires_grad=False
2025/06/16 18:48:08 - mmengine - WARNING - lmm.model.layers.17.self_attn.q_proj.ori_model.weight is skipped since its requires_grad=False
2025/06/16 18:48:08 - mmengine - WARNING - lmm.model.layers.17.self_attn.q_proj.ori_model.bias is skipped since its requires_grad=False
2025/06/16 18:48:08 - mmengine - WARNING - lmm.model.layers.17.self_attn.k_proj.ori_model.weight is skipped since its requires_grad=False
2025/06/16 18:48:08 - mmengine - WARNING - lmm.model.layers.17.self_attn.k_proj.ori_model.bias is skipped since its requires_grad=False
2025/06/16 18:48:08 - mmengine - WARNING - lmm.model.layers.17.self_attn.v_proj.ori_model.weight is skipped since its requires_grad=False
2025/06/16 18:48:08 - mmengine - WARNING - lmm.model.layers.17.self_attn.v_proj.ori_model.bias is skipped since its requires_grad=False
2025/06/16 18:48:08 - mmengine - WARNING - lmm.model.layers.17.self_attn.o_proj.ori_model.weight is skipped since its requires_grad=False
2025/06/16 18:48:08 - mmengine - WARNING - lmm.model.layers.17.mlp.gate_proj.ori_model.weight is skipped since its requires_grad=False
2025/06/16 18:48:08 - mmengine - WARNING - lmm.model.layers.17.mlp.up_proj.ori_model.weight is skipped since its requires_grad=False
2025/06/16 18:48:08 - mmengine - WARNING - lmm.model.layers.17.mlp.down_proj.ori_model.weight is skipped since its requires_grad=False
2025/06/16 18:48:08 - mmengine - WARNING - lmm.model.layers.17.input_layernorm.weight is skipped since its requires_grad=False
2025/06/16 18:48:08 - mmengine - WARNING - lmm.model.layers.17.post_attention_layernorm.weight is skipped since its requires_grad=False
2025/06/16 18:48:08 - mmengine - WARNING - lmm.model.layers.18.self_attn.q_proj.ori_model.weight is skipped since its requires_grad=False
2025/06/16 18:48:08 - mmengine - WARNING - lmm.model.layers.18.self_attn.q_proj.ori_model.bias is skipped since its requires_grad=False
2025/06/16 18:48:08 - mmengine - WARNING - lmm.model.layers.18.self_attn.k_proj.ori_model.weight is skipped since its requires_grad=False
2025/06/16 18:48:08 - mmengine - WARNING - lmm.model.layers.18.self_attn.k_proj.ori_model.bias is skipped since its requires_grad=False
2025/06/16 18:48:08 - mmengine - WARNING - lmm.model.layers.18.self_attn.v_proj.ori_model.weight is skipped since its requires_grad=False
2025/06/16 18:48:08 - mmengine - WARNING - lmm.model.layers.18.self_attn.v_proj.ori_model.bias is skipped since its requires_grad=False
2025/06/16 18:48:08 - mmengine - WARNING - lmm.model.layers.18.self_attn.o_proj.ori_model.weight is skipped since its requires_grad=False
2025/06/16 18:48:08 - mmengine - WARNING - lmm.model.layers.18.mlp.gate_proj.ori_model.weight is skipped since its requires_grad=False
2025/06/16 18:48:08 - mmengine - WARNING - lmm.model.layers.18.mlp.up_proj.ori_model.weight is skipped since its requires_grad=False
2025/06/16 18:48:08 - mmengine - WARNING - lmm.model.layers.18.mlp.down_proj.ori_model.weight is skipped since its requires_grad=False
2025/06/16 18:48:08 - mmengine - WARNING - lmm.model.layers.18.input_layernorm.weight is skipped since its requires_grad=False
2025/06/16 18:48:08 - mmengine - WARNING - lmm.model.layers.18.post_attention_layernorm.weight is skipped since its requires_grad=False
2025/06/16 18:48:08 - mmengine - WARNING - lmm.model.layers.19.self_attn.q_proj.ori_model.weight is skipped since its requires_grad=False
2025/06/16 18:48:08 - mmengine - WARNING - lmm.model.layers.19.self_attn.q_proj.ori_model.bias is skipped since its requires_grad=False
2025/06/16 18:48:08 - mmengine - WARNING - lmm.model.layers.19.self_attn.k_proj.ori_model.weight is skipped since its requires_grad=False
2025/06/16 18:48:08 - mmengine - WARNING - lmm.model.layers.19.self_attn.k_proj.ori_model.bias is skipped since its requires_grad=False
2025/06/16 18:48:08 - mmengine - WARNING - lmm.model.layers.19.self_attn.v_proj.ori_model.weight is skipped since its requires_grad=False
2025/06/16 18:48:08 - mmengine - WARNING - lmm.model.layers.19.self_attn.v_proj.ori_model.bias is skipped since its requires_grad=False
2025/06/16 18:48:08 - mmengine - WARNING - lmm.model.layers.19.self_attn.o_proj.ori_model.weight is skipped since its requires_grad=False
2025/06/16 18:48:08 - mmengine - WARNING - lmm.model.layers.19.mlp.gate_proj.ori_model.weight is skipped since its requires_grad=False
2025/06/16 18:48:08 - mmengine - WARNING - lmm.model.layers.19.mlp.up_proj.ori_model.weight is skipped since its requires_grad=False
2025/06/16 18:48:08 - mmengine - WARNING - lmm.model.layers.19.mlp.down_proj.ori_model.weight is skipped since its requires_grad=False
2025/06/16 18:48:08 - mmengine - WARNING - lmm.model.layers.19.input_layernorm.weight is skipped since its requires_grad=False
2025/06/16 18:48:08 - mmengine - WARNING - lmm.model.layers.19.post_attention_layernorm.weight is skipped since its requires_grad=False
2025/06/16 18:48:08 - mmengine - WARNING - lmm.model.layers.20.self_attn.q_proj.ori_model.weight is skipped since its requires_grad=False
2025/06/16 18:48:08 - mmengine - WARNING - lmm.model.layers.20.self_attn.q_proj.ori_model.bias is skipped since its requires_grad=False
2025/06/16 18:48:08 - mmengine - WARNING - lmm.model.layers.20.self_attn.k_proj.ori_model.weight is skipped since its requires_grad=False
2025/06/16 18:48:08 - mmengine - WARNING - lmm.model.layers.20.self_attn.k_proj.ori_model.bias is skipped since its requires_grad=False
2025/06/16 18:48:08 - mmengine - WARNING - lmm.model.layers.20.self_attn.v_proj.ori_model.weight is skipped since its requires_grad=False
2025/06/16 18:48:08 - mmengine - WARNING - lmm.model.layers.20.self_attn.v_proj.ori_model.bias is skipped since its requires_grad=False
2025/06/16 18:48:08 - mmengine - WARNING - lmm.model.layers.20.self_attn.o_proj.ori_model.weight is skipped since its requires_grad=False
2025/06/16 18:48:08 - mmengine - WARNING - lmm.model.layers.20.mlp.gate_proj.ori_model.weight is skipped since its requires_grad=False
2025/06/16 18:48:08 - mmengine - WARNING - lmm.model.layers.20.mlp.up_proj.ori_model.weight is skipped since its requires_grad=False
2025/06/16 18:48:08 - mmengine - WARNING - lmm.model.layers.20.mlp.down_proj.ori_model.weight is skipped since its requires_grad=False
2025/06/16 18:48:08 - mmengine - WARNING - lmm.model.layers.20.input_layernorm.weight is skipped since its requires_grad=False
2025/06/16 18:48:08 - mmengine - WARNING - lmm.model.layers.20.post_attention_layernorm.weight is skipped since its requires_grad=False
2025/06/16 18:48:08 - mmengine - WARNING - lmm.model.layers.21.self_attn.q_proj.ori_model.weight is skipped since its requires_grad=False
2025/06/16 18:48:08 - mmengine - WARNING - lmm.model.layers.21.self_attn.q_proj.ori_model.bias is skipped since its requires_grad=False
2025/06/16 18:48:08 - mmengine - WARNING - lmm.model.layers.21.self_attn.k_proj.ori_model.weight is skipped since its requires_grad=False
2025/06/16 18:48:08 - mmengine - WARNING - lmm.model.layers.21.self_attn.k_proj.ori_model.bias is skipped since its requires_grad=False
2025/06/16 18:48:08 - mmengine - WARNING - lmm.model.layers.21.self_attn.v_proj.ori_model.weight is skipped since its requires_grad=False
2025/06/16 18:48:08 - mmengine - WARNING - lmm.model.layers.21.self_attn.v_proj.ori_model.bias is skipped since its requires_grad=False
2025/06/16 18:48:08 - mmengine - WARNING - lmm.model.layers.21.self_attn.o_proj.ori_model.weight is skipped since its requires_grad=False
2025/06/16 18:48:08 - mmengine - WARNING - lmm.model.layers.21.mlp.gate_proj.ori_model.weight is skipped since its requires_grad=False
2025/06/16 18:48:08 - mmengine - WARNING - lmm.model.layers.21.mlp.up_proj.ori_model.weight is skipped since its requires_grad=False
2025/06/16 18:48:08 - mmengine - WARNING - lmm.model.layers.21.mlp.down_proj.ori_model.weight is skipped since its requires_grad=False
2025/06/16 18:48:08 - mmengine - WARNING - lmm.model.layers.21.input_layernorm.weight is skipped since its requires_grad=False
2025/06/16 18:48:08 - mmengine - WARNING - lmm.model.layers.21.post_attention_layernorm.weight is skipped since its requires_grad=False
2025/06/16 18:48:08 - mmengine - WARNING - lmm.model.layers.22.self_attn.q_proj.ori_model.weight is skipped since its requires_grad=False
2025/06/16 18:48:08 - mmengine - WARNING - lmm.model.layers.22.self_attn.q_proj.ori_model.bias is skipped since its requires_grad=False
2025/06/16 18:48:08 - mmengine - WARNING - lmm.model.layers.22.self_attn.k_proj.ori_model.weight is skipped since its requires_grad=False
2025/06/16 18:48:08 - mmengine - WARNING - lmm.model.layers.22.self_attn.k_proj.ori_model.bias is skipped since its requires_grad=False
2025/06/16 18:48:08 - mmengine - WARNING - lmm.model.layers.22.self_attn.v_proj.ori_model.weight is skipped since its requires_grad=False
2025/06/16 18:48:08 - mmengine - WARNING - lmm.model.layers.22.self_attn.v_proj.ori_model.bias is skipped since its requires_grad=False
2025/06/16 18:48:08 - mmengine - WARNING - lmm.model.layers.22.self_attn.o_proj.ori_model.weight is skipped since its requires_grad=False
2025/06/16 18:48:08 - mmengine - WARNING - lmm.model.layers.22.mlp.gate_proj.ori_model.weight is skipped since its requires_grad=False
2025/06/16 18:48:08 - mmengine - WARNING - lmm.model.layers.22.mlp.up_proj.ori_model.weight is skipped since its requires_grad=False
2025/06/16 18:48:08 - mmengine - WARNING - lmm.model.layers.22.mlp.down_proj.ori_model.weight is skipped since its requires_grad=False
2025/06/16 18:48:08 - mmengine - WARNING - lmm.model.layers.22.input_layernorm.weight is skipped since its requires_grad=False
2025/06/16 18:48:08 - mmengine - WARNING - lmm.model.layers.22.post_attention_layernorm.weight is skipped since its requires_grad=False
2025/06/16 18:48:08 - mmengine - WARNING - lmm.model.layers.23.self_attn.q_proj.ori_model.weight is skipped since its requires_grad=False
2025/06/16 18:48:08 - mmengine - WARNING - lmm.model.layers.23.self_attn.q_proj.ori_model.bias is skipped since its requires_grad=False
2025/06/16 18:48:08 - mmengine - WARNING - lmm.model.layers.23.self_attn.k_proj.ori_model.weight is skipped since its requires_grad=False
2025/06/16 18:48:08 - mmengine - WARNING - lmm.model.layers.23.self_attn.k_proj.ori_model.bias is skipped since its requires_grad=False
2025/06/16 18:48:08 - mmengine - WARNING - lmm.model.layers.23.self_attn.v_proj.ori_model.weight is skipped since its requires_grad=False
2025/06/16 18:48:08 - mmengine - WARNING - lmm.model.layers.23.self_attn.v_proj.ori_model.bias is skipped since its requires_grad=False
2025/06/16 18:48:08 - mmengine - WARNING - lmm.model.layers.23.self_attn.o_proj.ori_model.weight is skipped since its requires_grad=False
2025/06/16 18:48:08 - mmengine - WARNING - lmm.model.layers.23.mlp.gate_proj.ori_model.weight is skipped since its requires_grad=False
2025/06/16 18:48:08 - mmengine - WARNING - lmm.model.layers.23.mlp.up_proj.ori_model.weight is skipped since its requires_grad=False
2025/06/16 18:48:08 - mmengine - WARNING - lmm.model.layers.23.mlp.down_proj.ori_model.weight is skipped since its requires_grad=False
2025/06/16 18:48:08 - mmengine - WARNING - lmm.model.layers.23.input_layernorm.weight is skipped since its requires_grad=False
2025/06/16 18:48:08 - mmengine - WARNING - lmm.model.layers.23.post_attention_layernorm.weight is skipped since its requires_grad=False
2025/06/16 18:48:08 - mmengine - WARNING - lmm.model.norm.weight is skipped since its requires_grad=False
2025/06/16 18:48:08 - mmengine - WARNING - lmm.lm_head.weight is skipped since its requires_grad=False
2025/06/16 18:48:08 - mmengine - INFO - LR is set based on batch size of 16 and the current batch size is 16. Scaling the original LR by 1.0.
Name of parameter - Initialization information

level_embed - torch.Size([4, 256]): 
The value is the same before and after calling `init_weights` of GroundingDINO  

backbone.patch_embed.projection.weight - torch.Size([96, 3, 4, 4]): 
The value is the same before and after calling `init_weights` of GroundingDINO  

backbone.patch_embed.projection.bias - torch.Size([96]): 
The value is the same before and after calling `init_weights` of GroundingDINO  

backbone.patch_embed.norm.weight - torch.Size([96]): 
The value is the same before and after calling `init_weights` of GroundingDINO  

backbone.patch_embed.norm.bias - torch.Size([96]): 
The value is the same before and after calling `init_weights` of GroundingDINO  

backbone.stages.0.blocks.0.norm1.weight - torch.Size([96]): 
The value is the same before and after calling `init_weights` of GroundingDINO  

backbone.stages.0.blocks.0.norm1.bias - torch.Size([96]): 
The value is the same before and after calling `init_weights` of GroundingDINO  

backbone.stages.0.blocks.0.attn.w_msa.relative_position_bias_table - torch.Size([169, 3]): 
The value is the same before and after calling `init_weights` of GroundingDINO  

backbone.stages.0.blocks.0.attn.w_msa.qkv.weight - torch.Size([288, 96]): 
The value is the same before and after calling `init_weights` of GroundingDINO  

backbone.stages.0.blocks.0.attn.w_msa.qkv.bias - torch.Size([288]): 
The value is the same before and after calling `init_weights` of GroundingDINO  

backbone.stages.0.blocks.0.attn.w_msa.proj.weight - torch.Size([96, 96]): 
The value is the same before and after calling `init_weights` of GroundingDINO  

backbone.stages.0.blocks.0.attn.w_msa.proj.bias - torch.Size([96]): 
The value is the same before and after calling `init_weights` of GroundingDINO  

backbone.stages.0.blocks.0.norm2.weight - torch.Size([96]): 
The value is the same before and after calling `init_weights` of GroundingDINO  

backbone.stages.0.blocks.0.norm2.bias - torch.Size([96]): 
The value is the same before and after calling `init_weights` of GroundingDINO  

backbone.stages.0.blocks.0.ffn.layers.0.0.weight - torch.Size([384, 96]): 
The value is the same before and after calling `init_weights` of GroundingDINO  

backbone.stages.0.blocks.0.ffn.layers.0.0.bias - torch.Size([384]): 
The value is the same before and after calling `init_weights` of GroundingDINO  

backbone.stages.0.blocks.0.ffn.layers.1.weight - torch.Size([96, 384]): 
The value is the same before and after calling `init_weights` of GroundingDINO  

backbone.stages.0.blocks.0.ffn.layers.1.bias - torch.Size([96]): 
The value is the same before and after calling `init_weights` of GroundingDINO  

backbone.stages.0.blocks.1.norm1.weight - torch.Size([96]): 
The value is the same before and after calling `init_weights` of GroundingDINO  

backbone.stages.0.blocks.1.norm1.bias - torch.Size([96]): 
The value is the same before and after calling `init_weights` of GroundingDINO  

backbone.stages.0.blocks.1.attn.w_msa.relative_position_bias_table - torch.Size([169, 3]): 
The value is the same before and after calling `init_weights` of GroundingDINO  

backbone.stages.0.blocks.1.attn.w_msa.qkv.weight - torch.Size([288, 96]): 
The value is the same before and after calling `init_weights` of GroundingDINO  

backbone.stages.0.blocks.1.attn.w_msa.qkv.bias - torch.Size([288]): 
The value is the same before and after calling `init_weights` of GroundingDINO  

backbone.stages.0.blocks.1.attn.w_msa.proj.weight - torch.Size([96, 96]): 
The value is the same before and after calling `init_weights` of GroundingDINO  

backbone.stages.0.blocks.1.attn.w_msa.proj.bias - torch.Size([96]): 
The value is the same before and after calling `init_weights` of GroundingDINO  

backbone.stages.0.blocks.1.norm2.weight - torch.Size([96]): 
The value is the same before and after calling `init_weights` of GroundingDINO  

backbone.stages.0.blocks.1.norm2.bias - torch.Size([96]): 
The value is the same before and after calling `init_weights` of GroundingDINO  

backbone.stages.0.blocks.1.ffn.layers.0.0.weight - torch.Size([384, 96]): 
The value is the same before and after calling `init_weights` of GroundingDINO  

backbone.stages.0.blocks.1.ffn.layers.0.0.bias - torch.Size([384]): 
The value is the same before and after calling `init_weights` of GroundingDINO  

backbone.stages.0.blocks.1.ffn.layers.1.weight - torch.Size([96, 384]): 
The value is the same before and after calling `init_weights` of GroundingDINO  

backbone.stages.0.blocks.1.ffn.layers.1.bias - torch.Size([96]): 
The value is the same before and after calling `init_weights` of GroundingDINO  

backbone.stages.0.downsample.norm.weight - torch.Size([384]): 
The value is the same before and after calling `init_weights` of GroundingDINO  

backbone.stages.0.downsample.norm.bias - torch.Size([384]): 
The value is the same before and after calling `init_weights` of GroundingDINO  

backbone.stages.0.downsample.reduction.weight - torch.Size([192, 384]): 
The value is the same before and after calling `init_weights` of GroundingDINO  

backbone.stages.1.blocks.0.norm1.weight - torch.Size([192]): 
The value is the same before and after calling `init_weights` of GroundingDINO  

backbone.stages.1.blocks.0.norm1.bias - torch.Size([192]): 
The value is the same before and after calling `init_weights` of GroundingDINO  

backbone.stages.1.blocks.0.attn.w_msa.relative_position_bias_table - torch.Size([169, 6]): 
The value is the same before and after calling `init_weights` of GroundingDINO  

backbone.stages.1.blocks.0.attn.w_msa.qkv.weight - torch.Size([576, 192]): 
The value is the same before and after calling `init_weights` of GroundingDINO  

backbone.stages.1.blocks.0.attn.w_msa.qkv.bias - torch.Size([576]): 
The value is the same before and after calling `init_weights` of GroundingDINO  

backbone.stages.1.blocks.0.attn.w_msa.proj.weight - torch.Size([192, 192]): 
The value is the same before and after calling `init_weights` of GroundingDINO  

backbone.stages.1.blocks.0.attn.w_msa.proj.bias - torch.Size([192]): 
The value is the same before and after calling `init_weights` of GroundingDINO  

backbone.stages.1.blocks.0.norm2.weight - torch.Size([192]): 
The value is the same before and after calling `init_weights` of GroundingDINO  

backbone.stages.1.blocks.0.norm2.bias - torch.Size([192]): 
The value is the same before and after calling `init_weights` of GroundingDINO  

backbone.stages.1.blocks.0.ffn.layers.0.0.weight - torch.Size([768, 192]): 
The value is the same before and after calling `init_weights` of GroundingDINO  

backbone.stages.1.blocks.0.ffn.layers.0.0.bias - torch.Size([768]): 
The value is the same before and after calling `init_weights` of GroundingDINO  

backbone.stages.1.blocks.0.ffn.layers.1.weight - torch.Size([192, 768]): 
The value is the same before and after calling `init_weights` of GroundingDINO  

backbone.stages.1.blocks.0.ffn.layers.1.bias - torch.Size([192]): 
The value is the same before and after calling `init_weights` of GroundingDINO  

backbone.stages.1.blocks.1.norm1.weight - torch.Size([192]): 
The value is the same before and after calling `init_weights` of GroundingDINO  

backbone.stages.1.blocks.1.norm1.bias - torch.Size([192]): 
The value is the same before and after calling `init_weights` of GroundingDINO  

backbone.stages.1.blocks.1.attn.w_msa.relative_position_bias_table - torch.Size([169, 6]): 
The value is the same before and after calling `init_weights` of GroundingDINO  

backbone.stages.1.blocks.1.attn.w_msa.qkv.weight - torch.Size([576, 192]): 
The value is the same before and after calling `init_weights` of GroundingDINO  

backbone.stages.1.blocks.1.attn.w_msa.qkv.bias - torch.Size([576]): 
The value is the same before and after calling `init_weights` of GroundingDINO  

backbone.stages.1.blocks.1.attn.w_msa.proj.weight - torch.Size([192, 192]): 
The value is the same before and after calling `init_weights` of GroundingDINO  

backbone.stages.1.blocks.1.attn.w_msa.proj.bias - torch.Size([192]): 
The value is the same before and after calling `init_weights` of GroundingDINO  

backbone.stages.1.blocks.1.norm2.weight - torch.Size([192]): 
The value is the same before and after calling `init_weights` of GroundingDINO  

backbone.stages.1.blocks.1.norm2.bias - torch.Size([192]): 
The value is the same before and after calling `init_weights` of GroundingDINO  

backbone.stages.1.blocks.1.ffn.layers.0.0.weight - torch.Size([768, 192]): 
The value is the same before and after calling `init_weights` of GroundingDINO  

backbone.stages.1.blocks.1.ffn.layers.0.0.bias - torch.Size([768]): 
The value is the same before and after calling `init_weights` of GroundingDINO  

backbone.stages.1.blocks.1.ffn.layers.1.weight - torch.Size([192, 768]): 
The value is the same before and after calling `init_weights` of GroundingDINO  

backbone.stages.1.blocks.1.ffn.layers.1.bias - torch.Size([192]): 
The value is the same before and after calling `init_weights` of GroundingDINO  

backbone.stages.1.downsample.norm.weight - torch.Size([768]): 
The value is the same before and after calling `init_weights` of GroundingDINO  

backbone.stages.1.downsample.norm.bias - torch.Size([768]): 
The value is the same before and after calling `init_weights` of GroundingDINO  

backbone.stages.1.downsample.reduction.weight - torch.Size([384, 768]): 
The value is the same before and after calling `init_weights` of GroundingDINO  

backbone.stages.2.blocks.0.norm1.weight - torch.Size([384]): 
The value is the same before and after calling `init_weights` of GroundingDINO  

backbone.stages.2.blocks.0.norm1.bias - torch.Size([384]): 
The value is the same before and after calling `init_weights` of GroundingDINO  

backbone.stages.2.blocks.0.attn.w_msa.relative_position_bias_table - torch.Size([169, 12]): 
The value is the same before and after calling `init_weights` of GroundingDINO  

backbone.stages.2.blocks.0.attn.w_msa.qkv.weight - torch.Size([1152, 384]): 
The value is the same before and after calling `init_weights` of GroundingDINO  

backbone.stages.2.blocks.0.attn.w_msa.qkv.bias - torch.Size([1152]): 
The value is the same before and after calling `init_weights` of GroundingDINO  

backbone.stages.2.blocks.0.attn.w_msa.proj.weight - torch.Size([384, 384]): 
The value is the same before and after calling `init_weights` of GroundingDINO  

backbone.stages.2.blocks.0.attn.w_msa.proj.bias - torch.Size([384]): 
The value is the same before and after calling `init_weights` of GroundingDINO  

backbone.stages.2.blocks.0.norm2.weight - torch.Size([384]): 
The value is the same before and after calling `init_weights` of GroundingDINO  

backbone.stages.2.blocks.0.norm2.bias - torch.Size([384]): 
The value is the same before and after calling `init_weights` of GroundingDINO  

backbone.stages.2.blocks.0.ffn.layers.0.0.weight - torch.Size([1536, 384]): 
The value is the same before and after calling `init_weights` of GroundingDINO  

backbone.stages.2.blocks.0.ffn.layers.0.0.bias - torch.Size([1536]): 
The value is the same before and after calling `init_weights` of GroundingDINO  

backbone.stages.2.blocks.0.ffn.layers.1.weight - torch.Size([384, 1536]): 
The value is the same before and after calling `init_weights` of GroundingDINO  

backbone.stages.2.blocks.0.ffn.layers.1.bias - torch.Size([384]): 
The value is the same before and after calling `init_weights` of GroundingDINO  

backbone.stages.2.blocks.1.norm1.weight - torch.Size([384]): 
The value is the same before and after calling `init_weights` of GroundingDINO  

backbone.stages.2.blocks.1.norm1.bias - torch.Size([384]): 
The value is the same before and after calling `init_weights` of GroundingDINO  

backbone.stages.2.blocks.1.attn.w_msa.relative_position_bias_table - torch.Size([169, 12]): 
The value is the same before and after calling `init_weights` of GroundingDINO  

backbone.stages.2.blocks.1.attn.w_msa.qkv.weight - torch.Size([1152, 384]): 
The value is the same before and after calling `init_weights` of GroundingDINO  

backbone.stages.2.blocks.1.attn.w_msa.qkv.bias - torch.Size([1152]): 
The value is the same before and after calling `init_weights` of GroundingDINO  

backbone.stages.2.blocks.1.attn.w_msa.proj.weight - torch.Size([384, 384]): 
The value is the same before and after calling `init_weights` of GroundingDINO  

backbone.stages.2.blocks.1.attn.w_msa.proj.bias - torch.Size([384]): 
The value is the same before and after calling `init_weights` of GroundingDINO  

backbone.stages.2.blocks.1.norm2.weight - torch.Size([384]): 
The value is the same before and after calling `init_weights` of GroundingDINO  

backbone.stages.2.blocks.1.norm2.bias - torch.Size([384]): 
The value is the same before and after calling `init_weights` of GroundingDINO  

backbone.stages.2.blocks.1.ffn.layers.0.0.weight - torch.Size([1536, 384]): 
The value is the same before and after calling `init_weights` of GroundingDINO  

backbone.stages.2.blocks.1.ffn.layers.0.0.bias - torch.Size([1536]): 
The value is the same before and after calling `init_weights` of GroundingDINO  

backbone.stages.2.blocks.1.ffn.layers.1.weight - torch.Size([384, 1536]): 
The value is the same before and after calling `init_weights` of GroundingDINO  

backbone.stages.2.blocks.1.ffn.layers.1.bias - torch.Size([384]): 
The value is the same before and after calling `init_weights` of GroundingDINO  

backbone.stages.2.blocks.2.norm1.weight - torch.Size([384]): 
The value is the same before and after calling `init_weights` of GroundingDINO  

backbone.stages.2.blocks.2.norm1.bias - torch.Size([384]): 
The value is the same before and after calling `init_weights` of GroundingDINO  

backbone.stages.2.blocks.2.attn.w_msa.relative_position_bias_table - torch.Size([169, 12]): 
The value is the same before and after calling `init_weights` of GroundingDINO  

backbone.stages.2.blocks.2.attn.w_msa.qkv.weight - torch.Size([1152, 384]): 
The value is the same before and after calling `init_weights` of GroundingDINO  

backbone.stages.2.blocks.2.attn.w_msa.qkv.bias - torch.Size([1152]): 
The value is the same before and after calling `init_weights` of GroundingDINO  

backbone.stages.2.blocks.2.attn.w_msa.proj.weight - torch.Size([384, 384]): 
The value is the same before and after calling `init_weights` of GroundingDINO  

backbone.stages.2.blocks.2.attn.w_msa.proj.bias - torch.Size([384]): 
The value is the same before and after calling `init_weights` of GroundingDINO  

backbone.stages.2.blocks.2.norm2.weight - torch.Size([384]): 
The value is the same before and after calling `init_weights` of GroundingDINO  

backbone.stages.2.blocks.2.norm2.bias - torch.Size([384]): 
The value is the same before and after calling `init_weights` of GroundingDINO  

backbone.stages.2.blocks.2.ffn.layers.0.0.weight - torch.Size([1536, 384]): 
The value is the same before and after calling `init_weights` of GroundingDINO  

backbone.stages.2.blocks.2.ffn.layers.0.0.bias - torch.Size([1536]): 
The value is the same before and after calling `init_weights` of GroundingDINO  

backbone.stages.2.blocks.2.ffn.layers.1.weight - torch.Size([384, 1536]): 
The value is the same before and after calling `init_weights` of GroundingDINO  

backbone.stages.2.blocks.2.ffn.layers.1.bias - torch.Size([384]): 
The value is the same before and after calling `init_weights` of GroundingDINO  

backbone.stages.2.blocks.3.norm1.weight - torch.Size([384]): 
The value is the same before and after calling `init_weights` of GroundingDINO  

backbone.stages.2.blocks.3.norm1.bias - torch.Size([384]): 
The value is the same before and after calling `init_weights` of GroundingDINO  

backbone.stages.2.blocks.3.attn.w_msa.relative_position_bias_table - torch.Size([169, 12]): 
The value is the same before and after calling `init_weights` of GroundingDINO  

backbone.stages.2.blocks.3.attn.w_msa.qkv.weight - torch.Size([1152, 384]): 
The value is the same before and after calling `init_weights` of GroundingDINO  

backbone.stages.2.blocks.3.attn.w_msa.qkv.bias - torch.Size([1152]): 
The value is the same before and after calling `init_weights` of GroundingDINO  

backbone.stages.2.blocks.3.attn.w_msa.proj.weight - torch.Size([384, 384]): 
The value is the same before and after calling `init_weights` of GroundingDINO  

backbone.stages.2.blocks.3.attn.w_msa.proj.bias - torch.Size([384]): 
The value is the same before and after calling `init_weights` of GroundingDINO  

backbone.stages.2.blocks.3.norm2.weight - torch.Size([384]): 
The value is the same before and after calling `init_weights` of GroundingDINO  

backbone.stages.2.blocks.3.norm2.bias - torch.Size([384]): 
The value is the same before and after calling `init_weights` of GroundingDINO  

backbone.stages.2.blocks.3.ffn.layers.0.0.weight - torch.Size([1536, 384]): 
The value is the same before and after calling `init_weights` of GroundingDINO  

backbone.stages.2.blocks.3.ffn.layers.0.0.bias - torch.Size([1536]): 
The value is the same before and after calling `init_weights` of GroundingDINO  

backbone.stages.2.blocks.3.ffn.layers.1.weight - torch.Size([384, 1536]): 
The value is the same before and after calling `init_weights` of GroundingDINO  

backbone.stages.2.blocks.3.ffn.layers.1.bias - torch.Size([384]): 
The value is the same before and after calling `init_weights` of GroundingDINO  

backbone.stages.2.blocks.4.norm1.weight - torch.Size([384]): 
The value is the same before and after calling `init_weights` of GroundingDINO  

backbone.stages.2.blocks.4.norm1.bias - torch.Size([384]): 
The value is the same before and after calling `init_weights` of GroundingDINO  

backbone.stages.2.blocks.4.attn.w_msa.relative_position_bias_table - torch.Size([169, 12]): 
The value is the same before and after calling `init_weights` of GroundingDINO  

backbone.stages.2.blocks.4.attn.w_msa.qkv.weight - torch.Size([1152, 384]): 
The value is the same before and after calling `init_weights` of GroundingDINO  

backbone.stages.2.blocks.4.attn.w_msa.qkv.bias - torch.Size([1152]): 
The value is the same before and after calling `init_weights` of GroundingDINO  

backbone.stages.2.blocks.4.attn.w_msa.proj.weight - torch.Size([384, 384]): 
The value is the same before and after calling `init_weights` of GroundingDINO  

backbone.stages.2.blocks.4.attn.w_msa.proj.bias - torch.Size([384]): 
The value is the same before and after calling `init_weights` of GroundingDINO  

backbone.stages.2.blocks.4.norm2.weight - torch.Size([384]): 
The value is the same before and after calling `init_weights` of GroundingDINO  

backbone.stages.2.blocks.4.norm2.bias - torch.Size([384]): 
The value is the same before and after calling `init_weights` of GroundingDINO  

backbone.stages.2.blocks.4.ffn.layers.0.0.weight - torch.Size([1536, 384]): 
The value is the same before and after calling `init_weights` of GroundingDINO  

backbone.stages.2.blocks.4.ffn.layers.0.0.bias - torch.Size([1536]): 
The value is the same before and after calling `init_weights` of GroundingDINO  

backbone.stages.2.blocks.4.ffn.layers.1.weight - torch.Size([384, 1536]): 
The value is the same before and after calling `init_weights` of GroundingDINO  

backbone.stages.2.blocks.4.ffn.layers.1.bias - torch.Size([384]): 
The value is the same before and after calling `init_weights` of GroundingDINO  

backbone.stages.2.blocks.5.norm1.weight - torch.Size([384]): 
The value is the same before and after calling `init_weights` of GroundingDINO  

backbone.stages.2.blocks.5.norm1.bias - torch.Size([384]): 
The value is the same before and after calling `init_weights` of GroundingDINO  

backbone.stages.2.blocks.5.attn.w_msa.relative_position_bias_table - torch.Size([169, 12]): 
The value is the same before and after calling `init_weights` of GroundingDINO  

backbone.stages.2.blocks.5.attn.w_msa.qkv.weight - torch.Size([1152, 384]): 
The value is the same before and after calling `init_weights` of GroundingDINO  

backbone.stages.2.blocks.5.attn.w_msa.qkv.bias - torch.Size([1152]): 
The value is the same before and after calling `init_weights` of GroundingDINO  

backbone.stages.2.blocks.5.attn.w_msa.proj.weight - torch.Size([384, 384]): 
The value is the same before and after calling `init_weights` of GroundingDINO  

backbone.stages.2.blocks.5.attn.w_msa.proj.bias - torch.Size([384]): 
The value is the same before and after calling `init_weights` of GroundingDINO  

backbone.stages.2.blocks.5.norm2.weight - torch.Size([384]): 
The value is the same before and after calling `init_weights` of GroundingDINO  

backbone.stages.2.blocks.5.norm2.bias - torch.Size([384]): 
The value is the same before and after calling `init_weights` of GroundingDINO  

backbone.stages.2.blocks.5.ffn.layers.0.0.weight - torch.Size([1536, 384]): 
The value is the same before and after calling `init_weights` of GroundingDINO  

backbone.stages.2.blocks.5.ffn.layers.0.0.bias - torch.Size([1536]): 
The value is the same before and after calling `init_weights` of GroundingDINO  

backbone.stages.2.blocks.5.ffn.layers.1.weight - torch.Size([384, 1536]): 
The value is the same before and after calling `init_weights` of GroundingDINO  

backbone.stages.2.blocks.5.ffn.layers.1.bias - torch.Size([384]): 
The value is the same before and after calling `init_weights` of GroundingDINO  

backbone.stages.2.downsample.norm.weight - torch.Size([1536]): 
The value is the same before and after calling `init_weights` of GroundingDINO  

backbone.stages.2.downsample.norm.bias - torch.Size([1536]): 
The value is the same before and after calling `init_weights` of GroundingDINO  

backbone.stages.2.downsample.reduction.weight - torch.Size([768, 1536]): 
The value is the same before and after calling `init_weights` of GroundingDINO  

backbone.stages.3.blocks.0.norm1.weight - torch.Size([768]): 
The value is the same before and after calling `init_weights` of GroundingDINO  

backbone.stages.3.blocks.0.norm1.bias - torch.Size([768]): 
The value is the same before and after calling `init_weights` of GroundingDINO  

backbone.stages.3.blocks.0.attn.w_msa.relative_position_bias_table - torch.Size([169, 24]): 
The value is the same before and after calling `init_weights` of GroundingDINO  

backbone.stages.3.blocks.0.attn.w_msa.qkv.weight - torch.Size([2304, 768]): 
The value is the same before and after calling `init_weights` of GroundingDINO  

backbone.stages.3.blocks.0.attn.w_msa.qkv.bias - torch.Size([2304]): 
The value is the same before and after calling `init_weights` of GroundingDINO  

backbone.stages.3.blocks.0.attn.w_msa.proj.weight - torch.Size([768, 768]): 
The value is the same before and after calling `init_weights` of GroundingDINO  

backbone.stages.3.blocks.0.attn.w_msa.proj.bias - torch.Size([768]): 
The value is the same before and after calling `init_weights` of GroundingDINO  

backbone.stages.3.blocks.0.norm2.weight - torch.Size([768]): 
The value is the same before and after calling `init_weights` of GroundingDINO  

backbone.stages.3.blocks.0.norm2.bias - torch.Size([768]): 
The value is the same before and after calling `init_weights` of GroundingDINO  

backbone.stages.3.blocks.0.ffn.layers.0.0.weight - torch.Size([3072, 768]): 
The value is the same before and after calling `init_weights` of GroundingDINO  

backbone.stages.3.blocks.0.ffn.layers.0.0.bias - torch.Size([3072]): 
The value is the same before and after calling `init_weights` of GroundingDINO  

backbone.stages.3.blocks.0.ffn.layers.1.weight - torch.Size([768, 3072]): 
The value is the same before and after calling `init_weights` of GroundingDINO  

backbone.stages.3.blocks.0.ffn.layers.1.bias - torch.Size([768]): 
The value is the same before and after calling `init_weights` of GroundingDINO  

backbone.stages.3.blocks.1.norm1.weight - torch.Size([768]): 
The value is the same before and after calling `init_weights` of GroundingDINO  

backbone.stages.3.blocks.1.norm1.bias - torch.Size([768]): 
The value is the same before and after calling `init_weights` of GroundingDINO  

backbone.stages.3.blocks.1.attn.w_msa.relative_position_bias_table - torch.Size([169, 24]): 
The value is the same before and after calling `init_weights` of GroundingDINO  

backbone.stages.3.blocks.1.attn.w_msa.qkv.weight - torch.Size([2304, 768]): 
The value is the same before and after calling `init_weights` of GroundingDINO  

backbone.stages.3.blocks.1.attn.w_msa.qkv.bias - torch.Size([2304]): 
The value is the same before and after calling `init_weights` of GroundingDINO  

backbone.stages.3.blocks.1.attn.w_msa.proj.weight - torch.Size([768, 768]): 
The value is the same before and after calling `init_weights` of GroundingDINO  

backbone.stages.3.blocks.1.attn.w_msa.proj.bias - torch.Size([768]): 
The value is the same before and after calling `init_weights` of GroundingDINO  

backbone.stages.3.blocks.1.norm2.weight - torch.Size([768]): 
The value is the same before and after calling `init_weights` of GroundingDINO  

backbone.stages.3.blocks.1.norm2.bias - torch.Size([768]): 
The value is the same before and after calling `init_weights` of GroundingDINO  

backbone.stages.3.blocks.1.ffn.layers.0.0.weight - torch.Size([3072, 768]): 
The value is the same before and after calling `init_weights` of GroundingDINO  

backbone.stages.3.blocks.1.ffn.layers.0.0.bias - torch.Size([3072]): 
The value is the same before and after calling `init_weights` of GroundingDINO  

backbone.stages.3.blocks.1.ffn.layers.1.weight - torch.Size([768, 3072]): 
The value is the same before and after calling `init_weights` of GroundingDINO  

backbone.stages.3.blocks.1.ffn.layers.1.bias - torch.Size([768]): 
The value is the same before and after calling `init_weights` of GroundingDINO  

backbone.norm1.weight - torch.Size([192]): 
The value is the same before and after calling `init_weights` of GroundingDINO  

backbone.norm1.bias - torch.Size([192]): 
The value is the same before and after calling `init_weights` of GroundingDINO  

backbone.norm2.weight - torch.Size([384]): 
The value is the same before and after calling `init_weights` of GroundingDINO  

backbone.norm2.bias - torch.Size([384]): 
The value is the same before and after calling `init_weights` of GroundingDINO  

backbone.norm3.weight - torch.Size([768]): 
The value is the same before and after calling `init_weights` of GroundingDINO  

backbone.norm3.bias - torch.Size([768]): 
The value is the same before and after calling `init_weights` of GroundingDINO  

neck.convs.0.conv.weight - torch.Size([256, 192, 1, 1]): 
XavierInit: gain=1, distribution=uniform, bias=0 

neck.convs.0.conv.bias - torch.Size([256]): 
The value is the same before and after calling `init_weights` of GroundingDINO  

neck.convs.0.gn.weight - torch.Size([256]): 
The value is the same before and after calling `init_weights` of GroundingDINO  

neck.convs.0.gn.bias - torch.Size([256]): 
The value is the same before and after calling `init_weights` of GroundingDINO  

neck.convs.1.conv.weight - torch.Size([256, 384, 1, 1]): 
XavierInit: gain=1, distribution=uniform, bias=0 

neck.convs.1.conv.bias - torch.Size([256]): 
The value is the same before and after calling `init_weights` of GroundingDINO  

neck.convs.1.gn.weight - torch.Size([256]): 
The value is the same before and after calling `init_weights` of GroundingDINO  

neck.convs.1.gn.bias - torch.Size([256]): 
The value is the same before and after calling `init_weights` of GroundingDINO  

neck.convs.2.conv.weight - torch.Size([256, 768, 1, 1]): 
XavierInit: gain=1, distribution=uniform, bias=0 

neck.convs.2.conv.bias - torch.Size([256]): 
The value is the same before and after calling `init_weights` of GroundingDINO  

neck.convs.2.gn.weight - torch.Size([256]): 
The value is the same before and after calling `init_weights` of GroundingDINO  

neck.convs.2.gn.bias - torch.Size([256]): 
The value is the same before and after calling `init_weights` of GroundingDINO  

neck.extra_convs.0.conv.weight - torch.Size([256, 768, 3, 3]): 
XavierInit: gain=1, distribution=uniform, bias=0 

neck.extra_convs.0.conv.bias - torch.Size([256]): 
The value is the same before and after calling `init_weights` of GroundingDINO  

neck.extra_convs.0.gn.weight - torch.Size([256]): 
The value is the same before and after calling `init_weights` of GroundingDINO  

neck.extra_convs.0.gn.bias - torch.Size([256]): 
The value is the same before and after calling `init_weights` of GroundingDINO  

bbox_head.cls_branches.0.bias - torch.Size([1]): 
The value is the same before and after calling `init_weights` of GroundingDINO  

bbox_head.cls_branches.1.bias - torch.Size([1]): 
The value is the same before and after calling `init_weights` of GroundingDINO  

bbox_head.cls_branches.2.bias - torch.Size([1]): 
The value is the same before and after calling `init_weights` of GroundingDINO  

bbox_head.cls_branches.3.bias - torch.Size([1]): 
The value is the same before and after calling `init_weights` of GroundingDINO  

bbox_head.cls_branches.4.bias - torch.Size([1]): 
The value is the same before and after calling `init_weights` of GroundingDINO  

bbox_head.cls_branches.5.bias - torch.Size([1]): 
The value is the same before and after calling `init_weights` of GroundingDINO  

bbox_head.cls_branches.6.bias - torch.Size([1]): 
The value is the same before and after calling `init_weights` of GroundingDINO  

bbox_head.reg_branches.0.0.weight - torch.Size([256, 256]): 
The value is the same before and after calling `init_weights` of GroundingDINO  

bbox_head.reg_branches.0.0.bias - torch.Size([256]): 
The value is the same before and after calling `init_weights` of GroundingDINO  

bbox_head.reg_branches.0.2.weight - torch.Size([256, 256]): 
The value is the same before and after calling `init_weights` of GroundingDINO  

bbox_head.reg_branches.0.2.bias - torch.Size([256]): 
The value is the same before and after calling `init_weights` of GroundingDINO  

bbox_head.reg_branches.0.4.weight - torch.Size([4, 256]): 
Initialized by user-defined `init_weights` in GroundingDINOHead  

bbox_head.reg_branches.0.4.bias - torch.Size([4]): 
Initialized by user-defined `init_weights` in GroundingDINOHead  

bbox_head.reg_branches.1.0.weight - torch.Size([256, 256]): 
The value is the same before and after calling `init_weights` of GroundingDINO  

bbox_head.reg_branches.1.0.bias - torch.Size([256]): 
The value is the same before and after calling `init_weights` of GroundingDINO  

bbox_head.reg_branches.1.2.weight - torch.Size([256, 256]): 
The value is the same before and after calling `init_weights` of GroundingDINO  

bbox_head.reg_branches.1.2.bias - torch.Size([256]): 
The value is the same before and after calling `init_weights` of GroundingDINO  

bbox_head.reg_branches.1.4.weight - torch.Size([4, 256]): 
Initialized by user-defined `init_weights` in GroundingDINOHead  

bbox_head.reg_branches.1.4.bias - torch.Size([4]): 
Initialized by user-defined `init_weights` in GroundingDINOHead  

bbox_head.reg_branches.2.0.weight - torch.Size([256, 256]): 
The value is the same before and after calling `init_weights` of GroundingDINO  

bbox_head.reg_branches.2.0.bias - torch.Size([256]): 
The value is the same before and after calling `init_weights` of GroundingDINO  

bbox_head.reg_branches.2.2.weight - torch.Size([256, 256]): 
The value is the same before and after calling `init_weights` of GroundingDINO  

bbox_head.reg_branches.2.2.bias - torch.Size([256]): 
The value is the same before and after calling `init_weights` of GroundingDINO  

bbox_head.reg_branches.2.4.weight - torch.Size([4, 256]): 
Initialized by user-defined `init_weights` in GroundingDINOHead  

bbox_head.reg_branches.2.4.bias - torch.Size([4]): 
Initialized by user-defined `init_weights` in GroundingDINOHead  

bbox_head.reg_branches.3.0.weight - torch.Size([256, 256]): 
The value is the same before and after calling `init_weights` of GroundingDINO  

bbox_head.reg_branches.3.0.bias - torch.Size([256]): 
The value is the same before and after calling `init_weights` of GroundingDINO  

bbox_head.reg_branches.3.2.weight - torch.Size([256, 256]): 
The value is the same before and after calling `init_weights` of GroundingDINO  

bbox_head.reg_branches.3.2.bias - torch.Size([256]): 
The value is the same before and after calling `init_weights` of GroundingDINO  

bbox_head.reg_branches.3.4.weight - torch.Size([4, 256]): 
Initialized by user-defined `init_weights` in GroundingDINOHead  

bbox_head.reg_branches.3.4.bias - torch.Size([4]): 
Initialized by user-defined `init_weights` in GroundingDINOHead  

bbox_head.reg_branches.4.0.weight - torch.Size([256, 256]): 
The value is the same before and after calling `init_weights` of GroundingDINO  

bbox_head.reg_branches.4.0.bias - torch.Size([256]): 
The value is the same before and after calling `init_weights` of GroundingDINO  

bbox_head.reg_branches.4.2.weight - torch.Size([256, 256]): 
The value is the same before and after calling `init_weights` of GroundingDINO  

bbox_head.reg_branches.4.2.bias - torch.Size([256]): 
The value is the same before and after calling `init_weights` of GroundingDINO  

bbox_head.reg_branches.4.4.weight - torch.Size([4, 256]): 
Initialized by user-defined `init_weights` in GroundingDINOHead  

bbox_head.reg_branches.4.4.bias - torch.Size([4]): 
Initialized by user-defined `init_weights` in GroundingDINOHead  

bbox_head.reg_branches.5.0.weight - torch.Size([256, 256]): 
The value is the same before and after calling `init_weights` of GroundingDINO  

bbox_head.reg_branches.5.0.bias - torch.Size([256]): 
The value is the same before and after calling `init_weights` of GroundingDINO  

bbox_head.reg_branches.5.2.weight - torch.Size([256, 256]): 
The value is the same before and after calling `init_weights` of GroundingDINO  

bbox_head.reg_branches.5.2.bias - torch.Size([256]): 
The value is the same before and after calling `init_weights` of GroundingDINO  

bbox_head.reg_branches.5.4.weight - torch.Size([4, 256]): 
Initialized by user-defined `init_weights` in GroundingDINOHead  

bbox_head.reg_branches.5.4.bias - torch.Size([4]): 
Initialized by user-defined `init_weights` in GroundingDINOHead  

bbox_head.reg_branches.6.0.weight - torch.Size([256, 256]): 
The value is the same before and after calling `init_weights` of GroundingDINO  

bbox_head.reg_branches.6.0.bias - torch.Size([256]): 
The value is the same before and after calling `init_weights` of GroundingDINO  

bbox_head.reg_branches.6.2.weight - torch.Size([256, 256]): 
The value is the same before and after calling `init_weights` of GroundingDINO  

bbox_head.reg_branches.6.2.bias - torch.Size([256]): 
The value is the same before and after calling `init_weights` of GroundingDINO  

bbox_head.reg_branches.6.4.weight - torch.Size([4, 256]): 
Initialized by user-defined `init_weights` in GroundingDINOHead  

bbox_head.reg_branches.6.4.bias - torch.Size([4]): 
Initialized by user-defined `init_weights` in GroundingDINOHead  

encoder.layers.0.self_attn.sampling_offsets.weight - torch.Size([256, 256]): 
The value is the same before and after calling `init_weights` of GroundingDINO  

encoder.layers.0.self_attn.sampling_offsets.bias - torch.Size([256]): 
The value is the same before and after calling `init_weights` of GroundingDINO  

encoder.layers.0.self_attn.attention_weights.weight - torch.Size([128, 256]): 
The value is the same before and after calling `init_weights` of GroundingDINO  

encoder.layers.0.self_attn.attention_weights.bias - torch.Size([128]): 
The value is the same before and after calling `init_weights` of GroundingDINO  

encoder.layers.0.self_attn.value_proj.weight - torch.Size([256, 256]): 
The value is the same before and after calling `init_weights` of GroundingDINO  

encoder.layers.0.self_attn.value_proj.bias - torch.Size([256]): 
The value is the same before and after calling `init_weights` of GroundingDINO  

encoder.layers.0.self_attn.output_proj.weight - torch.Size([256, 256]): 
The value is the same before and after calling `init_weights` of GroundingDINO  

encoder.layers.0.self_attn.output_proj.bias - torch.Size([256]): 
The value is the same before and after calling `init_weights` of GroundingDINO  

encoder.layers.0.ffn.layers.0.0.weight - torch.Size([2048, 256]): 
The value is the same before and after calling `init_weights` of GroundingDINO  

encoder.layers.0.ffn.layers.0.0.bias - torch.Size([2048]): 
The value is the same before and after calling `init_weights` of GroundingDINO  

encoder.layers.0.ffn.layers.1.weight - torch.Size([256, 2048]): 
The value is the same before and after calling `init_weights` of GroundingDINO  

encoder.layers.0.ffn.layers.1.bias - torch.Size([256]): 
The value is the same before and after calling `init_weights` of GroundingDINO  

encoder.layers.0.norms.0.weight - torch.Size([256]): 
The value is the same before and after calling `init_weights` of GroundingDINO  

encoder.layers.0.norms.0.bias - torch.Size([256]): 
The value is the same before and after calling `init_weights` of GroundingDINO  

encoder.layers.0.norms.1.weight - torch.Size([256]): 
The value is the same before and after calling `init_weights` of GroundingDINO  

encoder.layers.0.norms.1.bias - torch.Size([256]): 
The value is the same before and after calling `init_weights` of GroundingDINO  

encoder.layers.1.self_attn.sampling_offsets.weight - torch.Size([256, 256]): 
The value is the same before and after calling `init_weights` of GroundingDINO  

encoder.layers.1.self_attn.sampling_offsets.bias - torch.Size([256]): 
The value is the same before and after calling `init_weights` of GroundingDINO  

encoder.layers.1.self_attn.attention_weights.weight - torch.Size([128, 256]): 
The value is the same before and after calling `init_weights` of GroundingDINO  

encoder.layers.1.self_attn.attention_weights.bias - torch.Size([128]): 
The value is the same before and after calling `init_weights` of GroundingDINO  

encoder.layers.1.self_attn.value_proj.weight - torch.Size([256, 256]): 
The value is the same before and after calling `init_weights` of GroundingDINO  

encoder.layers.1.self_attn.value_proj.bias - torch.Size([256]): 
The value is the same before and after calling `init_weights` of GroundingDINO  

encoder.layers.1.self_attn.output_proj.weight - torch.Size([256, 256]): 
The value is the same before and after calling `init_weights` of GroundingDINO  

encoder.layers.1.self_attn.output_proj.bias - torch.Size([256]): 
The value is the same before and after calling `init_weights` of GroundingDINO  

encoder.layers.1.ffn.layers.0.0.weight - torch.Size([2048, 256]): 
The value is the same before and after calling `init_weights` of GroundingDINO  

encoder.layers.1.ffn.layers.0.0.bias - torch.Size([2048]): 
The value is the same before and after calling `init_weights` of GroundingDINO  

encoder.layers.1.ffn.layers.1.weight - torch.Size([256, 2048]): 
The value is the same before and after calling `init_weights` of GroundingDINO  

encoder.layers.1.ffn.layers.1.bias - torch.Size([256]): 
The value is the same before and after calling `init_weights` of GroundingDINO  

encoder.layers.1.norms.0.weight - torch.Size([256]): 
The value is the same before and after calling `init_weights` of GroundingDINO  

encoder.layers.1.norms.0.bias - torch.Size([256]): 
The value is the same before and after calling `init_weights` of GroundingDINO  

encoder.layers.1.norms.1.weight - torch.Size([256]): 
The value is the same before and after calling `init_weights` of GroundingDINO  

encoder.layers.1.norms.1.bias - torch.Size([256]): 
The value is the same before and after calling `init_weights` of GroundingDINO  

encoder.layers.2.self_attn.sampling_offsets.weight - torch.Size([256, 256]): 
The value is the same before and after calling `init_weights` of GroundingDINO  

encoder.layers.2.self_attn.sampling_offsets.bias - torch.Size([256]): 
The value is the same before and after calling `init_weights` of GroundingDINO  

encoder.layers.2.self_attn.attention_weights.weight - torch.Size([128, 256]): 
The value is the same before and after calling `init_weights` of GroundingDINO  

encoder.layers.2.self_attn.attention_weights.bias - torch.Size([128]): 
The value is the same before and after calling `init_weights` of GroundingDINO  

encoder.layers.2.self_attn.value_proj.weight - torch.Size([256, 256]): 
The value is the same before and after calling `init_weights` of GroundingDINO  

encoder.layers.2.self_attn.value_proj.bias - torch.Size([256]): 
The value is the same before and after calling `init_weights` of GroundingDINO  

encoder.layers.2.self_attn.output_proj.weight - torch.Size([256, 256]): 
The value is the same before and after calling `init_weights` of GroundingDINO  

encoder.layers.2.self_attn.output_proj.bias - torch.Size([256]): 
The value is the same before and after calling `init_weights` of GroundingDINO  

encoder.layers.2.ffn.layers.0.0.weight - torch.Size([2048, 256]): 
The value is the same before and after calling `init_weights` of GroundingDINO  

encoder.layers.2.ffn.layers.0.0.bias - torch.Size([2048]): 
The value is the same before and after calling `init_weights` of GroundingDINO  

encoder.layers.2.ffn.layers.1.weight - torch.Size([256, 2048]): 
The value is the same before and after calling `init_weights` of GroundingDINO  

encoder.layers.2.ffn.layers.1.bias - torch.Size([256]): 
The value is the same before and after calling `init_weights` of GroundingDINO  

encoder.layers.2.norms.0.weight - torch.Size([256]): 
The value is the same before and after calling `init_weights` of GroundingDINO  

encoder.layers.2.norms.0.bias - torch.Size([256]): 
The value is the same before and after calling `init_weights` of GroundingDINO  

encoder.layers.2.norms.1.weight - torch.Size([256]): 
The value is the same before and after calling `init_weights` of GroundingDINO  

encoder.layers.2.norms.1.bias - torch.Size([256]): 
The value is the same before and after calling `init_weights` of GroundingDINO  

encoder.layers.3.self_attn.sampling_offsets.weight - torch.Size([256, 256]): 
The value is the same before and after calling `init_weights` of GroundingDINO  

encoder.layers.3.self_attn.sampling_offsets.bias - torch.Size([256]): 
The value is the same before and after calling `init_weights` of GroundingDINO  

encoder.layers.3.self_attn.attention_weights.weight - torch.Size([128, 256]): 
The value is the same before and after calling `init_weights` of GroundingDINO  

encoder.layers.3.self_attn.attention_weights.bias - torch.Size([128]): 
The value is the same before and after calling `init_weights` of GroundingDINO  

encoder.layers.3.self_attn.value_proj.weight - torch.Size([256, 256]): 
The value is the same before and after calling `init_weights` of GroundingDINO  

encoder.layers.3.self_attn.value_proj.bias - torch.Size([256]): 
The value is the same before and after calling `init_weights` of GroundingDINO  

encoder.layers.3.self_attn.output_proj.weight - torch.Size([256, 256]): 
The value is the same before and after calling `init_weights` of GroundingDINO  

encoder.layers.3.self_attn.output_proj.bias - torch.Size([256]): 
The value is the same before and after calling `init_weights` of GroundingDINO  

encoder.layers.3.ffn.layers.0.0.weight - torch.Size([2048, 256]): 
The value is the same before and after calling `init_weights` of GroundingDINO  

encoder.layers.3.ffn.layers.0.0.bias - torch.Size([2048]): 
The value is the same before and after calling `init_weights` of GroundingDINO  

encoder.layers.3.ffn.layers.1.weight - torch.Size([256, 2048]): 
The value is the same before and after calling `init_weights` of GroundingDINO  

encoder.layers.3.ffn.layers.1.bias - torch.Size([256]): 
The value is the same before and after calling `init_weights` of GroundingDINO  

encoder.layers.3.norms.0.weight - torch.Size([256]): 
The value is the same before and after calling `init_weights` of GroundingDINO  

encoder.layers.3.norms.0.bias - torch.Size([256]): 
The value is the same before and after calling `init_weights` of GroundingDINO  

encoder.layers.3.norms.1.weight - torch.Size([256]): 
The value is the same before and after calling `init_weights` of GroundingDINO  

encoder.layers.3.norms.1.bias - torch.Size([256]): 
The value is the same before and after calling `init_weights` of GroundingDINO  

encoder.layers.4.self_attn.sampling_offsets.weight - torch.Size([256, 256]): 
The value is the same before and after calling `init_weights` of GroundingDINO  

encoder.layers.4.self_attn.sampling_offsets.bias - torch.Size([256]): 
The value is the same before and after calling `init_weights` of GroundingDINO  

encoder.layers.4.self_attn.attention_weights.weight - torch.Size([128, 256]): 
The value is the same before and after calling `init_weights` of GroundingDINO  

encoder.layers.4.self_attn.attention_weights.bias - torch.Size([128]): 
The value is the same before and after calling `init_weights` of GroundingDINO  

encoder.layers.4.self_attn.value_proj.weight - torch.Size([256, 256]): 
The value is the same before and after calling `init_weights` of GroundingDINO  

encoder.layers.4.self_attn.value_proj.bias - torch.Size([256]): 
The value is the same before and after calling `init_weights` of GroundingDINO  

encoder.layers.4.self_attn.output_proj.weight - torch.Size([256, 256]): 
The value is the same before and after calling `init_weights` of GroundingDINO  

encoder.layers.4.self_attn.output_proj.bias - torch.Size([256]): 
The value is the same before and after calling `init_weights` of GroundingDINO  

encoder.layers.4.ffn.layers.0.0.weight - torch.Size([2048, 256]): 
The value is the same before and after calling `init_weights` of GroundingDINO  

encoder.layers.4.ffn.layers.0.0.bias - torch.Size([2048]): 
The value is the same before and after calling `init_weights` of GroundingDINO  

encoder.layers.4.ffn.layers.1.weight - torch.Size([256, 2048]): 
The value is the same before and after calling `init_weights` of GroundingDINO  

encoder.layers.4.ffn.layers.1.bias - torch.Size([256]): 
The value is the same before and after calling `init_weights` of GroundingDINO  

encoder.layers.4.norms.0.weight - torch.Size([256]): 
The value is the same before and after calling `init_weights` of GroundingDINO  

encoder.layers.4.norms.0.bias - torch.Size([256]): 
The value is the same before and after calling `init_weights` of GroundingDINO  

encoder.layers.4.norms.1.weight - torch.Size([256]): 
The value is the same before and after calling `init_weights` of GroundingDINO  

encoder.layers.4.norms.1.bias - torch.Size([256]): 
The value is the same before and after calling `init_weights` of GroundingDINO  

encoder.layers.5.self_attn.sampling_offsets.weight - torch.Size([256, 256]): 
The value is the same before and after calling `init_weights` of GroundingDINO  

encoder.layers.5.self_attn.sampling_offsets.bias - torch.Size([256]): 
The value is the same before and after calling `init_weights` of GroundingDINO  

encoder.layers.5.self_attn.attention_weights.weight - torch.Size([128, 256]): 
The value is the same before and after calling `init_weights` of GroundingDINO  

encoder.layers.5.self_attn.attention_weights.bias - torch.Size([128]): 
The value is the same before and after calling `init_weights` of GroundingDINO  

encoder.layers.5.self_attn.value_proj.weight - torch.Size([256, 256]): 
The value is the same before and after calling `init_weights` of GroundingDINO  

encoder.layers.5.self_attn.value_proj.bias - torch.Size([256]): 
The value is the same before and after calling `init_weights` of GroundingDINO  

encoder.layers.5.self_attn.output_proj.weight - torch.Size([256, 256]): 
The value is the same before and after calling `init_weights` of GroundingDINO  

encoder.layers.5.self_attn.output_proj.bias - torch.Size([256]): 
The value is the same before and after calling `init_weights` of GroundingDINO  

encoder.layers.5.ffn.layers.0.0.weight - torch.Size([2048, 256]): 
The value is the same before and after calling `init_weights` of GroundingDINO  

encoder.layers.5.ffn.layers.0.0.bias - torch.Size([2048]): 
The value is the same before and after calling `init_weights` of GroundingDINO  

encoder.layers.5.ffn.layers.1.weight - torch.Size([256, 2048]): 
The value is the same before and after calling `init_weights` of GroundingDINO  

encoder.layers.5.ffn.layers.1.bias - torch.Size([256]): 
The value is the same before and after calling `init_weights` of GroundingDINO  

encoder.layers.5.norms.0.weight - torch.Size([256]): 
The value is the same before and after calling `init_weights` of GroundingDINO  

encoder.layers.5.norms.0.bias - torch.Size([256]): 
The value is the same before and after calling `init_weights` of GroundingDINO  

encoder.layers.5.norms.1.weight - torch.Size([256]): 
The value is the same before and after calling `init_weights` of GroundingDINO  

encoder.layers.5.norms.1.bias - torch.Size([256]): 
The value is the same before and after calling `init_weights` of GroundingDINO  

encoder.text_layers.0.self_attn.attn.in_proj_weight - torch.Size([768, 256]): 
The value is the same before and after calling `init_weights` of GroundingDINO  

encoder.text_layers.0.self_attn.attn.in_proj_bias - torch.Size([768]): 
The value is the same before and after calling `init_weights` of GroundingDINO  

encoder.text_layers.0.self_attn.attn.out_proj.weight - torch.Size([256, 256]): 
The value is the same before and after calling `init_weights` of GroundingDINO  

encoder.text_layers.0.self_attn.attn.out_proj.bias - torch.Size([256]): 
The value is the same before and after calling `init_weights` of GroundingDINO  

encoder.text_layers.0.ffn.layers.0.0.weight - torch.Size([1024, 256]): 
The value is the same before and after calling `init_weights` of GroundingDINO  

encoder.text_layers.0.ffn.layers.0.0.bias - torch.Size([1024]): 
The value is the same before and after calling `init_weights` of GroundingDINO  

encoder.text_layers.0.ffn.layers.1.weight - torch.Size([256, 1024]): 
The value is the same before and after calling `init_weights` of GroundingDINO  

encoder.text_layers.0.ffn.layers.1.bias - torch.Size([256]): 
The value is the same before and after calling `init_weights` of GroundingDINO  

encoder.text_layers.0.norms.0.weight - torch.Size([256]): 
The value is the same before and after calling `init_weights` of GroundingDINO  

encoder.text_layers.0.norms.0.bias - torch.Size([256]): 
The value is the same before and after calling `init_weights` of GroundingDINO  

encoder.text_layers.0.norms.1.weight - torch.Size([256]): 
The value is the same before and after calling `init_weights` of GroundingDINO  

encoder.text_layers.0.norms.1.bias - torch.Size([256]): 
The value is the same before and after calling `init_weights` of GroundingDINO  

encoder.text_layers.1.self_attn.attn.in_proj_weight - torch.Size([768, 256]): 
The value is the same before and after calling `init_weights` of GroundingDINO  

encoder.text_layers.1.self_attn.attn.in_proj_bias - torch.Size([768]): 
The value is the same before and after calling `init_weights` of GroundingDINO  

encoder.text_layers.1.self_attn.attn.out_proj.weight - torch.Size([256, 256]): 
The value is the same before and after calling `init_weights` of GroundingDINO  

encoder.text_layers.1.self_attn.attn.out_proj.bias - torch.Size([256]): 
The value is the same before and after calling `init_weights` of GroundingDINO  

encoder.text_layers.1.ffn.layers.0.0.weight - torch.Size([1024, 256]): 
The value is the same before and after calling `init_weights` of GroundingDINO  

encoder.text_layers.1.ffn.layers.0.0.bias - torch.Size([1024]): 
The value is the same before and after calling `init_weights` of GroundingDINO  

encoder.text_layers.1.ffn.layers.1.weight - torch.Size([256, 1024]): 
The value is the same before and after calling `init_weights` of GroundingDINO  

encoder.text_layers.1.ffn.layers.1.bias - torch.Size([256]): 
The value is the same before and after calling `init_weights` of GroundingDINO  

encoder.text_layers.1.norms.0.weight - torch.Size([256]): 
The value is the same before and after calling `init_weights` of GroundingDINO  

encoder.text_layers.1.norms.0.bias - torch.Size([256]): 
The value is the same before and after calling `init_weights` of GroundingDINO  

encoder.text_layers.1.norms.1.weight - torch.Size([256]): 
The value is the same before and after calling `init_weights` of GroundingDINO  

encoder.text_layers.1.norms.1.bias - torch.Size([256]): 
The value is the same before and after calling `init_weights` of GroundingDINO  

encoder.text_layers.2.self_attn.attn.in_proj_weight - torch.Size([768, 256]): 
The value is the same before and after calling `init_weights` of GroundingDINO  

encoder.text_layers.2.self_attn.attn.in_proj_bias - torch.Size([768]): 
The value is the same before and after calling `init_weights` of GroundingDINO  

encoder.text_layers.2.self_attn.attn.out_proj.weight - torch.Size([256, 256]): 
The value is the same before and after calling `init_weights` of GroundingDINO  

encoder.text_layers.2.self_attn.attn.out_proj.bias - torch.Size([256]): 
The value is the same before and after calling `init_weights` of GroundingDINO  

encoder.text_layers.2.ffn.layers.0.0.weight - torch.Size([1024, 256]): 
The value is the same before and after calling `init_weights` of GroundingDINO  

encoder.text_layers.2.ffn.layers.0.0.bias - torch.Size([1024]): 
The value is the same before and after calling `init_weights` of GroundingDINO  

encoder.text_layers.2.ffn.layers.1.weight - torch.Size([256, 1024]): 
The value is the same before and after calling `init_weights` of GroundingDINO  

encoder.text_layers.2.ffn.layers.1.bias - torch.Size([256]): 
The value is the same before and after calling `init_weights` of GroundingDINO  

encoder.text_layers.2.norms.0.weight - torch.Size([256]): 
The value is the same before and after calling `init_weights` of GroundingDINO  

encoder.text_layers.2.norms.0.bias - torch.Size([256]): 
The value is the same before and after calling `init_weights` of GroundingDINO  

encoder.text_layers.2.norms.1.weight - torch.Size([256]): 
The value is the same before and after calling `init_weights` of GroundingDINO  

encoder.text_layers.2.norms.1.bias - torch.Size([256]): 
The value is the same before and after calling `init_weights` of GroundingDINO  

encoder.text_layers.3.self_attn.attn.in_proj_weight - torch.Size([768, 256]): 
The value is the same before and after calling `init_weights` of GroundingDINO  

encoder.text_layers.3.self_attn.attn.in_proj_bias - torch.Size([768]): 
The value is the same before and after calling `init_weights` of GroundingDINO  

encoder.text_layers.3.self_attn.attn.out_proj.weight - torch.Size([256, 256]): 
The value is the same before and after calling `init_weights` of GroundingDINO  

encoder.text_layers.3.self_attn.attn.out_proj.bias - torch.Size([256]): 
The value is the same before and after calling `init_weights` of GroundingDINO  

encoder.text_layers.3.ffn.layers.0.0.weight - torch.Size([1024, 256]): 
The value is the same before and after calling `init_weights` of GroundingDINO  

encoder.text_layers.3.ffn.layers.0.0.bias - torch.Size([1024]): 
The value is the same before and after calling `init_weights` of GroundingDINO  

encoder.text_layers.3.ffn.layers.1.weight - torch.Size([256, 1024]): 
The value is the same before and after calling `init_weights` of GroundingDINO  

encoder.text_layers.3.ffn.layers.1.bias - torch.Size([256]): 
The value is the same before and after calling `init_weights` of GroundingDINO  

encoder.text_layers.3.norms.0.weight - torch.Size([256]): 
The value is the same before and after calling `init_weights` of GroundingDINO  

encoder.text_layers.3.norms.0.bias - torch.Size([256]): 
The value is the same before and after calling `init_weights` of GroundingDINO  

encoder.text_layers.3.norms.1.weight - torch.Size([256]): 
The value is the same before and after calling `init_weights` of GroundingDINO  

encoder.text_layers.3.norms.1.bias - torch.Size([256]): 
The value is the same before and after calling `init_weights` of GroundingDINO  

encoder.text_layers.4.self_attn.attn.in_proj_weight - torch.Size([768, 256]): 
The value is the same before and after calling `init_weights` of GroundingDINO  

encoder.text_layers.4.self_attn.attn.in_proj_bias - torch.Size([768]): 
The value is the same before and after calling `init_weights` of GroundingDINO  

encoder.text_layers.4.self_attn.attn.out_proj.weight - torch.Size([256, 256]): 
The value is the same before and after calling `init_weights` of GroundingDINO  

encoder.text_layers.4.self_attn.attn.out_proj.bias - torch.Size([256]): 
The value is the same before and after calling `init_weights` of GroundingDINO  

encoder.text_layers.4.ffn.layers.0.0.weight - torch.Size([1024, 256]): 
The value is the same before and after calling `init_weights` of GroundingDINO  

encoder.text_layers.4.ffn.layers.0.0.bias - torch.Size([1024]): 
The value is the same before and after calling `init_weights` of GroundingDINO  

encoder.text_layers.4.ffn.layers.1.weight - torch.Size([256, 1024]): 
The value is the same before and after calling `init_weights` of GroundingDINO  

encoder.text_layers.4.ffn.layers.1.bias - torch.Size([256]): 
The value is the same before and after calling `init_weights` of GroundingDINO  

encoder.text_layers.4.norms.0.weight - torch.Size([256]): 
The value is the same before and after calling `init_weights` of GroundingDINO  

encoder.text_layers.4.norms.0.bias - torch.Size([256]): 
The value is the same before and after calling `init_weights` of GroundingDINO  

encoder.text_layers.4.norms.1.weight - torch.Size([256]): 
The value is the same before and after calling `init_weights` of GroundingDINO  

encoder.text_layers.4.norms.1.bias - torch.Size([256]): 
The value is the same before and after calling `init_weights` of GroundingDINO  

encoder.text_layers.5.self_attn.attn.in_proj_weight - torch.Size([768, 256]): 
The value is the same before and after calling `init_weights` of GroundingDINO  

encoder.text_layers.5.self_attn.attn.in_proj_bias - torch.Size([768]): 
The value is the same before and after calling `init_weights` of GroundingDINO  

encoder.text_layers.5.self_attn.attn.out_proj.weight - torch.Size([256, 256]): 
The value is the same before and after calling `init_weights` of GroundingDINO  

encoder.text_layers.5.self_attn.attn.out_proj.bias - torch.Size([256]): 
The value is the same before and after calling `init_weights` of GroundingDINO  

encoder.text_layers.5.ffn.layers.0.0.weight - torch.Size([1024, 256]): 
The value is the same before and after calling `init_weights` of GroundingDINO  

encoder.text_layers.5.ffn.layers.0.0.bias - torch.Size([1024]): 
The value is the same before and after calling `init_weights` of GroundingDINO  

encoder.text_layers.5.ffn.layers.1.weight - torch.Size([256, 1024]): 
The value is the same before and after calling `init_weights` of GroundingDINO  

encoder.text_layers.5.ffn.layers.1.bias - torch.Size([256]): 
The value is the same before and after calling `init_weights` of GroundingDINO  

encoder.text_layers.5.norms.0.weight - torch.Size([256]): 
The value is the same before and after calling `init_weights` of GroundingDINO  

encoder.text_layers.5.norms.0.bias - torch.Size([256]): 
The value is the same before and after calling `init_weights` of GroundingDINO  

encoder.text_layers.5.norms.1.weight - torch.Size([256]): 
The value is the same before and after calling `init_weights` of GroundingDINO  

encoder.text_layers.5.norms.1.bias - torch.Size([256]): 
The value is the same before and after calling `init_weights` of GroundingDINO  

encoder.fusion_layers.0.gamma_v - torch.Size([256]): 
The value is the same before and after calling `init_weights` of GroundingDINO  

encoder.fusion_layers.0.gamma_l - torch.Size([256]): 
The value is the same before and after calling `init_weights` of GroundingDINO  

encoder.fusion_layers.0.layer_norm_v.weight - torch.Size([256]): 
The value is the same before and after calling `init_weights` of GroundingDINO  

encoder.fusion_layers.0.layer_norm_v.bias - torch.Size([256]): 
The value is the same before and after calling `init_weights` of GroundingDINO  

encoder.fusion_layers.0.layer_norm_l.weight - torch.Size([256]): 
The value is the same before and after calling `init_weights` of GroundingDINO  

encoder.fusion_layers.0.layer_norm_l.bias - torch.Size([256]): 
The value is the same before and after calling `init_weights` of GroundingDINO  

encoder.fusion_layers.0.attn.v_proj.weight - torch.Size([1024, 256]): 
The value is the same before and after calling `init_weights` of GroundingDINO  

encoder.fusion_layers.0.attn.v_proj.bias - torch.Size([1024]): 
The value is the same before and after calling `init_weights` of GroundingDINO  

encoder.fusion_layers.0.attn.l_proj.weight - torch.Size([1024, 256]): 
The value is the same before and after calling `init_weights` of GroundingDINO  

encoder.fusion_layers.0.attn.l_proj.bias - torch.Size([1024]): 
The value is the same before and after calling `init_weights` of GroundingDINO  

encoder.fusion_layers.0.attn.values_v_proj.weight - torch.Size([1024, 256]): 
The value is the same before and after calling `init_weights` of GroundingDINO  

encoder.fusion_layers.0.attn.values_v_proj.bias - torch.Size([1024]): 
The value is the same before and after calling `init_weights` of GroundingDINO  

encoder.fusion_layers.0.attn.values_l_proj.weight - torch.Size([1024, 256]): 
The value is the same before and after calling `init_weights` of GroundingDINO  

encoder.fusion_layers.0.attn.values_l_proj.bias - torch.Size([1024]): 
The value is the same before and after calling `init_weights` of GroundingDINO  

encoder.fusion_layers.0.attn.out_v_proj.weight - torch.Size([256, 1024]): 
The value is the same before and after calling `init_weights` of GroundingDINO  

encoder.fusion_layers.0.attn.out_v_proj.bias - torch.Size([256]): 
The value is the same before and after calling `init_weights` of GroundingDINO  

encoder.fusion_layers.0.attn.out_l_proj.weight - torch.Size([256, 1024]): 
The value is the same before and after calling `init_weights` of GroundingDINO  

encoder.fusion_layers.0.attn.out_l_proj.bias - torch.Size([256]): 
The value is the same before and after calling `init_weights` of GroundingDINO  

encoder.fusion_layers.1.gamma_v - torch.Size([256]): 
The value is the same before and after calling `init_weights` of GroundingDINO  

encoder.fusion_layers.1.gamma_l - torch.Size([256]): 
The value is the same before and after calling `init_weights` of GroundingDINO  

encoder.fusion_layers.1.layer_norm_v.weight - torch.Size([256]): 
The value is the same before and after calling `init_weights` of GroundingDINO  

encoder.fusion_layers.1.layer_norm_v.bias - torch.Size([256]): 
The value is the same before and after calling `init_weights` of GroundingDINO  

encoder.fusion_layers.1.layer_norm_l.weight - torch.Size([256]): 
The value is the same before and after calling `init_weights` of GroundingDINO  

encoder.fusion_layers.1.layer_norm_l.bias - torch.Size([256]): 
The value is the same before and after calling `init_weights` of GroundingDINO  

encoder.fusion_layers.1.attn.v_proj.weight - torch.Size([1024, 256]): 
The value is the same before and after calling `init_weights` of GroundingDINO  

encoder.fusion_layers.1.attn.v_proj.bias - torch.Size([1024]): 
The value is the same before and after calling `init_weights` of GroundingDINO  

encoder.fusion_layers.1.attn.l_proj.weight - torch.Size([1024, 256]): 
The value is the same before and after calling `init_weights` of GroundingDINO  

encoder.fusion_layers.1.attn.l_proj.bias - torch.Size([1024]): 
The value is the same before and after calling `init_weights` of GroundingDINO  

encoder.fusion_layers.1.attn.values_v_proj.weight - torch.Size([1024, 256]): 
The value is the same before and after calling `init_weights` of GroundingDINO  

encoder.fusion_layers.1.attn.values_v_proj.bias - torch.Size([1024]): 
The value is the same before and after calling `init_weights` of GroundingDINO  

encoder.fusion_layers.1.attn.values_l_proj.weight - torch.Size([1024, 256]): 
The value is the same before and after calling `init_weights` of GroundingDINO  

encoder.fusion_layers.1.attn.values_l_proj.bias - torch.Size([1024]): 
The value is the same before and after calling `init_weights` of GroundingDINO  

encoder.fusion_layers.1.attn.out_v_proj.weight - torch.Size([256, 1024]): 
The value is the same before and after calling `init_weights` of GroundingDINO  

encoder.fusion_layers.1.attn.out_v_proj.bias - torch.Size([256]): 
The value is the same before and after calling `init_weights` of GroundingDINO  

encoder.fusion_layers.1.attn.out_l_proj.weight - torch.Size([256, 1024]): 
The value is the same before and after calling `init_weights` of GroundingDINO  

encoder.fusion_layers.1.attn.out_l_proj.bias - torch.Size([256]): 
The value is the same before and after calling `init_weights` of GroundingDINO  

encoder.fusion_layers.2.gamma_v - torch.Size([256]): 
The value is the same before and after calling `init_weights` of GroundingDINO  

encoder.fusion_layers.2.gamma_l - torch.Size([256]): 
The value is the same before and after calling `init_weights` of GroundingDINO  

encoder.fusion_layers.2.layer_norm_v.weight - torch.Size([256]): 
The value is the same before and after calling `init_weights` of GroundingDINO  

encoder.fusion_layers.2.layer_norm_v.bias - torch.Size([256]): 
The value is the same before and after calling `init_weights` of GroundingDINO  

encoder.fusion_layers.2.layer_norm_l.weight - torch.Size([256]): 
The value is the same before and after calling `init_weights` of GroundingDINO  

encoder.fusion_layers.2.layer_norm_l.bias - torch.Size([256]): 
The value is the same before and after calling `init_weights` of GroundingDINO  

encoder.fusion_layers.2.attn.v_proj.weight - torch.Size([1024, 256]): 
The value is the same before and after calling `init_weights` of GroundingDINO  

encoder.fusion_layers.2.attn.v_proj.bias - torch.Size([1024]): 
The value is the same before and after calling `init_weights` of GroundingDINO  

encoder.fusion_layers.2.attn.l_proj.weight - torch.Size([1024, 256]): 
The value is the same before and after calling `init_weights` of GroundingDINO  

encoder.fusion_layers.2.attn.l_proj.bias - torch.Size([1024]): 
The value is the same before and after calling `init_weights` of GroundingDINO  

encoder.fusion_layers.2.attn.values_v_proj.weight - torch.Size([1024, 256]): 
The value is the same before and after calling `init_weights` of GroundingDINO  

encoder.fusion_layers.2.attn.values_v_proj.bias - torch.Size([1024]): 
The value is the same before and after calling `init_weights` of GroundingDINO  

encoder.fusion_layers.2.attn.values_l_proj.weight - torch.Size([1024, 256]): 
The value is the same before and after calling `init_weights` of GroundingDINO  

encoder.fusion_layers.2.attn.values_l_proj.bias - torch.Size([1024]): 
The value is the same before and after calling `init_weights` of GroundingDINO  

encoder.fusion_layers.2.attn.out_v_proj.weight - torch.Size([256, 1024]): 
The value is the same before and after calling `init_weights` of GroundingDINO  

encoder.fusion_layers.2.attn.out_v_proj.bias - torch.Size([256]): 
The value is the same before and after calling `init_weights` of GroundingDINO  

encoder.fusion_layers.2.attn.out_l_proj.weight - torch.Size([256, 1024]): 
The value is the same before and after calling `init_weights` of GroundingDINO  

encoder.fusion_layers.2.attn.out_l_proj.bias - torch.Size([256]): 
The value is the same before and after calling `init_weights` of GroundingDINO  

encoder.fusion_layers.3.gamma_v - torch.Size([256]): 
The value is the same before and after calling `init_weights` of GroundingDINO  

encoder.fusion_layers.3.gamma_l - torch.Size([256]): 
The value is the same before and after calling `init_weights` of GroundingDINO  

encoder.fusion_layers.3.layer_norm_v.weight - torch.Size([256]): 
The value is the same before and after calling `init_weights` of GroundingDINO  

encoder.fusion_layers.3.layer_norm_v.bias - torch.Size([256]): 
The value is the same before and after calling `init_weights` of GroundingDINO  

encoder.fusion_layers.3.layer_norm_l.weight - torch.Size([256]): 
The value is the same before and after calling `init_weights` of GroundingDINO  

encoder.fusion_layers.3.layer_norm_l.bias - torch.Size([256]): 
The value is the same before and after calling `init_weights` of GroundingDINO  

encoder.fusion_layers.3.attn.v_proj.weight - torch.Size([1024, 256]): 
The value is the same before and after calling `init_weights` of GroundingDINO  

encoder.fusion_layers.3.attn.v_proj.bias - torch.Size([1024]): 
The value is the same before and after calling `init_weights` of GroundingDINO  

encoder.fusion_layers.3.attn.l_proj.weight - torch.Size([1024, 256]): 
The value is the same before and after calling `init_weights` of GroundingDINO  

encoder.fusion_layers.3.attn.l_proj.bias - torch.Size([1024]): 
The value is the same before and after calling `init_weights` of GroundingDINO  

encoder.fusion_layers.3.attn.values_v_proj.weight - torch.Size([1024, 256]): 
The value is the same before and after calling `init_weights` of GroundingDINO  

encoder.fusion_layers.3.attn.values_v_proj.bias - torch.Size([1024]): 
The value is the same before and after calling `init_weights` of GroundingDINO  

encoder.fusion_layers.3.attn.values_l_proj.weight - torch.Size([1024, 256]): 
The value is the same before and after calling `init_weights` of GroundingDINO  

encoder.fusion_layers.3.attn.values_l_proj.bias - torch.Size([1024]): 
The value is the same before and after calling `init_weights` of GroundingDINO  

encoder.fusion_layers.3.attn.out_v_proj.weight - torch.Size([256, 1024]): 
The value is the same before and after calling `init_weights` of GroundingDINO  

encoder.fusion_layers.3.attn.out_v_proj.bias - torch.Size([256]): 
The value is the same before and after calling `init_weights` of GroundingDINO  

encoder.fusion_layers.3.attn.out_l_proj.weight - torch.Size([256, 1024]): 
The value is the same before and after calling `init_weights` of GroundingDINO  

encoder.fusion_layers.3.attn.out_l_proj.bias - torch.Size([256]): 
The value is the same before and after calling `init_weights` of GroundingDINO  

encoder.fusion_layers.4.gamma_v - torch.Size([256]): 
The value is the same before and after calling `init_weights` of GroundingDINO  

encoder.fusion_layers.4.gamma_l - torch.Size([256]): 
The value is the same before and after calling `init_weights` of GroundingDINO  

encoder.fusion_layers.4.layer_norm_v.weight - torch.Size([256]): 
The value is the same before and after calling `init_weights` of GroundingDINO  

encoder.fusion_layers.4.layer_norm_v.bias - torch.Size([256]): 
The value is the same before and after calling `init_weights` of GroundingDINO  

encoder.fusion_layers.4.layer_norm_l.weight - torch.Size([256]): 
The value is the same before and after calling `init_weights` of GroundingDINO  

encoder.fusion_layers.4.layer_norm_l.bias - torch.Size([256]): 
The value is the same before and after calling `init_weights` of GroundingDINO  

encoder.fusion_layers.4.attn.v_proj.weight - torch.Size([1024, 256]): 
The value is the same before and after calling `init_weights` of GroundingDINO  

encoder.fusion_layers.4.attn.v_proj.bias - torch.Size([1024]): 
The value is the same before and after calling `init_weights` of GroundingDINO  

encoder.fusion_layers.4.attn.l_proj.weight - torch.Size([1024, 256]): 
The value is the same before and after calling `init_weights` of GroundingDINO  

encoder.fusion_layers.4.attn.l_proj.bias - torch.Size([1024]): 
The value is the same before and after calling `init_weights` of GroundingDINO  

encoder.fusion_layers.4.attn.values_v_proj.weight - torch.Size([1024, 256]): 
The value is the same before and after calling `init_weights` of GroundingDINO  

encoder.fusion_layers.4.attn.values_v_proj.bias - torch.Size([1024]): 
The value is the same before and after calling `init_weights` of GroundingDINO  

encoder.fusion_layers.4.attn.values_l_proj.weight - torch.Size([1024, 256]): 
The value is the same before and after calling `init_weights` of GroundingDINO  

encoder.fusion_layers.4.attn.values_l_proj.bias - torch.Size([1024]): 
The value is the same before and after calling `init_weights` of GroundingDINO  

encoder.fusion_layers.4.attn.out_v_proj.weight - torch.Size([256, 1024]): 
The value is the same before and after calling `init_weights` of GroundingDINO  

encoder.fusion_layers.4.attn.out_v_proj.bias - torch.Size([256]): 
The value is the same before and after calling `init_weights` of GroundingDINO  

encoder.fusion_layers.4.attn.out_l_proj.weight - torch.Size([256, 1024]): 
The value is the same before and after calling `init_weights` of GroundingDINO  

encoder.fusion_layers.4.attn.out_l_proj.bias - torch.Size([256]): 
The value is the same before and after calling `init_weights` of GroundingDINO  

encoder.fusion_layers.5.gamma_v - torch.Size([256]): 
The value is the same before and after calling `init_weights` of GroundingDINO  

encoder.fusion_layers.5.gamma_l - torch.Size([256]): 
The value is the same before and after calling `init_weights` of GroundingDINO  

encoder.fusion_layers.5.layer_norm_v.weight - torch.Size([256]): 
The value is the same before and after calling `init_weights` of GroundingDINO  

encoder.fusion_layers.5.layer_norm_v.bias - torch.Size([256]): 
The value is the same before and after calling `init_weights` of GroundingDINO  

encoder.fusion_layers.5.layer_norm_l.weight - torch.Size([256]): 
The value is the same before and after calling `init_weights` of GroundingDINO  

encoder.fusion_layers.5.layer_norm_l.bias - torch.Size([256]): 
The value is the same before and after calling `init_weights` of GroundingDINO  

encoder.fusion_layers.5.attn.v_proj.weight - torch.Size([1024, 256]): 
The value is the same before and after calling `init_weights` of GroundingDINO  

encoder.fusion_layers.5.attn.v_proj.bias - torch.Size([1024]): 
The value is the same before and after calling `init_weights` of GroundingDINO  

encoder.fusion_layers.5.attn.l_proj.weight - torch.Size([1024, 256]): 
The value is the same before and after calling `init_weights` of GroundingDINO  

encoder.fusion_layers.5.attn.l_proj.bias - torch.Size([1024]): 
The value is the same before and after calling `init_weights` of GroundingDINO  

encoder.fusion_layers.5.attn.values_v_proj.weight - torch.Size([1024, 256]): 
The value is the same before and after calling `init_weights` of GroundingDINO  

encoder.fusion_layers.5.attn.values_v_proj.bias - torch.Size([1024]): 
The value is the same before and after calling `init_weights` of GroundingDINO  

encoder.fusion_layers.5.attn.values_l_proj.weight - torch.Size([1024, 256]): 
The value is the same before and after calling `init_weights` of GroundingDINO  

encoder.fusion_layers.5.attn.values_l_proj.bias - torch.Size([1024]): 
The value is the same before and after calling `init_weights` of GroundingDINO  

encoder.fusion_layers.5.attn.out_v_proj.weight - torch.Size([256, 1024]): 
The value is the same before and after calling `init_weights` of GroundingDINO  

encoder.fusion_layers.5.attn.out_v_proj.bias - torch.Size([256]): 
The value is the same before and after calling `init_weights` of GroundingDINO  

encoder.fusion_layers.5.attn.out_l_proj.weight - torch.Size([256, 1024]): 
The value is the same before and after calling `init_weights` of GroundingDINO  

encoder.fusion_layers.5.attn.out_l_proj.bias - torch.Size([256]): 
The value is the same before and after calling `init_weights` of GroundingDINO  

decoder.layers.0.self_attn.attn.in_proj_weight - torch.Size([768, 256]): 
The value is the same before and after calling `init_weights` of GroundingDINO  

decoder.layers.0.self_attn.attn.in_proj_bias - torch.Size([768]): 
The value is the same before and after calling `init_weights` of GroundingDINO  

decoder.layers.0.self_attn.attn.out_proj.weight - torch.Size([256, 256]): 
The value is the same before and after calling `init_weights` of GroundingDINO  

decoder.layers.0.self_attn.attn.out_proj.bias - torch.Size([256]): 
The value is the same before and after calling `init_weights` of GroundingDINO  

decoder.layers.0.cross_attn_text.attn.in_proj_weight - torch.Size([768, 256]): 
The value is the same before and after calling `init_weights` of GroundingDINO  

decoder.layers.0.cross_attn_text.attn.in_proj_bias - torch.Size([768]): 
The value is the same before and after calling `init_weights` of GroundingDINO  

decoder.layers.0.cross_attn_text.attn.out_proj.weight - torch.Size([256, 256]): 
The value is the same before and after calling `init_weights` of GroundingDINO  

decoder.layers.0.cross_attn_text.attn.out_proj.bias - torch.Size([256]): 
The value is the same before and after calling `init_weights` of GroundingDINO  

decoder.layers.0.cross_attn.sampling_offsets.weight - torch.Size([256, 256]): 
The value is the same before and after calling `init_weights` of GroundingDINO  

decoder.layers.0.cross_attn.sampling_offsets.bias - torch.Size([256]): 
The value is the same before and after calling `init_weights` of GroundingDINO  

decoder.layers.0.cross_attn.attention_weights.weight - torch.Size([128, 256]): 
The value is the same before and after calling `init_weights` of GroundingDINO  

decoder.layers.0.cross_attn.attention_weights.bias - torch.Size([128]): 
The value is the same before and after calling `init_weights` of GroundingDINO  

decoder.layers.0.cross_attn.value_proj.weight - torch.Size([256, 256]): 
The value is the same before and after calling `init_weights` of GroundingDINO  

decoder.layers.0.cross_attn.value_proj.bias - torch.Size([256]): 
The value is the same before and after calling `init_weights` of GroundingDINO  

decoder.layers.0.cross_attn.output_proj.weight - torch.Size([256, 256]): 
The value is the same before and after calling `init_weights` of GroundingDINO  

decoder.layers.0.cross_attn.output_proj.bias - torch.Size([256]): 
The value is the same before and after calling `init_weights` of GroundingDINO  

decoder.layers.0.ffn.layers.0.0.weight - torch.Size([2048, 256]): 
The value is the same before and after calling `init_weights` of GroundingDINO  

decoder.layers.0.ffn.layers.0.0.bias - torch.Size([2048]): 
The value is the same before and after calling `init_weights` of GroundingDINO  

decoder.layers.0.ffn.layers.1.weight - torch.Size([256, 2048]): 
The value is the same before and after calling `init_weights` of GroundingDINO  

decoder.layers.0.ffn.layers.1.bias - torch.Size([256]): 
The value is the same before and after calling `init_weights` of GroundingDINO  

decoder.layers.0.norms.0.weight - torch.Size([256]): 
The value is the same before and after calling `init_weights` of GroundingDINO  

decoder.layers.0.norms.0.bias - torch.Size([256]): 
The value is the same before and after calling `init_weights` of GroundingDINO  

decoder.layers.0.norms.1.weight - torch.Size([256]): 
The value is the same before and after calling `init_weights` of GroundingDINO  

decoder.layers.0.norms.1.bias - torch.Size([256]): 
The value is the same before and after calling `init_weights` of GroundingDINO  

decoder.layers.0.norms.2.weight - torch.Size([256]): 
The value is the same before and after calling `init_weights` of GroundingDINO  

decoder.layers.0.norms.2.bias - torch.Size([256]): 
The value is the same before and after calling `init_weights` of GroundingDINO  

decoder.layers.0.norms.3.weight - torch.Size([256]): 
The value is the same before and after calling `init_weights` of GroundingDINO  

decoder.layers.0.norms.3.bias - torch.Size([256]): 
The value is the same before and after calling `init_weights` of GroundingDINO  

decoder.layers.1.self_attn.attn.in_proj_weight - torch.Size([768, 256]): 
The value is the same before and after calling `init_weights` of GroundingDINO  

decoder.layers.1.self_attn.attn.in_proj_bias - torch.Size([768]): 
The value is the same before and after calling `init_weights` of GroundingDINO  

decoder.layers.1.self_attn.attn.out_proj.weight - torch.Size([256, 256]): 
The value is the same before and after calling `init_weights` of GroundingDINO  

decoder.layers.1.self_attn.attn.out_proj.bias - torch.Size([256]): 
The value is the same before and after calling `init_weights` of GroundingDINO  

decoder.layers.1.cross_attn_text.attn.in_proj_weight - torch.Size([768, 256]): 
The value is the same before and after calling `init_weights` of GroundingDINO  

decoder.layers.1.cross_attn_text.attn.in_proj_bias - torch.Size([768]): 
The value is the same before and after calling `init_weights` of GroundingDINO  

decoder.layers.1.cross_attn_text.attn.out_proj.weight - torch.Size([256, 256]): 
The value is the same before and after calling `init_weights` of GroundingDINO  

decoder.layers.1.cross_attn_text.attn.out_proj.bias - torch.Size([256]): 
The value is the same before and after calling `init_weights` of GroundingDINO  

decoder.layers.1.cross_attn.sampling_offsets.weight - torch.Size([256, 256]): 
The value is the same before and after calling `init_weights` of GroundingDINO  

decoder.layers.1.cross_attn.sampling_offsets.bias - torch.Size([256]): 
The value is the same before and after calling `init_weights` of GroundingDINO  

decoder.layers.1.cross_attn.attention_weights.weight - torch.Size([128, 256]): 
The value is the same before and after calling `init_weights` of GroundingDINO  

decoder.layers.1.cross_attn.attention_weights.bias - torch.Size([128]): 
The value is the same before and after calling `init_weights` of GroundingDINO  

decoder.layers.1.cross_attn.value_proj.weight - torch.Size([256, 256]): 
The value is the same before and after calling `init_weights` of GroundingDINO  

decoder.layers.1.cross_attn.value_proj.bias - torch.Size([256]): 
The value is the same before and after calling `init_weights` of GroundingDINO  

decoder.layers.1.cross_attn.output_proj.weight - torch.Size([256, 256]): 
The value is the same before and after calling `init_weights` of GroundingDINO  

decoder.layers.1.cross_attn.output_proj.bias - torch.Size([256]): 
The value is the same before and after calling `init_weights` of GroundingDINO  

decoder.layers.1.ffn.layers.0.0.weight - torch.Size([2048, 256]): 
The value is the same before and after calling `init_weights` of GroundingDINO  

decoder.layers.1.ffn.layers.0.0.bias - torch.Size([2048]): 
The value is the same before and after calling `init_weights` of GroundingDINO  

decoder.layers.1.ffn.layers.1.weight - torch.Size([256, 2048]): 
The value is the same before and after calling `init_weights` of GroundingDINO  

decoder.layers.1.ffn.layers.1.bias - torch.Size([256]): 
The value is the same before and after calling `init_weights` of GroundingDINO  

decoder.layers.1.norms.0.weight - torch.Size([256]): 
The value is the same before and after calling `init_weights` of GroundingDINO  

decoder.layers.1.norms.0.bias - torch.Size([256]): 
The value is the same before and after calling `init_weights` of GroundingDINO  

decoder.layers.1.norms.1.weight - torch.Size([256]): 
The value is the same before and after calling `init_weights` of GroundingDINO  

decoder.layers.1.norms.1.bias - torch.Size([256]): 
The value is the same before and after calling `init_weights` of GroundingDINO  

decoder.layers.1.norms.2.weight - torch.Size([256]): 
The value is the same before and after calling `init_weights` of GroundingDINO  

decoder.layers.1.norms.2.bias - torch.Size([256]): 
The value is the same before and after calling `init_weights` of GroundingDINO  

decoder.layers.1.norms.3.weight - torch.Size([256]): 
The value is the same before and after calling `init_weights` of GroundingDINO  

decoder.layers.1.norms.3.bias - torch.Size([256]): 
The value is the same before and after calling `init_weights` of GroundingDINO  

decoder.layers.2.self_attn.attn.in_proj_weight - torch.Size([768, 256]): 
The value is the same before and after calling `init_weights` of GroundingDINO  

decoder.layers.2.self_attn.attn.in_proj_bias - torch.Size([768]): 
The value is the same before and after calling `init_weights` of GroundingDINO  

decoder.layers.2.self_attn.attn.out_proj.weight - torch.Size([256, 256]): 
The value is the same before and after calling `init_weights` of GroundingDINO  

decoder.layers.2.self_attn.attn.out_proj.bias - torch.Size([256]): 
The value is the same before and after calling `init_weights` of GroundingDINO  

decoder.layers.2.cross_attn_text.attn.in_proj_weight - torch.Size([768, 256]): 
The value is the same before and after calling `init_weights` of GroundingDINO  

decoder.layers.2.cross_attn_text.attn.in_proj_bias - torch.Size([768]): 
The value is the same before and after calling `init_weights` of GroundingDINO  

decoder.layers.2.cross_attn_text.attn.out_proj.weight - torch.Size([256, 256]): 
The value is the same before and after calling `init_weights` of GroundingDINO  

decoder.layers.2.cross_attn_text.attn.out_proj.bias - torch.Size([256]): 
The value is the same before and after calling `init_weights` of GroundingDINO  

decoder.layers.2.cross_attn.sampling_offsets.weight - torch.Size([256, 256]): 
The value is the same before and after calling `init_weights` of GroundingDINO  

decoder.layers.2.cross_attn.sampling_offsets.bias - torch.Size([256]): 
The value is the same before and after calling `init_weights` of GroundingDINO  

decoder.layers.2.cross_attn.attention_weights.weight - torch.Size([128, 256]): 
The value is the same before and after calling `init_weights` of GroundingDINO  

decoder.layers.2.cross_attn.attention_weights.bias - torch.Size([128]): 
The value is the same before and after calling `init_weights` of GroundingDINO  

decoder.layers.2.cross_attn.value_proj.weight - torch.Size([256, 256]): 
The value is the same before and after calling `init_weights` of GroundingDINO  

decoder.layers.2.cross_attn.value_proj.bias - torch.Size([256]): 
The value is the same before and after calling `init_weights` of GroundingDINO  

decoder.layers.2.cross_attn.output_proj.weight - torch.Size([256, 256]): 
The value is the same before and after calling `init_weights` of GroundingDINO  

decoder.layers.2.cross_attn.output_proj.bias - torch.Size([256]): 
The value is the same before and after calling `init_weights` of GroundingDINO  

decoder.layers.2.ffn.layers.0.0.weight - torch.Size([2048, 256]): 
The value is the same before and after calling `init_weights` of GroundingDINO  

decoder.layers.2.ffn.layers.0.0.bias - torch.Size([2048]): 
The value is the same before and after calling `init_weights` of GroundingDINO  

decoder.layers.2.ffn.layers.1.weight - torch.Size([256, 2048]): 
The value is the same before and after calling `init_weights` of GroundingDINO  

decoder.layers.2.ffn.layers.1.bias - torch.Size([256]): 
The value is the same before and after calling `init_weights` of GroundingDINO  

decoder.layers.2.norms.0.weight - torch.Size([256]): 
The value is the same before and after calling `init_weights` of GroundingDINO  

decoder.layers.2.norms.0.bias - torch.Size([256]): 
The value is the same before and after calling `init_weights` of GroundingDINO  

decoder.layers.2.norms.1.weight - torch.Size([256]): 
The value is the same before and after calling `init_weights` of GroundingDINO  

decoder.layers.2.norms.1.bias - torch.Size([256]): 
The value is the same before and after calling `init_weights` of GroundingDINO  

decoder.layers.2.norms.2.weight - torch.Size([256]): 
The value is the same before and after calling `init_weights` of GroundingDINO  

decoder.layers.2.norms.2.bias - torch.Size([256]): 
The value is the same before and after calling `init_weights` of GroundingDINO  

decoder.layers.2.norms.3.weight - torch.Size([256]): 
The value is the same before and after calling `init_weights` of GroundingDINO  

decoder.layers.2.norms.3.bias - torch.Size([256]): 
The value is the same before and after calling `init_weights` of GroundingDINO  

decoder.layers.3.self_attn.attn.in_proj_weight - torch.Size([768, 256]): 
The value is the same before and after calling `init_weights` of GroundingDINO  

decoder.layers.3.self_attn.attn.in_proj_bias - torch.Size([768]): 
The value is the same before and after calling `init_weights` of GroundingDINO  

decoder.layers.3.self_attn.attn.out_proj.weight - torch.Size([256, 256]): 
The value is the same before and after calling `init_weights` of GroundingDINO  

decoder.layers.3.self_attn.attn.out_proj.bias - torch.Size([256]): 
The value is the same before and after calling `init_weights` of GroundingDINO  

decoder.layers.3.cross_attn_text.attn.in_proj_weight - torch.Size([768, 256]): 
The value is the same before and after calling `init_weights` of GroundingDINO  

decoder.layers.3.cross_attn_text.attn.in_proj_bias - torch.Size([768]): 
The value is the same before and after calling `init_weights` of GroundingDINO  

decoder.layers.3.cross_attn_text.attn.out_proj.weight - torch.Size([256, 256]): 
The value is the same before and after calling `init_weights` of GroundingDINO  

decoder.layers.3.cross_attn_text.attn.out_proj.bias - torch.Size([256]): 
The value is the same before and after calling `init_weights` of GroundingDINO  

decoder.layers.3.cross_attn.sampling_offsets.weight - torch.Size([256, 256]): 
The value is the same before and after calling `init_weights` of GroundingDINO  

decoder.layers.3.cross_attn.sampling_offsets.bias - torch.Size([256]): 
The value is the same before and after calling `init_weights` of GroundingDINO  

decoder.layers.3.cross_attn.attention_weights.weight - torch.Size([128, 256]): 
The value is the same before and after calling `init_weights` of GroundingDINO  

decoder.layers.3.cross_attn.attention_weights.bias - torch.Size([128]): 
The value is the same before and after calling `init_weights` of GroundingDINO  

decoder.layers.3.cross_attn.value_proj.weight - torch.Size([256, 256]): 
The value is the same before and after calling `init_weights` of GroundingDINO  

decoder.layers.3.cross_attn.value_proj.bias - torch.Size([256]): 
The value is the same before and after calling `init_weights` of GroundingDINO  

decoder.layers.3.cross_attn.output_proj.weight - torch.Size([256, 256]): 
The value is the same before and after calling `init_weights` of GroundingDINO  

decoder.layers.3.cross_attn.output_proj.bias - torch.Size([256]): 
The value is the same before and after calling `init_weights` of GroundingDINO  

decoder.layers.3.ffn.layers.0.0.weight - torch.Size([2048, 256]): 
The value is the same before and after calling `init_weights` of GroundingDINO  

decoder.layers.3.ffn.layers.0.0.bias - torch.Size([2048]): 
The value is the same before and after calling `init_weights` of GroundingDINO  

decoder.layers.3.ffn.layers.1.weight - torch.Size([256, 2048]): 
The value is the same before and after calling `init_weights` of GroundingDINO  

decoder.layers.3.ffn.layers.1.bias - torch.Size([256]): 
The value is the same before and after calling `init_weights` of GroundingDINO  

decoder.layers.3.norms.0.weight - torch.Size([256]): 
The value is the same before and after calling `init_weights` of GroundingDINO  

decoder.layers.3.norms.0.bias - torch.Size([256]): 
The value is the same before and after calling `init_weights` of GroundingDINO  

decoder.layers.3.norms.1.weight - torch.Size([256]): 
The value is the same before and after calling `init_weights` of GroundingDINO  

decoder.layers.3.norms.1.bias - torch.Size([256]): 
The value is the same before and after calling `init_weights` of GroundingDINO  

decoder.layers.3.norms.2.weight - torch.Size([256]): 
The value is the same before and after calling `init_weights` of GroundingDINO  

decoder.layers.3.norms.2.bias - torch.Size([256]): 
The value is the same before and after calling `init_weights` of GroundingDINO  

decoder.layers.3.norms.3.weight - torch.Size([256]): 
The value is the same before and after calling `init_weights` of GroundingDINO  

decoder.layers.3.norms.3.bias - torch.Size([256]): 
The value is the same before and after calling `init_weights` of GroundingDINO  

decoder.layers.4.self_attn.attn.in_proj_weight - torch.Size([768, 256]): 
The value is the same before and after calling `init_weights` of GroundingDINO  

decoder.layers.4.self_attn.attn.in_proj_bias - torch.Size([768]): 
The value is the same before and after calling `init_weights` of GroundingDINO  

decoder.layers.4.self_attn.attn.out_proj.weight - torch.Size([256, 256]): 
The value is the same before and after calling `init_weights` of GroundingDINO  

decoder.layers.4.self_attn.attn.out_proj.bias - torch.Size([256]): 
The value is the same before and after calling `init_weights` of GroundingDINO  

decoder.layers.4.cross_attn_text.attn.in_proj_weight - torch.Size([768, 256]): 
The value is the same before and after calling `init_weights` of GroundingDINO  

decoder.layers.4.cross_attn_text.attn.in_proj_bias - torch.Size([768]): 
The value is the same before and after calling `init_weights` of GroundingDINO  

decoder.layers.4.cross_attn_text.attn.out_proj.weight - torch.Size([256, 256]): 
The value is the same before and after calling `init_weights` of GroundingDINO  

decoder.layers.4.cross_attn_text.attn.out_proj.bias - torch.Size([256]): 
The value is the same before and after calling `init_weights` of GroundingDINO  

decoder.layers.4.cross_attn.sampling_offsets.weight - torch.Size([256, 256]): 
The value is the same before and after calling `init_weights` of GroundingDINO  

decoder.layers.4.cross_attn.sampling_offsets.bias - torch.Size([256]): 
The value is the same before and after calling `init_weights` of GroundingDINO  

decoder.layers.4.cross_attn.attention_weights.weight - torch.Size([128, 256]): 
The value is the same before and after calling `init_weights` of GroundingDINO  

decoder.layers.4.cross_attn.attention_weights.bias - torch.Size([128]): 
The value is the same before and after calling `init_weights` of GroundingDINO  

decoder.layers.4.cross_attn.value_proj.weight - torch.Size([256, 256]): 
The value is the same before and after calling `init_weights` of GroundingDINO  

decoder.layers.4.cross_attn.value_proj.bias - torch.Size([256]): 
The value is the same before and after calling `init_weights` of GroundingDINO  

decoder.layers.4.cross_attn.output_proj.weight - torch.Size([256, 256]): 
The value is the same before and after calling `init_weights` of GroundingDINO  

decoder.layers.4.cross_attn.output_proj.bias - torch.Size([256]): 
The value is the same before and after calling `init_weights` of GroundingDINO  

decoder.layers.4.ffn.layers.0.0.weight - torch.Size([2048, 256]): 
The value is the same before and after calling `init_weights` of GroundingDINO  

decoder.layers.4.ffn.layers.0.0.bias - torch.Size([2048]): 
The value is the same before and after calling `init_weights` of GroundingDINO  

decoder.layers.4.ffn.layers.1.weight - torch.Size([256, 2048]): 
The value is the same before and after calling `init_weights` of GroundingDINO  

decoder.layers.4.ffn.layers.1.bias - torch.Size([256]): 
The value is the same before and after calling `init_weights` of GroundingDINO  

decoder.layers.4.norms.0.weight - torch.Size([256]): 
The value is the same before and after calling `init_weights` of GroundingDINO  

decoder.layers.4.norms.0.bias - torch.Size([256]): 
The value is the same before and after calling `init_weights` of GroundingDINO  

decoder.layers.4.norms.1.weight - torch.Size([256]): 
The value is the same before and after calling `init_weights` of GroundingDINO  

decoder.layers.4.norms.1.bias - torch.Size([256]): 
The value is the same before and after calling `init_weights` of GroundingDINO  

decoder.layers.4.norms.2.weight - torch.Size([256]): 
The value is the same before and after calling `init_weights` of GroundingDINO  

decoder.layers.4.norms.2.bias - torch.Size([256]): 
The value is the same before and after calling `init_weights` of GroundingDINO  

decoder.layers.4.norms.3.weight - torch.Size([256]): 
The value is the same before and after calling `init_weights` of GroundingDINO  

decoder.layers.4.norms.3.bias - torch.Size([256]): 
The value is the same before and after calling `init_weights` of GroundingDINO  

decoder.layers.5.self_attn.attn.in_proj_weight - torch.Size([768, 256]): 
The value is the same before and after calling `init_weights` of GroundingDINO  

decoder.layers.5.self_attn.attn.in_proj_bias - torch.Size([768]): 
The value is the same before and after calling `init_weights` of GroundingDINO  

decoder.layers.5.self_attn.attn.out_proj.weight - torch.Size([256, 256]): 
The value is the same before and after calling `init_weights` of GroundingDINO  

decoder.layers.5.self_attn.attn.out_proj.bias - torch.Size([256]): 
The value is the same before and after calling `init_weights` of GroundingDINO  

decoder.layers.5.cross_attn_text.attn.in_proj_weight - torch.Size([768, 256]): 
The value is the same before and after calling `init_weights` of GroundingDINO  

decoder.layers.5.cross_attn_text.attn.in_proj_bias - torch.Size([768]): 
The value is the same before and after calling `init_weights` of GroundingDINO  

decoder.layers.5.cross_attn_text.attn.out_proj.weight - torch.Size([256, 256]): 
The value is the same before and after calling `init_weights` of GroundingDINO  

decoder.layers.5.cross_attn_text.attn.out_proj.bias - torch.Size([256]): 
The value is the same before and after calling `init_weights` of GroundingDINO  

decoder.layers.5.cross_attn.sampling_offsets.weight - torch.Size([256, 256]): 
The value is the same before and after calling `init_weights` of GroundingDINO  

decoder.layers.5.cross_attn.sampling_offsets.bias - torch.Size([256]): 
The value is the same before and after calling `init_weights` of GroundingDINO  

decoder.layers.5.cross_attn.attention_weights.weight - torch.Size([128, 256]): 
The value is the same before and after calling `init_weights` of GroundingDINO  

decoder.layers.5.cross_attn.attention_weights.bias - torch.Size([128]): 
The value is the same before and after calling `init_weights` of GroundingDINO  

decoder.layers.5.cross_attn.value_proj.weight - torch.Size([256, 256]): 
The value is the same before and after calling `init_weights` of GroundingDINO  

decoder.layers.5.cross_attn.value_proj.bias - torch.Size([256]): 
The value is the same before and after calling `init_weights` of GroundingDINO  

decoder.layers.5.cross_attn.output_proj.weight - torch.Size([256, 256]): 
The value is the same before and after calling `init_weights` of GroundingDINO  

decoder.layers.5.cross_attn.output_proj.bias - torch.Size([256]): 
The value is the same before and after calling `init_weights` of GroundingDINO  

decoder.layers.5.ffn.layers.0.0.weight - torch.Size([2048, 256]): 
The value is the same before and after calling `init_weights` of GroundingDINO  

decoder.layers.5.ffn.layers.0.0.bias - torch.Size([2048]): 
The value is the same before and after calling `init_weights` of GroundingDINO  

decoder.layers.5.ffn.layers.1.weight - torch.Size([256, 2048]): 
The value is the same before and after calling `init_weights` of GroundingDINO  

decoder.layers.5.ffn.layers.1.bias - torch.Size([256]): 
The value is the same before and after calling `init_weights` of GroundingDINO  

decoder.layers.5.norms.0.weight - torch.Size([256]): 
The value is the same before and after calling `init_weights` of GroundingDINO  

decoder.layers.5.norms.0.bias - torch.Size([256]): 
The value is the same before and after calling `init_weights` of GroundingDINO  

decoder.layers.5.norms.1.weight - torch.Size([256]): 
The value is the same before and after calling `init_weights` of GroundingDINO  

decoder.layers.5.norms.1.bias - torch.Size([256]): 
The value is the same before and after calling `init_weights` of GroundingDINO  

decoder.layers.5.norms.2.weight - torch.Size([256]): 
The value is the same before and after calling `init_weights` of GroundingDINO  

decoder.layers.5.norms.2.bias - torch.Size([256]): 
The value is the same before and after calling `init_weights` of GroundingDINO  

decoder.layers.5.norms.3.weight - torch.Size([256]): 
The value is the same before and after calling `init_weights` of GroundingDINO  

decoder.layers.5.norms.3.bias - torch.Size([256]): 
The value is the same before and after calling `init_weights` of GroundingDINO  

decoder.ref_point_head.layers.0.weight - torch.Size([256, 512]): 
The value is the same before and after calling `init_weights` of GroundingDINO  

decoder.ref_point_head.layers.0.bias - torch.Size([256]): 
The value is the same before and after calling `init_weights` of GroundingDINO  

decoder.ref_point_head.layers.1.weight - torch.Size([256, 256]): 
The value is the same before and after calling `init_weights` of GroundingDINO  

decoder.ref_point_head.layers.1.bias - torch.Size([256]): 
The value is the same before and after calling `init_weights` of GroundingDINO  

decoder.norm.weight - torch.Size([256]): 
The value is the same before and after calling `init_weights` of GroundingDINO  

decoder.norm.bias - torch.Size([256]): 
The value is the same before and after calling `init_weights` of GroundingDINO  

query_embedding.weight - torch.Size([900, 256]): 
The value is the same before and after calling `init_weights` of GroundingDINO  

memory_trans_fc.weight - torch.Size([256, 256]): 
The value is the same before and after calling `init_weights` of GroundingDINO  

memory_trans_fc.bias - torch.Size([256]): 
The value is the same before and after calling `init_weights` of GroundingDINO  

memory_trans_norm.weight - torch.Size([256]): 
The value is the same before and after calling `init_weights` of GroundingDINO  

memory_trans_norm.bias - torch.Size([256]): 
The value is the same before and after calling `init_weights` of GroundingDINO  

language_model.language_backbone.body.model.embeddings.word_embeddings.weight - torch.Size([30522, 768]): 
The value is the same before and after calling `init_weights` of GroundingDINO  

language_model.language_backbone.body.model.embeddings.position_embeddings.weight - torch.Size([512, 768]): 
The value is the same before and after calling `init_weights` of GroundingDINO  

language_model.language_backbone.body.model.embeddings.token_type_embeddings.weight - torch.Size([2, 768]): 
The value is the same before and after calling `init_weights` of GroundingDINO  

language_model.language_backbone.body.model.embeddings.LayerNorm.weight - torch.Size([768]): 
The value is the same before and after calling `init_weights` of GroundingDINO  

language_model.language_backbone.body.model.embeddings.LayerNorm.bias - torch.Size([768]): 
The value is the same before and after calling `init_weights` of GroundingDINO  

language_model.language_backbone.body.model.encoder.layer.0.attention.self.query.weight - torch.Size([768, 768]): 
The value is the same before and after calling `init_weights` of GroundingDINO  

language_model.language_backbone.body.model.encoder.layer.0.attention.self.query.bias - torch.Size([768]): 
The value is the same before and after calling `init_weights` of GroundingDINO  

language_model.language_backbone.body.model.encoder.layer.0.attention.self.key.weight - torch.Size([768, 768]): 
The value is the same before and after calling `init_weights` of GroundingDINO  

language_model.language_backbone.body.model.encoder.layer.0.attention.self.key.bias - torch.Size([768]): 
The value is the same before and after calling `init_weights` of GroundingDINO  

language_model.language_backbone.body.model.encoder.layer.0.attention.self.value.weight - torch.Size([768, 768]): 
The value is the same before and after calling `init_weights` of GroundingDINO  

language_model.language_backbone.body.model.encoder.layer.0.attention.self.value.bias - torch.Size([768]): 
The value is the same before and after calling `init_weights` of GroundingDINO  

language_model.language_backbone.body.model.encoder.layer.0.attention.output.dense.weight - torch.Size([768, 768]): 
The value is the same before and after calling `init_weights` of GroundingDINO  

language_model.language_backbone.body.model.encoder.layer.0.attention.output.dense.bias - torch.Size([768]): 
The value is the same before and after calling `init_weights` of GroundingDINO  

language_model.language_backbone.body.model.encoder.layer.0.attention.output.LayerNorm.weight - torch.Size([768]): 
The value is the same before and after calling `init_weights` of GroundingDINO  

language_model.language_backbone.body.model.encoder.layer.0.attention.output.LayerNorm.bias - torch.Size([768]): 
The value is the same before and after calling `init_weights` of GroundingDINO  

language_model.language_backbone.body.model.encoder.layer.0.intermediate.dense.weight - torch.Size([3072, 768]): 
The value is the same before and after calling `init_weights` of GroundingDINO  

language_model.language_backbone.body.model.encoder.layer.0.intermediate.dense.bias - torch.Size([3072]): 
The value is the same before and after calling `init_weights` of GroundingDINO  

language_model.language_backbone.body.model.encoder.layer.0.output.dense.weight - torch.Size([768, 3072]): 
The value is the same before and after calling `init_weights` of GroundingDINO  

language_model.language_backbone.body.model.encoder.layer.0.output.dense.bias - torch.Size([768]): 
The value is the same before and after calling `init_weights` of GroundingDINO  

language_model.language_backbone.body.model.encoder.layer.0.output.LayerNorm.weight - torch.Size([768]): 
The value is the same before and after calling `init_weights` of GroundingDINO  

language_model.language_backbone.body.model.encoder.layer.0.output.LayerNorm.bias - torch.Size([768]): 
The value is the same before and after calling `init_weights` of GroundingDINO  

language_model.language_backbone.body.model.encoder.layer.1.attention.self.query.weight - torch.Size([768, 768]): 
The value is the same before and after calling `init_weights` of GroundingDINO  

language_model.language_backbone.body.model.encoder.layer.1.attention.self.query.bias - torch.Size([768]): 
The value is the same before and after calling `init_weights` of GroundingDINO  

language_model.language_backbone.body.model.encoder.layer.1.attention.self.key.weight - torch.Size([768, 768]): 
The value is the same before and after calling `init_weights` of GroundingDINO  

language_model.language_backbone.body.model.encoder.layer.1.attention.self.key.bias - torch.Size([768]): 
The value is the same before and after calling `init_weights` of GroundingDINO  

language_model.language_backbone.body.model.encoder.layer.1.attention.self.value.weight - torch.Size([768, 768]): 
The value is the same before and after calling `init_weights` of GroundingDINO  

language_model.language_backbone.body.model.encoder.layer.1.attention.self.value.bias - torch.Size([768]): 
The value is the same before and after calling `init_weights` of GroundingDINO  

language_model.language_backbone.body.model.encoder.layer.1.attention.output.dense.weight - torch.Size([768, 768]): 
The value is the same before and after calling `init_weights` of GroundingDINO  

language_model.language_backbone.body.model.encoder.layer.1.attention.output.dense.bias - torch.Size([768]): 
The value is the same before and after calling `init_weights` of GroundingDINO  

language_model.language_backbone.body.model.encoder.layer.1.attention.output.LayerNorm.weight - torch.Size([768]): 
The value is the same before and after calling `init_weights` of GroundingDINO  

language_model.language_backbone.body.model.encoder.layer.1.attention.output.LayerNorm.bias - torch.Size([768]): 
The value is the same before and after calling `init_weights` of GroundingDINO  

language_model.language_backbone.body.model.encoder.layer.1.intermediate.dense.weight - torch.Size([3072, 768]): 
The value is the same before and after calling `init_weights` of GroundingDINO  

language_model.language_backbone.body.model.encoder.layer.1.intermediate.dense.bias - torch.Size([3072]): 
The value is the same before and after calling `init_weights` of GroundingDINO  

language_model.language_backbone.body.model.encoder.layer.1.output.dense.weight - torch.Size([768, 3072]): 
The value is the same before and after calling `init_weights` of GroundingDINO  

language_model.language_backbone.body.model.encoder.layer.1.output.dense.bias - torch.Size([768]): 
The value is the same before and after calling `init_weights` of GroundingDINO  

language_model.language_backbone.body.model.encoder.layer.1.output.LayerNorm.weight - torch.Size([768]): 
The value is the same before and after calling `init_weights` of GroundingDINO  

language_model.language_backbone.body.model.encoder.layer.1.output.LayerNorm.bias - torch.Size([768]): 
The value is the same before and after calling `init_weights` of GroundingDINO  

language_model.language_backbone.body.model.encoder.layer.2.attention.self.query.weight - torch.Size([768, 768]): 
The value is the same before and after calling `init_weights` of GroundingDINO  

language_model.language_backbone.body.model.encoder.layer.2.attention.self.query.bias - torch.Size([768]): 
The value is the same before and after calling `init_weights` of GroundingDINO  

language_model.language_backbone.body.model.encoder.layer.2.attention.self.key.weight - torch.Size([768, 768]): 
The value is the same before and after calling `init_weights` of GroundingDINO  

language_model.language_backbone.body.model.encoder.layer.2.attention.self.key.bias - torch.Size([768]): 
The value is the same before and after calling `init_weights` of GroundingDINO  

language_model.language_backbone.body.model.encoder.layer.2.attention.self.value.weight - torch.Size([768, 768]): 
The value is the same before and after calling `init_weights` of GroundingDINO  

language_model.language_backbone.body.model.encoder.layer.2.attention.self.value.bias - torch.Size([768]): 
The value is the same before and after calling `init_weights` of GroundingDINO  

language_model.language_backbone.body.model.encoder.layer.2.attention.output.dense.weight - torch.Size([768, 768]): 
The value is the same before and after calling `init_weights` of GroundingDINO  

language_model.language_backbone.body.model.encoder.layer.2.attention.output.dense.bias - torch.Size([768]): 
The value is the same before and after calling `init_weights` of GroundingDINO  

language_model.language_backbone.body.model.encoder.layer.2.attention.output.LayerNorm.weight - torch.Size([768]): 
The value is the same before and after calling `init_weights` of GroundingDINO  

language_model.language_backbone.body.model.encoder.layer.2.attention.output.LayerNorm.bias - torch.Size([768]): 
The value is the same before and after calling `init_weights` of GroundingDINO  

language_model.language_backbone.body.model.encoder.layer.2.intermediate.dense.weight - torch.Size([3072, 768]): 
The value is the same before and after calling `init_weights` of GroundingDINO  

language_model.language_backbone.body.model.encoder.layer.2.intermediate.dense.bias - torch.Size([3072]): 
The value is the same before and after calling `init_weights` of GroundingDINO  

language_model.language_backbone.body.model.encoder.layer.2.output.dense.weight - torch.Size([768, 3072]): 
The value is the same before and after calling `init_weights` of GroundingDINO  

language_model.language_backbone.body.model.encoder.layer.2.output.dense.bias - torch.Size([768]): 
The value is the same before and after calling `init_weights` of GroundingDINO  

language_model.language_backbone.body.model.encoder.layer.2.output.LayerNorm.weight - torch.Size([768]): 
The value is the same before and after calling `init_weights` of GroundingDINO  

language_model.language_backbone.body.model.encoder.layer.2.output.LayerNorm.bias - torch.Size([768]): 
The value is the same before and after calling `init_weights` of GroundingDINO  

language_model.language_backbone.body.model.encoder.layer.3.attention.self.query.weight - torch.Size([768, 768]): 
The value is the same before and after calling `init_weights` of GroundingDINO  

language_model.language_backbone.body.model.encoder.layer.3.attention.self.query.bias - torch.Size([768]): 
The value is the same before and after calling `init_weights` of GroundingDINO  

language_model.language_backbone.body.model.encoder.layer.3.attention.self.key.weight - torch.Size([768, 768]): 
The value is the same before and after calling `init_weights` of GroundingDINO  

language_model.language_backbone.body.model.encoder.layer.3.attention.self.key.bias - torch.Size([768]): 
The value is the same before and after calling `init_weights` of GroundingDINO  

language_model.language_backbone.body.model.encoder.layer.3.attention.self.value.weight - torch.Size([768, 768]): 
The value is the same before and after calling `init_weights` of GroundingDINO  

language_model.language_backbone.body.model.encoder.layer.3.attention.self.value.bias - torch.Size([768]): 
The value is the same before and after calling `init_weights` of GroundingDINO  

language_model.language_backbone.body.model.encoder.layer.3.attention.output.dense.weight - torch.Size([768, 768]): 
The value is the same before and after calling `init_weights` of GroundingDINO  

language_model.language_backbone.body.model.encoder.layer.3.attention.output.dense.bias - torch.Size([768]): 
The value is the same before and after calling `init_weights` of GroundingDINO  

language_model.language_backbone.body.model.encoder.layer.3.attention.output.LayerNorm.weight - torch.Size([768]): 
The value is the same before and after calling `init_weights` of GroundingDINO  

language_model.language_backbone.body.model.encoder.layer.3.attention.output.LayerNorm.bias - torch.Size([768]): 
The value is the same before and after calling `init_weights` of GroundingDINO  

language_model.language_backbone.body.model.encoder.layer.3.intermediate.dense.weight - torch.Size([3072, 768]): 
The value is the same before and after calling `init_weights` of GroundingDINO  

language_model.language_backbone.body.model.encoder.layer.3.intermediate.dense.bias - torch.Size([3072]): 
The value is the same before and after calling `init_weights` of GroundingDINO  

language_model.language_backbone.body.model.encoder.layer.3.output.dense.weight - torch.Size([768, 3072]): 
The value is the same before and after calling `init_weights` of GroundingDINO  

language_model.language_backbone.body.model.encoder.layer.3.output.dense.bias - torch.Size([768]): 
The value is the same before and after calling `init_weights` of GroundingDINO  

language_model.language_backbone.body.model.encoder.layer.3.output.LayerNorm.weight - torch.Size([768]): 
The value is the same before and after calling `init_weights` of GroundingDINO  

language_model.language_backbone.body.model.encoder.layer.3.output.LayerNorm.bias - torch.Size([768]): 
The value is the same before and after calling `init_weights` of GroundingDINO  

language_model.language_backbone.body.model.encoder.layer.4.attention.self.query.weight - torch.Size([768, 768]): 
The value is the same before and after calling `init_weights` of GroundingDINO  

language_model.language_backbone.body.model.encoder.layer.4.attention.self.query.bias - torch.Size([768]): 
The value is the same before and after calling `init_weights` of GroundingDINO  

language_model.language_backbone.body.model.encoder.layer.4.attention.self.key.weight - torch.Size([768, 768]): 
The value is the same before and after calling `init_weights` of GroundingDINO  

language_model.language_backbone.body.model.encoder.layer.4.attention.self.key.bias - torch.Size([768]): 
The value is the same before and after calling `init_weights` of GroundingDINO  

language_model.language_backbone.body.model.encoder.layer.4.attention.self.value.weight - torch.Size([768, 768]): 
The value is the same before and after calling `init_weights` of GroundingDINO  

language_model.language_backbone.body.model.encoder.layer.4.attention.self.value.bias - torch.Size([768]): 
The value is the same before and after calling `init_weights` of GroundingDINO  

language_model.language_backbone.body.model.encoder.layer.4.attention.output.dense.weight - torch.Size([768, 768]): 
The value is the same before and after calling `init_weights` of GroundingDINO  

language_model.language_backbone.body.model.encoder.layer.4.attention.output.dense.bias - torch.Size([768]): 
The value is the same before and after calling `init_weights` of GroundingDINO  

language_model.language_backbone.body.model.encoder.layer.4.attention.output.LayerNorm.weight - torch.Size([768]): 
The value is the same before and after calling `init_weights` of GroundingDINO  

language_model.language_backbone.body.model.encoder.layer.4.attention.output.LayerNorm.bias - torch.Size([768]): 
The value is the same before and after calling `init_weights` of GroundingDINO  

language_model.language_backbone.body.model.encoder.layer.4.intermediate.dense.weight - torch.Size([3072, 768]): 
The value is the same before and after calling `init_weights` of GroundingDINO  

language_model.language_backbone.body.model.encoder.layer.4.intermediate.dense.bias - torch.Size([3072]): 
The value is the same before and after calling `init_weights` of GroundingDINO  

language_model.language_backbone.body.model.encoder.layer.4.output.dense.weight - torch.Size([768, 3072]): 
The value is the same before and after calling `init_weights` of GroundingDINO  

language_model.language_backbone.body.model.encoder.layer.4.output.dense.bias - torch.Size([768]): 
The value is the same before and after calling `init_weights` of GroundingDINO  

language_model.language_backbone.body.model.encoder.layer.4.output.LayerNorm.weight - torch.Size([768]): 
The value is the same before and after calling `init_weights` of GroundingDINO  

language_model.language_backbone.body.model.encoder.layer.4.output.LayerNorm.bias - torch.Size([768]): 
The value is the same before and after calling `init_weights` of GroundingDINO  

language_model.language_backbone.body.model.encoder.layer.5.attention.self.query.weight - torch.Size([768, 768]): 
The value is the same before and after calling `init_weights` of GroundingDINO  

language_model.language_backbone.body.model.encoder.layer.5.attention.self.query.bias - torch.Size([768]): 
The value is the same before and after calling `init_weights` of GroundingDINO  

language_model.language_backbone.body.model.encoder.layer.5.attention.self.key.weight - torch.Size([768, 768]): 
The value is the same before and after calling `init_weights` of GroundingDINO  

language_model.language_backbone.body.model.encoder.layer.5.attention.self.key.bias - torch.Size([768]): 
The value is the same before and after calling `init_weights` of GroundingDINO  

language_model.language_backbone.body.model.encoder.layer.5.attention.self.value.weight - torch.Size([768, 768]): 
The value is the same before and after calling `init_weights` of GroundingDINO  

language_model.language_backbone.body.model.encoder.layer.5.attention.self.value.bias - torch.Size([768]): 
The value is the same before and after calling `init_weights` of GroundingDINO  

language_model.language_backbone.body.model.encoder.layer.5.attention.output.dense.weight - torch.Size([768, 768]): 
The value is the same before and after calling `init_weights` of GroundingDINO  

language_model.language_backbone.body.model.encoder.layer.5.attention.output.dense.bias - torch.Size([768]): 
The value is the same before and after calling `init_weights` of GroundingDINO  

language_model.language_backbone.body.model.encoder.layer.5.attention.output.LayerNorm.weight - torch.Size([768]): 
The value is the same before and after calling `init_weights` of GroundingDINO  

language_model.language_backbone.body.model.encoder.layer.5.attention.output.LayerNorm.bias - torch.Size([768]): 
The value is the same before and after calling `init_weights` of GroundingDINO  

language_model.language_backbone.body.model.encoder.layer.5.intermediate.dense.weight - torch.Size([3072, 768]): 
The value is the same before and after calling `init_weights` of GroundingDINO  

language_model.language_backbone.body.model.encoder.layer.5.intermediate.dense.bias - torch.Size([3072]): 
The value is the same before and after calling `init_weights` of GroundingDINO  

language_model.language_backbone.body.model.encoder.layer.5.output.dense.weight - torch.Size([768, 3072]): 
The value is the same before and after calling `init_weights` of GroundingDINO  

language_model.language_backbone.body.model.encoder.layer.5.output.dense.bias - torch.Size([768]): 
The value is the same before and after calling `init_weights` of GroundingDINO  

language_model.language_backbone.body.model.encoder.layer.5.output.LayerNorm.weight - torch.Size([768]): 
The value is the same before and after calling `init_weights` of GroundingDINO  

language_model.language_backbone.body.model.encoder.layer.5.output.LayerNorm.bias - torch.Size([768]): 
The value is the same before and after calling `init_weights` of GroundingDINO  

language_model.language_backbone.body.model.encoder.layer.6.attention.self.query.weight - torch.Size([768, 768]): 
The value is the same before and after calling `init_weights` of GroundingDINO  

language_model.language_backbone.body.model.encoder.layer.6.attention.self.query.bias - torch.Size([768]): 
The value is the same before and after calling `init_weights` of GroundingDINO  

language_model.language_backbone.body.model.encoder.layer.6.attention.self.key.weight - torch.Size([768, 768]): 
The value is the same before and after calling `init_weights` of GroundingDINO  

language_model.language_backbone.body.model.encoder.layer.6.attention.self.key.bias - torch.Size([768]): 
The value is the same before and after calling `init_weights` of GroundingDINO  

language_model.language_backbone.body.model.encoder.layer.6.attention.self.value.weight - torch.Size([768, 768]): 
The value is the same before and after calling `init_weights` of GroundingDINO  

language_model.language_backbone.body.model.encoder.layer.6.attention.self.value.bias - torch.Size([768]): 
The value is the same before and after calling `init_weights` of GroundingDINO  

language_model.language_backbone.body.model.encoder.layer.6.attention.output.dense.weight - torch.Size([768, 768]): 
The value is the same before and after calling `init_weights` of GroundingDINO  

language_model.language_backbone.body.model.encoder.layer.6.attention.output.dense.bias - torch.Size([768]): 
The value is the same before and after calling `init_weights` of GroundingDINO  

language_model.language_backbone.body.model.encoder.layer.6.attention.output.LayerNorm.weight - torch.Size([768]): 
The value is the same before and after calling `init_weights` of GroundingDINO  

language_model.language_backbone.body.model.encoder.layer.6.attention.output.LayerNorm.bias - torch.Size([768]): 
The value is the same before and after calling `init_weights` of GroundingDINO  

language_model.language_backbone.body.model.encoder.layer.6.intermediate.dense.weight - torch.Size([3072, 768]): 
The value is the same before and after calling `init_weights` of GroundingDINO  

language_model.language_backbone.body.model.encoder.layer.6.intermediate.dense.bias - torch.Size([3072]): 
The value is the same before and after calling `init_weights` of GroundingDINO  

language_model.language_backbone.body.model.encoder.layer.6.output.dense.weight - torch.Size([768, 3072]): 
The value is the same before and after calling `init_weights` of GroundingDINO  

language_model.language_backbone.body.model.encoder.layer.6.output.dense.bias - torch.Size([768]): 
The value is the same before and after calling `init_weights` of GroundingDINO  

language_model.language_backbone.body.model.encoder.layer.6.output.LayerNorm.weight - torch.Size([768]): 
The value is the same before and after calling `init_weights` of GroundingDINO  

language_model.language_backbone.body.model.encoder.layer.6.output.LayerNorm.bias - torch.Size([768]): 
The value is the same before and after calling `init_weights` of GroundingDINO  

language_model.language_backbone.body.model.encoder.layer.7.attention.self.query.weight - torch.Size([768, 768]): 
The value is the same before and after calling `init_weights` of GroundingDINO  

language_model.language_backbone.body.model.encoder.layer.7.attention.self.query.bias - torch.Size([768]): 
The value is the same before and after calling `init_weights` of GroundingDINO  

language_model.language_backbone.body.model.encoder.layer.7.attention.self.key.weight - torch.Size([768, 768]): 
The value is the same before and after calling `init_weights` of GroundingDINO  

language_model.language_backbone.body.model.encoder.layer.7.attention.self.key.bias - torch.Size([768]): 
The value is the same before and after calling `init_weights` of GroundingDINO  

language_model.language_backbone.body.model.encoder.layer.7.attention.self.value.weight - torch.Size([768, 768]): 
The value is the same before and after calling `init_weights` of GroundingDINO  

language_model.language_backbone.body.model.encoder.layer.7.attention.self.value.bias - torch.Size([768]): 
The value is the same before and after calling `init_weights` of GroundingDINO  

language_model.language_backbone.body.model.encoder.layer.7.attention.output.dense.weight - torch.Size([768, 768]): 
The value is the same before and after calling `init_weights` of GroundingDINO  

language_model.language_backbone.body.model.encoder.layer.7.attention.output.dense.bias - torch.Size([768]): 
The value is the same before and after calling `init_weights` of GroundingDINO  

language_model.language_backbone.body.model.encoder.layer.7.attention.output.LayerNorm.weight - torch.Size([768]): 
The value is the same before and after calling `init_weights` of GroundingDINO  

language_model.language_backbone.body.model.encoder.layer.7.attention.output.LayerNorm.bias - torch.Size([768]): 
The value is the same before and after calling `init_weights` of GroundingDINO  

language_model.language_backbone.body.model.encoder.layer.7.intermediate.dense.weight - torch.Size([3072, 768]): 
The value is the same before and after calling `init_weights` of GroundingDINO  

language_model.language_backbone.body.model.encoder.layer.7.intermediate.dense.bias - torch.Size([3072]): 
The value is the same before and after calling `init_weights` of GroundingDINO  

language_model.language_backbone.body.model.encoder.layer.7.output.dense.weight - torch.Size([768, 3072]): 
The value is the same before and after calling `init_weights` of GroundingDINO  

language_model.language_backbone.body.model.encoder.layer.7.output.dense.bias - torch.Size([768]): 
The value is the same before and after calling `init_weights` of GroundingDINO  

language_model.language_backbone.body.model.encoder.layer.7.output.LayerNorm.weight - torch.Size([768]): 
The value is the same before and after calling `init_weights` of GroundingDINO  

language_model.language_backbone.body.model.encoder.layer.7.output.LayerNorm.bias - torch.Size([768]): 
The value is the same before and after calling `init_weights` of GroundingDINO  

language_model.language_backbone.body.model.encoder.layer.8.attention.self.query.weight - torch.Size([768, 768]): 
The value is the same before and after calling `init_weights` of GroundingDINO  

language_model.language_backbone.body.model.encoder.layer.8.attention.self.query.bias - torch.Size([768]): 
The value is the same before and after calling `init_weights` of GroundingDINO  

language_model.language_backbone.body.model.encoder.layer.8.attention.self.key.weight - torch.Size([768, 768]): 
The value is the same before and after calling `init_weights` of GroundingDINO  

language_model.language_backbone.body.model.encoder.layer.8.attention.self.key.bias - torch.Size([768]): 
The value is the same before and after calling `init_weights` of GroundingDINO  

language_model.language_backbone.body.model.encoder.layer.8.attention.self.value.weight - torch.Size([768, 768]): 
The value is the same before and after calling `init_weights` of GroundingDINO  

language_model.language_backbone.body.model.encoder.layer.8.attention.self.value.bias - torch.Size([768]): 
The value is the same before and after calling `init_weights` of GroundingDINO  

language_model.language_backbone.body.model.encoder.layer.8.attention.output.dense.weight - torch.Size([768, 768]): 
The value is the same before and after calling `init_weights` of GroundingDINO  

language_model.language_backbone.body.model.encoder.layer.8.attention.output.dense.bias - torch.Size([768]): 
The value is the same before and after calling `init_weights` of GroundingDINO  

language_model.language_backbone.body.model.encoder.layer.8.attention.output.LayerNorm.weight - torch.Size([768]): 
The value is the same before and after calling `init_weights` of GroundingDINO  

language_model.language_backbone.body.model.encoder.layer.8.attention.output.LayerNorm.bias - torch.Size([768]): 
The value is the same before and after calling `init_weights` of GroundingDINO  

language_model.language_backbone.body.model.encoder.layer.8.intermediate.dense.weight - torch.Size([3072, 768]): 
The value is the same before and after calling `init_weights` of GroundingDINO  

language_model.language_backbone.body.model.encoder.layer.8.intermediate.dense.bias - torch.Size([3072]): 
The value is the same before and after calling `init_weights` of GroundingDINO  

language_model.language_backbone.body.model.encoder.layer.8.output.dense.weight - torch.Size([768, 3072]): 
The value is the same before and after calling `init_weights` of GroundingDINO  

language_model.language_backbone.body.model.encoder.layer.8.output.dense.bias - torch.Size([768]): 
The value is the same before and after calling `init_weights` of GroundingDINO  

language_model.language_backbone.body.model.encoder.layer.8.output.LayerNorm.weight - torch.Size([768]): 
The value is the same before and after calling `init_weights` of GroundingDINO  

language_model.language_backbone.body.model.encoder.layer.8.output.LayerNorm.bias - torch.Size([768]): 
The value is the same before and after calling `init_weights` of GroundingDINO  

language_model.language_backbone.body.model.encoder.layer.9.attention.self.query.weight - torch.Size([768, 768]): 
The value is the same before and after calling `init_weights` of GroundingDINO  

language_model.language_backbone.body.model.encoder.layer.9.attention.self.query.bias - torch.Size([768]): 
The value is the same before and after calling `init_weights` of GroundingDINO  

language_model.language_backbone.body.model.encoder.layer.9.attention.self.key.weight - torch.Size([768, 768]): 
The value is the same before and after calling `init_weights` of GroundingDINO  

language_model.language_backbone.body.model.encoder.layer.9.attention.self.key.bias - torch.Size([768]): 
The value is the same before and after calling `init_weights` of GroundingDINO  

language_model.language_backbone.body.model.encoder.layer.9.attention.self.value.weight - torch.Size([768, 768]): 
The value is the same before and after calling `init_weights` of GroundingDINO  

language_model.language_backbone.body.model.encoder.layer.9.attention.self.value.bias - torch.Size([768]): 
The value is the same before and after calling `init_weights` of GroundingDINO  

language_model.language_backbone.body.model.encoder.layer.9.attention.output.dense.weight - torch.Size([768, 768]): 
The value is the same before and after calling `init_weights` of GroundingDINO  

language_model.language_backbone.body.model.encoder.layer.9.attention.output.dense.bias - torch.Size([768]): 
The value is the same before and after calling `init_weights` of GroundingDINO  

language_model.language_backbone.body.model.encoder.layer.9.attention.output.LayerNorm.weight - torch.Size([768]): 
The value is the same before and after calling `init_weights` of GroundingDINO  

language_model.language_backbone.body.model.encoder.layer.9.attention.output.LayerNorm.bias - torch.Size([768]): 
The value is the same before and after calling `init_weights` of GroundingDINO  

language_model.language_backbone.body.model.encoder.layer.9.intermediate.dense.weight - torch.Size([3072, 768]): 
The value is the same before and after calling `init_weights` of GroundingDINO  

language_model.language_backbone.body.model.encoder.layer.9.intermediate.dense.bias - torch.Size([3072]): 
The value is the same before and after calling `init_weights` of GroundingDINO  

language_model.language_backbone.body.model.encoder.layer.9.output.dense.weight - torch.Size([768, 3072]): 
The value is the same before and after calling `init_weights` of GroundingDINO  

language_model.language_backbone.body.model.encoder.layer.9.output.dense.bias - torch.Size([768]): 
The value is the same before and after calling `init_weights` of GroundingDINO  

language_model.language_backbone.body.model.encoder.layer.9.output.LayerNorm.weight - torch.Size([768]): 
The value is the same before and after calling `init_weights` of GroundingDINO  

language_model.language_backbone.body.model.encoder.layer.9.output.LayerNorm.bias - torch.Size([768]): 
The value is the same before and after calling `init_weights` of GroundingDINO  

language_model.language_backbone.body.model.encoder.layer.10.attention.self.query.weight - torch.Size([768, 768]): 
The value is the same before and after calling `init_weights` of GroundingDINO  

language_model.language_backbone.body.model.encoder.layer.10.attention.self.query.bias - torch.Size([768]): 
The value is the same before and after calling `init_weights` of GroundingDINO  

language_model.language_backbone.body.model.encoder.layer.10.attention.self.key.weight - torch.Size([768, 768]): 
The value is the same before and after calling `init_weights` of GroundingDINO  

language_model.language_backbone.body.model.encoder.layer.10.attention.self.key.bias - torch.Size([768]): 
The value is the same before and after calling `init_weights` of GroundingDINO  

language_model.language_backbone.body.model.encoder.layer.10.attention.self.value.weight - torch.Size([768, 768]): 
The value is the same before and after calling `init_weights` of GroundingDINO  

language_model.language_backbone.body.model.encoder.layer.10.attention.self.value.bias - torch.Size([768]): 
The value is the same before and after calling `init_weights` of GroundingDINO  

language_model.language_backbone.body.model.encoder.layer.10.attention.output.dense.weight - torch.Size([768, 768]): 
The value is the same before and after calling `init_weights` of GroundingDINO  

language_model.language_backbone.body.model.encoder.layer.10.attention.output.dense.bias - torch.Size([768]): 
The value is the same before and after calling `init_weights` of GroundingDINO  

language_model.language_backbone.body.model.encoder.layer.10.attention.output.LayerNorm.weight - torch.Size([768]): 
The value is the same before and after calling `init_weights` of GroundingDINO  

language_model.language_backbone.body.model.encoder.layer.10.attention.output.LayerNorm.bias - torch.Size([768]): 
The value is the same before and after calling `init_weights` of GroundingDINO  

language_model.language_backbone.body.model.encoder.layer.10.intermediate.dense.weight - torch.Size([3072, 768]): 
The value is the same before and after calling `init_weights` of GroundingDINO  

language_model.language_backbone.body.model.encoder.layer.10.intermediate.dense.bias - torch.Size([3072]): 
The value is the same before and after calling `init_weights` of GroundingDINO  

language_model.language_backbone.body.model.encoder.layer.10.output.dense.weight - torch.Size([768, 3072]): 
The value is the same before and after calling `init_weights` of GroundingDINO  

language_model.language_backbone.body.model.encoder.layer.10.output.dense.bias - torch.Size([768]): 
The value is the same before and after calling `init_weights` of GroundingDINO  

language_model.language_backbone.body.model.encoder.layer.10.output.LayerNorm.weight - torch.Size([768]): 
The value is the same before and after calling `init_weights` of GroundingDINO  

language_model.language_backbone.body.model.encoder.layer.10.output.LayerNorm.bias - torch.Size([768]): 
The value is the same before and after calling `init_weights` of GroundingDINO  

language_model.language_backbone.body.model.encoder.layer.11.attention.self.query.weight - torch.Size([768, 768]): 
The value is the same before and after calling `init_weights` of GroundingDINO  

language_model.language_backbone.body.model.encoder.layer.11.attention.self.query.bias - torch.Size([768]): 
The value is the same before and after calling `init_weights` of GroundingDINO  

language_model.language_backbone.body.model.encoder.layer.11.attention.self.key.weight - torch.Size([768, 768]): 
The value is the same before and after calling `init_weights` of GroundingDINO  

language_model.language_backbone.body.model.encoder.layer.11.attention.self.key.bias - torch.Size([768]): 
The value is the same before and after calling `init_weights` of GroundingDINO  

language_model.language_backbone.body.model.encoder.layer.11.attention.self.value.weight - torch.Size([768, 768]): 
The value is the same before and after calling `init_weights` of GroundingDINO  

language_model.language_backbone.body.model.encoder.layer.11.attention.self.value.bias - torch.Size([768]): 
The value is the same before and after calling `init_weights` of GroundingDINO  

language_model.language_backbone.body.model.encoder.layer.11.attention.output.dense.weight - torch.Size([768, 768]): 
The value is the same before and after calling `init_weights` of GroundingDINO  

language_model.language_backbone.body.model.encoder.layer.11.attention.output.dense.bias - torch.Size([768]): 
The value is the same before and after calling `init_weights` of GroundingDINO  

language_model.language_backbone.body.model.encoder.layer.11.attention.output.LayerNorm.weight - torch.Size([768]): 
The value is the same before and after calling `init_weights` of GroundingDINO  

language_model.language_backbone.body.model.encoder.layer.11.attention.output.LayerNorm.bias - torch.Size([768]): 
The value is the same before and after calling `init_weights` of GroundingDINO  

language_model.language_backbone.body.model.encoder.layer.11.intermediate.dense.weight - torch.Size([3072, 768]): 
The value is the same before and after calling `init_weights` of GroundingDINO  

language_model.language_backbone.body.model.encoder.layer.11.intermediate.dense.bias - torch.Size([3072]): 
The value is the same before and after calling `init_weights` of GroundingDINO  

language_model.language_backbone.body.model.encoder.layer.11.output.dense.weight - torch.Size([768, 3072]): 
The value is the same before and after calling `init_weights` of GroundingDINO  

language_model.language_backbone.body.model.encoder.layer.11.output.dense.bias - torch.Size([768]): 
The value is the same before and after calling `init_weights` of GroundingDINO  

language_model.language_backbone.body.model.encoder.layer.11.output.LayerNorm.weight - torch.Size([768]): 
The value is the same before and after calling `init_weights` of GroundingDINO  

language_model.language_backbone.body.model.encoder.layer.11.output.LayerNorm.bias - torch.Size([768]): 
The value is the same before and after calling `init_weights` of GroundingDINO  

text_feat_map.weight - torch.Size([256, 768]): 
The value is the same before and after calling `init_weights` of GroundingDINO  

text_feat_map.bias - torch.Size([256]): 
The value is the same before and after calling `init_weights` of GroundingDINO  

dn_query_generator.label_embedding.weight - torch.Size([256, 256]): 
The value is the same before and after calling `init_weights` of GroundingDINO  

lmm.model.embed_tokens.weight - torch.Size([151647, 896]): 
The value is the same before and after calling `init_weights` of GroundingDINO  

lmm.model.layers.0.self_attn.q_proj.lora_A.weight - torch.Size([128, 896]): 
The value is the same before and after calling `init_weights` of GroundingDINO  

lmm.model.layers.0.self_attn.q_proj.lora_B.weight - torch.Size([896, 128]): 
The value is the same before and after calling `init_weights` of GroundingDINO  

lmm.model.layers.0.self_attn.q_proj.ori_model.weight - torch.Size([896, 896]): 
The value is the same before and after calling `init_weights` of GroundingDINO  

lmm.model.layers.0.self_attn.q_proj.ori_model.bias - torch.Size([896]): 
The value is the same before and after calling `init_weights` of GroundingDINO  

lmm.model.layers.0.self_attn.k_proj.lora_A.weight - torch.Size([128, 896]): 
The value is the same before and after calling `init_weights` of GroundingDINO  

lmm.model.layers.0.self_attn.k_proj.lora_B.weight - torch.Size([128, 128]): 
The value is the same before and after calling `init_weights` of GroundingDINO  

lmm.model.layers.0.self_attn.k_proj.ori_model.weight - torch.Size([128, 896]): 
The value is the same before and after calling `init_weights` of GroundingDINO  

lmm.model.layers.0.self_attn.k_proj.ori_model.bias - torch.Size([128]): 
The value is the same before and after calling `init_weights` of GroundingDINO  

lmm.model.layers.0.self_attn.v_proj.lora_A.weight - torch.Size([128, 896]): 
The value is the same before and after calling `init_weights` of GroundingDINO  

lmm.model.layers.0.self_attn.v_proj.lora_B.weight - torch.Size([128, 128]): 
The value is the same before and after calling `init_weights` of GroundingDINO  

lmm.model.layers.0.self_attn.v_proj.ori_model.weight - torch.Size([128, 896]): 
The value is the same before and after calling `init_weights` of GroundingDINO  

lmm.model.layers.0.self_attn.v_proj.ori_model.bias - torch.Size([128]): 
The value is the same before and after calling `init_weights` of GroundingDINO  

lmm.model.layers.0.self_attn.o_proj.lora_A.weight - torch.Size([128, 896]): 
The value is the same before and after calling `init_weights` of GroundingDINO  

lmm.model.layers.0.self_attn.o_proj.lora_B.weight - torch.Size([896, 128]): 
The value is the same before and after calling `init_weights` of GroundingDINO  

lmm.model.layers.0.self_attn.o_proj.ori_model.weight - torch.Size([896, 896]): 
The value is the same before and after calling `init_weights` of GroundingDINO  

lmm.model.layers.0.mlp.gate_proj.lora_A.weight - torch.Size([128, 896]): 
The value is the same before and after calling `init_weights` of GroundingDINO  

lmm.model.layers.0.mlp.gate_proj.lora_B.weight - torch.Size([4864, 128]): 
The value is the same before and after calling `init_weights` of GroundingDINO  

lmm.model.layers.0.mlp.gate_proj.ori_model.weight - torch.Size([4864, 896]): 
The value is the same before and after calling `init_weights` of GroundingDINO  

lmm.model.layers.0.mlp.up_proj.lora_A.weight - torch.Size([128, 896]): 
The value is the same before and after calling `init_weights` of GroundingDINO  

lmm.model.layers.0.mlp.up_proj.lora_B.weight - torch.Size([4864, 128]): 
The value is the same before and after calling `init_weights` of GroundingDINO  

lmm.model.layers.0.mlp.up_proj.ori_model.weight - torch.Size([4864, 896]): 
The value is the same before and after calling `init_weights` of GroundingDINO  

lmm.model.layers.0.mlp.down_proj.lora_A.weight - torch.Size([128, 4864]): 
The value is the same before and after calling `init_weights` of GroundingDINO  

lmm.model.layers.0.mlp.down_proj.lora_B.weight - torch.Size([896, 128]): 
The value is the same before and after calling `init_weights` of GroundingDINO  

lmm.model.layers.0.mlp.down_proj.ori_model.weight - torch.Size([896, 4864]): 
The value is the same before and after calling `init_weights` of GroundingDINO  

lmm.model.layers.0.input_layernorm.weight - torch.Size([896]): 
The value is the same before and after calling `init_weights` of GroundingDINO  

lmm.model.layers.0.post_attention_layernorm.weight - torch.Size([896]): 
The value is the same before and after calling `init_weights` of GroundingDINO  

lmm.model.layers.0.down_proj.weight - torch.Size([256, 896]): 
The value is the same before and after calling `init_weights` of GroundingDINO  

lmm.model.layers.0.down_proj.bias - torch.Size([256]): 
The value is the same before and after calling `init_weights` of GroundingDINO  

lmm.model.layers.0.up_proj.weight - torch.Size([896, 256]): 
The value is the same before and after calling `init_weights` of GroundingDINO  

lmm.model.layers.0.up_proj.bias - torch.Size([896]): 
The value is the same before and after calling `init_weights` of GroundingDINO  

lmm.model.layers.0.corss_attn_norm.weight - torch.Size([896]): 
The value is the same before and after calling `init_weights` of GroundingDINO  

lmm.model.layers.0.cross_attn.sampling_offsets.weight - torch.Size([256, 256]): 
The value is the same before and after calling `init_weights` of GroundingDINO  

lmm.model.layers.0.cross_attn.sampling_offsets.bias - torch.Size([256]): 
The value is the same before and after calling `init_weights` of GroundingDINO  

lmm.model.layers.0.cross_attn.attention_weights.weight - torch.Size([128, 256]): 
The value is the same before and after calling `init_weights` of GroundingDINO  

lmm.model.layers.0.cross_attn.attention_weights.bias - torch.Size([128]): 
The value is the same before and after calling `init_weights` of GroundingDINO  

lmm.model.layers.0.cross_attn.value_proj.weight - torch.Size([256, 256]): 
The value is the same before and after calling `init_weights` of GroundingDINO  

lmm.model.layers.0.cross_attn.value_proj.bias - torch.Size([256]): 
The value is the same before and after calling `init_weights` of GroundingDINO  

lmm.model.layers.0.cross_attn.output_proj.weight - torch.Size([256, 256]): 
The value is the same before and after calling `init_weights` of GroundingDINO  

lmm.model.layers.0.cross_attn.output_proj.bias - torch.Size([256]): 
The value is the same before and after calling `init_weights` of GroundingDINO  

lmm.model.layers.1.self_attn.q_proj.lora_A.weight - torch.Size([128, 896]): 
The value is the same before and after calling `init_weights` of GroundingDINO  

lmm.model.layers.1.self_attn.q_proj.lora_B.weight - torch.Size([896, 128]): 
The value is the same before and after calling `init_weights` of GroundingDINO  

lmm.model.layers.1.self_attn.q_proj.ori_model.weight - torch.Size([896, 896]): 
The value is the same before and after calling `init_weights` of GroundingDINO  

lmm.model.layers.1.self_attn.q_proj.ori_model.bias - torch.Size([896]): 
The value is the same before and after calling `init_weights` of GroundingDINO  

lmm.model.layers.1.self_attn.k_proj.lora_A.weight - torch.Size([128, 896]): 
The value is the same before and after calling `init_weights` of GroundingDINO  

lmm.model.layers.1.self_attn.k_proj.lora_B.weight - torch.Size([128, 128]): 
The value is the same before and after calling `init_weights` of GroundingDINO  

lmm.model.layers.1.self_attn.k_proj.ori_model.weight - torch.Size([128, 896]): 
The value is the same before and after calling `init_weights` of GroundingDINO  

lmm.model.layers.1.self_attn.k_proj.ori_model.bias - torch.Size([128]): 
The value is the same before and after calling `init_weights` of GroundingDINO  

lmm.model.layers.1.self_attn.v_proj.lora_A.weight - torch.Size([128, 896]): 
The value is the same before and after calling `init_weights` of GroundingDINO  

lmm.model.layers.1.self_attn.v_proj.lora_B.weight - torch.Size([128, 128]): 
The value is the same before and after calling `init_weights` of GroundingDINO  

lmm.model.layers.1.self_attn.v_proj.ori_model.weight - torch.Size([128, 896]): 
The value is the same before and after calling `init_weights` of GroundingDINO  

lmm.model.layers.1.self_attn.v_proj.ori_model.bias - torch.Size([128]): 
The value is the same before and after calling `init_weights` of GroundingDINO  

lmm.model.layers.1.self_attn.o_proj.lora_A.weight - torch.Size([128, 896]): 
The value is the same before and after calling `init_weights` of GroundingDINO  

lmm.model.layers.1.self_attn.o_proj.lora_B.weight - torch.Size([896, 128]): 
The value is the same before and after calling `init_weights` of GroundingDINO  

lmm.model.layers.1.self_attn.o_proj.ori_model.weight - torch.Size([896, 896]): 
The value is the same before and after calling `init_weights` of GroundingDINO  

lmm.model.layers.1.mlp.gate_proj.lora_A.weight - torch.Size([128, 896]): 
The value is the same before and after calling `init_weights` of GroundingDINO  

lmm.model.layers.1.mlp.gate_proj.lora_B.weight - torch.Size([4864, 128]): 
The value is the same before and after calling `init_weights` of GroundingDINO  

lmm.model.layers.1.mlp.gate_proj.ori_model.weight - torch.Size([4864, 896]): 
The value is the same before and after calling `init_weights` of GroundingDINO  

lmm.model.layers.1.mlp.up_proj.lora_A.weight - torch.Size([128, 896]): 
The value is the same before and after calling `init_weights` of GroundingDINO  

lmm.model.layers.1.mlp.up_proj.lora_B.weight - torch.Size([4864, 128]): 
The value is the same before and after calling `init_weights` of GroundingDINO  

lmm.model.layers.1.mlp.up_proj.ori_model.weight - torch.Size([4864, 896]): 
The value is the same before and after calling `init_weights` of GroundingDINO  

lmm.model.layers.1.mlp.down_proj.lora_A.weight - torch.Size([128, 4864]): 
The value is the same before and after calling `init_weights` of GroundingDINO  

lmm.model.layers.1.mlp.down_proj.lora_B.weight - torch.Size([896, 128]): 
The value is the same before and after calling `init_weights` of GroundingDINO  

lmm.model.layers.1.mlp.down_proj.ori_model.weight - torch.Size([896, 4864]): 
The value is the same before and after calling `init_weights` of GroundingDINO  

lmm.model.layers.1.input_layernorm.weight - torch.Size([896]): 
The value is the same before and after calling `init_weights` of GroundingDINO  

lmm.model.layers.1.post_attention_layernorm.weight - torch.Size([896]): 
The value is the same before and after calling `init_weights` of GroundingDINO  

lmm.model.layers.2.self_attn.q_proj.lora_A.weight - torch.Size([128, 896]): 
The value is the same before and after calling `init_weights` of GroundingDINO  

lmm.model.layers.2.self_attn.q_proj.lora_B.weight - torch.Size([896, 128]): 
The value is the same before and after calling `init_weights` of GroundingDINO  

lmm.model.layers.2.self_attn.q_proj.ori_model.weight - torch.Size([896, 896]): 
The value is the same before and after calling `init_weights` of GroundingDINO  

lmm.model.layers.2.self_attn.q_proj.ori_model.bias - torch.Size([896]): 
The value is the same before and after calling `init_weights` of GroundingDINO  

lmm.model.layers.2.self_attn.k_proj.lora_A.weight - torch.Size([128, 896]): 
The value is the same before and after calling `init_weights` of GroundingDINO  

lmm.model.layers.2.self_attn.k_proj.lora_B.weight - torch.Size([128, 128]): 
The value is the same before and after calling `init_weights` of GroundingDINO  

lmm.model.layers.2.self_attn.k_proj.ori_model.weight - torch.Size([128, 896]): 
The value is the same before and after calling `init_weights` of GroundingDINO  

lmm.model.layers.2.self_attn.k_proj.ori_model.bias - torch.Size([128]): 
The value is the same before and after calling `init_weights` of GroundingDINO  

lmm.model.layers.2.self_attn.v_proj.lora_A.weight - torch.Size([128, 896]): 
The value is the same before and after calling `init_weights` of GroundingDINO  

lmm.model.layers.2.self_attn.v_proj.lora_B.weight - torch.Size([128, 128]): 
The value is the same before and after calling `init_weights` of GroundingDINO  

lmm.model.layers.2.self_attn.v_proj.ori_model.weight - torch.Size([128, 896]): 
The value is the same before and after calling `init_weights` of GroundingDINO  

lmm.model.layers.2.self_attn.v_proj.ori_model.bias - torch.Size([128]): 
The value is the same before and after calling `init_weights` of GroundingDINO  

lmm.model.layers.2.self_attn.o_proj.lora_A.weight - torch.Size([128, 896]): 
The value is the same before and after calling `init_weights` of GroundingDINO  

lmm.model.layers.2.self_attn.o_proj.lora_B.weight - torch.Size([896, 128]): 
The value is the same before and after calling `init_weights` of GroundingDINO  

lmm.model.layers.2.self_attn.o_proj.ori_model.weight - torch.Size([896, 896]): 
The value is the same before and after calling `init_weights` of GroundingDINO  

lmm.model.layers.2.mlp.gate_proj.lora_A.weight - torch.Size([128, 896]): 
The value is the same before and after calling `init_weights` of GroundingDINO  

lmm.model.layers.2.mlp.gate_proj.lora_B.weight - torch.Size([4864, 128]): 
The value is the same before and after calling `init_weights` of GroundingDINO  

lmm.model.layers.2.mlp.gate_proj.ori_model.weight - torch.Size([4864, 896]): 
The value is the same before and after calling `init_weights` of GroundingDINO  

lmm.model.layers.2.mlp.up_proj.lora_A.weight - torch.Size([128, 896]): 
The value is the same before and after calling `init_weights` of GroundingDINO  

lmm.model.layers.2.mlp.up_proj.lora_B.weight - torch.Size([4864, 128]): 
The value is the same before and after calling `init_weights` of GroundingDINO  

lmm.model.layers.2.mlp.up_proj.ori_model.weight - torch.Size([4864, 896]): 
The value is the same before and after calling `init_weights` of GroundingDINO  

lmm.model.layers.2.mlp.down_proj.lora_A.weight - torch.Size([128, 4864]): 
The value is the same before and after calling `init_weights` of GroundingDINO  

lmm.model.layers.2.mlp.down_proj.lora_B.weight - torch.Size([896, 128]): 
The value is the same before and after calling `init_weights` of GroundingDINO  

lmm.model.layers.2.mlp.down_proj.ori_model.weight - torch.Size([896, 4864]): 
The value is the same before and after calling `init_weights` of GroundingDINO  

lmm.model.layers.2.input_layernorm.weight - torch.Size([896]): 
The value is the same before and after calling `init_weights` of GroundingDINO  

lmm.model.layers.2.post_attention_layernorm.weight - torch.Size([896]): 
The value is the same before and after calling `init_weights` of GroundingDINO  

lmm.model.layers.3.self_attn.q_proj.lora_A.weight - torch.Size([128, 896]): 
The value is the same before and after calling `init_weights` of GroundingDINO  

lmm.model.layers.3.self_attn.q_proj.lora_B.weight - torch.Size([896, 128]): 
The value is the same before and after calling `init_weights` of GroundingDINO  

lmm.model.layers.3.self_attn.q_proj.ori_model.weight - torch.Size([896, 896]): 
The value is the same before and after calling `init_weights` of GroundingDINO  

lmm.model.layers.3.self_attn.q_proj.ori_model.bias - torch.Size([896]): 
The value is the same before and after calling `init_weights` of GroundingDINO  

lmm.model.layers.3.self_attn.k_proj.lora_A.weight - torch.Size([128, 896]): 
The value is the same before and after calling `init_weights` of GroundingDINO  

lmm.model.layers.3.self_attn.k_proj.lora_B.weight - torch.Size([128, 128]): 
The value is the same before and after calling `init_weights` of GroundingDINO  

lmm.model.layers.3.self_attn.k_proj.ori_model.weight - torch.Size([128, 896]): 
The value is the same before and after calling `init_weights` of GroundingDINO  

lmm.model.layers.3.self_attn.k_proj.ori_model.bias - torch.Size([128]): 
The value is the same before and after calling `init_weights` of GroundingDINO  

lmm.model.layers.3.self_attn.v_proj.lora_A.weight - torch.Size([128, 896]): 
The value is the same before and after calling `init_weights` of GroundingDINO  

lmm.model.layers.3.self_attn.v_proj.lora_B.weight - torch.Size([128, 128]): 
The value is the same before and after calling `init_weights` of GroundingDINO  

lmm.model.layers.3.self_attn.v_proj.ori_model.weight - torch.Size([128, 896]): 
The value is the same before and after calling `init_weights` of GroundingDINO  

lmm.model.layers.3.self_attn.v_proj.ori_model.bias - torch.Size([128]): 
The value is the same before and after calling `init_weights` of GroundingDINO  

lmm.model.layers.3.self_attn.o_proj.lora_A.weight - torch.Size([128, 896]): 
The value is the same before and after calling `init_weights` of GroundingDINO  

lmm.model.layers.3.self_attn.o_proj.lora_B.weight - torch.Size([896, 128]): 
The value is the same before and after calling `init_weights` of GroundingDINO  

lmm.model.layers.3.self_attn.o_proj.ori_model.weight - torch.Size([896, 896]): 
The value is the same before and after calling `init_weights` of GroundingDINO  

lmm.model.layers.3.mlp.gate_proj.lora_A.weight - torch.Size([128, 896]): 
The value is the same before and after calling `init_weights` of GroundingDINO  

lmm.model.layers.3.mlp.gate_proj.lora_B.weight - torch.Size([4864, 128]): 
The value is the same before and after calling `init_weights` of GroundingDINO  

lmm.model.layers.3.mlp.gate_proj.ori_model.weight - torch.Size([4864, 896]): 
The value is the same before and after calling `init_weights` of GroundingDINO  

lmm.model.layers.3.mlp.up_proj.lora_A.weight - torch.Size([128, 896]): 
The value is the same before and after calling `init_weights` of GroundingDINO  

lmm.model.layers.3.mlp.up_proj.lora_B.weight - torch.Size([4864, 128]): 
The value is the same before and after calling `init_weights` of GroundingDINO  

lmm.model.layers.3.mlp.up_proj.ori_model.weight - torch.Size([4864, 896]): 
The value is the same before and after calling `init_weights` of GroundingDINO  

lmm.model.layers.3.mlp.down_proj.lora_A.weight - torch.Size([128, 4864]): 
The value is the same before and after calling `init_weights` of GroundingDINO  

lmm.model.layers.3.mlp.down_proj.lora_B.weight - torch.Size([896, 128]): 
The value is the same before and after calling `init_weights` of GroundingDINO  

lmm.model.layers.3.mlp.down_proj.ori_model.weight - torch.Size([896, 4864]): 
The value is the same before and after calling `init_weights` of GroundingDINO  

lmm.model.layers.3.input_layernorm.weight - torch.Size([896]): 
The value is the same before and after calling `init_weights` of GroundingDINO  

lmm.model.layers.3.post_attention_layernorm.weight - torch.Size([896]): 
The value is the same before and after calling `init_weights` of GroundingDINO  

lmm.model.layers.4.self_attn.q_proj.lora_A.weight - torch.Size([128, 896]): 
The value is the same before and after calling `init_weights` of GroundingDINO  

lmm.model.layers.4.self_attn.q_proj.lora_B.weight - torch.Size([896, 128]): 
The value is the same before and after calling `init_weights` of GroundingDINO  

lmm.model.layers.4.self_attn.q_proj.ori_model.weight - torch.Size([896, 896]): 
The value is the same before and after calling `init_weights` of GroundingDINO  

lmm.model.layers.4.self_attn.q_proj.ori_model.bias - torch.Size([896]): 
The value is the same before and after calling `init_weights` of GroundingDINO  

lmm.model.layers.4.self_attn.k_proj.lora_A.weight - torch.Size([128, 896]): 
The value is the same before and after calling `init_weights` of GroundingDINO  

lmm.model.layers.4.self_attn.k_proj.lora_B.weight - torch.Size([128, 128]): 
The value is the same before and after calling `init_weights` of GroundingDINO  

lmm.model.layers.4.self_attn.k_proj.ori_model.weight - torch.Size([128, 896]): 
The value is the same before and after calling `init_weights` of GroundingDINO  

lmm.model.layers.4.self_attn.k_proj.ori_model.bias - torch.Size([128]): 
The value is the same before and after calling `init_weights` of GroundingDINO  

lmm.model.layers.4.self_attn.v_proj.lora_A.weight - torch.Size([128, 896]): 
The value is the same before and after calling `init_weights` of GroundingDINO  

lmm.model.layers.4.self_attn.v_proj.lora_B.weight - torch.Size([128, 128]): 
The value is the same before and after calling `init_weights` of GroundingDINO  

lmm.model.layers.4.self_attn.v_proj.ori_model.weight - torch.Size([128, 896]): 
The value is the same before and after calling `init_weights` of GroundingDINO  

lmm.model.layers.4.self_attn.v_proj.ori_model.bias - torch.Size([128]): 
The value is the same before and after calling `init_weights` of GroundingDINO  

lmm.model.layers.4.self_attn.o_proj.lora_A.weight - torch.Size([128, 896]): 
The value is the same before and after calling `init_weights` of GroundingDINO  

lmm.model.layers.4.self_attn.o_proj.lora_B.weight - torch.Size([896, 128]): 
The value is the same before and after calling `init_weights` of GroundingDINO  

lmm.model.layers.4.self_attn.o_proj.ori_model.weight - torch.Size([896, 896]): 
The value is the same before and after calling `init_weights` of GroundingDINO  

lmm.model.layers.4.mlp.gate_proj.lora_A.weight - torch.Size([128, 896]): 
The value is the same before and after calling `init_weights` of GroundingDINO  

lmm.model.layers.4.mlp.gate_proj.lora_B.weight - torch.Size([4864, 128]): 
The value is the same before and after calling `init_weights` of GroundingDINO  

lmm.model.layers.4.mlp.gate_proj.ori_model.weight - torch.Size([4864, 896]): 
The value is the same before and after calling `init_weights` of GroundingDINO  

lmm.model.layers.4.mlp.up_proj.lora_A.weight - torch.Size([128, 896]): 
The value is the same before and after calling `init_weights` of GroundingDINO  

lmm.model.layers.4.mlp.up_proj.lora_B.weight - torch.Size([4864, 128]): 
The value is the same before and after calling `init_weights` of GroundingDINO  

lmm.model.layers.4.mlp.up_proj.ori_model.weight - torch.Size([4864, 896]): 
The value is the same before and after calling `init_weights` of GroundingDINO  

lmm.model.layers.4.mlp.down_proj.lora_A.weight - torch.Size([128, 4864]): 
The value is the same before and after calling `init_weights` of GroundingDINO  

lmm.model.layers.4.mlp.down_proj.lora_B.weight - torch.Size([896, 128]): 
The value is the same before and after calling `init_weights` of GroundingDINO  

lmm.model.layers.4.mlp.down_proj.ori_model.weight - torch.Size([896, 4864]): 
The value is the same before and after calling `init_weights` of GroundingDINO  

lmm.model.layers.4.input_layernorm.weight - torch.Size([896]): 
The value is the same before and after calling `init_weights` of GroundingDINO  

lmm.model.layers.4.post_attention_layernorm.weight - torch.Size([896]): 
The value is the same before and after calling `init_weights` of GroundingDINO  

lmm.model.layers.4.down_proj.weight - torch.Size([256, 896]): 
The value is the same before and after calling `init_weights` of GroundingDINO  

lmm.model.layers.4.down_proj.bias - torch.Size([256]): 
The value is the same before and after calling `init_weights` of GroundingDINO  

lmm.model.layers.4.up_proj.weight - torch.Size([896, 256]): 
The value is the same before and after calling `init_weights` of GroundingDINO  

lmm.model.layers.4.up_proj.bias - torch.Size([896]): 
The value is the same before and after calling `init_weights` of GroundingDINO  

lmm.model.layers.4.corss_attn_norm.weight - torch.Size([896]): 
The value is the same before and after calling `init_weights` of GroundingDINO  

lmm.model.layers.4.cross_attn.sampling_offsets.weight - torch.Size([256, 256]): 
The value is the same before and after calling `init_weights` of GroundingDINO  

lmm.model.layers.4.cross_attn.sampling_offsets.bias - torch.Size([256]): 
The value is the same before and after calling `init_weights` of GroundingDINO  

lmm.model.layers.4.cross_attn.attention_weights.weight - torch.Size([128, 256]): 
The value is the same before and after calling `init_weights` of GroundingDINO  

lmm.model.layers.4.cross_attn.attention_weights.bias - torch.Size([128]): 
The value is the same before and after calling `init_weights` of GroundingDINO  

lmm.model.layers.4.cross_attn.value_proj.weight - torch.Size([256, 256]): 
The value is the same before and after calling `init_weights` of GroundingDINO  

lmm.model.layers.4.cross_attn.value_proj.bias - torch.Size([256]): 
The value is the same before and after calling `init_weights` of GroundingDINO  

lmm.model.layers.4.cross_attn.output_proj.weight - torch.Size([256, 256]): 
The value is the same before and after calling `init_weights` of GroundingDINO  

lmm.model.layers.4.cross_attn.output_proj.bias - torch.Size([256]): 
The value is the same before and after calling `init_weights` of GroundingDINO  

lmm.model.layers.5.self_attn.q_proj.lora_A.weight - torch.Size([128, 896]): 
The value is the same before and after calling `init_weights` of GroundingDINO  

lmm.model.layers.5.self_attn.q_proj.lora_B.weight - torch.Size([896, 128]): 
The value is the same before and after calling `init_weights` of GroundingDINO  

lmm.model.layers.5.self_attn.q_proj.ori_model.weight - torch.Size([896, 896]): 
The value is the same before and after calling `init_weights` of GroundingDINO  

lmm.model.layers.5.self_attn.q_proj.ori_model.bias - torch.Size([896]): 
The value is the same before and after calling `init_weights` of GroundingDINO  

lmm.model.layers.5.self_attn.k_proj.lora_A.weight - torch.Size([128, 896]): 
The value is the same before and after calling `init_weights` of GroundingDINO  

lmm.model.layers.5.self_attn.k_proj.lora_B.weight - torch.Size([128, 128]): 
The value is the same before and after calling `init_weights` of GroundingDINO  

lmm.model.layers.5.self_attn.k_proj.ori_model.weight - torch.Size([128, 896]): 
The value is the same before and after calling `init_weights` of GroundingDINO  

lmm.model.layers.5.self_attn.k_proj.ori_model.bias - torch.Size([128]): 
The value is the same before and after calling `init_weights` of GroundingDINO  

lmm.model.layers.5.self_attn.v_proj.lora_A.weight - torch.Size([128, 896]): 
The value is the same before and after calling `init_weights` of GroundingDINO  

lmm.model.layers.5.self_attn.v_proj.lora_B.weight - torch.Size([128, 128]): 
The value is the same before and after calling `init_weights` of GroundingDINO  

lmm.model.layers.5.self_attn.v_proj.ori_model.weight - torch.Size([128, 896]): 
The value is the same before and after calling `init_weights` of GroundingDINO  

lmm.model.layers.5.self_attn.v_proj.ori_model.bias - torch.Size([128]): 
The value is the same before and after calling `init_weights` of GroundingDINO  

lmm.model.layers.5.self_attn.o_proj.lora_A.weight - torch.Size([128, 896]): 
The value is the same before and after calling `init_weights` of GroundingDINO  

lmm.model.layers.5.self_attn.o_proj.lora_B.weight - torch.Size([896, 128]): 
The value is the same before and after calling `init_weights` of GroundingDINO  

lmm.model.layers.5.self_attn.o_proj.ori_model.weight - torch.Size([896, 896]): 
The value is the same before and after calling `init_weights` of GroundingDINO  

lmm.model.layers.5.mlp.gate_proj.lora_A.weight - torch.Size([128, 896]): 
The value is the same before and after calling `init_weights` of GroundingDINO  

lmm.model.layers.5.mlp.gate_proj.lora_B.weight - torch.Size([4864, 128]): 
The value is the same before and after calling `init_weights` of GroundingDINO  

lmm.model.layers.5.mlp.gate_proj.ori_model.weight - torch.Size([4864, 896]): 
The value is the same before and after calling `init_weights` of GroundingDINO  

lmm.model.layers.5.mlp.up_proj.lora_A.weight - torch.Size([128, 896]): 
The value is the same before and after calling `init_weights` of GroundingDINO  

lmm.model.layers.5.mlp.up_proj.lora_B.weight - torch.Size([4864, 128]): 
The value is the same before and after calling `init_weights` of GroundingDINO  

lmm.model.layers.5.mlp.up_proj.ori_model.weight - torch.Size([4864, 896]): 
The value is the same before and after calling `init_weights` of GroundingDINO  

lmm.model.layers.5.mlp.down_proj.lora_A.weight - torch.Size([128, 4864]): 
The value is the same before and after calling `init_weights` of GroundingDINO  

lmm.model.layers.5.mlp.down_proj.lora_B.weight - torch.Size([896, 128]): 
The value is the same before and after calling `init_weights` of GroundingDINO  

lmm.model.layers.5.mlp.down_proj.ori_model.weight - torch.Size([896, 4864]): 
The value is the same before and after calling `init_weights` of GroundingDINO  

lmm.model.layers.5.input_layernorm.weight - torch.Size([896]): 
The value is the same before and after calling `init_weights` of GroundingDINO  

lmm.model.layers.5.post_attention_layernorm.weight - torch.Size([896]): 
The value is the same before and after calling `init_weights` of GroundingDINO  

lmm.model.layers.6.self_attn.q_proj.lora_A.weight - torch.Size([128, 896]): 
The value is the same before and after calling `init_weights` of GroundingDINO  

lmm.model.layers.6.self_attn.q_proj.lora_B.weight - torch.Size([896, 128]): 
The value is the same before and after calling `init_weights` of GroundingDINO  

lmm.model.layers.6.self_attn.q_proj.ori_model.weight - torch.Size([896, 896]): 
The value is the same before and after calling `init_weights` of GroundingDINO  

lmm.model.layers.6.self_attn.q_proj.ori_model.bias - torch.Size([896]): 
The value is the same before and after calling `init_weights` of GroundingDINO  

lmm.model.layers.6.self_attn.k_proj.lora_A.weight - torch.Size([128, 896]): 
The value is the same before and after calling `init_weights` of GroundingDINO  

lmm.model.layers.6.self_attn.k_proj.lora_B.weight - torch.Size([128, 128]): 
The value is the same before and after calling `init_weights` of GroundingDINO  

lmm.model.layers.6.self_attn.k_proj.ori_model.weight - torch.Size([128, 896]): 
The value is the same before and after calling `init_weights` of GroundingDINO  

lmm.model.layers.6.self_attn.k_proj.ori_model.bias - torch.Size([128]): 
The value is the same before and after calling `init_weights` of GroundingDINO  

lmm.model.layers.6.self_attn.v_proj.lora_A.weight - torch.Size([128, 896]): 
The value is the same before and after calling `init_weights` of GroundingDINO  

lmm.model.layers.6.self_attn.v_proj.lora_B.weight - torch.Size([128, 128]): 
The value is the same before and after calling `init_weights` of GroundingDINO  

lmm.model.layers.6.self_attn.v_proj.ori_model.weight - torch.Size([128, 896]): 
The value is the same before and after calling `init_weights` of GroundingDINO  

lmm.model.layers.6.self_attn.v_proj.ori_model.bias - torch.Size([128]): 
The value is the same before and after calling `init_weights` of GroundingDINO  

lmm.model.layers.6.self_attn.o_proj.lora_A.weight - torch.Size([128, 896]): 
The value is the same before and after calling `init_weights` of GroundingDINO  

lmm.model.layers.6.self_attn.o_proj.lora_B.weight - torch.Size([896, 128]): 
The value is the same before and after calling `init_weights` of GroundingDINO  

lmm.model.layers.6.self_attn.o_proj.ori_model.weight - torch.Size([896, 896]): 
The value is the same before and after calling `init_weights` of GroundingDINO  

lmm.model.layers.6.mlp.gate_proj.lora_A.weight - torch.Size([128, 896]): 
The value is the same before and after calling `init_weights` of GroundingDINO  

lmm.model.layers.6.mlp.gate_proj.lora_B.weight - torch.Size([4864, 128]): 
The value is the same before and after calling `init_weights` of GroundingDINO  

lmm.model.layers.6.mlp.gate_proj.ori_model.weight - torch.Size([4864, 896]): 
The value is the same before and after calling `init_weights` of GroundingDINO  

lmm.model.layers.6.mlp.up_proj.lora_A.weight - torch.Size([128, 896]): 
The value is the same before and after calling `init_weights` of GroundingDINO  

lmm.model.layers.6.mlp.up_proj.lora_B.weight - torch.Size([4864, 128]): 
The value is the same before and after calling `init_weights` of GroundingDINO  

lmm.model.layers.6.mlp.up_proj.ori_model.weight - torch.Size([4864, 896]): 
The value is the same before and after calling `init_weights` of GroundingDINO  

lmm.model.layers.6.mlp.down_proj.lora_A.weight - torch.Size([128, 4864]): 
The value is the same before and after calling `init_weights` of GroundingDINO  

lmm.model.layers.6.mlp.down_proj.lora_B.weight - torch.Size([896, 128]): 
The value is the same before and after calling `init_weights` of GroundingDINO  

lmm.model.layers.6.mlp.down_proj.ori_model.weight - torch.Size([896, 4864]): 
The value is the same before and after calling `init_weights` of GroundingDINO  

lmm.model.layers.6.input_layernorm.weight - torch.Size([896]): 
The value is the same before and after calling `init_weights` of GroundingDINO  

lmm.model.layers.6.post_attention_layernorm.weight - torch.Size([896]): 
The value is the same before and after calling `init_weights` of GroundingDINO  

lmm.model.layers.7.self_attn.q_proj.lora_A.weight - torch.Size([128, 896]): 
The value is the same before and after calling `init_weights` of GroundingDINO  

lmm.model.layers.7.self_attn.q_proj.lora_B.weight - torch.Size([896, 128]): 
The value is the same before and after calling `init_weights` of GroundingDINO  

lmm.model.layers.7.self_attn.q_proj.ori_model.weight - torch.Size([896, 896]): 
The value is the same before and after calling `init_weights` of GroundingDINO  

lmm.model.layers.7.self_attn.q_proj.ori_model.bias - torch.Size([896]): 
The value is the same before and after calling `init_weights` of GroundingDINO  

lmm.model.layers.7.self_attn.k_proj.lora_A.weight - torch.Size([128, 896]): 
The value is the same before and after calling `init_weights` of GroundingDINO  

lmm.model.layers.7.self_attn.k_proj.lora_B.weight - torch.Size([128, 128]): 
The value is the same before and after calling `init_weights` of GroundingDINO  

lmm.model.layers.7.self_attn.k_proj.ori_model.weight - torch.Size([128, 896]): 
The value is the same before and after calling `init_weights` of GroundingDINO  

lmm.model.layers.7.self_attn.k_proj.ori_model.bias - torch.Size([128]): 
The value is the same before and after calling `init_weights` of GroundingDINO  

lmm.model.layers.7.self_attn.v_proj.lora_A.weight - torch.Size([128, 896]): 
The value is the same before and after calling `init_weights` of GroundingDINO  

lmm.model.layers.7.self_attn.v_proj.lora_B.weight - torch.Size([128, 128]): 
The value is the same before and after calling `init_weights` of GroundingDINO  

lmm.model.layers.7.self_attn.v_proj.ori_model.weight - torch.Size([128, 896]): 
The value is the same before and after calling `init_weights` of GroundingDINO  

lmm.model.layers.7.self_attn.v_proj.ori_model.bias - torch.Size([128]): 
The value is the same before and after calling `init_weights` of GroundingDINO  

lmm.model.layers.7.self_attn.o_proj.lora_A.weight - torch.Size([128, 896]): 
The value is the same before and after calling `init_weights` of GroundingDINO  

lmm.model.layers.7.self_attn.o_proj.lora_B.weight - torch.Size([896, 128]): 
The value is the same before and after calling `init_weights` of GroundingDINO  

lmm.model.layers.7.self_attn.o_proj.ori_model.weight - torch.Size([896, 896]): 
The value is the same before and after calling `init_weights` of GroundingDINO  

lmm.model.layers.7.mlp.gate_proj.lora_A.weight - torch.Size([128, 896]): 
The value is the same before and after calling `init_weights` of GroundingDINO  

lmm.model.layers.7.mlp.gate_proj.lora_B.weight - torch.Size([4864, 128]): 
The value is the same before and after calling `init_weights` of GroundingDINO  

lmm.model.layers.7.mlp.gate_proj.ori_model.weight - torch.Size([4864, 896]): 
The value is the same before and after calling `init_weights` of GroundingDINO  

lmm.model.layers.7.mlp.up_proj.lora_A.weight - torch.Size([128, 896]): 
The value is the same before and after calling `init_weights` of GroundingDINO  

lmm.model.layers.7.mlp.up_proj.lora_B.weight - torch.Size([4864, 128]): 
The value is the same before and after calling `init_weights` of GroundingDINO  

lmm.model.layers.7.mlp.up_proj.ori_model.weight - torch.Size([4864, 896]): 
The value is the same before and after calling `init_weights` of GroundingDINO  

lmm.model.layers.7.mlp.down_proj.lora_A.weight - torch.Size([128, 4864]): 
The value is the same before and after calling `init_weights` of GroundingDINO  

lmm.model.layers.7.mlp.down_proj.lora_B.weight - torch.Size([896, 128]): 
The value is the same before and after calling `init_weights` of GroundingDINO  

lmm.model.layers.7.mlp.down_proj.ori_model.weight - torch.Size([896, 4864]): 
The value is the same before and after calling `init_weights` of GroundingDINO  

lmm.model.layers.7.input_layernorm.weight - torch.Size([896]): 
The value is the same before and after calling `init_weights` of GroundingDINO  

lmm.model.layers.7.post_attention_layernorm.weight - torch.Size([896]): 
The value is the same before and after calling `init_weights` of GroundingDINO  

lmm.model.layers.8.self_attn.q_proj.lora_A.weight - torch.Size([128, 896]): 
The value is the same before and after calling `init_weights` of GroundingDINO  

lmm.model.layers.8.self_attn.q_proj.lora_B.weight - torch.Size([896, 128]): 
The value is the same before and after calling `init_weights` of GroundingDINO  

lmm.model.layers.8.self_attn.q_proj.ori_model.weight - torch.Size([896, 896]): 
The value is the same before and after calling `init_weights` of GroundingDINO  

lmm.model.layers.8.self_attn.q_proj.ori_model.bias - torch.Size([896]): 
The value is the same before and after calling `init_weights` of GroundingDINO  

lmm.model.layers.8.self_attn.k_proj.lora_A.weight - torch.Size([128, 896]): 
The value is the same before and after calling `init_weights` of GroundingDINO  

lmm.model.layers.8.self_attn.k_proj.lora_B.weight - torch.Size([128, 128]): 
The value is the same before and after calling `init_weights` of GroundingDINO  

lmm.model.layers.8.self_attn.k_proj.ori_model.weight - torch.Size([128, 896]): 
The value is the same before and after calling `init_weights` of GroundingDINO  

lmm.model.layers.8.self_attn.k_proj.ori_model.bias - torch.Size([128]): 
The value is the same before and after calling `init_weights` of GroundingDINO  

lmm.model.layers.8.self_attn.v_proj.lora_A.weight - torch.Size([128, 896]): 
The value is the same before and after calling `init_weights` of GroundingDINO  

lmm.model.layers.8.self_attn.v_proj.lora_B.weight - torch.Size([128, 128]): 
The value is the same before and after calling `init_weights` of GroundingDINO  

lmm.model.layers.8.self_attn.v_proj.ori_model.weight - torch.Size([128, 896]): 
The value is the same before and after calling `init_weights` of GroundingDINO  

lmm.model.layers.8.self_attn.v_proj.ori_model.bias - torch.Size([128]): 
The value is the same before and after calling `init_weights` of GroundingDINO  

lmm.model.layers.8.self_attn.o_proj.lora_A.weight - torch.Size([128, 896]): 
The value is the same before and after calling `init_weights` of GroundingDINO  

lmm.model.layers.8.self_attn.o_proj.lora_B.weight - torch.Size([896, 128]): 
The value is the same before and after calling `init_weights` of GroundingDINO  

lmm.model.layers.8.self_attn.o_proj.ori_model.weight - torch.Size([896, 896]): 
The value is the same before and after calling `init_weights` of GroundingDINO  

lmm.model.layers.8.mlp.gate_proj.lora_A.weight - torch.Size([128, 896]): 
The value is the same before and after calling `init_weights` of GroundingDINO  

lmm.model.layers.8.mlp.gate_proj.lora_B.weight - torch.Size([4864, 128]): 
The value is the same before and after calling `init_weights` of GroundingDINO  

lmm.model.layers.8.mlp.gate_proj.ori_model.weight - torch.Size([4864, 896]): 
The value is the same before and after calling `init_weights` of GroundingDINO  

lmm.model.layers.8.mlp.up_proj.lora_A.weight - torch.Size([128, 896]): 
The value is the same before and after calling `init_weights` of GroundingDINO  

lmm.model.layers.8.mlp.up_proj.lora_B.weight - torch.Size([4864, 128]): 
The value is the same before and after calling `init_weights` of GroundingDINO  

lmm.model.layers.8.mlp.up_proj.ori_model.weight - torch.Size([4864, 896]): 
The value is the same before and after calling `init_weights` of GroundingDINO  

lmm.model.layers.8.mlp.down_proj.lora_A.weight - torch.Size([128, 4864]): 
The value is the same before and after calling `init_weights` of GroundingDINO  

lmm.model.layers.8.mlp.down_proj.lora_B.weight - torch.Size([896, 128]): 
The value is the same before and after calling `init_weights` of GroundingDINO  

lmm.model.layers.8.mlp.down_proj.ori_model.weight - torch.Size([896, 4864]): 
The value is the same before and after calling `init_weights` of GroundingDINO  

lmm.model.layers.8.input_layernorm.weight - torch.Size([896]): 
The value is the same before and after calling `init_weights` of GroundingDINO  

lmm.model.layers.8.post_attention_layernorm.weight - torch.Size([896]): 
The value is the same before and after calling `init_weights` of GroundingDINO  

lmm.model.layers.8.down_proj.weight - torch.Size([256, 896]): 
The value is the same before and after calling `init_weights` of GroundingDINO  

lmm.model.layers.8.down_proj.bias - torch.Size([256]): 
The value is the same before and after calling `init_weights` of GroundingDINO  

lmm.model.layers.8.up_proj.weight - torch.Size([896, 256]): 
The value is the same before and after calling `init_weights` of GroundingDINO  

lmm.model.layers.8.up_proj.bias - torch.Size([896]): 
The value is the same before and after calling `init_weights` of GroundingDINO  

lmm.model.layers.8.corss_attn_norm.weight - torch.Size([896]): 
The value is the same before and after calling `init_weights` of GroundingDINO  

lmm.model.layers.8.cross_attn.sampling_offsets.weight - torch.Size([256, 256]): 
The value is the same before and after calling `init_weights` of GroundingDINO  

lmm.model.layers.8.cross_attn.sampling_offsets.bias - torch.Size([256]): 
The value is the same before and after calling `init_weights` of GroundingDINO  

lmm.model.layers.8.cross_attn.attention_weights.weight - torch.Size([128, 256]): 
The value is the same before and after calling `init_weights` of GroundingDINO  

lmm.model.layers.8.cross_attn.attention_weights.bias - torch.Size([128]): 
The value is the same before and after calling `init_weights` of GroundingDINO  

lmm.model.layers.8.cross_attn.value_proj.weight - torch.Size([256, 256]): 
The value is the same before and after calling `init_weights` of GroundingDINO  

lmm.model.layers.8.cross_attn.value_proj.bias - torch.Size([256]): 
The value is the same before and after calling `init_weights` of GroundingDINO  

lmm.model.layers.8.cross_attn.output_proj.weight - torch.Size([256, 256]): 
The value is the same before and after calling `init_weights` of GroundingDINO  

lmm.model.layers.8.cross_attn.output_proj.bias - torch.Size([256]): 
The value is the same before and after calling `init_weights` of GroundingDINO  

lmm.model.layers.9.self_attn.q_proj.lora_A.weight - torch.Size([128, 896]): 
The value is the same before and after calling `init_weights` of GroundingDINO  

lmm.model.layers.9.self_attn.q_proj.lora_B.weight - torch.Size([896, 128]): 
The value is the same before and after calling `init_weights` of GroundingDINO  

lmm.model.layers.9.self_attn.q_proj.ori_model.weight - torch.Size([896, 896]): 
The value is the same before and after calling `init_weights` of GroundingDINO  

lmm.model.layers.9.self_attn.q_proj.ori_model.bias - torch.Size([896]): 
The value is the same before and after calling `init_weights` of GroundingDINO  

lmm.model.layers.9.self_attn.k_proj.lora_A.weight - torch.Size([128, 896]): 
The value is the same before and after calling `init_weights` of GroundingDINO  

lmm.model.layers.9.self_attn.k_proj.lora_B.weight - torch.Size([128, 128]): 
The value is the same before and after calling `init_weights` of GroundingDINO  

lmm.model.layers.9.self_attn.k_proj.ori_model.weight - torch.Size([128, 896]): 
The value is the same before and after calling `init_weights` of GroundingDINO  

lmm.model.layers.9.self_attn.k_proj.ori_model.bias - torch.Size([128]): 
The value is the same before and after calling `init_weights` of GroundingDINO  

lmm.model.layers.9.self_attn.v_proj.lora_A.weight - torch.Size([128, 896]): 
The value is the same before and after calling `init_weights` of GroundingDINO  

lmm.model.layers.9.self_attn.v_proj.lora_B.weight - torch.Size([128, 128]): 
The value is the same before and after calling `init_weights` of GroundingDINO  

lmm.model.layers.9.self_attn.v_proj.ori_model.weight - torch.Size([128, 896]): 
The value is the same before and after calling `init_weights` of GroundingDINO  

lmm.model.layers.9.self_attn.v_proj.ori_model.bias - torch.Size([128]): 
The value is the same before and after calling `init_weights` of GroundingDINO  

lmm.model.layers.9.self_attn.o_proj.lora_A.weight - torch.Size([128, 896]): 
The value is the same before and after calling `init_weights` of GroundingDINO  

lmm.model.layers.9.self_attn.o_proj.lora_B.weight - torch.Size([896, 128]): 
The value is the same before and after calling `init_weights` of GroundingDINO  

lmm.model.layers.9.self_attn.o_proj.ori_model.weight - torch.Size([896, 896]): 
The value is the same before and after calling `init_weights` of GroundingDINO  

lmm.model.layers.9.mlp.gate_proj.lora_A.weight - torch.Size([128, 896]): 
The value is the same before and after calling `init_weights` of GroundingDINO  

lmm.model.layers.9.mlp.gate_proj.lora_B.weight - torch.Size([4864, 128]): 
The value is the same before and after calling `init_weights` of GroundingDINO  

lmm.model.layers.9.mlp.gate_proj.ori_model.weight - torch.Size([4864, 896]): 
The value is the same before and after calling `init_weights` of GroundingDINO  

lmm.model.layers.9.mlp.up_proj.lora_A.weight - torch.Size([128, 896]): 
The value is the same before and after calling `init_weights` of GroundingDINO  

lmm.model.layers.9.mlp.up_proj.lora_B.weight - torch.Size([4864, 128]): 
The value is the same before and after calling `init_weights` of GroundingDINO  

lmm.model.layers.9.mlp.up_proj.ori_model.weight - torch.Size([4864, 896]): 
The value is the same before and after calling `init_weights` of GroundingDINO  

lmm.model.layers.9.mlp.down_proj.lora_A.weight - torch.Size([128, 4864]): 
The value is the same before and after calling `init_weights` of GroundingDINO  

lmm.model.layers.9.mlp.down_proj.lora_B.weight - torch.Size([896, 128]): 
The value is the same before and after calling `init_weights` of GroundingDINO  

lmm.model.layers.9.mlp.down_proj.ori_model.weight - torch.Size([896, 4864]): 
The value is the same before and after calling `init_weights` of GroundingDINO  

lmm.model.layers.9.input_layernorm.weight - torch.Size([896]): 
The value is the same before and after calling `init_weights` of GroundingDINO  

lmm.model.layers.9.post_attention_layernorm.weight - torch.Size([896]): 
The value is the same before and after calling `init_weights` of GroundingDINO  

lmm.model.layers.10.self_attn.q_proj.lora_A.weight - torch.Size([128, 896]): 
The value is the same before and after calling `init_weights` of GroundingDINO  

lmm.model.layers.10.self_attn.q_proj.lora_B.weight - torch.Size([896, 128]): 
The value is the same before and after calling `init_weights` of GroundingDINO  

lmm.model.layers.10.self_attn.q_proj.ori_model.weight - torch.Size([896, 896]): 
The value is the same before and after calling `init_weights` of GroundingDINO  

lmm.model.layers.10.self_attn.q_proj.ori_model.bias - torch.Size([896]): 
The value is the same before and after calling `init_weights` of GroundingDINO  

lmm.model.layers.10.self_attn.k_proj.lora_A.weight - torch.Size([128, 896]): 
The value is the same before and after calling `init_weights` of GroundingDINO  

lmm.model.layers.10.self_attn.k_proj.lora_B.weight - torch.Size([128, 128]): 
The value is the same before and after calling `init_weights` of GroundingDINO  

lmm.model.layers.10.self_attn.k_proj.ori_model.weight - torch.Size([128, 896]): 
The value is the same before and after calling `init_weights` of GroundingDINO  

lmm.model.layers.10.self_attn.k_proj.ori_model.bias - torch.Size([128]): 
The value is the same before and after calling `init_weights` of GroundingDINO  

lmm.model.layers.10.self_attn.v_proj.lora_A.weight - torch.Size([128, 896]): 
The value is the same before and after calling `init_weights` of GroundingDINO  

lmm.model.layers.10.self_attn.v_proj.lora_B.weight - torch.Size([128, 128]): 
The value is the same before and after calling `init_weights` of GroundingDINO  

lmm.model.layers.10.self_attn.v_proj.ori_model.weight - torch.Size([128, 896]): 
The value is the same before and after calling `init_weights` of GroundingDINO  

lmm.model.layers.10.self_attn.v_proj.ori_model.bias - torch.Size([128]): 
The value is the same before and after calling `init_weights` of GroundingDINO  

lmm.model.layers.10.self_attn.o_proj.lora_A.weight - torch.Size([128, 896]): 
The value is the same before and after calling `init_weights` of GroundingDINO  

lmm.model.layers.10.self_attn.o_proj.lora_B.weight - torch.Size([896, 128]): 
The value is the same before and after calling `init_weights` of GroundingDINO  

lmm.model.layers.10.self_attn.o_proj.ori_model.weight - torch.Size([896, 896]): 
The value is the same before and after calling `init_weights` of GroundingDINO  

lmm.model.layers.10.mlp.gate_proj.lora_A.weight - torch.Size([128, 896]): 
The value is the same before and after calling `init_weights` of GroundingDINO  

lmm.model.layers.10.mlp.gate_proj.lora_B.weight - torch.Size([4864, 128]): 
The value is the same before and after calling `init_weights` of GroundingDINO  

lmm.model.layers.10.mlp.gate_proj.ori_model.weight - torch.Size([4864, 896]): 
The value is the same before and after calling `init_weights` of GroundingDINO  

lmm.model.layers.10.mlp.up_proj.lora_A.weight - torch.Size([128, 896]): 
The value is the same before and after calling `init_weights` of GroundingDINO  

lmm.model.layers.10.mlp.up_proj.lora_B.weight - torch.Size([4864, 128]): 
The value is the same before and after calling `init_weights` of GroundingDINO  

lmm.model.layers.10.mlp.up_proj.ori_model.weight - torch.Size([4864, 896]): 
The value is the same before and after calling `init_weights` of GroundingDINO  

lmm.model.layers.10.mlp.down_proj.lora_A.weight - torch.Size([128, 4864]): 
The value is the same before and after calling `init_weights` of GroundingDINO  

lmm.model.layers.10.mlp.down_proj.lora_B.weight - torch.Size([896, 128]): 
The value is the same before and after calling `init_weights` of GroundingDINO  

lmm.model.layers.10.mlp.down_proj.ori_model.weight - torch.Size([896, 4864]): 
The value is the same before and after calling `init_weights` of GroundingDINO  

lmm.model.layers.10.input_layernorm.weight - torch.Size([896]): 
The value is the same before and after calling `init_weights` of GroundingDINO  

lmm.model.layers.10.post_attention_layernorm.weight - torch.Size([896]): 
The value is the same before and after calling `init_weights` of GroundingDINO  

lmm.model.layers.11.self_attn.q_proj.lora_A.weight - torch.Size([128, 896]): 
The value is the same before and after calling `init_weights` of GroundingDINO  

lmm.model.layers.11.self_attn.q_proj.lora_B.weight - torch.Size([896, 128]): 
The value is the same before and after calling `init_weights` of GroundingDINO  

lmm.model.layers.11.self_attn.q_proj.ori_model.weight - torch.Size([896, 896]): 
The value is the same before and after calling `init_weights` of GroundingDINO  

lmm.model.layers.11.self_attn.q_proj.ori_model.bias - torch.Size([896]): 
The value is the same before and after calling `init_weights` of GroundingDINO  

lmm.model.layers.11.self_attn.k_proj.lora_A.weight - torch.Size([128, 896]): 
The value is the same before and after calling `init_weights` of GroundingDINO  

lmm.model.layers.11.self_attn.k_proj.lora_B.weight - torch.Size([128, 128]): 
The value is the same before and after calling `init_weights` of GroundingDINO  

lmm.model.layers.11.self_attn.k_proj.ori_model.weight - torch.Size([128, 896]): 
The value is the same before and after calling `init_weights` of GroundingDINO  

lmm.model.layers.11.self_attn.k_proj.ori_model.bias - torch.Size([128]): 
The value is the same before and after calling `init_weights` of GroundingDINO  

lmm.model.layers.11.self_attn.v_proj.lora_A.weight - torch.Size([128, 896]): 
The value is the same before and after calling `init_weights` of GroundingDINO  

lmm.model.layers.11.self_attn.v_proj.lora_B.weight - torch.Size([128, 128]): 
The value is the same before and after calling `init_weights` of GroundingDINO  

lmm.model.layers.11.self_attn.v_proj.ori_model.weight - torch.Size([128, 896]): 
The value is the same before and after calling `init_weights` of GroundingDINO  

lmm.model.layers.11.self_attn.v_proj.ori_model.bias - torch.Size([128]): 
The value is the same before and after calling `init_weights` of GroundingDINO  

lmm.model.layers.11.self_attn.o_proj.lora_A.weight - torch.Size([128, 896]): 
The value is the same before and after calling `init_weights` of GroundingDINO  

lmm.model.layers.11.self_attn.o_proj.lora_B.weight - torch.Size([896, 128]): 
The value is the same before and after calling `init_weights` of GroundingDINO  

lmm.model.layers.11.self_attn.o_proj.ori_model.weight - torch.Size([896, 896]): 
The value is the same before and after calling `init_weights` of GroundingDINO  

lmm.model.layers.11.mlp.gate_proj.lora_A.weight - torch.Size([128, 896]): 
The value is the same before and after calling `init_weights` of GroundingDINO  

lmm.model.layers.11.mlp.gate_proj.lora_B.weight - torch.Size([4864, 128]): 
The value is the same before and after calling `init_weights` of GroundingDINO  

lmm.model.layers.11.mlp.gate_proj.ori_model.weight - torch.Size([4864, 896]): 
The value is the same before and after calling `init_weights` of GroundingDINO  

lmm.model.layers.11.mlp.up_proj.lora_A.weight - torch.Size([128, 896]): 
The value is the same before and after calling `init_weights` of GroundingDINO  

lmm.model.layers.11.mlp.up_proj.lora_B.weight - torch.Size([4864, 128]): 
The value is the same before and after calling `init_weights` of GroundingDINO  

lmm.model.layers.11.mlp.up_proj.ori_model.weight - torch.Size([4864, 896]): 
The value is the same before and after calling `init_weights` of GroundingDINO  

lmm.model.layers.11.mlp.down_proj.lora_A.weight - torch.Size([128, 4864]): 
The value is the same before and after calling `init_weights` of GroundingDINO  

lmm.model.layers.11.mlp.down_proj.lora_B.weight - torch.Size([896, 128]): 
The value is the same before and after calling `init_weights` of GroundingDINO  

lmm.model.layers.11.mlp.down_proj.ori_model.weight - torch.Size([896, 4864]): 
The value is the same before and after calling `init_weights` of GroundingDINO  

lmm.model.layers.11.input_layernorm.weight - torch.Size([896]): 
The value is the same before and after calling `init_weights` of GroundingDINO  

lmm.model.layers.11.post_attention_layernorm.weight - torch.Size([896]): 
The value is the same before and after calling `init_weights` of GroundingDINO  

lmm.model.layers.12.self_attn.q_proj.lora_A.weight - torch.Size([128, 896]): 
The value is the same before and after calling `init_weights` of GroundingDINO  

lmm.model.layers.12.self_attn.q_proj.lora_B.weight - torch.Size([896, 128]): 
The value is the same before and after calling `init_weights` of GroundingDINO  

lmm.model.layers.12.self_attn.q_proj.ori_model.weight - torch.Size([896, 896]): 
The value is the same before and after calling `init_weights` of GroundingDINO  

lmm.model.layers.12.self_attn.q_proj.ori_model.bias - torch.Size([896]): 
The value is the same before and after calling `init_weights` of GroundingDINO  

lmm.model.layers.12.self_attn.k_proj.lora_A.weight - torch.Size([128, 896]): 
The value is the same before and after calling `init_weights` of GroundingDINO  

lmm.model.layers.12.self_attn.k_proj.lora_B.weight - torch.Size([128, 128]): 
The value is the same before and after calling `init_weights` of GroundingDINO  

lmm.model.layers.12.self_attn.k_proj.ori_model.weight - torch.Size([128, 896]): 
The value is the same before and after calling `init_weights` of GroundingDINO  

lmm.model.layers.12.self_attn.k_proj.ori_model.bias - torch.Size([128]): 
The value is the same before and after calling `init_weights` of GroundingDINO  

lmm.model.layers.12.self_attn.v_proj.lora_A.weight - torch.Size([128, 896]): 
The value is the same before and after calling `init_weights` of GroundingDINO  

lmm.model.layers.12.self_attn.v_proj.lora_B.weight - torch.Size([128, 128]): 
The value is the same before and after calling `init_weights` of GroundingDINO  

lmm.model.layers.12.self_attn.v_proj.ori_model.weight - torch.Size([128, 896]): 
The value is the same before and after calling `init_weights` of GroundingDINO  

lmm.model.layers.12.self_attn.v_proj.ori_model.bias - torch.Size([128]): 
The value is the same before and after calling `init_weights` of GroundingDINO  

lmm.model.layers.12.self_attn.o_proj.lora_A.weight - torch.Size([128, 896]): 
The value is the same before and after calling `init_weights` of GroundingDINO  

lmm.model.layers.12.self_attn.o_proj.lora_B.weight - torch.Size([896, 128]): 
The value is the same before and after calling `init_weights` of GroundingDINO  

lmm.model.layers.12.self_attn.o_proj.ori_model.weight - torch.Size([896, 896]): 
The value is the same before and after calling `init_weights` of GroundingDINO  

lmm.model.layers.12.mlp.gate_proj.lora_A.weight - torch.Size([128, 896]): 
The value is the same before and after calling `init_weights` of GroundingDINO  

lmm.model.layers.12.mlp.gate_proj.lora_B.weight - torch.Size([4864, 128]): 
The value is the same before and after calling `init_weights` of GroundingDINO  

lmm.model.layers.12.mlp.gate_proj.ori_model.weight - torch.Size([4864, 896]): 
The value is the same before and after calling `init_weights` of GroundingDINO  

lmm.model.layers.12.mlp.up_proj.lora_A.weight - torch.Size([128, 896]): 
The value is the same before and after calling `init_weights` of GroundingDINO  

lmm.model.layers.12.mlp.up_proj.lora_B.weight - torch.Size([4864, 128]): 
The value is the same before and after calling `init_weights` of GroundingDINO  

lmm.model.layers.12.mlp.up_proj.ori_model.weight - torch.Size([4864, 896]): 
The value is the same before and after calling `init_weights` of GroundingDINO  

lmm.model.layers.12.mlp.down_proj.lora_A.weight - torch.Size([128, 4864]): 
The value is the same before and after calling `init_weights` of GroundingDINO  

lmm.model.layers.12.mlp.down_proj.lora_B.weight - torch.Size([896, 128]): 
The value is the same before and after calling `init_weights` of GroundingDINO  

lmm.model.layers.12.mlp.down_proj.ori_model.weight - torch.Size([896, 4864]): 
The value is the same before and after calling `init_weights` of GroundingDINO  

lmm.model.layers.12.input_layernorm.weight - torch.Size([896]): 
The value is the same before and after calling `init_weights` of GroundingDINO  

lmm.model.layers.12.post_attention_layernorm.weight - torch.Size([896]): 
The value is the same before and after calling `init_weights` of GroundingDINO  

lmm.model.layers.12.down_proj.weight - torch.Size([256, 896]): 
The value is the same before and after calling `init_weights` of GroundingDINO  

lmm.model.layers.12.down_proj.bias - torch.Size([256]): 
The value is the same before and after calling `init_weights` of GroundingDINO  

lmm.model.layers.12.up_proj.weight - torch.Size([896, 256]): 
The value is the same before and after calling `init_weights` of GroundingDINO  

lmm.model.layers.12.up_proj.bias - torch.Size([896]): 
The value is the same before and after calling `init_weights` of GroundingDINO  

lmm.model.layers.12.corss_attn_norm.weight - torch.Size([896]): 
The value is the same before and after calling `init_weights` of GroundingDINO  

lmm.model.layers.12.cross_attn.sampling_offsets.weight - torch.Size([256, 256]): 
The value is the same before and after calling `init_weights` of GroundingDINO  

lmm.model.layers.12.cross_attn.sampling_offsets.bias - torch.Size([256]): 
The value is the same before and after calling `init_weights` of GroundingDINO  

lmm.model.layers.12.cross_attn.attention_weights.weight - torch.Size([128, 256]): 
The value is the same before and after calling `init_weights` of GroundingDINO  

lmm.model.layers.12.cross_attn.attention_weights.bias - torch.Size([128]): 
The value is the same before and after calling `init_weights` of GroundingDINO  

lmm.model.layers.12.cross_attn.value_proj.weight - torch.Size([256, 256]): 
The value is the same before and after calling `init_weights` of GroundingDINO  

lmm.model.layers.12.cross_attn.value_proj.bias - torch.Size([256]): 
The value is the same before and after calling `init_weights` of GroundingDINO  

lmm.model.layers.12.cross_attn.output_proj.weight - torch.Size([256, 256]): 
The value is the same before and after calling `init_weights` of GroundingDINO  

lmm.model.layers.12.cross_attn.output_proj.bias - torch.Size([256]): 
The value is the same before and after calling `init_weights` of GroundingDINO  

lmm.model.layers.13.self_attn.q_proj.lora_A.weight - torch.Size([128, 896]): 
The value is the same before and after calling `init_weights` of GroundingDINO  

lmm.model.layers.13.self_attn.q_proj.lora_B.weight - torch.Size([896, 128]): 
The value is the same before and after calling `init_weights` of GroundingDINO  

lmm.model.layers.13.self_attn.q_proj.ori_model.weight - torch.Size([896, 896]): 
The value is the same before and after calling `init_weights` of GroundingDINO  

lmm.model.layers.13.self_attn.q_proj.ori_model.bias - torch.Size([896]): 
The value is the same before and after calling `init_weights` of GroundingDINO  

lmm.model.layers.13.self_attn.k_proj.lora_A.weight - torch.Size([128, 896]): 
The value is the same before and after calling `init_weights` of GroundingDINO  

lmm.model.layers.13.self_attn.k_proj.lora_B.weight - torch.Size([128, 128]): 
The value is the same before and after calling `init_weights` of GroundingDINO  

lmm.model.layers.13.self_attn.k_proj.ori_model.weight - torch.Size([128, 896]): 
The value is the same before and after calling `init_weights` of GroundingDINO  

lmm.model.layers.13.self_attn.k_proj.ori_model.bias - torch.Size([128]): 
The value is the same before and after calling `init_weights` of GroundingDINO  

lmm.model.layers.13.self_attn.v_proj.lora_A.weight - torch.Size([128, 896]): 
The value is the same before and after calling `init_weights` of GroundingDINO  

lmm.model.layers.13.self_attn.v_proj.lora_B.weight - torch.Size([128, 128]): 
The value is the same before and after calling `init_weights` of GroundingDINO  

lmm.model.layers.13.self_attn.v_proj.ori_model.weight - torch.Size([128, 896]): 
The value is the same before and after calling `init_weights` of GroundingDINO  

lmm.model.layers.13.self_attn.v_proj.ori_model.bias - torch.Size([128]): 
The value is the same before and after calling `init_weights` of GroundingDINO  

lmm.model.layers.13.self_attn.o_proj.lora_A.weight - torch.Size([128, 896]): 
The value is the same before and after calling `init_weights` of GroundingDINO  

lmm.model.layers.13.self_attn.o_proj.lora_B.weight - torch.Size([896, 128]): 
The value is the same before and after calling `init_weights` of GroundingDINO  

lmm.model.layers.13.self_attn.o_proj.ori_model.weight - torch.Size([896, 896]): 
The value is the same before and after calling `init_weights` of GroundingDINO  

lmm.model.layers.13.mlp.gate_proj.lora_A.weight - torch.Size([128, 896]): 
The value is the same before and after calling `init_weights` of GroundingDINO  

lmm.model.layers.13.mlp.gate_proj.lora_B.weight - torch.Size([4864, 128]): 
The value is the same before and after calling `init_weights` of GroundingDINO  

lmm.model.layers.13.mlp.gate_proj.ori_model.weight - torch.Size([4864, 896]): 
The value is the same before and after calling `init_weights` of GroundingDINO  

lmm.model.layers.13.mlp.up_proj.lora_A.weight - torch.Size([128, 896]): 
The value is the same before and after calling `init_weights` of GroundingDINO  

lmm.model.layers.13.mlp.up_proj.lora_B.weight - torch.Size([4864, 128]): 
The value is the same before and after calling `init_weights` of GroundingDINO  

lmm.model.layers.13.mlp.up_proj.ori_model.weight - torch.Size([4864, 896]): 
The value is the same before and after calling `init_weights` of GroundingDINO  

lmm.model.layers.13.mlp.down_proj.lora_A.weight - torch.Size([128, 4864]): 
The value is the same before and after calling `init_weights` of GroundingDINO  

lmm.model.layers.13.mlp.down_proj.lora_B.weight - torch.Size([896, 128]): 
The value is the same before and after calling `init_weights` of GroundingDINO  

lmm.model.layers.13.mlp.down_proj.ori_model.weight - torch.Size([896, 4864]): 
The value is the same before and after calling `init_weights` of GroundingDINO  

lmm.model.layers.13.input_layernorm.weight - torch.Size([896]): 
The value is the same before and after calling `init_weights` of GroundingDINO  

lmm.model.layers.13.post_attention_layernorm.weight - torch.Size([896]): 
The value is the same before and after calling `init_weights` of GroundingDINO  

lmm.model.layers.14.self_attn.q_proj.lora_A.weight - torch.Size([128, 896]): 
The value is the same before and after calling `init_weights` of GroundingDINO  

lmm.model.layers.14.self_attn.q_proj.lora_B.weight - torch.Size([896, 128]): 
The value is the same before and after calling `init_weights` of GroundingDINO  

lmm.model.layers.14.self_attn.q_proj.ori_model.weight - torch.Size([896, 896]): 
The value is the same before and after calling `init_weights` of GroundingDINO  

lmm.model.layers.14.self_attn.q_proj.ori_model.bias - torch.Size([896]): 
The value is the same before and after calling `init_weights` of GroundingDINO  

lmm.model.layers.14.self_attn.k_proj.lora_A.weight - torch.Size([128, 896]): 
The value is the same before and after calling `init_weights` of GroundingDINO  

lmm.model.layers.14.self_attn.k_proj.lora_B.weight - torch.Size([128, 128]): 
The value is the same before and after calling `init_weights` of GroundingDINO  

lmm.model.layers.14.self_attn.k_proj.ori_model.weight - torch.Size([128, 896]): 
The value is the same before and after calling `init_weights` of GroundingDINO  

lmm.model.layers.14.self_attn.k_proj.ori_model.bias - torch.Size([128]): 
The value is the same before and after calling `init_weights` of GroundingDINO  

lmm.model.layers.14.self_attn.v_proj.lora_A.weight - torch.Size([128, 896]): 
The value is the same before and after calling `init_weights` of GroundingDINO  

lmm.model.layers.14.self_attn.v_proj.lora_B.weight - torch.Size([128, 128]): 
The value is the same before and after calling `init_weights` of GroundingDINO  

lmm.model.layers.14.self_attn.v_proj.ori_model.weight - torch.Size([128, 896]): 
The value is the same before and after calling `init_weights` of GroundingDINO  

lmm.model.layers.14.self_attn.v_proj.ori_model.bias - torch.Size([128]): 
The value is the same before and after calling `init_weights` of GroundingDINO  

lmm.model.layers.14.self_attn.o_proj.lora_A.weight - torch.Size([128, 896]): 
The value is the same before and after calling `init_weights` of GroundingDINO  

lmm.model.layers.14.self_attn.o_proj.lora_B.weight - torch.Size([896, 128]): 
The value is the same before and after calling `init_weights` of GroundingDINO  

lmm.model.layers.14.self_attn.o_proj.ori_model.weight - torch.Size([896, 896]): 
The value is the same before and after calling `init_weights` of GroundingDINO  

lmm.model.layers.14.mlp.gate_proj.lora_A.weight - torch.Size([128, 896]): 
The value is the same before and after calling `init_weights` of GroundingDINO  

lmm.model.layers.14.mlp.gate_proj.lora_B.weight - torch.Size([4864, 128]): 
The value is the same before and after calling `init_weights` of GroundingDINO  

lmm.model.layers.14.mlp.gate_proj.ori_model.weight - torch.Size([4864, 896]): 
The value is the same before and after calling `init_weights` of GroundingDINO  

lmm.model.layers.14.mlp.up_proj.lora_A.weight - torch.Size([128, 896]): 
The value is the same before and after calling `init_weights` of GroundingDINO  

lmm.model.layers.14.mlp.up_proj.lora_B.weight - torch.Size([4864, 128]): 
The value is the same before and after calling `init_weights` of GroundingDINO  

lmm.model.layers.14.mlp.up_proj.ori_model.weight - torch.Size([4864, 896]): 
The value is the same before and after calling `init_weights` of GroundingDINO  

lmm.model.layers.14.mlp.down_proj.lora_A.weight - torch.Size([128, 4864]): 
The value is the same before and after calling `init_weights` of GroundingDINO  

lmm.model.layers.14.mlp.down_proj.lora_B.weight - torch.Size([896, 128]): 
The value is the same before and after calling `init_weights` of GroundingDINO  

lmm.model.layers.14.mlp.down_proj.ori_model.weight - torch.Size([896, 4864]): 
The value is the same before and after calling `init_weights` of GroundingDINO  

lmm.model.layers.14.input_layernorm.weight - torch.Size([896]): 
The value is the same before and after calling `init_weights` of GroundingDINO  

lmm.model.layers.14.post_attention_layernorm.weight - torch.Size([896]): 
The value is the same before and after calling `init_weights` of GroundingDINO  

lmm.model.layers.15.self_attn.q_proj.lora_A.weight - torch.Size([128, 896]): 
The value is the same before and after calling `init_weights` of GroundingDINO  

lmm.model.layers.15.self_attn.q_proj.lora_B.weight - torch.Size([896, 128]): 
The value is the same before and after calling `init_weights` of GroundingDINO  

lmm.model.layers.15.self_attn.q_proj.ori_model.weight - torch.Size([896, 896]): 
The value is the same before and after calling `init_weights` of GroundingDINO  

lmm.model.layers.15.self_attn.q_proj.ori_model.bias - torch.Size([896]): 
The value is the same before and after calling `init_weights` of GroundingDINO  

lmm.model.layers.15.self_attn.k_proj.lora_A.weight - torch.Size([128, 896]): 
The value is the same before and after calling `init_weights` of GroundingDINO  

lmm.model.layers.15.self_attn.k_proj.lora_B.weight - torch.Size([128, 128]): 
The value is the same before and after calling `init_weights` of GroundingDINO  

lmm.model.layers.15.self_attn.k_proj.ori_model.weight - torch.Size([128, 896]): 
The value is the same before and after calling `init_weights` of GroundingDINO  

lmm.model.layers.15.self_attn.k_proj.ori_model.bias - torch.Size([128]): 
The value is the same before and after calling `init_weights` of GroundingDINO  

lmm.model.layers.15.self_attn.v_proj.lora_A.weight - torch.Size([128, 896]): 
The value is the same before and after calling `init_weights` of GroundingDINO  

lmm.model.layers.15.self_attn.v_proj.lora_B.weight - torch.Size([128, 128]): 
The value is the same before and after calling `init_weights` of GroundingDINO  

lmm.model.layers.15.self_attn.v_proj.ori_model.weight - torch.Size([128, 896]): 
The value is the same before and after calling `init_weights` of GroundingDINO  

lmm.model.layers.15.self_attn.v_proj.ori_model.bias - torch.Size([128]): 
The value is the same before and after calling `init_weights` of GroundingDINO  

lmm.model.layers.15.self_attn.o_proj.lora_A.weight - torch.Size([128, 896]): 
The value is the same before and after calling `init_weights` of GroundingDINO  

lmm.model.layers.15.self_attn.o_proj.lora_B.weight - torch.Size([896, 128]): 
The value is the same before and after calling `init_weights` of GroundingDINO  

lmm.model.layers.15.self_attn.o_proj.ori_model.weight - torch.Size([896, 896]): 
The value is the same before and after calling `init_weights` of GroundingDINO  

lmm.model.layers.15.mlp.gate_proj.lora_A.weight - torch.Size([128, 896]): 
The value is the same before and after calling `init_weights` of GroundingDINO  

lmm.model.layers.15.mlp.gate_proj.lora_B.weight - torch.Size([4864, 128]): 
The value is the same before and after calling `init_weights` of GroundingDINO  

lmm.model.layers.15.mlp.gate_proj.ori_model.weight - torch.Size([4864, 896]): 
The value is the same before and after calling `init_weights` of GroundingDINO  

lmm.model.layers.15.mlp.up_proj.lora_A.weight - torch.Size([128, 896]): 
The value is the same before and after calling `init_weights` of GroundingDINO  

lmm.model.layers.15.mlp.up_proj.lora_B.weight - torch.Size([4864, 128]): 
The value is the same before and after calling `init_weights` of GroundingDINO  

lmm.model.layers.15.mlp.up_proj.ori_model.weight - torch.Size([4864, 896]): 
The value is the same before and after calling `init_weights` of GroundingDINO  

lmm.model.layers.15.mlp.down_proj.lora_A.weight - torch.Size([128, 4864]): 
The value is the same before and after calling `init_weights` of GroundingDINO  

lmm.model.layers.15.mlp.down_proj.lora_B.weight - torch.Size([896, 128]): 
The value is the same before and after calling `init_weights` of GroundingDINO  

lmm.model.layers.15.mlp.down_proj.ori_model.weight - torch.Size([896, 4864]): 
The value is the same before and after calling `init_weights` of GroundingDINO  

lmm.model.layers.15.input_layernorm.weight - torch.Size([896]): 
The value is the same before and after calling `init_weights` of GroundingDINO  

lmm.model.layers.15.post_attention_layernorm.weight - torch.Size([896]): 
The value is the same before and after calling `init_weights` of GroundingDINO  

lmm.model.layers.16.self_attn.q_proj.lora_A.weight - torch.Size([128, 896]): 
The value is the same before and after calling `init_weights` of GroundingDINO  

lmm.model.layers.16.self_attn.q_proj.lora_B.weight - torch.Size([896, 128]): 
The value is the same before and after calling `init_weights` of GroundingDINO  

lmm.model.layers.16.self_attn.q_proj.ori_model.weight - torch.Size([896, 896]): 
The value is the same before and after calling `init_weights` of GroundingDINO  

lmm.model.layers.16.self_attn.q_proj.ori_model.bias - torch.Size([896]): 
The value is the same before and after calling `init_weights` of GroundingDINO  

lmm.model.layers.16.self_attn.k_proj.lora_A.weight - torch.Size([128, 896]): 
The value is the same before and after calling `init_weights` of GroundingDINO  

lmm.model.layers.16.self_attn.k_proj.lora_B.weight - torch.Size([128, 128]): 
The value is the same before and after calling `init_weights` of GroundingDINO  

lmm.model.layers.16.self_attn.k_proj.ori_model.weight - torch.Size([128, 896]): 
The value is the same before and after calling `init_weights` of GroundingDINO  

lmm.model.layers.16.self_attn.k_proj.ori_model.bias - torch.Size([128]): 
The value is the same before and after calling `init_weights` of GroundingDINO  

lmm.model.layers.16.self_attn.v_proj.lora_A.weight - torch.Size([128, 896]): 
The value is the same before and after calling `init_weights` of GroundingDINO  

lmm.model.layers.16.self_attn.v_proj.lora_B.weight - torch.Size([128, 128]): 
The value is the same before and after calling `init_weights` of GroundingDINO  

lmm.model.layers.16.self_attn.v_proj.ori_model.weight - torch.Size([128, 896]): 
The value is the same before and after calling `init_weights` of GroundingDINO  

lmm.model.layers.16.self_attn.v_proj.ori_model.bias - torch.Size([128]): 
The value is the same before and after calling `init_weights` of GroundingDINO  

lmm.model.layers.16.self_attn.o_proj.lora_A.weight - torch.Size([128, 896]): 
The value is the same before and after calling `init_weights` of GroundingDINO  

lmm.model.layers.16.self_attn.o_proj.lora_B.weight - torch.Size([896, 128]): 
The value is the same before and after calling `init_weights` of GroundingDINO  

lmm.model.layers.16.self_attn.o_proj.ori_model.weight - torch.Size([896, 896]): 
The value is the same before and after calling `init_weights` of GroundingDINO  

lmm.model.layers.16.mlp.gate_proj.lora_A.weight - torch.Size([128, 896]): 
The value is the same before and after calling `init_weights` of GroundingDINO  

lmm.model.layers.16.mlp.gate_proj.lora_B.weight - torch.Size([4864, 128]): 
The value is the same before and after calling `init_weights` of GroundingDINO  

lmm.model.layers.16.mlp.gate_proj.ori_model.weight - torch.Size([4864, 896]): 
The value is the same before and after calling `init_weights` of GroundingDINO  

lmm.model.layers.16.mlp.up_proj.lora_A.weight - torch.Size([128, 896]): 
The value is the same before and after calling `init_weights` of GroundingDINO  

lmm.model.layers.16.mlp.up_proj.lora_B.weight - torch.Size([4864, 128]): 
The value is the same before and after calling `init_weights` of GroundingDINO  

lmm.model.layers.16.mlp.up_proj.ori_model.weight - torch.Size([4864, 896]): 
The value is the same before and after calling `init_weights` of GroundingDINO  

lmm.model.layers.16.mlp.down_proj.lora_A.weight - torch.Size([128, 4864]): 
The value is the same before and after calling `init_weights` of GroundingDINO  

lmm.model.layers.16.mlp.down_proj.lora_B.weight - torch.Size([896, 128]): 
The value is the same before and after calling `init_weights` of GroundingDINO  

lmm.model.layers.16.mlp.down_proj.ori_model.weight - torch.Size([896, 4864]): 
The value is the same before and after calling `init_weights` of GroundingDINO  

lmm.model.layers.16.input_layernorm.weight - torch.Size([896]): 
The value is the same before and after calling `init_weights` of GroundingDINO  

lmm.model.layers.16.post_attention_layernorm.weight - torch.Size([896]): 
The value is the same before and after calling `init_weights` of GroundingDINO  

lmm.model.layers.16.down_proj.weight - torch.Size([256, 896]): 
The value is the same before and after calling `init_weights` of GroundingDINO  

lmm.model.layers.16.down_proj.bias - torch.Size([256]): 
The value is the same before and after calling `init_weights` of GroundingDINO  

lmm.model.layers.16.up_proj.weight - torch.Size([896, 256]): 
The value is the same before and after calling `init_weights` of GroundingDINO  

lmm.model.layers.16.up_proj.bias - torch.Size([896]): 
The value is the same before and after calling `init_weights` of GroundingDINO  

lmm.model.layers.16.corss_attn_norm.weight - torch.Size([896]): 
The value is the same before and after calling `init_weights` of GroundingDINO  

lmm.model.layers.16.cross_attn.sampling_offsets.weight - torch.Size([256, 256]): 
The value is the same before and after calling `init_weights` of GroundingDINO  

lmm.model.layers.16.cross_attn.sampling_offsets.bias - torch.Size([256]): 
The value is the same before and after calling `init_weights` of GroundingDINO  

lmm.model.layers.16.cross_attn.attention_weights.weight - torch.Size([128, 256]): 
The value is the same before and after calling `init_weights` of GroundingDINO  

lmm.model.layers.16.cross_attn.attention_weights.bias - torch.Size([128]): 
The value is the same before and after calling `init_weights` of GroundingDINO  

lmm.model.layers.16.cross_attn.value_proj.weight - torch.Size([256, 256]): 
The value is the same before and after calling `init_weights` of GroundingDINO  

lmm.model.layers.16.cross_attn.value_proj.bias - torch.Size([256]): 
The value is the same before and after calling `init_weights` of GroundingDINO  

lmm.model.layers.16.cross_attn.output_proj.weight - torch.Size([256, 256]): 
The value is the same before and after calling `init_weights` of GroundingDINO  

lmm.model.layers.16.cross_attn.output_proj.bias - torch.Size([256]): 
The value is the same before and after calling `init_weights` of GroundingDINO  

lmm.model.layers.17.self_attn.q_proj.lora_A.weight - torch.Size([128, 896]): 
The value is the same before and after calling `init_weights` of GroundingDINO  

lmm.model.layers.17.self_attn.q_proj.lora_B.weight - torch.Size([896, 128]): 
The value is the same before and after calling `init_weights` of GroundingDINO  

lmm.model.layers.17.self_attn.q_proj.ori_model.weight - torch.Size([896, 896]): 
The value is the same before and after calling `init_weights` of GroundingDINO  

lmm.model.layers.17.self_attn.q_proj.ori_model.bias - torch.Size([896]): 
The value is the same before and after calling `init_weights` of GroundingDINO  

lmm.model.layers.17.self_attn.k_proj.lora_A.weight - torch.Size([128, 896]): 
The value is the same before and after calling `init_weights` of GroundingDINO  

lmm.model.layers.17.self_attn.k_proj.lora_B.weight - torch.Size([128, 128]): 
The value is the same before and after calling `init_weights` of GroundingDINO  

lmm.model.layers.17.self_attn.k_proj.ori_model.weight - torch.Size([128, 896]): 
The value is the same before and after calling `init_weights` of GroundingDINO  

lmm.model.layers.17.self_attn.k_proj.ori_model.bias - torch.Size([128]): 
The value is the same before and after calling `init_weights` of GroundingDINO  

lmm.model.layers.17.self_attn.v_proj.lora_A.weight - torch.Size([128, 896]): 
The value is the same before and after calling `init_weights` of GroundingDINO  

lmm.model.layers.17.self_attn.v_proj.lora_B.weight - torch.Size([128, 128]): 
The value is the same before and after calling `init_weights` of GroundingDINO  

lmm.model.layers.17.self_attn.v_proj.ori_model.weight - torch.Size([128, 896]): 
The value is the same before and after calling `init_weights` of GroundingDINO  

lmm.model.layers.17.self_attn.v_proj.ori_model.bias - torch.Size([128]): 
The value is the same before and after calling `init_weights` of GroundingDINO  

lmm.model.layers.17.self_attn.o_proj.lora_A.weight - torch.Size([128, 896]): 
The value is the same before and after calling `init_weights` of GroundingDINO  

lmm.model.layers.17.self_attn.o_proj.lora_B.weight - torch.Size([896, 128]): 
The value is the same before and after calling `init_weights` of GroundingDINO  

lmm.model.layers.17.self_attn.o_proj.ori_model.weight - torch.Size([896, 896]): 
The value is the same before and after calling `init_weights` of GroundingDINO  

lmm.model.layers.17.mlp.gate_proj.lora_A.weight - torch.Size([128, 896]): 
The value is the same before and after calling `init_weights` of GroundingDINO  

lmm.model.layers.17.mlp.gate_proj.lora_B.weight - torch.Size([4864, 128]): 
The value is the same before and after calling `init_weights` of GroundingDINO  

lmm.model.layers.17.mlp.gate_proj.ori_model.weight - torch.Size([4864, 896]): 
The value is the same before and after calling `init_weights` of GroundingDINO  

lmm.model.layers.17.mlp.up_proj.lora_A.weight - torch.Size([128, 896]): 
The value is the same before and after calling `init_weights` of GroundingDINO  

lmm.model.layers.17.mlp.up_proj.lora_B.weight - torch.Size([4864, 128]): 
The value is the same before and after calling `init_weights` of GroundingDINO  

lmm.model.layers.17.mlp.up_proj.ori_model.weight - torch.Size([4864, 896]): 
The value is the same before and after calling `init_weights` of GroundingDINO  

lmm.model.layers.17.mlp.down_proj.lora_A.weight - torch.Size([128, 4864]): 
The value is the same before and after calling `init_weights` of GroundingDINO  

lmm.model.layers.17.mlp.down_proj.lora_B.weight - torch.Size([896, 128]): 
The value is the same before and after calling `init_weights` of GroundingDINO  

lmm.model.layers.17.mlp.down_proj.ori_model.weight - torch.Size([896, 4864]): 
The value is the same before and after calling `init_weights` of GroundingDINO  

lmm.model.layers.17.input_layernorm.weight - torch.Size([896]): 
The value is the same before and after calling `init_weights` of GroundingDINO  

lmm.model.layers.17.post_attention_layernorm.weight - torch.Size([896]): 
The value is the same before and after calling `init_weights` of GroundingDINO  

lmm.model.layers.18.self_attn.q_proj.lora_A.weight - torch.Size([128, 896]): 
The value is the same before and after calling `init_weights` of GroundingDINO  

lmm.model.layers.18.self_attn.q_proj.lora_B.weight - torch.Size([896, 128]): 
The value is the same before and after calling `init_weights` of GroundingDINO  

lmm.model.layers.18.self_attn.q_proj.ori_model.weight - torch.Size([896, 896]): 
The value is the same before and after calling `init_weights` of GroundingDINO  

lmm.model.layers.18.self_attn.q_proj.ori_model.bias - torch.Size([896]): 
The value is the same before and after calling `init_weights` of GroundingDINO  

lmm.model.layers.18.self_attn.k_proj.lora_A.weight - torch.Size([128, 896]): 
The value is the same before and after calling `init_weights` of GroundingDINO  

lmm.model.layers.18.self_attn.k_proj.lora_B.weight - torch.Size([128, 128]): 
The value is the same before and after calling `init_weights` of GroundingDINO  

lmm.model.layers.18.self_attn.k_proj.ori_model.weight - torch.Size([128, 896]): 
The value is the same before and after calling `init_weights` of GroundingDINO  

lmm.model.layers.18.self_attn.k_proj.ori_model.bias - torch.Size([128]): 
The value is the same before and after calling `init_weights` of GroundingDINO  

lmm.model.layers.18.self_attn.v_proj.lora_A.weight - torch.Size([128, 896]): 
The value is the same before and after calling `init_weights` of GroundingDINO  

lmm.model.layers.18.self_attn.v_proj.lora_B.weight - torch.Size([128, 128]): 
The value is the same before and after calling `init_weights` of GroundingDINO  

lmm.model.layers.18.self_attn.v_proj.ori_model.weight - torch.Size([128, 896]): 
The value is the same before and after calling `init_weights` of GroundingDINO  

lmm.model.layers.18.self_attn.v_proj.ori_model.bias - torch.Size([128]): 
The value is the same before and after calling `init_weights` of GroundingDINO  

lmm.model.layers.18.self_attn.o_proj.lora_A.weight - torch.Size([128, 896]): 
The value is the same before and after calling `init_weights` of GroundingDINO  

lmm.model.layers.18.self_attn.o_proj.lora_B.weight - torch.Size([896, 128]): 
The value is the same before and after calling `init_weights` of GroundingDINO  

lmm.model.layers.18.self_attn.o_proj.ori_model.weight - torch.Size([896, 896]): 
The value is the same before and after calling `init_weights` of GroundingDINO  

lmm.model.layers.18.mlp.gate_proj.lora_A.weight - torch.Size([128, 896]): 
The value is the same before and after calling `init_weights` of GroundingDINO  

lmm.model.layers.18.mlp.gate_proj.lora_B.weight - torch.Size([4864, 128]): 
The value is the same before and after calling `init_weights` of GroundingDINO  

lmm.model.layers.18.mlp.gate_proj.ori_model.weight - torch.Size([4864, 896]): 
The value is the same before and after calling `init_weights` of GroundingDINO  

lmm.model.layers.18.mlp.up_proj.lora_A.weight - torch.Size([128, 896]): 
The value is the same before and after calling `init_weights` of GroundingDINO  

lmm.model.layers.18.mlp.up_proj.lora_B.weight - torch.Size([4864, 128]): 
The value is the same before and after calling `init_weights` of GroundingDINO  

lmm.model.layers.18.mlp.up_proj.ori_model.weight - torch.Size([4864, 896]): 
The value is the same before and after calling `init_weights` of GroundingDINO  

lmm.model.layers.18.mlp.down_proj.lora_A.weight - torch.Size([128, 4864]): 
The value is the same before and after calling `init_weights` of GroundingDINO  

lmm.model.layers.18.mlp.down_proj.lora_B.weight - torch.Size([896, 128]): 
The value is the same before and after calling `init_weights` of GroundingDINO  

lmm.model.layers.18.mlp.down_proj.ori_model.weight - torch.Size([896, 4864]): 
The value is the same before and after calling `init_weights` of GroundingDINO  

lmm.model.layers.18.input_layernorm.weight - torch.Size([896]): 
The value is the same before and after calling `init_weights` of GroundingDINO  

lmm.model.layers.18.post_attention_layernorm.weight - torch.Size([896]): 
The value is the same before and after calling `init_weights` of GroundingDINO  

lmm.model.layers.19.self_attn.q_proj.lora_A.weight - torch.Size([128, 896]): 
The value is the same before and after calling `init_weights` of GroundingDINO  

lmm.model.layers.19.self_attn.q_proj.lora_B.weight - torch.Size([896, 128]): 
The value is the same before and after calling `init_weights` of GroundingDINO  

lmm.model.layers.19.self_attn.q_proj.ori_model.weight - torch.Size([896, 896]): 
The value is the same before and after calling `init_weights` of GroundingDINO  

lmm.model.layers.19.self_attn.q_proj.ori_model.bias - torch.Size([896]): 
The value is the same before and after calling `init_weights` of GroundingDINO  

lmm.model.layers.19.self_attn.k_proj.lora_A.weight - torch.Size([128, 896]): 
The value is the same before and after calling `init_weights` of GroundingDINO  

lmm.model.layers.19.self_attn.k_proj.lora_B.weight - torch.Size([128, 128]): 
The value is the same before and after calling `init_weights` of GroundingDINO  

lmm.model.layers.19.self_attn.k_proj.ori_model.weight - torch.Size([128, 896]): 
The value is the same before and after calling `init_weights` of GroundingDINO  

lmm.model.layers.19.self_attn.k_proj.ori_model.bias - torch.Size([128]): 
The value is the same before and after calling `init_weights` of GroundingDINO  

lmm.model.layers.19.self_attn.v_proj.lora_A.weight - torch.Size([128, 896]): 
The value is the same before and after calling `init_weights` of GroundingDINO  

lmm.model.layers.19.self_attn.v_proj.lora_B.weight - torch.Size([128, 128]): 
The value is the same before and after calling `init_weights` of GroundingDINO  

lmm.model.layers.19.self_attn.v_proj.ori_model.weight - torch.Size([128, 896]): 
The value is the same before and after calling `init_weights` of GroundingDINO  

lmm.model.layers.19.self_attn.v_proj.ori_model.bias - torch.Size([128]): 
The value is the same before and after calling `init_weights` of GroundingDINO  

lmm.model.layers.19.self_attn.o_proj.lora_A.weight - torch.Size([128, 896]): 
The value is the same before and after calling `init_weights` of GroundingDINO  

lmm.model.layers.19.self_attn.o_proj.lora_B.weight - torch.Size([896, 128]): 
The value is the same before and after calling `init_weights` of GroundingDINO  

lmm.model.layers.19.self_attn.o_proj.ori_model.weight - torch.Size([896, 896]): 
The value is the same before and after calling `init_weights` of GroundingDINO  

lmm.model.layers.19.mlp.gate_proj.lora_A.weight - torch.Size([128, 896]): 
The value is the same before and after calling `init_weights` of GroundingDINO  

lmm.model.layers.19.mlp.gate_proj.lora_B.weight - torch.Size([4864, 128]): 
The value is the same before and after calling `init_weights` of GroundingDINO  

lmm.model.layers.19.mlp.gate_proj.ori_model.weight - torch.Size([4864, 896]): 
The value is the same before and after calling `init_weights` of GroundingDINO  

lmm.model.layers.19.mlp.up_proj.lora_A.weight - torch.Size([128, 896]): 
The value is the same before and after calling `init_weights` of GroundingDINO  

lmm.model.layers.19.mlp.up_proj.lora_B.weight - torch.Size([4864, 128]): 
The value is the same before and after calling `init_weights` of GroundingDINO  

lmm.model.layers.19.mlp.up_proj.ori_model.weight - torch.Size([4864, 896]): 
The value is the same before and after calling `init_weights` of GroundingDINO  

lmm.model.layers.19.mlp.down_proj.lora_A.weight - torch.Size([128, 4864]): 
The value is the same before and after calling `init_weights` of GroundingDINO  

lmm.model.layers.19.mlp.down_proj.lora_B.weight - torch.Size([896, 128]): 
The value is the same before and after calling `init_weights` of GroundingDINO  

lmm.model.layers.19.mlp.down_proj.ori_model.weight - torch.Size([896, 4864]): 
The value is the same before and after calling `init_weights` of GroundingDINO  

lmm.model.layers.19.input_layernorm.weight - torch.Size([896]): 
The value is the same before and after calling `init_weights` of GroundingDINO  

lmm.model.layers.19.post_attention_layernorm.weight - torch.Size([896]): 
The value is the same before and after calling `init_weights` of GroundingDINO  

lmm.model.layers.20.self_attn.q_proj.lora_A.weight - torch.Size([128, 896]): 
The value is the same before and after calling `init_weights` of GroundingDINO  

lmm.model.layers.20.self_attn.q_proj.lora_B.weight - torch.Size([896, 128]): 
The value is the same before and after calling `init_weights` of GroundingDINO  

lmm.model.layers.20.self_attn.q_proj.ori_model.weight - torch.Size([896, 896]): 
The value is the same before and after calling `init_weights` of GroundingDINO  

lmm.model.layers.20.self_attn.q_proj.ori_model.bias - torch.Size([896]): 
The value is the same before and after calling `init_weights` of GroundingDINO  

lmm.model.layers.20.self_attn.k_proj.lora_A.weight - torch.Size([128, 896]): 
The value is the same before and after calling `init_weights` of GroundingDINO  

lmm.model.layers.20.self_attn.k_proj.lora_B.weight - torch.Size([128, 128]): 
The value is the same before and after calling `init_weights` of GroundingDINO  

lmm.model.layers.20.self_attn.k_proj.ori_model.weight - torch.Size([128, 896]): 
The value is the same before and after calling `init_weights` of GroundingDINO  

lmm.model.layers.20.self_attn.k_proj.ori_model.bias - torch.Size([128]): 
The value is the same before and after calling `init_weights` of GroundingDINO  

lmm.model.layers.20.self_attn.v_proj.lora_A.weight - torch.Size([128, 896]): 
The value is the same before and after calling `init_weights` of GroundingDINO  

lmm.model.layers.20.self_attn.v_proj.lora_B.weight - torch.Size([128, 128]): 
The value is the same before and after calling `init_weights` of GroundingDINO  

lmm.model.layers.20.self_attn.v_proj.ori_model.weight - torch.Size([128, 896]): 
The value is the same before and after calling `init_weights` of GroundingDINO  

lmm.model.layers.20.self_attn.v_proj.ori_model.bias - torch.Size([128]): 
The value is the same before and after calling `init_weights` of GroundingDINO  

lmm.model.layers.20.self_attn.o_proj.lora_A.weight - torch.Size([128, 896]): 
The value is the same before and after calling `init_weights` of GroundingDINO  

lmm.model.layers.20.self_attn.o_proj.lora_B.weight - torch.Size([896, 128]): 
The value is the same before and after calling `init_weights` of GroundingDINO  

lmm.model.layers.20.self_attn.o_proj.ori_model.weight - torch.Size([896, 896]): 
The value is the same before and after calling `init_weights` of GroundingDINO  

lmm.model.layers.20.mlp.gate_proj.lora_A.weight - torch.Size([128, 896]): 
The value is the same before and after calling `init_weights` of GroundingDINO  

lmm.model.layers.20.mlp.gate_proj.lora_B.weight - torch.Size([4864, 128]): 
The value is the same before and after calling `init_weights` of GroundingDINO  

lmm.model.layers.20.mlp.gate_proj.ori_model.weight - torch.Size([4864, 896]): 
The value is the same before and after calling `init_weights` of GroundingDINO  

lmm.model.layers.20.mlp.up_proj.lora_A.weight - torch.Size([128, 896]): 
The value is the same before and after calling `init_weights` of GroundingDINO  

lmm.model.layers.20.mlp.up_proj.lora_B.weight - torch.Size([4864, 128]): 
The value is the same before and after calling `init_weights` of GroundingDINO  

lmm.model.layers.20.mlp.up_proj.ori_model.weight - torch.Size([4864, 896]): 
The value is the same before and after calling `init_weights` of GroundingDINO  

lmm.model.layers.20.mlp.down_proj.lora_A.weight - torch.Size([128, 4864]): 
The value is the same before and after calling `init_weights` of GroundingDINO  

lmm.model.layers.20.mlp.down_proj.lora_B.weight - torch.Size([896, 128]): 
The value is the same before and after calling `init_weights` of GroundingDINO  

lmm.model.layers.20.mlp.down_proj.ori_model.weight - torch.Size([896, 4864]): 
The value is the same before and after calling `init_weights` of GroundingDINO  

lmm.model.layers.20.input_layernorm.weight - torch.Size([896]): 
The value is the same before and after calling `init_weights` of GroundingDINO  

lmm.model.layers.20.post_attention_layernorm.weight - torch.Size([896]): 
The value is the same before and after calling `init_weights` of GroundingDINO  

lmm.model.layers.20.down_proj.weight - torch.Size([256, 896]): 
The value is the same before and after calling `init_weights` of GroundingDINO  

lmm.model.layers.20.down_proj.bias - torch.Size([256]): 
The value is the same before and after calling `init_weights` of GroundingDINO  

lmm.model.layers.20.up_proj.weight - torch.Size([896, 256]): 
The value is the same before and after calling `init_weights` of GroundingDINO  

lmm.model.layers.20.up_proj.bias - torch.Size([896]): 
The value is the same before and after calling `init_weights` of GroundingDINO  

lmm.model.layers.20.corss_attn_norm.weight - torch.Size([896]): 
The value is the same before and after calling `init_weights` of GroundingDINO  

lmm.model.layers.20.cross_attn.sampling_offsets.weight - torch.Size([256, 256]): 
The value is the same before and after calling `init_weights` of GroundingDINO  

lmm.model.layers.20.cross_attn.sampling_offsets.bias - torch.Size([256]): 
The value is the same before and after calling `init_weights` of GroundingDINO  

lmm.model.layers.20.cross_attn.attention_weights.weight - torch.Size([128, 256]): 
The value is the same before and after calling `init_weights` of GroundingDINO  

lmm.model.layers.20.cross_attn.attention_weights.bias - torch.Size([128]): 
The value is the same before and after calling `init_weights` of GroundingDINO  

lmm.model.layers.20.cross_attn.value_proj.weight - torch.Size([256, 256]): 
The value is the same before and after calling `init_weights` of GroundingDINO  

lmm.model.layers.20.cross_attn.value_proj.bias - torch.Size([256]): 
The value is the same before and after calling `init_weights` of GroundingDINO  

lmm.model.layers.20.cross_attn.output_proj.weight - torch.Size([256, 256]): 
The value is the same before and after calling `init_weights` of GroundingDINO  

lmm.model.layers.20.cross_attn.output_proj.bias - torch.Size([256]): 
The value is the same before and after calling `init_weights` of GroundingDINO  

lmm.model.layers.21.self_attn.q_proj.lora_A.weight - torch.Size([128, 896]): 
The value is the same before and after calling `init_weights` of GroundingDINO  

lmm.model.layers.21.self_attn.q_proj.lora_B.weight - torch.Size([896, 128]): 
The value is the same before and after calling `init_weights` of GroundingDINO  

lmm.model.layers.21.self_attn.q_proj.ori_model.weight - torch.Size([896, 896]): 
The value is the same before and after calling `init_weights` of GroundingDINO  

lmm.model.layers.21.self_attn.q_proj.ori_model.bias - torch.Size([896]): 
The value is the same before and after calling `init_weights` of GroundingDINO  

lmm.model.layers.21.self_attn.k_proj.lora_A.weight - torch.Size([128, 896]): 
The value is the same before and after calling `init_weights` of GroundingDINO  

lmm.model.layers.21.self_attn.k_proj.lora_B.weight - torch.Size([128, 128]): 
The value is the same before and after calling `init_weights` of GroundingDINO  

lmm.model.layers.21.self_attn.k_proj.ori_model.weight - torch.Size([128, 896]): 
The value is the same before and after calling `init_weights` of GroundingDINO  

lmm.model.layers.21.self_attn.k_proj.ori_model.bias - torch.Size([128]): 
The value is the same before and after calling `init_weights` of GroundingDINO  

lmm.model.layers.21.self_attn.v_proj.lora_A.weight - torch.Size([128, 896]): 
The value is the same before and after calling `init_weights` of GroundingDINO  

lmm.model.layers.21.self_attn.v_proj.lora_B.weight - torch.Size([128, 128]): 
The value is the same before and after calling `init_weights` of GroundingDINO  

lmm.model.layers.21.self_attn.v_proj.ori_model.weight - torch.Size([128, 896]): 
The value is the same before and after calling `init_weights` of GroundingDINO  

lmm.model.layers.21.self_attn.v_proj.ori_model.bias - torch.Size([128]): 
The value is the same before and after calling `init_weights` of GroundingDINO  

lmm.model.layers.21.self_attn.o_proj.lora_A.weight - torch.Size([128, 896]): 
The value is the same before and after calling `init_weights` of GroundingDINO  

lmm.model.layers.21.self_attn.o_proj.lora_B.weight - torch.Size([896, 128]): 
The value is the same before and after calling `init_weights` of GroundingDINO  

lmm.model.layers.21.self_attn.o_proj.ori_model.weight - torch.Size([896, 896]): 
The value is the same before and after calling `init_weights` of GroundingDINO  

lmm.model.layers.21.mlp.gate_proj.lora_A.weight - torch.Size([128, 896]): 
The value is the same before and after calling `init_weights` of GroundingDINO  

lmm.model.layers.21.mlp.gate_proj.lora_B.weight - torch.Size([4864, 128]): 
The value is the same before and after calling `init_weights` of GroundingDINO  

lmm.model.layers.21.mlp.gate_proj.ori_model.weight - torch.Size([4864, 896]): 
The value is the same before and after calling `init_weights` of GroundingDINO  

lmm.model.layers.21.mlp.up_proj.lora_A.weight - torch.Size([128, 896]): 
The value is the same before and after calling `init_weights` of GroundingDINO  

lmm.model.layers.21.mlp.up_proj.lora_B.weight - torch.Size([4864, 128]): 
The value is the same before and after calling `init_weights` of GroundingDINO  

lmm.model.layers.21.mlp.up_proj.ori_model.weight - torch.Size([4864, 896]): 
The value is the same before and after calling `init_weights` of GroundingDINO  

lmm.model.layers.21.mlp.down_proj.lora_A.weight - torch.Size([128, 4864]): 
The value is the same before and after calling `init_weights` of GroundingDINO  

lmm.model.layers.21.mlp.down_proj.lora_B.weight - torch.Size([896, 128]): 
The value is the same before and after calling `init_weights` of GroundingDINO  

lmm.model.layers.21.mlp.down_proj.ori_model.weight - torch.Size([896, 4864]): 
The value is the same before and after calling `init_weights` of GroundingDINO  

lmm.model.layers.21.input_layernorm.weight - torch.Size([896]): 
The value is the same before and after calling `init_weights` of GroundingDINO  

lmm.model.layers.21.post_attention_layernorm.weight - torch.Size([896]): 
The value is the same before and after calling `init_weights` of GroundingDINO  

lmm.model.layers.22.self_attn.q_proj.lora_A.weight - torch.Size([128, 896]): 
The value is the same before and after calling `init_weights` of GroundingDINO  

lmm.model.layers.22.self_attn.q_proj.lora_B.weight - torch.Size([896, 128]): 
The value is the same before and after calling `init_weights` of GroundingDINO  

lmm.model.layers.22.self_attn.q_proj.ori_model.weight - torch.Size([896, 896]): 
The value is the same before and after calling `init_weights` of GroundingDINO  

lmm.model.layers.22.self_attn.q_proj.ori_model.bias - torch.Size([896]): 
The value is the same before and after calling `init_weights` of GroundingDINO  

lmm.model.layers.22.self_attn.k_proj.lora_A.weight - torch.Size([128, 896]): 
The value is the same before and after calling `init_weights` of GroundingDINO  

lmm.model.layers.22.self_attn.k_proj.lora_B.weight - torch.Size([128, 128]): 
The value is the same before and after calling `init_weights` of GroundingDINO  

lmm.model.layers.22.self_attn.k_proj.ori_model.weight - torch.Size([128, 896]): 
The value is the same before and after calling `init_weights` of GroundingDINO  

lmm.model.layers.22.self_attn.k_proj.ori_model.bias - torch.Size([128]): 
The value is the same before and after calling `init_weights` of GroundingDINO  

lmm.model.layers.22.self_attn.v_proj.lora_A.weight - torch.Size([128, 896]): 
The value is the same before and after calling `init_weights` of GroundingDINO  

lmm.model.layers.22.self_attn.v_proj.lora_B.weight - torch.Size([128, 128]): 
The value is the same before and after calling `init_weights` of GroundingDINO  

lmm.model.layers.22.self_attn.v_proj.ori_model.weight - torch.Size([128, 896]): 
The value is the same before and after calling `init_weights` of GroundingDINO  

lmm.model.layers.22.self_attn.v_proj.ori_model.bias - torch.Size([128]): 
The value is the same before and after calling `init_weights` of GroundingDINO  

lmm.model.layers.22.self_attn.o_proj.lora_A.weight - torch.Size([128, 896]): 
The value is the same before and after calling `init_weights` of GroundingDINO  

lmm.model.layers.22.self_attn.o_proj.lora_B.weight - torch.Size([896, 128]): 
The value is the same before and after calling `init_weights` of GroundingDINO  

lmm.model.layers.22.self_attn.o_proj.ori_model.weight - torch.Size([896, 896]): 
The value is the same before and after calling `init_weights` of GroundingDINO  

lmm.model.layers.22.mlp.gate_proj.lora_A.weight - torch.Size([128, 896]): 
The value is the same before and after calling `init_weights` of GroundingDINO  

lmm.model.layers.22.mlp.gate_proj.lora_B.weight - torch.Size([4864, 128]): 
The value is the same before and after calling `init_weights` of GroundingDINO  

lmm.model.layers.22.mlp.gate_proj.ori_model.weight - torch.Size([4864, 896]): 
The value is the same before and after calling `init_weights` of GroundingDINO  

lmm.model.layers.22.mlp.up_proj.lora_A.weight - torch.Size([128, 896]): 
The value is the same before and after calling `init_weights` of GroundingDINO  

lmm.model.layers.22.mlp.up_proj.lora_B.weight - torch.Size([4864, 128]): 
The value is the same before and after calling `init_weights` of GroundingDINO  

lmm.model.layers.22.mlp.up_proj.ori_model.weight - torch.Size([4864, 896]): 
The value is the same before and after calling `init_weights` of GroundingDINO  

lmm.model.layers.22.mlp.down_proj.lora_A.weight - torch.Size([128, 4864]): 
The value is the same before and after calling `init_weights` of GroundingDINO  

lmm.model.layers.22.mlp.down_proj.lora_B.weight - torch.Size([896, 128]): 
The value is the same before and after calling `init_weights` of GroundingDINO  

lmm.model.layers.22.mlp.down_proj.ori_model.weight - torch.Size([896, 4864]): 
The value is the same before and after calling `init_weights` of GroundingDINO  

lmm.model.layers.22.input_layernorm.weight - torch.Size([896]): 
The value is the same before and after calling `init_weights` of GroundingDINO  

lmm.model.layers.22.post_attention_layernorm.weight - torch.Size([896]): 
The value is the same before and after calling `init_weights` of GroundingDINO  

lmm.model.layers.23.self_attn.q_proj.lora_A.weight - torch.Size([128, 896]): 
The value is the same before and after calling `init_weights` of GroundingDINO  

lmm.model.layers.23.self_attn.q_proj.lora_B.weight - torch.Size([896, 128]): 
The value is the same before and after calling `init_weights` of GroundingDINO  

lmm.model.layers.23.self_attn.q_proj.ori_model.weight - torch.Size([896, 896]): 
The value is the same before and after calling `init_weights` of GroundingDINO  

lmm.model.layers.23.self_attn.q_proj.ori_model.bias - torch.Size([896]): 
The value is the same before and after calling `init_weights` of GroundingDINO  

lmm.model.layers.23.self_attn.k_proj.lora_A.weight - torch.Size([128, 896]): 
The value is the same before and after calling `init_weights` of GroundingDINO  

lmm.model.layers.23.self_attn.k_proj.lora_B.weight - torch.Size([128, 128]): 
The value is the same before and after calling `init_weights` of GroundingDINO  

lmm.model.layers.23.self_attn.k_proj.ori_model.weight - torch.Size([128, 896]): 
The value is the same before and after calling `init_weights` of GroundingDINO  

lmm.model.layers.23.self_attn.k_proj.ori_model.bias - torch.Size([128]): 
The value is the same before and after calling `init_weights` of GroundingDINO  

lmm.model.layers.23.self_attn.v_proj.lora_A.weight - torch.Size([128, 896]): 
The value is the same before and after calling `init_weights` of GroundingDINO  

lmm.model.layers.23.self_attn.v_proj.lora_B.weight - torch.Size([128, 128]): 
The value is the same before and after calling `init_weights` of GroundingDINO  

lmm.model.layers.23.self_attn.v_proj.ori_model.weight - torch.Size([128, 896]): 
The value is the same before and after calling `init_weights` of GroundingDINO  

lmm.model.layers.23.self_attn.v_proj.ori_model.bias - torch.Size([128]): 
The value is the same before and after calling `init_weights` of GroundingDINO  

lmm.model.layers.23.self_attn.o_proj.lora_A.weight - torch.Size([128, 896]): 
The value is the same before and after calling `init_weights` of GroundingDINO  

lmm.model.layers.23.self_attn.o_proj.lora_B.weight - torch.Size([896, 128]): 
The value is the same before and after calling `init_weights` of GroundingDINO  

lmm.model.layers.23.self_attn.o_proj.ori_model.weight - torch.Size([896, 896]): 
The value is the same before and after calling `init_weights` of GroundingDINO  

lmm.model.layers.23.mlp.gate_proj.lora_A.weight - torch.Size([128, 896]): 
The value is the same before and after calling `init_weights` of GroundingDINO  

lmm.model.layers.23.mlp.gate_proj.lora_B.weight - torch.Size([4864, 128]): 
The value is the same before and after calling `init_weights` of GroundingDINO  

lmm.model.layers.23.mlp.gate_proj.ori_model.weight - torch.Size([4864, 896]): 
The value is the same before and after calling `init_weights` of GroundingDINO  

lmm.model.layers.23.mlp.up_proj.lora_A.weight - torch.Size([128, 896]): 
The value is the same before and after calling `init_weights` of GroundingDINO  

lmm.model.layers.23.mlp.up_proj.lora_B.weight - torch.Size([4864, 128]): 
The value is the same before and after calling `init_weights` of GroundingDINO  

lmm.model.layers.23.mlp.up_proj.ori_model.weight - torch.Size([4864, 896]): 
The value is the same before and after calling `init_weights` of GroundingDINO  

lmm.model.layers.23.mlp.down_proj.lora_A.weight - torch.Size([128, 4864]): 
The value is the same before and after calling `init_weights` of GroundingDINO  

lmm.model.layers.23.mlp.down_proj.lora_B.weight - torch.Size([896, 128]): 
The value is the same before and after calling `init_weights` of GroundingDINO  

lmm.model.layers.23.mlp.down_proj.ori_model.weight - torch.Size([896, 4864]): 
The value is the same before and after calling `init_weights` of GroundingDINO  

lmm.model.layers.23.input_layernorm.weight - torch.Size([896]): 
The value is the same before and after calling `init_weights` of GroundingDINO  

lmm.model.layers.23.post_attention_layernorm.weight - torch.Size([896]): 
The value is the same before and after calling `init_weights` of GroundingDINO  

lmm.model.norm.weight - torch.Size([896]): 
The value is the same before and after calling `init_weights` of GroundingDINO  

ref_point_head.layers.0.weight - torch.Size([256, 512]): 
The value is the same before and after calling `init_weights` of GroundingDINO  

ref_point_head.layers.0.bias - torch.Size([256]): 
The value is the same before and after calling `init_weights` of GroundingDINO  

ref_point_head.layers.1.weight - torch.Size([256, 256]): 
The value is the same before and after calling `init_weights` of GroundingDINO  

ref_point_head.layers.1.bias - torch.Size([256]): 
The value is the same before and after calling `init_weights` of GroundingDINO  

connector.vision_projector.0.0.weight - torch.Size([896, 256]): 
The value is the same before and after calling `init_weights` of GroundingDINO  

connector.vision_projector.0.0.bias - torch.Size([896]): 
The value is the same before and after calling `init_weights` of GroundingDINO  

connector.vision_projector.0.2.weight - torch.Size([896, 896]): 
The value is the same before and after calling `init_weights` of GroundingDINO  

connector.vision_projector.0.2.bias - torch.Size([896]): 
The value is the same before and after calling `init_weights` of GroundingDINO  

connector.pos_proj.weight - torch.Size([896, 512]): 
The value is the same before and after calling `init_weights` of GroundingDINO  

connector.pos_proj.bias - torch.Size([896]): 
The value is the same before and after calling `init_weights` of GroundingDINO  

region_connector.vision_projector.0.0.weight - torch.Size([896, 256]): 
The value is the same before and after calling `init_weights` of GroundingDINO  

region_connector.vision_projector.0.0.bias - torch.Size([896]): 
The value is the same before and after calling `init_weights` of GroundingDINO  

region_connector.vision_projector.0.2.weight - torch.Size([896, 896]): 
The value is the same before and after calling `init_weights` of GroundingDINO  

region_connector.vision_projector.0.2.bias - torch.Size([896]): 
The value is the same before and after calling `init_weights` of GroundingDINO  

region_connector.pos_proj.weight - torch.Size([896, 512]): 
The value is the same before and after calling `init_weights` of GroundingDINO  

region_connector.pos_proj.bias - torch.Size([896]): 
The value is the same before and after calling `init_weights` of GroundingDINO  

image_seperate.weight - torch.Size([1, 896]): 
The value is the same before and after calling `init_weights` of GroundingDINO  
2025/06/16 18:48:18 - mmengine - INFO - Load checkpoint from /home/jovyan/Computer_vision/LLMDet/work_dirs/grounding_dino_swin_t/iter_3000.pth
2025/06/16 18:48:19 - mmengine - INFO - resumed epoch: 0, iter: 3000
2025/06/16 18:48:19 - mmengine - WARNING - "FileClient" will be deprecated in future. Please use io functions in https://mmengine.readthedocs.io/en/latest/api/fileio.html#file-io
2025/06/16 18:48:19 - mmengine - WARNING - "HardDiskBackend" is the alias of "LocalBackend" and the former will be deprecated in future.
2025/06/16 18:48:19 - mmengine - INFO - Checkpoints will be saved to /home/jovyan/Computer_vision/LLMDet/work_dirs/grounding_dino_swin_t.
2025/06/16 18:48:19 - mmengine - WARNING - Advance dataloader 3000 steps to skip data that has already been trained
2025/06/16 18:50:51 - mmengine - INFO - Iter(train) [ 3100/15000]  base_lr: 1.0000e-04 lr: 1.0000e-04  eta: 5:02:51  time: 1.3321  data_time: 0.0166  memory: 24424  grad_norm: 22.5166  loss: 11.4548  loss_cls: 0.3526  loss_bbox: 0.1844  loss_iou: 0.3108  d0.loss_cls: 0.3893  d0.loss_bbox: 0.2081  d0.loss_iou: 0.3364  d1.loss_cls: 0.3703  d1.loss_bbox: 0.1918  d1.loss_iou: 0.3190  d2.loss_cls: 0.3649  d2.loss_bbox: 0.1796  d2.loss_iou: 0.3113  d3.loss_cls: 0.3603  d3.loss_bbox: 0.1808  d3.loss_iou: 0.3077  d4.loss_cls: 0.3528  d4.loss_bbox: 0.1860  d4.loss_iou: 0.3124  enc_loss_cls: 0.4142  enc_loss_bbox: 0.2158  enc_loss_iou: 0.3497  dn_loss_cls: 0.1090  dn_loss_bbox: 0.2049  dn_loss_iou: 0.2465  d0.dn_loss_cls: 0.1970  d0.dn_loss_bbox: 0.3790  d0.dn_loss_iou: 0.4111  d1.dn_loss_cls: 0.1417  d1.dn_loss_bbox: 0.2439  d1.dn_loss_iou: 0.2840  d2.dn_loss_cls: 0.1199  d2.dn_loss_bbox: 0.2156  d2.dn_loss_iou: 0.2566  d3.dn_loss_cls: 0.1130  d3.dn_loss_bbox: 0.2065  d3.dn_loss_iou: 0.2485  d4.dn_loss_cls: 0.1092  d4.dn_loss_bbox: 0.2050  d4.dn_loss_iou: 0.2466  d1.loss_lmm_region: 0.2585  loss_lmm_image: 1.0597
2025/06/16 18:53:04 - mmengine - INFO - Iter(train) [ 3200/15000]  base_lr: 1.0000e-04 lr: 1.0000e-04  eta: 4:40:49  time: 1.3242  data_time: 0.0165  memory: 23860  grad_norm: 20.6806  loss: 10.7665  loss_cls: 0.3230  loss_bbox: 0.1650  loss_iou: 0.3010  d0.loss_cls: 0.3575  d0.loss_bbox: 0.1817  d0.loss_iou: 0.3210  d1.loss_cls: 0.3381  d1.loss_bbox: 0.1728  d1.loss_iou: 0.3083  d2.loss_cls: 0.3336  d2.loss_bbox: 0.1653  d2.loss_iou: 0.3006  d3.loss_cls: 0.3308  d3.loss_bbox: 0.1628  d3.loss_iou: 0.2982  d4.loss_cls: 0.3261  d4.loss_bbox: 0.1632  d4.loss_iou: 0.2989  enc_loss_cls: 0.3733  enc_loss_bbox: 0.1984  enc_loss_iou: 0.3458  dn_loss_cls: 0.1146  dn_loss_bbox: 0.1836  dn_loss_iou: 0.2389  d0.dn_loss_cls: 0.1896  d0.dn_loss_bbox: 0.3294  d0.dn_loss_iou: 0.3945  d1.dn_loss_cls: 0.1404  d1.dn_loss_bbox: 0.2194  d1.dn_loss_iou: 0.2734  d2.dn_loss_cls: 0.1251  d2.dn_loss_bbox: 0.1928  d2.dn_loss_iou: 0.2476  d3.dn_loss_cls: 0.1161  d3.dn_loss_bbox: 0.1851  d3.dn_loss_iou: 0.2401  d4.dn_loss_cls: 0.1142  d4.dn_loss_bbox: 0.1836  d4.dn_loss_iou: 0.2388  d1.loss_lmm_region: 0.2331  loss_lmm_image: 1.0407
2025/06/16 18:55:19 - mmengine - INFO - Iter(train) [ 3300/15000]  base_lr: 1.0000e-04 lr: 1.0000e-04  eta: 4:33:10  time: 1.3302  data_time: 0.0170  memory: 24031  grad_norm: 21.9802  loss: 10.4625  loss_cls: 0.3169  loss_bbox: 0.1542  loss_iou: 0.2749  d0.loss_cls: 0.3496  d0.loss_bbox: 0.1740  d0.loss_iou: 0.3037  d1.loss_cls: 0.3417  d1.loss_bbox: 0.1595  d1.loss_iou: 0.2802  d2.loss_cls: 0.3307  d2.loss_bbox: 0.1555  d2.loss_iou: 0.2746  d3.loss_cls: 0.3234  d3.loss_bbox: 0.1550  d3.loss_iou: 0.2744  d4.loss_cls: 0.3202  d4.loss_bbox: 0.1545  d4.loss_iou: 0.2760  enc_loss_cls: 0.3707  enc_loss_bbox: 0.1862  enc_loss_iou: 0.3213  dn_loss_cls: 0.0916  dn_loss_bbox: 0.1817  dn_loss_iou: 0.2399  d0.dn_loss_cls: 0.1850  d0.dn_loss_bbox: 0.3448  d0.dn_loss_iou: 0.3983  d1.dn_loss_cls: 0.1253  d1.dn_loss_bbox: 0.2178  d1.dn_loss_iou: 0.2760  d2.dn_loss_cls: 0.1081  d2.dn_loss_bbox: 0.1925  d2.dn_loss_iou: 0.2500  d3.dn_loss_cls: 0.0978  d3.dn_loss_bbox: 0.1831  d3.dn_loss_iou: 0.2423  d4.dn_loss_cls: 0.0932  d4.dn_loss_bbox: 0.1817  d4.dn_loss_iou: 0.2399  d1.loss_lmm_region: 0.2466  loss_lmm_image: 1.0698
2025/06/16 18:57:33 - mmengine - INFO - Iter(train) [ 3400/15000]  base_lr: 1.0000e-04 lr: 1.0000e-04  eta: 4:28:07  time: 1.3496  data_time: 0.0173  memory: 23691  grad_norm: 21.3971  loss: 11.3364  loss_cls: 0.3878  loss_bbox: 0.1714  loss_iou: 0.3129  d0.loss_cls: 0.4170  d0.loss_bbox: 0.1907  d0.loss_iou: 0.3345  d1.loss_cls: 0.4031  d1.loss_bbox: 0.1755  d1.loss_iou: 0.3187  d2.loss_cls: 0.3936  d2.loss_bbox: 0.1721  d2.loss_iou: 0.3134  d3.loss_cls: 0.3909  d3.loss_bbox: 0.1723  d3.loss_iou: 0.3144  d4.loss_cls: 0.3854  d4.loss_bbox: 0.1728  d4.loss_iou: 0.3145  enc_loss_cls: 0.4422  enc_loss_bbox: 0.2000  enc_loss_iou: 0.3525  dn_loss_cls: 0.1116  dn_loss_bbox: 0.1699  dn_loss_iou: 0.2332  d0.dn_loss_cls: 0.2034  d0.dn_loss_bbox: 0.3411  d0.dn_loss_iou: 0.3968  d1.dn_loss_cls: 0.1455  d1.dn_loss_bbox: 0.2110  d1.dn_loss_iou: 0.2725  d2.dn_loss_cls: 0.1251  d2.dn_loss_bbox: 0.1821  d2.dn_loss_iou: 0.2434  d3.dn_loss_cls: 0.1169  d3.dn_loss_bbox: 0.1729  d3.dn_loss_iou: 0.2355  d4.dn_loss_cls: 0.1122  d4.dn_loss_bbox: 0.1699  d4.dn_loss_iou: 0.2331  d1.loss_lmm_region: 0.2380  loss_lmm_image: 1.0866
2025/06/16 18:59:49 - mmengine - INFO - Iter(train) [ 3500/15000]  base_lr: 1.0000e-04 lr: 1.0000e-04  eta: 4:24:34  time: 1.3312  data_time: 0.0173  memory: 23780  grad_norm: 21.9598  loss: 11.2030  loss_cls: 0.3559  loss_bbox: 0.1576  loss_iou: 0.2916  d0.loss_cls: 0.3937  d0.loss_bbox: 0.1658  d0.loss_iou: 0.3074  d1.loss_cls: 0.3754  d1.loss_bbox: 0.1609  d1.loss_iou: 0.2954  d2.loss_cls: 0.3685  d2.loss_bbox: 0.1560  d2.loss_iou: 0.2919  d3.loss_cls: 0.3627  d3.loss_bbox: 0.1570  d3.loss_iou: 0.2906  d4.loss_cls: 0.3582  d4.loss_bbox: 0.1568  d4.loss_iou: 0.2904  enc_loss_cls: 0.3992  enc_loss_bbox: 0.1831  enc_loss_iou: 0.3279  dn_loss_cls: 0.1288  dn_loss_bbox: 0.1976  dn_loss_iou: 0.2577  d0.dn_loss_cls: 0.2151  d0.dn_loss_bbox: 0.3618  d0.dn_loss_iou: 0.4149  d1.dn_loss_cls: 0.1618  d1.dn_loss_bbox: 0.2329  d1.dn_loss_iou: 0.2914  d2.dn_loss_cls: 0.1461  d2.dn_loss_bbox: 0.2061  d2.dn_loss_iou: 0.2652  d3.dn_loss_cls: 0.1342  d3.dn_loss_bbox: 0.1995  d3.dn_loss_iou: 0.2591  d4.dn_loss_cls: 0.1291  d4.dn_loss_bbox: 0.1976  d4.dn_loss_iou: 0.2575  d1.loss_lmm_region: 0.2459  loss_lmm_image: 1.0547
2025/06/16 19:02:02 - mmengine - INFO - Iter(train) [ 3600/15000]  base_lr: 1.0000e-04 lr: 1.0000e-04  eta: 4:20:36  time: 1.3261  data_time: 0.0172  memory: 23578  grad_norm: 21.2632  loss: 10.7512  loss_cls: 0.3176  loss_bbox: 0.1571  loss_iou: 0.2689  d0.loss_cls: 0.3485  d0.loss_bbox: 0.1742  d0.loss_iou: 0.2926  d1.loss_cls: 0.3325  d1.loss_bbox: 0.1661  d1.loss_iou: 0.2772  d2.loss_cls: 0.3273  d2.loss_bbox: 0.1585  d2.loss_iou: 0.2700  d3.loss_cls: 0.3228  d3.loss_bbox: 0.1574  d3.loss_iou: 0.2708  d4.loss_cls: 0.3177  d4.loss_bbox: 0.1574  d4.loss_iou: 0.2691  enc_loss_cls: 0.3604  enc_loss_bbox: 0.1902  enc_loss_iou: 0.3182  dn_loss_cls: 0.1071  dn_loss_bbox: 0.2125  dn_loss_iou: 0.2546  d0.dn_loss_cls: 0.1984  d0.dn_loss_bbox: 0.3903  d0.dn_loss_iou: 0.4202  d1.dn_loss_cls: 0.1390  d1.dn_loss_bbox: 0.2462  d1.dn_loss_iou: 0.2904  d2.dn_loss_cls: 0.1198  d2.dn_loss_bbox: 0.2191  d2.dn_loss_iou: 0.2646  d3.dn_loss_cls: 0.1121  d3.dn_loss_bbox: 0.2134  d3.dn_loss_iou: 0.2557  d4.dn_loss_cls: 0.1079  d4.dn_loss_bbox: 0.2126  d4.dn_loss_iou: 0.2546  d1.loss_lmm_region: 0.2302  loss_lmm_image: 1.0482
2025/06/16 19:04:17 - mmengine - INFO - Iter(train) [ 3700/15000]  base_lr: 1.0000e-04 lr: 1.0000e-04  eta: 4:17:52  time: 1.3357  data_time: 0.0169  memory: 23848  grad_norm: 20.0438  loss: 10.6544  loss_cls: 0.3357  loss_bbox: 0.1550  loss_iou: 0.3080  d0.loss_cls: 0.3748  d0.loss_bbox: 0.1667  d0.loss_iou: 0.3209  d1.loss_cls: 0.3561  d1.loss_bbox: 0.1566  d1.loss_iou: 0.3100  d2.loss_cls: 0.3472  d2.loss_bbox: 0.1546  d2.loss_iou: 0.3093  d3.loss_cls: 0.3444  d3.loss_bbox: 0.1524  d3.loss_iou: 0.3056  d4.loss_cls: 0.3365  d4.loss_bbox: 0.1543  d4.loss_iou: 0.3093  enc_loss_cls: 0.3835  enc_loss_bbox: 0.1826  enc_loss_iou: 0.3475  dn_loss_cls: 0.0886  dn_loss_bbox: 0.1795  dn_loss_iou: 0.2488  d0.dn_loss_cls: 0.1779  d0.dn_loss_bbox: 0.3378  d0.dn_loss_iou: 0.4108  d1.dn_loss_cls: 0.1223  d1.dn_loss_bbox: 0.2102  d1.dn_loss_iou: 0.2849  d2.dn_loss_cls: 0.1030  d2.dn_loss_bbox: 0.1868  d2.dn_loss_iou: 0.2576  d3.dn_loss_cls: 0.0956  d3.dn_loss_bbox: 0.1814  d3.dn_loss_iou: 0.2504  d4.dn_loss_cls: 0.0902  d4.dn_loss_bbox: 0.1795  d4.dn_loss_iou: 0.2488  d1.loss_lmm_region: 0.2191  loss_lmm_image: 0.9702
2025/06/16 19:06:31 - mmengine - INFO - Iter(train) [ 3800/15000]  base_lr: 1.0000e-04 lr: 1.0000e-04  eta: 4:15:00  time: 1.3498  data_time: 0.0177  memory: 21942  grad_norm: 22.5183  loss: 11.4916  loss_cls: 0.3512  loss_bbox: 0.1709  loss_iou: 0.2709  d0.loss_cls: 0.3967  d0.loss_bbox: 0.1793  d0.loss_iou: 0.2868  d1.loss_cls: 0.3766  d1.loss_bbox: 0.1703  d1.loss_iou: 0.2742  d2.loss_cls: 0.3651  d2.loss_bbox: 0.1666  d2.loss_iou: 0.2695  d3.loss_cls: 0.3628  d3.loss_bbox: 0.1640  d3.loss_iou: 0.2681  d4.loss_cls: 0.3527  d4.loss_bbox: 0.1704  d4.loss_iou: 0.2707  enc_loss_cls: 0.4074  enc_loss_bbox: 0.1954  enc_loss_iou: 0.3062  dn_loss_cls: 0.1369  dn_loss_bbox: 0.2325  dn_loss_iou: 0.2603  d0.dn_loss_cls: 0.2403  d0.dn_loss_bbox: 0.4258  d0.dn_loss_iou: 0.4344  d1.dn_loss_cls: 0.1782  d1.dn_loss_bbox: 0.2800  d1.dn_loss_iou: 0.3028  d2.dn_loss_cls: 0.1577  d2.dn_loss_bbox: 0.2435  d2.dn_loss_iou: 0.2717  d3.dn_loss_cls: 0.1452  d3.dn_loss_bbox: 0.2350  d3.dn_loss_iou: 0.2630  d4.dn_loss_cls: 0.1382  d4.dn_loss_bbox: 0.2325  d4.dn_loss_iou: 0.2603  d1.loss_lmm_region: 0.2570  loss_lmm_image: 1.0205
2025/06/16 19:08:47 - mmengine - INFO - Iter(train) [ 3900/15000]  base_lr: 1.0000e-04 lr: 1.0000e-04  eta: 4:12:26  time: 1.3335  data_time: 0.0174  memory: 23104  grad_norm: 20.2916  loss: 10.2295  loss_cls: 0.3112  loss_bbox: 0.1476  loss_iou: 0.2663  d0.loss_cls: 0.3389  d0.loss_bbox: 0.1629  d0.loss_iou: 0.2868  d1.loss_cls: 0.3276  d1.loss_bbox: 0.1551  d1.loss_iou: 0.2736  d2.loss_cls: 0.3231  d2.loss_bbox: 0.1483  d2.loss_iou: 0.2689  d3.loss_cls: 0.3173  d3.loss_bbox: 0.1489  d3.loss_iou: 0.2657  d4.loss_cls: 0.3127  d4.loss_bbox: 0.1477  d4.loss_iou: 0.2659  enc_loss_cls: 0.3584  enc_loss_bbox: 0.1738  enc_loss_iou: 0.3073  dn_loss_cls: 0.0990  dn_loss_bbox: 0.1826  dn_loss_iou: 0.2307  d0.dn_loss_cls: 0.1930  d0.dn_loss_bbox: 0.3574  d0.dn_loss_iou: 0.3910  d1.dn_loss_cls: 0.1343  d1.dn_loss_bbox: 0.2165  d1.dn_loss_iou: 0.2660  d2.dn_loss_cls: 0.1156  d2.dn_loss_bbox: 0.1904  d2.dn_loss_iou: 0.2398  d3.dn_loss_cls: 0.1045  d3.dn_loss_bbox: 0.1837  d3.dn_loss_iou: 0.2321  d4.dn_loss_cls: 0.0985  d4.dn_loss_bbox: 0.1827  d4.dn_loss_iou: 0.2307  d1.loss_lmm_region: 0.2451  loss_lmm_image: 1.0278
2025/06/16 19:11:00 - mmengine - INFO - Exp name: grounding_dino_swin_t_20250616_184200
2025/06/16 19:11:00 - mmengine - INFO - Iter(train) [ 4000/15000]  base_lr: 1.0000e-04 lr: 1.0000e-04  eta: 4:09:38  time: 1.3342  data_time: 0.0167  memory: 23172  grad_norm: 20.5686  loss: 10.3504  loss_cls: 0.3069  loss_bbox: 0.1519  loss_iou: 0.2587  d0.loss_cls: 0.3341  d0.loss_bbox: 0.1643  d0.loss_iou: 0.2783  d1.loss_cls: 0.3213  d1.loss_bbox: 0.1544  d1.loss_iou: 0.2669  d2.loss_cls: 0.3135  d2.loss_bbox: 0.1526  d2.loss_iou: 0.2605  d3.loss_cls: 0.3121  d3.loss_bbox: 0.1509  d3.loss_iou: 0.2588  d4.loss_cls: 0.3072  d4.loss_bbox: 0.1522  d4.loss_iou: 0.2595  enc_loss_cls: 0.3471  enc_loss_bbox: 0.1748  enc_loss_iou: 0.2994  dn_loss_cls: 0.1035  dn_loss_bbox: 0.2043  dn_loss_iou: 0.2514  d0.dn_loss_cls: 0.1868  d0.dn_loss_bbox: 0.3675  d0.dn_loss_iou: 0.4209  d1.dn_loss_cls: 0.1313  d1.dn_loss_bbox: 0.2376  d1.dn_loss_iou: 0.2881  d2.dn_loss_cls: 0.1173  d2.dn_loss_bbox: 0.2139  d2.dn_loss_iou: 0.2615  d3.dn_loss_cls: 0.1052  d3.dn_loss_bbox: 0.2047  d3.dn_loss_iou: 0.2526  d4.dn_loss_cls: 0.1031  d4.dn_loss_bbox: 0.2042  d4.dn_loss_iou: 0.2513  d1.loss_lmm_region: 0.2253  loss_lmm_image: 0.9944
2025/06/16 19:13:16 - mmengine - INFO - Iter(train) [ 4100/15000]  base_lr: 1.0000e-04 lr: 1.0000e-04  eta: 4:07:20  time: 1.3454  data_time: 0.0168  memory: 24465  grad_norm: 24.4430  loss: 10.6078  loss_cls: 0.3339  loss_bbox: 0.1401  loss_iou: 0.2969  d0.loss_cls: 0.3605  d0.loss_bbox: 0.1562  d0.loss_iou: 0.3157  d1.loss_cls: 0.3502  d1.loss_bbox: 0.1417  d1.loss_iou: 0.3009  d2.loss_cls: 0.3383  d2.loss_bbox: 0.1429  d2.loss_iou: 0.2996  d3.loss_cls: 0.3333  d3.loss_bbox: 0.1413  d3.loss_iou: 0.2979  d4.loss_cls: 0.3315  d4.loss_bbox: 0.1402  d4.loss_iou: 0.2967  enc_loss_cls: 0.3717  enc_loss_bbox: 0.1698  enc_loss_iou: 0.3402  dn_loss_cls: 0.1151  dn_loss_bbox: 0.1708  dn_loss_iou: 0.2408  d0.dn_loss_cls: 0.2027  d0.dn_loss_bbox: 0.3298  d0.dn_loss_iou: 0.4005  d1.dn_loss_cls: 0.1429  d1.dn_loss_bbox: 0.2067  d1.dn_loss_iou: 0.2786  d2.dn_loss_cls: 0.1269  d2.dn_loss_bbox: 0.1802  d2.dn_loss_iou: 0.2503  d3.dn_loss_cls: 0.1181  d3.dn_loss_bbox: 0.1722  d3.dn_loss_iou: 0.2424  d4.dn_loss_cls: 0.1146  d4.dn_loss_bbox: 0.1707  d4.dn_loss_iou: 0.2407  d1.loss_lmm_region: 0.2461  loss_lmm_image: 1.0581
2025/06/16 19:15:30 - mmengine - INFO - Iter(train) [ 4200/15000]  base_lr: 1.0000e-04 lr: 1.0000e-04  eta: 4:04:42  time: 1.3361  data_time: 0.0169  memory: 23992  grad_norm: 21.7490  loss: 11.0797  loss_cls: 0.3152  loss_bbox: 0.1737  loss_iou: 0.3263  d0.loss_cls: 0.3510  d0.loss_bbox: 0.1827  d0.loss_iou: 0.3441  d1.loss_cls: 0.3400  d1.loss_bbox: 0.1701  d1.loss_iou: 0.3264  d2.loss_cls: 0.3331  d2.loss_bbox: 0.1649  d2.loss_iou: 0.3156  d3.loss_cls: 0.3261  d3.loss_bbox: 0.1669  d3.loss_iou: 0.3209  d4.loss_cls: 0.3199  d4.loss_bbox: 0.1709  d4.loss_iou: 0.3228  enc_loss_cls: 0.3674  enc_loss_bbox: 0.1949  enc_loss_iou: 0.3639  dn_loss_cls: 0.1110  dn_loss_bbox: 0.1952  dn_loss_iou: 0.2567  d0.dn_loss_cls: 0.1975  d0.dn_loss_bbox: 0.3606  d0.dn_loss_iou: 0.4212  d1.dn_loss_cls: 0.1415  d1.dn_loss_bbox: 0.2225  d1.dn_loss_iou: 0.2900  d2.dn_loss_cls: 0.1262  d2.dn_loss_bbox: 0.2017  d2.dn_loss_iou: 0.2643  d3.dn_loss_cls: 0.1165  d3.dn_loss_bbox: 0.1965  d3.dn_loss_iou: 0.2583  d4.dn_loss_cls: 0.1114  d4.dn_loss_bbox: 0.1952  d4.dn_loss_iou: 0.2567  d1.loss_lmm_region: 0.2261  loss_lmm_image: 1.0339
2025/06/16 19:17:45 - mmengine - INFO - Iter(train) [ 4300/15000]  base_lr: 1.0000e-04 lr: 1.0000e-04  eta: 4:02:17  time: 1.3416  data_time: 0.0173  memory: 23197  grad_norm: 21.2893  loss: 10.5773  loss_cls: 0.3137  loss_bbox: 0.1655  loss_iou: 0.2763  d0.loss_cls: 0.3455  d0.loss_bbox: 0.1808  d0.loss_iou: 0.2931  d1.loss_cls: 0.3277  d1.loss_bbox: 0.1744  d1.loss_iou: 0.2851  d2.loss_cls: 0.3180  d2.loss_bbox: 0.1717  d2.loss_iou: 0.2798  d3.loss_cls: 0.3162  d3.loss_bbox: 0.1658  d3.loss_iou: 0.2760  d4.loss_cls: 0.3145  d4.loss_bbox: 0.1654  d4.loss_iou: 0.2765  enc_loss_cls: 0.3613  enc_loss_bbox: 0.1952  enc_loss_iou: 0.3146  dn_loss_cls: 0.1097  dn_loss_bbox: 0.1941  dn_loss_iou: 0.2456  d0.dn_loss_cls: 0.1955  d0.dn_loss_bbox: 0.3723  d0.dn_loss_iou: 0.4175  d1.dn_loss_cls: 0.1432  d1.dn_loss_bbox: 0.2387  d1.dn_loss_iou: 0.2873  d2.dn_loss_cls: 0.1248  d2.dn_loss_bbox: 0.2062  d2.dn_loss_iou: 0.2567  d3.dn_loss_cls: 0.1135  d3.dn_loss_bbox: 0.1953  d3.dn_loss_iou: 0.2471  d4.dn_loss_cls: 0.1106  d4.dn_loss_bbox: 0.1941  d4.dn_loss_iou: 0.2455  d1.loss_lmm_region: 0.2066  loss_lmm_image: 0.9558
2025/06/16 19:19:58 - mmengine - INFO - Iter(train) [ 4400/15000]  base_lr: 1.0000e-04 lr: 1.0000e-04  eta: 3:59:44  time: 1.3382  data_time: 0.0172  memory: 22712  grad_norm: 22.0416  loss: 10.1937  loss_cls: 0.2886  loss_bbox: 0.1621  loss_iou: 0.2364  d0.loss_cls: 0.3217  d0.loss_bbox: 0.1640  d0.loss_iou: 0.2501  d1.loss_cls: 0.3063  d1.loss_bbox: 0.1609  d1.loss_iou: 0.2402  d2.loss_cls: 0.3016  d2.loss_bbox: 0.1598  d2.loss_iou: 0.2350  d3.loss_cls: 0.2943  d3.loss_bbox: 0.1635  d3.loss_iou: 0.2357  d4.loss_cls: 0.2908  d4.loss_bbox: 0.1595  d4.loss_iou: 0.2359  enc_loss_cls: 0.3363  enc_loss_bbox: 0.1807  enc_loss_iou: 0.2679  dn_loss_cls: 0.1165  dn_loss_bbox: 0.2200  dn_loss_iou: 0.2307  d0.dn_loss_cls: 0.2050  d0.dn_loss_bbox: 0.4140  d0.dn_loss_iou: 0.4022  d1.dn_loss_cls: 0.1502  d1.dn_loss_bbox: 0.2587  d1.dn_loss_iou: 0.2698  d2.dn_loss_cls: 0.1314  d2.dn_loss_bbox: 0.2307  d2.dn_loss_iou: 0.2408  d3.dn_loss_cls: 0.1216  d3.dn_loss_bbox: 0.2213  d3.dn_loss_iou: 0.2321  d4.dn_loss_cls: 0.1179  d4.dn_loss_bbox: 0.2199  d4.dn_loss_iou: 0.2306  d1.loss_lmm_region: 0.2197  loss_lmm_image: 0.9695
2025/06/16 19:22:13 - mmengine - INFO - Iter(train) [ 4500/15000]  base_lr: 1.0000e-04 lr: 1.0000e-04  eta: 3:57:17  time: 1.3374  data_time: 0.0170  memory: 23784  grad_norm: 21.3806  loss: 11.2441  loss_cls: 0.3633  loss_bbox: 0.1762  loss_iou: 0.3151  d0.loss_cls: 0.3999  d0.loss_bbox: 0.1898  d0.loss_iou: 0.3357  d1.loss_cls: 0.3821  d1.loss_bbox: 0.1773  d1.loss_iou: 0.3216  d2.loss_cls: 0.3757  d2.loss_bbox: 0.1720  d2.loss_iou: 0.3142  d3.loss_cls: 0.3707  d3.loss_bbox: 0.1735  d3.loss_iou: 0.3139  d4.loss_cls: 0.3685  d4.loss_bbox: 0.1723  d4.loss_iou: 0.3131  enc_loss_cls: 0.4140  enc_loss_bbox: 0.2002  enc_loss_iou: 0.3514  dn_loss_cls: 0.1011  dn_loss_bbox: 0.1964  dn_loss_iou: 0.2415  d0.dn_loss_cls: 0.1892  d0.dn_loss_bbox: 0.3544  d0.dn_loss_iou: 0.3944  d1.dn_loss_cls: 0.1360  d1.dn_loss_bbox: 0.2303  d1.dn_loss_iou: 0.2745  d2.dn_loss_cls: 0.1181  d2.dn_loss_bbox: 0.2034  d2.dn_loss_iou: 0.2486  d3.dn_loss_cls: 0.1060  d3.dn_loss_bbox: 0.1975  d3.dn_loss_iou: 0.2426  d4.dn_loss_cls: 0.1020  d4.dn_loss_bbox: 0.1965  d4.dn_loss_iou: 0.2415  d1.loss_lmm_region: 0.2232  loss_lmm_image: 1.0463
2025/06/16 19:24:26 - mmengine - INFO - Iter(train) [ 4600/15000]  base_lr: 1.0000e-04 lr: 1.0000e-04  eta: 3:54:48  time: 1.3324  data_time: 0.0172  memory: 23482  grad_norm: 20.7342  loss: 9.5449  loss_cls: 0.2967  loss_bbox: 0.1256  loss_iou: 0.2386  d0.loss_cls: 0.3240  d0.loss_bbox: 0.1389  d0.loss_iou: 0.2567  d1.loss_cls: 0.3105  d1.loss_bbox: 0.1282  d1.loss_iou: 0.2447  d2.loss_cls: 0.3041  d2.loss_bbox: 0.1263  d2.loss_iou: 0.2397  d3.loss_cls: 0.3045  d3.loss_bbox: 0.1254  d3.loss_iou: 0.2380  d4.loss_cls: 0.2994  d4.loss_bbox: 0.1271  d4.loss_iou: 0.2387  enc_loss_cls: 0.3374  enc_loss_bbox: 0.1503  enc_loss_iou: 0.2774  dn_loss_cls: 0.1166  dn_loss_bbox: 0.1592  dn_loss_iou: 0.2169  d0.dn_loss_cls: 0.1840  d0.dn_loss_bbox: 0.3187  d0.dn_loss_iou: 0.3685  d1.dn_loss_cls: 0.1397  d1.dn_loss_bbox: 0.1896  d1.dn_loss_iou: 0.2505  d2.dn_loss_cls: 0.1278  d2.dn_loss_bbox: 0.1649  d2.dn_loss_iou: 0.2241  d3.dn_loss_cls: 0.1219  d3.dn_loss_bbox: 0.1596  d3.dn_loss_iou: 0.2172  d4.dn_loss_cls: 0.1155  d4.dn_loss_bbox: 0.1594  d4.dn_loss_iou: 0.2167  d1.loss_lmm_region: 0.2241  loss_lmm_image: 1.0377
2025/06/16 19:26:41 - mmengine - INFO - Iter(train) [ 4700/15000]  base_lr: 1.0000e-04 lr: 1.0000e-04  eta: 3:52:30  time: 1.3358  data_time: 0.0171  memory: 24003  grad_norm: 21.8238  loss: 10.0097  loss_cls: 0.3126  loss_bbox: 0.1454  loss_iou: 0.2710  d0.loss_cls: 0.3412  d0.loss_bbox: 0.1600  d0.loss_iou: 0.2889  d1.loss_cls: 0.3300  d1.loss_bbox: 0.1497  d1.loss_iou: 0.2793  d2.loss_cls: 0.3234  d2.loss_bbox: 0.1468  d2.loss_iou: 0.2752  d3.loss_cls: 0.3208  d3.loss_bbox: 0.1449  d3.loss_iou: 0.2704  d4.loss_cls: 0.3147  d4.loss_bbox: 0.1448  d4.loss_iou: 0.2699  enc_loss_cls: 0.3518  enc_loss_bbox: 0.1719  enc_loss_iou: 0.3123  dn_loss_cls: 0.0991  dn_loss_bbox: 0.1666  dn_loss_iou: 0.2249  d0.dn_loss_cls: 0.1853  d0.dn_loss_bbox: 0.3278  d0.dn_loss_iou: 0.3777  d1.dn_loss_cls: 0.1286  d1.dn_loss_bbox: 0.2023  d1.dn_loss_iou: 0.2597  d2.dn_loss_cls: 0.1114  d2.dn_loss_bbox: 0.1759  d2.dn_loss_iou: 0.2338  d3.dn_loss_cls: 0.1029  d3.dn_loss_bbox: 0.1678  d3.dn_loss_iou: 0.2262  d4.dn_loss_cls: 0.0990  d4.dn_loss_bbox: 0.1666  d4.dn_loss_iou: 0.2248  d1.loss_lmm_region: 0.2117  loss_lmm_image: 0.9928
2025/06/16 19:28:55 - mmengine - INFO - Iter(train) [ 4800/15000]  base_lr: 1.0000e-04 lr: 1.0000e-04  eta: 3:50:06  time: 1.3449  data_time: 0.0169  memory: 24463  grad_norm: 21.7829  loss: 10.8147  loss_cls: 0.3167  loss_bbox: 0.1691  loss_iou: 0.2896  d0.loss_cls: 0.3574  d0.loss_bbox: 0.1869  d0.loss_iou: 0.3086  d1.loss_cls: 0.3370  d1.loss_bbox: 0.1753  d1.loss_iou: 0.2966  d2.loss_cls: 0.3309  d2.loss_bbox: 0.1688  d2.loss_iou: 0.2893  d3.loss_cls: 0.3234  d3.loss_bbox: 0.1691  d3.loss_iou: 0.2893  d4.loss_cls: 0.3175  d4.loss_bbox: 0.1698  d4.loss_iou: 0.2898  enc_loss_cls: 0.3724  enc_loss_bbox: 0.1990  enc_loss_iou: 0.3267  dn_loss_cls: 0.1104  dn_loss_bbox: 0.1956  dn_loss_iou: 0.2475  d0.dn_loss_cls: 0.1957  d0.dn_loss_bbox: 0.3839  d0.dn_loss_iou: 0.4203  d1.dn_loss_cls: 0.1417  d1.dn_loss_bbox: 0.2360  d1.dn_loss_iou: 0.2858  d2.dn_loss_cls: 0.1242  d2.dn_loss_bbox: 0.2050  d2.dn_loss_iou: 0.2578  d3.dn_loss_cls: 0.1165  d3.dn_loss_bbox: 0.1962  d3.dn_loss_iou: 0.2486  d4.dn_loss_cls: 0.1115  d4.dn_loss_bbox: 0.1955  d4.dn_loss_iou: 0.2474  d1.loss_lmm_region: 0.2116  loss_lmm_image: 1.0002
2025/06/16 19:31:10 - mmengine - INFO - Iter(train) [ 4900/15000]  base_lr: 1.0000e-04 lr: 1.0000e-04  eta: 3:47:51  time: 1.3371  data_time: 0.0177  memory: 23145  grad_norm: 20.1945  loss: 9.6497  loss_cls: 0.3013  loss_bbox: 0.1293  loss_iou: 0.2165  d0.loss_cls: 0.3299  d0.loss_bbox: 0.1432  d0.loss_iou: 0.2329  d1.loss_cls: 0.3174  d1.loss_bbox: 0.1345  d1.loss_iou: 0.2219  d2.loss_cls: 0.3122  d2.loss_bbox: 0.1319  d2.loss_iou: 0.2168  d3.loss_cls: 0.3075  d3.loss_bbox: 0.1299  d3.loss_iou: 0.2168  d4.loss_cls: 0.3029  d4.loss_bbox: 0.1282  d4.loss_iou: 0.2165  enc_loss_cls: 0.3402  enc_loss_bbox: 0.1592  enc_loss_iou: 0.2568  dn_loss_cls: 0.1178  dn_loss_bbox: 0.1778  dn_loss_iou: 0.2255  d0.dn_loss_cls: 0.2029  d0.dn_loss_bbox: 0.3456  d0.dn_loss_iou: 0.3876  d1.dn_loss_cls: 0.1496  d1.dn_loss_bbox: 0.2088  d1.dn_loss_iou: 0.2608  d2.dn_loss_cls: 0.1320  d2.dn_loss_bbox: 0.1835  d2.dn_loss_iou: 0.2344  d3.dn_loss_cls: 0.1221  d3.dn_loss_bbox: 0.1778  d3.dn_loss_iou: 0.2269  d4.dn_loss_cls: 0.1188  d4.dn_loss_bbox: 0.1777  d4.dn_loss_iou: 0.2255  d1.loss_lmm_region: 0.2018  loss_lmm_image: 1.0267
2025/06/16 19:33:24 - mmengine - INFO - Exp name: grounding_dino_swin_t_20250616_184200
2025/06/16 19:33:24 - mmengine - INFO - Iter(train) [ 5000/15000]  base_lr: 1.0000e-04 lr: 1.0000e-04  eta: 3:45:26  time: 1.3400  data_time: 0.0165  memory: 23465  grad_norm: 20.4919  loss: 10.5103  loss_cls: 0.3251  loss_bbox: 0.1615  loss_iou: 0.2759  d0.loss_cls: 0.3596  d0.loss_bbox: 0.1759  d0.loss_iou: 0.2939  d1.loss_cls: 0.3429  d1.loss_bbox: 0.1664  d1.loss_iou: 0.2839  d2.loss_cls: 0.3341  d2.loss_bbox: 0.1647  d2.loss_iou: 0.2818  d3.loss_cls: 0.3310  d3.loss_bbox: 0.1611  d3.loss_iou: 0.2754  d4.loss_cls: 0.3271  d4.loss_bbox: 0.1613  d4.loss_iou: 0.2757  enc_loss_cls: 0.3802  enc_loss_bbox: 0.1882  enc_loss_iou: 0.3234  dn_loss_cls: 0.1119  dn_loss_bbox: 0.1721  dn_loss_iou: 0.2341  d0.dn_loss_cls: 0.2012  d0.dn_loss_bbox: 0.3495  d0.dn_loss_iou: 0.3967  d1.dn_loss_cls: 0.1450  d1.dn_loss_bbox: 0.2104  d1.dn_loss_iou: 0.2696  d2.dn_loss_cls: 0.1293  d2.dn_loss_bbox: 0.1824  d2.dn_loss_iou: 0.2428  d3.dn_loss_cls: 0.1182  d3.dn_loss_bbox: 0.1754  d3.dn_loss_iou: 0.2361  d4.dn_loss_cls: 0.1127  d4.dn_loss_bbox: 0.1721  d4.dn_loss_iou: 0.2340  d1.loss_lmm_region: 0.2317  loss_lmm_image: 0.9962
2025/06/16 19:35:38 - mmengine - INFO - Iter(train) [ 5100/15000]  base_lr: 1.0000e-04 lr: 1.0000e-04  eta: 3:43:06  time: 1.3352  data_time: 0.0173  memory: 23941  grad_norm: 23.5223  loss: 10.1754  loss_cls: 0.2946  loss_bbox: 0.1364  loss_iou: 0.2618  d0.loss_cls: 0.3415  d0.loss_bbox: 0.1420  d0.loss_iou: 0.2739  d1.loss_cls: 0.3193  d1.loss_bbox: 0.1357  d1.loss_iou: 0.2627  d2.loss_cls: 0.3019  d2.loss_bbox: 0.1361  d2.loss_iou: 0.2623  d3.loss_cls: 0.3013  d3.loss_bbox: 0.1349  d3.loss_iou: 0.2615  d4.loss_cls: 0.2954  d4.loss_bbox: 0.1362  d4.loss_iou: 0.2616  enc_loss_cls: 0.3537  enc_loss_bbox: 0.1606  enc_loss_iou: 0.2940  dn_loss_cls: 0.1351  dn_loss_bbox: 0.1684  dn_loss_iou: 0.2309  d0.dn_loss_cls: 0.2204  d0.dn_loss_bbox: 0.3369  d0.dn_loss_iou: 0.3896  d1.dn_loss_cls: 0.1730  d1.dn_loss_bbox: 0.2071  d1.dn_loss_iou: 0.2656  d2.dn_loss_cls: 0.1578  d2.dn_loss_bbox: 0.1797  d2.dn_loss_iou: 0.2411  d3.dn_loss_cls: 0.1438  d3.dn_loss_bbox: 0.1711  d3.dn_loss_iou: 0.2330  d4.dn_loss_cls: 0.1359  d4.dn_loss_bbox: 0.1685  d4.dn_loss_iou: 0.2308  d1.loss_lmm_region: 0.2340  loss_lmm_image: 1.0850
2025/06/16 19:37:53 - mmengine - INFO - Iter(train) [ 5200/15000]  base_lr: 1.0000e-04 lr: 1.0000e-04  eta: 3:40:50  time: 1.3448  data_time: 0.0174  memory: 22169  grad_norm: 20.1596  loss: 11.3834  loss_cls: 0.3779  loss_bbox: 0.1744  loss_iou: 0.3313  d0.loss_cls: 0.4151  d0.loss_bbox: 0.1954  d0.loss_iou: 0.3546  d1.loss_cls: 0.3937  d1.loss_bbox: 0.1792  d1.loss_iou: 0.3346  d2.loss_cls: 0.3869  d2.loss_bbox: 0.1780  d2.loss_iou: 0.3306  d3.loss_cls: 0.3841  d3.loss_bbox: 0.1770  d3.loss_iou: 0.3307  d4.loss_cls: 0.3795  d4.loss_bbox: 0.1765  d4.loss_iou: 0.3323  enc_loss_cls: 0.4319  enc_loss_bbox: 0.2066  enc_loss_iou: 0.3811  dn_loss_cls: 0.1308  dn_loss_bbox: 0.1692  dn_loss_iou: 0.2280  d0.dn_loss_cls: 0.2180  d0.dn_loss_bbox: 0.3205  d0.dn_loss_iou: 0.3798  d1.dn_loss_cls: 0.1685  d1.dn_loss_bbox: 0.2018  d1.dn_loss_iou: 0.2611  d2.dn_loss_cls: 0.1505  d2.dn_loss_bbox: 0.1766  d2.dn_loss_iou: 0.2354  d3.dn_loss_cls: 0.1387  d3.dn_loss_bbox: 0.1700  d3.dn_loss_iou: 0.2292  d4.dn_loss_cls: 0.1315  d4.dn_loss_bbox: 0.1693  d4.dn_loss_iou: 0.2280  d1.loss_lmm_region: 0.2262  loss_lmm_image: 0.9988
2025/06/16 19:40:08 - mmengine - INFO - Iter(train) [ 5300/15000]  base_lr: 1.0000e-04 lr: 1.0000e-04  eta: 3:38:33  time: 1.3351  data_time: 0.0170  memory: 23140  grad_norm: 19.8151  loss: 9.6635  loss_cls: 0.2971  loss_bbox: 0.1346  loss_iou: 0.2514  d0.loss_cls: 0.3295  d0.loss_bbox: 0.1525  d0.loss_iou: 0.2733  d1.loss_cls: 0.3152  d1.loss_bbox: 0.1380  d1.loss_iou: 0.2597  d2.loss_cls: 0.3089  d2.loss_bbox: 0.1354  d2.loss_iou: 0.2536  d3.loss_cls: 0.3014  d3.loss_bbox: 0.1373  d3.loss_iou: 0.2526  d4.loss_cls: 0.2963  d4.loss_bbox: 0.1373  d4.loss_iou: 0.2521  enc_loss_cls: 0.3405  enc_loss_bbox: 0.1648  enc_loss_iou: 0.2909  dn_loss_cls: 0.0911  dn_loss_bbox: 0.1630  dn_loss_iou: 0.2139  d0.dn_loss_cls: 0.1737  d0.dn_loss_bbox: 0.3330  d0.dn_loss_iou: 0.3718  d1.dn_loss_cls: 0.1232  d1.dn_loss_bbox: 0.2048  d1.dn_loss_iou: 0.2531  d2.dn_loss_cls: 0.1061  d2.dn_loss_bbox: 0.1755  d2.dn_loss_iou: 0.2245  d3.dn_loss_cls: 0.0968  d3.dn_loss_bbox: 0.1652  d3.dn_loss_iou: 0.2159  d4.dn_loss_cls: 0.0915  d4.dn_loss_bbox: 0.1629  d4.dn_loss_iou: 0.2139  d1.loss_lmm_region: 0.2185  loss_lmm_image: 1.0427
2025/06/16 19:42:23 - mmengine - INFO - Iter(train) [ 5400/15000]  base_lr: 1.0000e-04 lr: 1.0000e-04  eta: 3:36:16  time: 1.3343  data_time: 0.0170  memory: 23742  grad_norm: 20.6562  loss: 10.7719  loss_cls: 0.3504  loss_bbox: 0.1657  loss_iou: 0.3109  d0.loss_cls: 0.3834  d0.loss_bbox: 0.1813  d0.loss_iou: 0.3297  d1.loss_cls: 0.3669  d1.loss_bbox: 0.1679  d1.loss_iou: 0.3145  d2.loss_cls: 0.3599  d2.loss_bbox: 0.1675  d2.loss_iou: 0.3110  d3.loss_cls: 0.3567  d3.loss_bbox: 0.1676  d3.loss_iou: 0.3084  d4.loss_cls: 0.3532  d4.loss_bbox: 0.1660  d4.loss_iou: 0.3101  enc_loss_cls: 0.4040  enc_loss_bbox: 0.1907  enc_loss_iou: 0.3478  dn_loss_cls: 0.1080  dn_loss_bbox: 0.1727  dn_loss_iou: 0.2217  d0.dn_loss_cls: 0.1901  d0.dn_loss_bbox: 0.3263  d0.dn_loss_iou: 0.3707  d1.dn_loss_cls: 0.1386  d1.dn_loss_bbox: 0.2064  d1.dn_loss_iou: 0.2547  d2.dn_loss_cls: 0.1228  d2.dn_loss_bbox: 0.1808  d2.dn_loss_iou: 0.2300  d3.dn_loss_cls: 0.1126  d3.dn_loss_bbox: 0.1740  d3.dn_loss_iou: 0.2229  d4.dn_loss_cls: 0.1090  d4.dn_loss_bbox: 0.1724  d4.dn_loss_iou: 0.2215  d1.loss_lmm_region: 0.2089  loss_lmm_image: 1.0140
2025/06/16 19:44:38 - mmengine - INFO - Iter(train) [ 5500/15000]  base_lr: 1.0000e-04 lr: 1.0000e-04  eta: 3:34:01  time: 1.3443  data_time: 0.0172  memory: 24152  grad_norm: 20.4620  loss: 10.0758  loss_cls: 0.3278  loss_bbox: 0.1353  loss_iou: 0.2624  d0.loss_cls: 0.3514  d0.loss_bbox: 0.1559  d0.loss_iou: 0.2886  d1.loss_cls: 0.3342  d1.loss_bbox: 0.1485  d1.loss_iou: 0.2798  d2.loss_cls: 0.3307  d2.loss_bbox: 0.1440  d2.loss_iou: 0.2720  d3.loss_cls: 0.3291  d3.loss_bbox: 0.1403  d3.loss_iou: 0.2675  d4.loss_cls: 0.3277  d4.loss_bbox: 0.1370  d4.loss_iou: 0.2633  enc_loss_cls: 0.3716  enc_loss_bbox: 0.1654  enc_loss_iou: 0.3010  dn_loss_cls: 0.1068  dn_loss_bbox: 0.1678  dn_loss_iou: 0.2171  d0.dn_loss_cls: 0.1897  d0.dn_loss_bbox: 0.3407  d0.dn_loss_iou: 0.3790  d1.dn_loss_cls: 0.1376  d1.dn_loss_bbox: 0.2115  d1.dn_loss_iou: 0.2576  d2.dn_loss_cls: 0.1196  d2.dn_loss_bbox: 0.1799  d2.dn_loss_iou: 0.2282  d3.dn_loss_cls: 0.1101  d3.dn_loss_bbox: 0.1695  d3.dn_loss_iou: 0.2186  d4.dn_loss_cls: 0.1072  d4.dn_loss_bbox: 0.1679  d4.dn_loss_iou: 0.2171  d1.loss_lmm_region: 0.2279  loss_lmm_image: 0.9886
2025/06/16 19:46:52 - mmengine - INFO - Iter(train) [ 5600/15000]  base_lr: 1.0000e-04 lr: 1.0000e-04  eta: 3:31:41  time: 1.3361  data_time: 0.0174  memory: 22763  grad_norm: 20.4414  loss: 11.4534  loss_cls: 0.3475  loss_bbox: 0.1814  loss_iou: 0.3018  d0.loss_cls: 0.3781  d0.loss_bbox: 0.2102  d0.loss_iou: 0.3239  d1.loss_cls: 0.3645  d1.loss_bbox: 0.1892  d1.loss_iou: 0.3002  d2.loss_cls: 0.3524  d2.loss_bbox: 0.1909  d2.loss_iou: 0.3032  d3.loss_cls: 0.3446  d3.loss_bbox: 0.1913  d3.loss_iou: 0.3045  d4.loss_cls: 0.3489  d4.loss_bbox: 0.1815  d4.loss_iou: 0.3018  enc_loss_cls: 0.4049  enc_loss_bbox: 0.2131  enc_loss_iou: 0.3354  dn_loss_cls: 0.1218  dn_loss_bbox: 0.2085  dn_loss_iou: 0.2601  d0.dn_loss_cls: 0.2244  d0.dn_loss_bbox: 0.4040  d0.dn_loss_iou: 0.4350  d1.dn_loss_cls: 0.1631  d1.dn_loss_bbox: 0.2512  d1.dn_loss_iou: 0.2994  d2.dn_loss_cls: 0.1397  d2.dn_loss_bbox: 0.2220  d2.dn_loss_iou: 0.2708  d3.dn_loss_cls: 0.1259  d3.dn_loss_bbox: 0.2098  d3.dn_loss_iou: 0.2617  d4.dn_loss_cls: 0.1223  d4.dn_loss_bbox: 0.2085  d4.dn_loss_iou: 0.2600  d1.loss_lmm_region: 0.2222  loss_lmm_image: 0.9737
2025/06/16 19:49:06 - mmengine - INFO - Iter(train) [ 5700/15000]  base_lr: 1.0000e-04 lr: 1.0000e-04  eta: 3:29:24  time: 1.3278  data_time: 0.0170  memory: 23185  grad_norm: 20.0247  loss: 11.1942  loss_cls: 0.3235  loss_bbox: 0.1614  loss_iou: 0.3002  d0.loss_cls: 0.3679  d0.loss_bbox: 0.1706  d0.loss_iou: 0.3184  d1.loss_cls: 0.3386  d1.loss_bbox: 0.1654  d1.loss_iou: 0.3106  d2.loss_cls: 0.3337  d2.loss_bbox: 0.1640  d2.loss_iou: 0.3048  d3.loss_cls: 0.3276  d3.loss_bbox: 0.1629  d3.loss_iou: 0.3020  d4.loss_cls: 0.3244  d4.loss_bbox: 0.1618  d4.loss_iou: 0.3013  enc_loss_cls: 0.3873  enc_loss_bbox: 0.1809  enc_loss_iou: 0.3415  dn_loss_cls: 0.1204  dn_loss_bbox: 0.2156  dn_loss_iou: 0.2726  d0.dn_loss_cls: 0.2146  d0.dn_loss_bbox: 0.3886  d0.dn_loss_iou: 0.4401  d1.dn_loss_cls: 0.1543  d1.dn_loss_bbox: 0.2512  d1.dn_loss_iou: 0.3072  d2.dn_loss_cls: 0.1369  d2.dn_loss_bbox: 0.2250  d2.dn_loss_iou: 0.2823  d3.dn_loss_cls: 0.1264  d3.dn_loss_bbox: 0.2171  d3.dn_loss_iou: 0.2746  d4.dn_loss_cls: 0.1214  d4.dn_loss_bbox: 0.2154  d4.dn_loss_iou: 0.2725  d1.loss_lmm_region: 0.2235  loss_lmm_image: 0.9857
2025/06/16 19:51:20 - mmengine - INFO - Iter(train) [ 5800/15000]  base_lr: 1.0000e-04 lr: 1.0000e-04  eta: 3:27:05  time: 1.3479  data_time: 0.0173  memory: 23744  grad_norm: 21.4760  loss: 9.5167  loss_cls: 0.3130  loss_bbox: 0.1296  loss_iou: 0.2360  d0.loss_cls: 0.3422  d0.loss_bbox: 0.1501  d0.loss_iou: 0.2597  d1.loss_cls: 0.3229  d1.loss_bbox: 0.1382  d1.loss_iou: 0.2460  d2.loss_cls: 0.3197  d2.loss_bbox: 0.1315  d2.loss_iou: 0.2385  d3.loss_cls: 0.3155  d3.loss_bbox: 0.1318  d3.loss_iou: 0.2362  d4.loss_cls: 0.3133  d4.loss_bbox: 0.1296  d4.loss_iou: 0.2359  enc_loss_cls: 0.3569  enc_loss_bbox: 0.1638  enc_loss_iou: 0.2863  dn_loss_cls: 0.1032  dn_loss_bbox: 0.1618  dn_loss_iou: 0.2002  d0.dn_loss_cls: 0.1796  d0.dn_loss_bbox: 0.3244  d0.dn_loss_iou: 0.3526  d1.dn_loss_cls: 0.1312  d1.dn_loss_bbox: 0.1990  d1.dn_loss_iou: 0.2349  d2.dn_loss_cls: 0.1151  d2.dn_loss_bbox: 0.1735  d2.dn_loss_iou: 0.2105  d3.dn_loss_cls: 0.1041  d3.dn_loss_bbox: 0.1639  d3.dn_loss_iou: 0.2016  d4.dn_loss_cls: 0.1021  d4.dn_loss_bbox: 0.1618  d4.dn_loss_iou: 0.2002  d1.loss_lmm_region: 0.2018  loss_lmm_image: 0.9986
2025/06/16 19:53:36 - mmengine - INFO - Iter(train) [ 5900/15000]  base_lr: 1.0000e-04 lr: 1.0000e-04  eta: 3:24:51  time: 1.3488  data_time: 0.0174  memory: 23995  grad_norm: 20.4073  loss: 9.5061  loss_cls: 0.2860  loss_bbox: 0.1370  loss_iou: 0.2370  d0.loss_cls: 0.3144  d0.loss_bbox: 0.1478  d0.loss_iou: 0.2564  d1.loss_cls: 0.3016  d1.loss_bbox: 0.1395  d1.loss_iou: 0.2458  d2.loss_cls: 0.2945  d2.loss_bbox: 0.1351  d2.loss_iou: 0.2382  d3.loss_cls: 0.2895  d3.loss_bbox: 0.1351  d3.loss_iou: 0.2376  d4.loss_cls: 0.2851  d4.loss_bbox: 0.1360  d4.loss_iou: 0.2366  enc_loss_cls: 0.3275  enc_loss_bbox: 0.1616  enc_loss_iou: 0.2777  dn_loss_cls: 0.0954  dn_loss_bbox: 0.1701  dn_loss_iou: 0.2211  d0.dn_loss_cls: 0.1875  d0.dn_loss_bbox: 0.3391  d0.dn_loss_iou: 0.3814  d1.dn_loss_cls: 0.1274  d1.dn_loss_bbox: 0.2028  d1.dn_loss_iou: 0.2560  d2.dn_loss_cls: 0.1119  d2.dn_loss_bbox: 0.1794  d2.dn_loss_iou: 0.2293  d3.dn_loss_cls: 0.1001  d3.dn_loss_bbox: 0.1712  d3.dn_loss_iou: 0.2225  d4.dn_loss_cls: 0.0956  d4.dn_loss_bbox: 0.1700  d4.dn_loss_iou: 0.2210  d1.loss_lmm_region: 0.2154  loss_lmm_image: 0.9891
2025/06/16 19:55:50 - mmengine - INFO - Exp name: grounding_dino_swin_t_20250616_184200
2025/06/16 19:55:50 - mmengine - INFO - Iter(train) [ 6000/15000]  base_lr: 1.0000e-04 lr: 1.0000e-04  eta: 3:22:35  time: 1.3603  data_time: 0.0173  memory: 23638  grad_norm: 20.7078  loss: 10.5550  loss_cls: 0.3433  loss_bbox: 0.1523  loss_iou: 0.2978  d0.loss_cls: 0.3783  d0.loss_bbox: 0.1719  d0.loss_iou: 0.3218  d1.loss_cls: 0.3642  d1.loss_bbox: 0.1574  d1.loss_iou: 0.3063  d2.loss_cls: 0.3546  d2.loss_bbox: 0.1518  d2.loss_iou: 0.2985  d3.loss_cls: 0.3493  d3.loss_bbox: 0.1504  d3.loss_iou: 0.2954  d4.loss_cls: 0.3448  d4.loss_bbox: 0.1525  d4.loss_iou: 0.2977  enc_loss_cls: 0.3927  enc_loss_bbox: 0.1895  enc_loss_iou: 0.3464  dn_loss_cls: 0.1016  dn_loss_bbox: 0.1642  dn_loss_iou: 0.2383  d0.dn_loss_cls: 0.1891  d0.dn_loss_bbox: 0.3143  d0.dn_loss_iou: 0.4013  d1.dn_loss_cls: 0.1331  d1.dn_loss_bbox: 0.2035  d1.dn_loss_iou: 0.2764  d2.dn_loss_cls: 0.1142  d2.dn_loss_bbox: 0.1740  d2.dn_loss_iou: 0.2494  d3.dn_loss_cls: 0.1055  d3.dn_loss_bbox: 0.1653  d3.dn_loss_iou: 0.2402  d4.dn_loss_cls: 0.1026  d4.dn_loss_bbox: 0.1643  d4.dn_loss_iou: 0.2382  d1.loss_lmm_region: 0.2009  loss_lmm_image: 0.9618
2025/06/16 19:55:50 - mmengine - INFO - Saving checkpoint at 6000 iterations
2025/06/16 20:02:39 - mmengine - INFO - Iter(val) [100/602]    eta: 0:33:22  time: 4.0911  data_time: 0.0025  memory: 5419  
2025/06/16 20:09:53 - mmengine - INFO - Iter(val) [200/602]    eta: 0:27:54  time: 4.4472  data_time: 0.0026  memory: 5426  
2025/06/16 20:17:54 - mmengine - INFO - Iter(val) [300/602]    eta: 0:22:02  time: 4.8915  data_time: 0.0026  memory: 5421  
2025/06/16 20:26:47 - mmengine - INFO - Iter(val) [400/602]    eta: 0:15:32  time: 5.4592  data_time: 0.0026  memory: 5427  
2025/06/16 20:36:12 - mmengine - INFO - Iter(val) [500/602]    eta: 0:08:12  time: 5.8004  data_time: 0.0026  memory: 5412  
2025/06/16 20:46:23 - mmengine - INFO - Iter(val) [600/602]    eta: 0:00:10  time: 6.2827  data_time: 0.0027  memory: 5426  
2025/06/16 20:54:24 - mmengine - INFO - 
===
56 classes had less than 10000 detections!
 Outputting 10000 detections for each class will improve AP further.
 ===
2025/06/16 20:56:49 - mmengine - INFO - mAP_copypaste: {'AP': 0.42344051173091257, 'AP50': 0.5328315720992844, 'AP75': 0.4513992191122629, 'APs': 0.38088750689263084, 'APm': 0.5454454109886973, 'APl': 0.6237647868993415, 'APr': 0.32136855970396133, 'APc': 0.3723028334176524, 'APf': 0.48716168309328095}
2025/06/16 20:57:11 - mmengine - INFO - Iter(val) [602/602]    lvis_fixed_ap/AP: 0.4234  lvis_fixed_ap/AP50: 0.5328  lvis_fixed_ap/AP75: 0.4514  lvis_fixed_ap/APs: 0.3809  lvis_fixed_ap/APm: 0.5454  lvis_fixed_ap/APl: 0.6238  lvis_fixed_ap/APr: 0.3214  lvis_fixed_ap/APc: 0.3723  lvis_fixed_ap/APf: 0.4872  data_time: 0.0030  time: 5.0423
2025/06/16 20:59:25 - mmengine - INFO - Iter(train) [ 6100/15000]  base_lr: 1.0000e-04 lr: 1.0000e-04  eta: 3:50:40  time: 1.3358  data_time: 0.0160  memory: 23802  grad_norm: 21.8681  loss: 10.7171  loss_cls: 0.3374  loss_bbox: 0.1637  loss_iou: 0.2781  d0.loss_cls: 0.3723  d0.loss_bbox: 0.1762  d0.loss_iou: 0.2957  d1.loss_cls: 0.3563  d1.loss_bbox: 0.1685  d1.loss_iou: 0.2843  d2.loss_cls: 0.3510  d2.loss_bbox: 0.1643  d2.loss_iou: 0.2809  d3.loss_cls: 0.3426  d3.loss_bbox: 0.1639  d3.loss_iou: 0.2780  d4.loss_cls: 0.3386  d4.loss_bbox: 0.1631  d4.loss_iou: 0.2797  enc_loss_cls: 0.3823  enc_loss_bbox: 0.1981  enc_loss_iou: 0.3202  dn_loss_cls: 0.1176  dn_loss_bbox: 0.1944  dn_loss_iou: 0.2327  d0.dn_loss_cls: 0.1953  d0.dn_loss_bbox: 0.3537  d0.dn_loss_iou: 0.3828  d1.dn_loss_cls: 0.1482  d1.dn_loss_bbox: 0.2302  d1.dn_loss_iou: 0.2668  d2.dn_loss_cls: 0.1324  d2.dn_loss_bbox: 0.2012  d2.dn_loss_iou: 0.2420  d3.dn_loss_cls: 0.1227  d3.dn_loss_bbox: 0.1951  d3.dn_loss_iou: 0.2340  d4.dn_loss_cls: 0.1191  d4.dn_loss_bbox: 0.1942  d4.dn_loss_iou: 0.2326  d1.loss_lmm_region: 0.2075  loss_lmm_image: 1.0194
2025/06/16 21:01:38 - mmengine - INFO - Iter(train) [ 6200/15000]  base_lr: 1.0000e-04 lr: 1.0000e-04  eta: 3:47:04  time: 1.3321  data_time: 0.0165  memory: 23785  grad_norm: 21.5618  loss: 10.9343  loss_cls: 0.3246  loss_bbox: 0.1665  loss_iou: 0.2873  d0.loss_cls: 0.3501  d0.loss_bbox: 0.1912  d0.loss_iou: 0.3149  d1.loss_cls: 0.3331  d1.loss_bbox: 0.1763  d1.loss_iou: 0.3003  d2.loss_cls: 0.3279  d2.loss_bbox: 0.1699  d2.loss_iou: 0.2946  d3.loss_cls: 0.3269  d3.loss_bbox: 0.1689  d3.loss_iou: 0.2905  d4.loss_cls: 0.3248  d4.loss_bbox: 0.1649  d4.loss_iou: 0.2869  enc_loss_cls: 0.3709  enc_loss_bbox: 0.2053  enc_loss_iou: 0.3381  dn_loss_cls: 0.1157  dn_loss_bbox: 0.2076  dn_loss_iou: 0.2587  d0.dn_loss_cls: 0.1971  d0.dn_loss_bbox: 0.3893  d0.dn_loss_iou: 0.4289  d1.dn_loss_cls: 0.1384  d1.dn_loss_bbox: 0.2412  d1.dn_loss_iou: 0.2946  d2.dn_loss_cls: 0.1248  d2.dn_loss_bbox: 0.2150  d2.dn_loss_iou: 0.2670  d3.dn_loss_cls: 0.1177  d3.dn_loss_bbox: 0.2080  d3.dn_loss_iou: 0.2600  d4.dn_loss_cls: 0.1171  d4.dn_loss_bbox: 0.2077  d4.dn_loss_iou: 0.2587  d1.loss_lmm_region: 0.2017  loss_lmm_image: 0.9711
2025/06/16 21:03:52 - mmengine - INFO - Iter(train) [ 6300/15000]  base_lr: 1.0000e-04 lr: 1.0000e-04  eta: 3:43:33  time: 1.3338  data_time: 0.0169  memory: 22888  grad_norm: 21.9301  loss: 10.8765  loss_cls: 0.3472  loss_bbox: 0.1659  loss_iou: 0.3013  d0.loss_cls: 0.3881  d0.loss_bbox: 0.1840  d0.loss_iou: 0.3243  d1.loss_cls: 0.3700  d1.loss_bbox: 0.1661  d1.loss_iou: 0.3048  d2.loss_cls: 0.3609  d2.loss_bbox: 0.1631  d2.loss_iou: 0.3019  d3.loss_cls: 0.3554  d3.loss_bbox: 0.1633  d3.loss_iou: 0.3009  d4.loss_cls: 0.3471  d4.loss_bbox: 0.1681  d4.loss_iou: 0.3050  enc_loss_cls: 0.4092  enc_loss_bbox: 0.1901  enc_loss_iou: 0.3443  dn_loss_cls: 0.1170  dn_loss_bbox: 0.1790  dn_loss_iou: 0.2302  d0.dn_loss_cls: 0.1899  d0.dn_loss_bbox: 0.3422  d0.dn_loss_iou: 0.3901  d1.dn_loss_cls: 0.1445  d1.dn_loss_bbox: 0.2110  d1.dn_loss_iou: 0.2644  d2.dn_loss_cls: 0.1298  d2.dn_loss_bbox: 0.1879  d2.dn_loss_iou: 0.2387  d3.dn_loss_cls: 0.1217  d3.dn_loss_bbox: 0.1814  d3.dn_loss_iou: 0.2316  d4.dn_loss_cls: 0.1190  d4.dn_loss_bbox: 0.1790  d4.dn_loss_iou: 0.2301  d1.loss_lmm_region: 0.1964  loss_lmm_image: 1.0315
2025/06/16 21:06:05 - mmengine - INFO - Iter(train) [ 6400/15000]  base_lr: 1.0000e-04 lr: 1.0000e-04  eta: 3:40:06  time: 1.3304  data_time: 0.0169  memory: 22881  grad_norm: 21.4221  loss: 10.3493  loss_cls: 0.3146  loss_bbox: 0.1597  loss_iou: 0.2562  d0.loss_cls: 0.3389  d0.loss_bbox: 0.1789  d0.loss_iou: 0.2739  d1.loss_cls: 0.3301  d1.loss_bbox: 0.1662  d1.loss_iou: 0.2617  d2.loss_cls: 0.3236  d2.loss_bbox: 0.1611  d2.loss_iou: 0.2562  d3.loss_cls: 0.3163  d3.loss_bbox: 0.1619  d3.loss_iou: 0.2561  d4.loss_cls: 0.3148  d4.loss_bbox: 0.1601  d4.loss_iou: 0.2571  enc_loss_cls: 0.3575  enc_loss_bbox: 0.1894  enc_loss_iou: 0.2935  dn_loss_cls: 0.1114  dn_loss_bbox: 0.2048  dn_loss_iou: 0.2266  d0.dn_loss_cls: 0.1931  d0.dn_loss_bbox: 0.3772  d0.dn_loss_iou: 0.3893  d1.dn_loss_cls: 0.1384  d1.dn_loss_bbox: 0.2453  d1.dn_loss_iou: 0.2638  d2.dn_loss_cls: 0.1220  d2.dn_loss_bbox: 0.2162  d2.dn_loss_iou: 0.2366  d3.dn_loss_cls: 0.1167  d3.dn_loss_bbox: 0.2056  d3.dn_loss_iou: 0.2281  d4.dn_loss_cls: 0.1121  d4.dn_loss_bbox: 0.2050  d4.dn_loss_iou: 0.2265  d1.loss_lmm_region: 0.1985  loss_lmm_image: 1.0047
2025/06/16 21:08:20 - mmengine - INFO - Iter(train) [ 6500/15000]  base_lr: 1.0000e-04 lr: 1.0000e-04  eta: 3:36:47  time: 1.3624  data_time: 0.0169  memory: 23992  grad_norm: 22.5310  loss: 9.8469  loss_cls: 0.3026  loss_bbox: 0.1369  loss_iou: 0.2396  d0.loss_cls: 0.3381  d0.loss_bbox: 0.1512  d0.loss_iou: 0.2628  d1.loss_cls: 0.3223  d1.loss_bbox: 0.1384  d1.loss_iou: 0.2442  d2.loss_cls: 0.3128  d2.loss_bbox: 0.1386  d2.loss_iou: 0.2405  d3.loss_cls: 0.3067  d3.loss_bbox: 0.1369  d3.loss_iou: 0.2389  d4.loss_cls: 0.3058  d4.loss_bbox: 0.1371  d4.loss_iou: 0.2395  enc_loss_cls: 0.3553  enc_loss_bbox: 0.1639  enc_loss_iou: 0.2796  dn_loss_cls: 0.1215  dn_loss_bbox: 0.1678  dn_loss_iou: 0.2203  d0.dn_loss_cls: 0.2066  d0.dn_loss_bbox: 0.3349  d0.dn_loss_iou: 0.3793  d1.dn_loss_cls: 0.1569  d1.dn_loss_bbox: 0.2047  d1.dn_loss_iou: 0.2576  d2.dn_loss_cls: 0.1387  d2.dn_loss_bbox: 0.1775  d2.dn_loss_iou: 0.2294  d3.dn_loss_cls: 0.1284  d3.dn_loss_bbox: 0.1694  d3.dn_loss_iou: 0.2218  d4.dn_loss_cls: 0.1226  d4.dn_loss_bbox: 0.1677  d4.dn_loss_iou: 0.2201  d1.loss_lmm_region: 0.2048  loss_lmm_image: 1.0253
2025/06/16 21:10:34 - mmengine - INFO - Iter(train) [ 6600/15000]  base_lr: 1.0000e-04 lr: 1.0000e-04  eta: 3:33:29  time: 1.3295  data_time: 0.0170  memory: 22768  grad_norm: 21.6902  loss: 11.8337  loss_cls: 0.3644  loss_bbox: 0.1910  loss_iou: 0.3648  d0.loss_cls: 0.4010  d0.loss_bbox: 0.2062  d0.loss_iou: 0.3862  d1.loss_cls: 0.3867  d1.loss_bbox: 0.1946  d1.loss_iou: 0.3681  d2.loss_cls: 0.3730  d2.loss_bbox: 0.1948  d2.loss_iou: 0.3671  d3.loss_cls: 0.3726  d3.loss_bbox: 0.1882  d3.loss_iou: 0.3607  d4.loss_cls: 0.3661  d4.loss_bbox: 0.1911  d4.loss_iou: 0.3643  enc_loss_cls: 0.4210  enc_loss_bbox: 0.2182  enc_loss_iou: 0.4092  dn_loss_cls: 0.1015  dn_loss_bbox: 0.1966  dn_loss_iou: 0.2733  d0.dn_loss_cls: 0.1948  d0.dn_loss_bbox: 0.3729  d0.dn_loss_iou: 0.4427  d1.dn_loss_cls: 0.1393  d1.dn_loss_bbox: 0.2367  d1.dn_loss_iou: 0.3137  d2.dn_loss_cls: 0.1189  d2.dn_loss_bbox: 0.2062  d2.dn_loss_iou: 0.2834  d3.dn_loss_cls: 0.1066  d3.dn_loss_bbox: 0.1974  d3.dn_loss_iou: 0.2743  d4.dn_loss_cls: 0.1019  d4.dn_loss_bbox: 0.1965  d4.dn_loss_iou: 0.2731  d1.loss_lmm_region: 0.1822  loss_lmm_image: 0.9324
2025/06/16 21:12:48 - mmengine - INFO - Iter(train) [ 6700/15000]  base_lr: 1.0000e-04 lr: 1.0000e-04  eta: 3:30:16  time: 1.3503  data_time: 0.0170  memory: 24575  grad_norm: 21.4065  loss: 10.4887  loss_cls: 0.3336  loss_bbox: 0.1413  loss_iou: 0.2851  d0.loss_cls: 0.3624  d0.loss_bbox: 0.1615  d0.loss_iou: 0.3107  d1.loss_cls: 0.3428  d1.loss_bbox: 0.1460  d1.loss_iou: 0.2928  d2.loss_cls: 0.3400  d2.loss_bbox: 0.1408  d2.loss_iou: 0.2865  d3.loss_cls: 0.3349  d3.loss_bbox: 0.1411  d3.loss_iou: 0.2856  d4.loss_cls: 0.3334  d4.loss_bbox: 0.1416  d4.loss_iou: 0.2854  enc_loss_cls: 0.3793  enc_loss_bbox: 0.1693  enc_loss_iou: 0.3321  dn_loss_cls: 0.1040  dn_loss_bbox: 0.1846  dn_loss_iou: 0.2465  d0.dn_loss_cls: 0.1869  d0.dn_loss_bbox: 0.3449  d0.dn_loss_iou: 0.4071  d1.dn_loss_cls: 0.1314  d1.dn_loss_bbox: 0.2212  d1.dn_loss_iou: 0.2852  d2.dn_loss_cls: 0.1130  d2.dn_loss_bbox: 0.1949  d2.dn_loss_iou: 0.2578  d3.dn_loss_cls: 0.1048  d3.dn_loss_bbox: 0.1865  d3.dn_loss_iou: 0.2482  d4.dn_loss_cls: 0.1032  d4.dn_loss_bbox: 0.1845  d4.dn_loss_iou: 0.2465  d1.loss_lmm_region: 0.1931  loss_lmm_image: 0.9983
2025/06/16 21:15:01 - mmengine - INFO - Iter(train) [ 6800/15000]  base_lr: 1.0000e-04 lr: 1.0000e-04  eta: 3:27:03  time: 1.3394  data_time: 0.0171  memory: 23465  grad_norm: 20.2424  loss: 10.7951  loss_cls: 0.3840  loss_bbox: 0.1408  loss_iou: 0.2900  d0.loss_cls: 0.4250  d0.loss_bbox: 0.1597  d0.loss_iou: 0.3154  d1.loss_cls: 0.3996  d1.loss_bbox: 0.1494  d1.loss_iou: 0.3043  d2.loss_cls: 0.4010  d2.loss_bbox: 0.1395  d2.loss_iou: 0.2893  d3.loss_cls: 0.3909  d3.loss_bbox: 0.1402  d3.loss_iou: 0.2883  d4.loss_cls: 0.3828  d4.loss_bbox: 0.1423  d4.loss_iou: 0.2922  enc_loss_cls: 0.4328  enc_loss_bbox: 0.1739  enc_loss_iou: 0.3392  dn_loss_cls: 0.1195  dn_loss_bbox: 0.1598  dn_loss_iou: 0.2310  d0.dn_loss_cls: 0.2073  d0.dn_loss_bbox: 0.3004  d0.dn_loss_iou: 0.3874  d1.dn_loss_cls: 0.1513  d1.dn_loss_bbox: 0.1877  d1.dn_loss_iou: 0.2675  d2.dn_loss_cls: 0.1335  d2.dn_loss_bbox: 0.1664  d2.dn_loss_iou: 0.2412  d3.dn_loss_cls: 0.1237  d3.dn_loss_bbox: 0.1609  d3.dn_loss_iou: 0.2327  d4.dn_loss_cls: 0.1200  d4.dn_loss_bbox: 0.1599  d4.dn_loss_iou: 0.2309  d1.loss_lmm_region: 0.1907  loss_lmm_image: 1.0427
2025/06/16 21:17:16 - mmengine - INFO - Iter(train) [ 6900/15000]  base_lr: 1.0000e-04 lr: 1.0000e-04  eta: 3:23:57  time: 1.3545  data_time: 0.0173  memory: 23057  grad_norm: 22.4784  loss: 10.7843  loss_cls: 0.3291  loss_bbox: 0.1563  loss_iou: 0.2645  d0.loss_cls: 0.3574  d0.loss_bbox: 0.1761  d0.loss_iou: 0.2838  d1.loss_cls: 0.3424  d1.loss_bbox: 0.1629  d1.loss_iou: 0.2693  d2.loss_cls: 0.3320  d2.loss_bbox: 0.1621  d2.loss_iou: 0.2687  d3.loss_cls: 0.3340  d3.loss_bbox: 0.1562  d3.loss_iou: 0.2654  d4.loss_cls: 0.3320  d4.loss_bbox: 0.1576  d4.loss_iou: 0.2646  enc_loss_cls: 0.3639  enc_loss_bbox: 0.1918  enc_loss_iou: 0.3046  dn_loss_cls: 0.0970  dn_loss_bbox: 0.2153  dn_loss_iou: 0.2602  d0.dn_loss_cls: 0.1943  d0.dn_loss_bbox: 0.3960  d0.dn_loss_iou: 0.4390  d1.dn_loss_cls: 0.1331  d1.dn_loss_bbox: 0.2603  d1.dn_loss_iou: 0.3034  d2.dn_loss_cls: 0.1141  d2.dn_loss_bbox: 0.2262  d2.dn_loss_iou: 0.2711  d3.dn_loss_cls: 0.1032  d3.dn_loss_bbox: 0.2166  d3.dn_loss_iou: 0.2620  d4.dn_loss_cls: 0.0971  d4.dn_loss_bbox: 0.2154  d4.dn_loss_iou: 0.2602  d1.loss_lmm_region: 0.2136  loss_lmm_image: 1.0314
2025/06/16 21:19:30 - mmengine - INFO - Exp name: grounding_dino_swin_t_20250616_184200
2025/06/16 21:19:30 - mmengine - INFO - Iter(train) [ 7000/15000]  base_lr: 1.0000e-04 lr: 1.0000e-04  eta: 3:20:51  time: 1.3385  data_time: 0.0168  memory: 23498  grad_norm: 21.0836  loss: 10.4960  loss_cls: 0.3425  loss_bbox: 0.1459  loss_iou: 0.3082  d0.loss_cls: 0.3885  d0.loss_bbox: 0.1664  d0.loss_iou: 0.3289  d1.loss_cls: 0.3660  d1.loss_bbox: 0.1492  d1.loss_iou: 0.3123  d2.loss_cls: 0.3595  d2.loss_bbox: 0.1455  d2.loss_iou: 0.3073  d3.loss_cls: 0.3536  d3.loss_bbox: 0.1456  d3.loss_iou: 0.3073  d4.loss_cls: 0.3454  d4.loss_bbox: 0.1446  d4.loss_iou: 0.3060  enc_loss_cls: 0.4031  enc_loss_bbox: 0.1737  enc_loss_iou: 0.3463  dn_loss_cls: 0.1045  dn_loss_bbox: 0.1596  dn_loss_iou: 0.2222  d0.dn_loss_cls: 0.1780  d0.dn_loss_bbox: 0.2962  d0.dn_loss_iou: 0.3658  d1.dn_loss_cls: 0.1306  d1.dn_loss_bbox: 0.1883  d1.dn_loss_iou: 0.2548  d2.dn_loss_cls: 0.1155  d2.dn_loss_bbox: 0.1658  d2.dn_loss_iou: 0.2314  d3.dn_loss_cls: 0.1076  d3.dn_loss_bbox: 0.1598  d3.dn_loss_iou: 0.2231  d4.dn_loss_cls: 0.1042  d4.dn_loss_bbox: 0.1595  d4.dn_loss_iou: 0.2220  d1.loss_lmm_region: 0.2025  loss_lmm_image: 1.0590
2025/06/16 21:21:44 - mmengine - INFO - Iter(train) [ 7100/15000]  base_lr: 1.0000e-04 lr: 1.0000e-04  eta: 3:17:48  time: 1.3385  data_time: 0.0178  memory: 23625  grad_norm: 20.5206  loss: 10.4306  loss_cls: 0.3207  loss_bbox: 0.1556  loss_iou: 0.2747  d0.loss_cls: 0.3502  d0.loss_bbox: 0.1714  d0.loss_iou: 0.2963  d1.loss_cls: 0.3320  d1.loss_bbox: 0.1584  d1.loss_iou: 0.2817  d2.loss_cls: 0.3252  d2.loss_bbox: 0.1568  d2.loss_iou: 0.2785  d3.loss_cls: 0.3201  d3.loss_bbox: 0.1564  d3.loss_iou: 0.2753  d4.loss_cls: 0.3209  d4.loss_bbox: 0.1555  d4.loss_iou: 0.2746  enc_loss_cls: 0.3642  enc_loss_bbox: 0.1838  enc_loss_iou: 0.3169  dn_loss_cls: 0.0919  dn_loss_bbox: 0.1833  dn_loss_iou: 0.2364  d0.dn_loss_cls: 0.1880  d0.dn_loss_bbox: 0.3927  d0.dn_loss_iou: 0.4131  d1.dn_loss_cls: 0.1305  d1.dn_loss_bbox: 0.2343  d1.dn_loss_iou: 0.2778  d2.dn_loss_cls: 0.1120  d2.dn_loss_bbox: 0.1962  d2.dn_loss_iou: 0.2475  d3.dn_loss_cls: 0.0969  d3.dn_loss_bbox: 0.1858  d3.dn_loss_iou: 0.2381  d4.dn_loss_cls: 0.0931  d4.dn_loss_bbox: 0.1834  d4.dn_loss_iou: 0.2363  d1.loss_lmm_region: 0.1912  loss_lmm_image: 1.0328
2025/06/16 21:23:57 - mmengine - INFO - Iter(train) [ 7200/15000]  base_lr: 1.0000e-04 lr: 1.0000e-04  eta: 3:14:47  time: 1.3495  data_time: 0.0172  memory: 24476  grad_norm: 20.5139  loss: 9.7573  loss_cls: 0.2941  loss_bbox: 0.1381  loss_iou: 0.2623  d0.loss_cls: 0.3251  d0.loss_bbox: 0.1529  d0.loss_iou: 0.2841  d1.loss_cls: 0.3091  d1.loss_bbox: 0.1451  d1.loss_iou: 0.2712  d2.loss_cls: 0.3031  d2.loss_bbox: 0.1397  d2.loss_iou: 0.2658  d3.loss_cls: 0.2992  d3.loss_bbox: 0.1381  d3.loss_iou: 0.2641  d4.loss_cls: 0.2970  d4.loss_bbox: 0.1379  d4.loss_iou: 0.2628  enc_loss_cls: 0.3382  enc_loss_bbox: 0.1656  enc_loss_iou: 0.3020  dn_loss_cls: 0.0957  dn_loss_bbox: 0.1655  dn_loss_iou: 0.2363  d0.dn_loss_cls: 0.1754  d0.dn_loss_bbox: 0.3167  d0.dn_loss_iou: 0.3922  d1.dn_loss_cls: 0.1243  d1.dn_loss_bbox: 0.2006  d1.dn_loss_iou: 0.2719  d2.dn_loss_cls: 0.1086  d2.dn_loss_bbox: 0.1722  d2.dn_loss_iou: 0.2443  d3.dn_loss_cls: 0.1010  d3.dn_loss_bbox: 0.1664  d3.dn_loss_iou: 0.2374  d4.dn_loss_cls: 0.0966  d4.dn_loss_bbox: 0.1656  d4.dn_loss_iou: 0.2363  d1.loss_lmm_region: 0.1770  loss_lmm_image: 0.9777
2025/06/16 21:26:12 - mmengine - INFO - Iter(train) [ 7300/15000]  base_lr: 1.0000e-04 lr: 1.0000e-04  eta: 3:11:51  time: 1.3434  data_time: 0.0175  memory: 23309  grad_norm: 20.7824  loss: 10.6210  loss_cls: 0.3194  loss_bbox: 0.1537  loss_iou: 0.2796  d0.loss_cls: 0.3602  d0.loss_bbox: 0.1724  d0.loss_iou: 0.2977  d1.loss_cls: 0.3435  d1.loss_bbox: 0.1583  d1.loss_iou: 0.2883  d2.loss_cls: 0.3323  d2.loss_bbox: 0.1531  d2.loss_iou: 0.2818  d3.loss_cls: 0.3289  d3.loss_bbox: 0.1513  d3.loss_iou: 0.2797  d4.loss_cls: 0.3237  d4.loss_bbox: 0.1509  d4.loss_iou: 0.2785  enc_loss_cls: 0.3735  enc_loss_bbox: 0.1905  enc_loss_iou: 0.3236  dn_loss_cls: 0.1133  dn_loss_bbox: 0.1973  dn_loss_iou: 0.2409  d0.dn_loss_cls: 0.2046  d0.dn_loss_bbox: 0.3816  d0.dn_loss_iou: 0.4160  d1.dn_loss_cls: 0.1482  d1.dn_loss_bbox: 0.2408  d1.dn_loss_iou: 0.2834  d2.dn_loss_cls: 0.1319  d2.dn_loss_bbox: 0.2058  d2.dn_loss_iou: 0.2515  d3.dn_loss_cls: 0.1184  d3.dn_loss_bbox: 0.1982  d3.dn_loss_iou: 0.2425  d4.dn_loss_cls: 0.1141  d4.dn_loss_bbox: 0.1974  d4.dn_loss_iou: 0.2410  d1.loss_lmm_region: 0.1922  loss_lmm_image: 0.9611
2025/06/16 21:28:26 - mmengine - INFO - Iter(train) [ 7400/15000]  base_lr: 1.0000e-04 lr: 1.0000e-04  eta: 3:08:54  time: 1.3339  data_time: 0.0172  memory: 23684  grad_norm: 21.7082  loss: 9.5717  loss_cls: 0.3040  loss_bbox: 0.1353  loss_iou: 0.2512  d0.loss_cls: 0.3403  d0.loss_bbox: 0.1432  d0.loss_iou: 0.2681  d1.loss_cls: 0.3257  d1.loss_bbox: 0.1421  d1.loss_iou: 0.2573  d2.loss_cls: 0.3174  d2.loss_bbox: 0.1355  d2.loss_iou: 0.2491  d3.loss_cls: 0.3118  d3.loss_bbox: 0.1355  d3.loss_iou: 0.2510  d4.loss_cls: 0.3050  d4.loss_bbox: 0.1363  d4.loss_iou: 0.2523  enc_loss_cls: 0.3540  enc_loss_bbox: 0.1571  enc_loss_iou: 0.2925  dn_loss_cls: 0.0980  dn_loss_bbox: 0.1558  dn_loss_iou: 0.2127  d0.dn_loss_cls: 0.1739  d0.dn_loss_bbox: 0.3118  d0.dn_loss_iou: 0.3699  d1.dn_loss_cls: 0.1266  d1.dn_loss_bbox: 0.1921  d1.dn_loss_iou: 0.2509  d2.dn_loss_cls: 0.1112  d2.dn_loss_bbox: 0.1639  d2.dn_loss_iou: 0.2219  d3.dn_loss_cls: 0.1019  d3.dn_loss_bbox: 0.1571  d3.dn_loss_iou: 0.2141  d4.dn_loss_cls: 0.0985  d4.dn_loss_bbox: 0.1558  d4.dn_loss_iou: 0.2126  d1.loss_lmm_region: 0.1779  loss_lmm_image: 1.0006
2025/06/16 21:30:40 - mmengine - INFO - Iter(train) [ 7500/15000]  base_lr: 1.0000e-04 lr: 1.0000e-04  eta: 3:06:00  time: 1.3395  data_time: 0.0175  memory: 23792  grad_norm: 21.2106  loss: 9.8262  loss_cls: 0.2937  loss_bbox: 0.1287  loss_iou: 0.2227  d0.loss_cls: 0.3284  d0.loss_bbox: 0.1424  d0.loss_iou: 0.2352  d1.loss_cls: 0.3106  d1.loss_bbox: 0.1314  d1.loss_iou: 0.2237  d2.loss_cls: 0.3022  d2.loss_bbox: 0.1302  d2.loss_iou: 0.2237  d3.loss_cls: 0.2990  d3.loss_bbox: 0.1288  d3.loss_iou: 0.2224  d4.loss_cls: 0.2942  d4.loss_bbox: 0.1289  d4.loss_iou: 0.2225  enc_loss_cls: 0.3348  enc_loss_bbox: 0.1595  enc_loss_iou: 0.2575  dn_loss_cls: 0.1314  dn_loss_bbox: 0.1994  dn_loss_iou: 0.2202  d0.dn_loss_cls: 0.2148  d0.dn_loss_bbox: 0.3739  d0.dn_loss_iou: 0.3786  d1.dn_loss_cls: 0.1628  d1.dn_loss_bbox: 0.2327  d1.dn_loss_iou: 0.2539  d2.dn_loss_cls: 0.1485  d2.dn_loss_bbox: 0.2077  d2.dn_loss_iou: 0.2303  d3.dn_loss_cls: 0.1387  d3.dn_loss_bbox: 0.2006  d3.dn_loss_iou: 0.2217  d4.dn_loss_cls: 0.1330  d4.dn_loss_bbox: 0.1994  d4.dn_loss_iou: 0.2201  d1.loss_lmm_region: 0.1946  loss_lmm_image: 1.0430
2025/06/16 21:32:54 - mmengine - INFO - Iter(train) [ 7600/15000]  base_lr: 1.0000e-04 lr: 1.0000e-04  eta: 3:03:07  time: 1.3333  data_time: 0.0177  memory: 23213  grad_norm: 20.5581  loss: 10.2279  loss_cls: 0.3403  loss_bbox: 0.1432  loss_iou: 0.2687  d0.loss_cls: 0.3747  d0.loss_bbox: 0.1567  d0.loss_iou: 0.2885  d1.loss_cls: 0.3546  d1.loss_bbox: 0.1448  d1.loss_iou: 0.2740  d2.loss_cls: 0.3462  d2.loss_bbox: 0.1444  d2.loss_iou: 0.2718  d3.loss_cls: 0.3429  d3.loss_bbox: 0.1430  d3.loss_iou: 0.2700  d4.loss_cls: 0.3401  d4.loss_bbox: 0.1435  d4.loss_iou: 0.2670  enc_loss_cls: 0.3859  enc_loss_bbox: 0.1740  enc_loss_iou: 0.3086  dn_loss_cls: 0.0928  dn_loss_bbox: 0.1809  dn_loss_iou: 0.2374  d0.dn_loss_cls: 0.1742  d0.dn_loss_bbox: 0.3351  d0.dn_loss_iou: 0.3904  d1.dn_loss_cls: 0.1224  d1.dn_loss_bbox: 0.2105  d1.dn_loss_iou: 0.2704  d2.dn_loss_cls: 0.1049  d2.dn_loss_bbox: 0.1890  d2.dn_loss_iou: 0.2469  d3.dn_loss_cls: 0.0978  d3.dn_loss_bbox: 0.1819  d3.dn_loss_iou: 0.2387  d4.dn_loss_cls: 0.0930  d4.dn_loss_bbox: 0.1808  d4.dn_loss_iou: 0.2375  d1.loss_lmm_region: 0.1953  loss_lmm_image: 0.9648
2025/06/16 21:35:07 - mmengine - INFO - Iter(train) [ 7700/15000]  base_lr: 1.0000e-04 lr: 1.0000e-04  eta: 3:00:15  time: 1.3316  data_time: 0.0179  memory: 23406  grad_norm: 22.2534  loss: 11.1249  loss_cls: 0.3373  loss_bbox: 0.1827  loss_iou: 0.3214  d0.loss_cls: 0.3595  d0.loss_bbox: 0.1994  d0.loss_iou: 0.3447  d1.loss_cls: 0.3573  d1.loss_bbox: 0.1846  d1.loss_iou: 0.3266  d2.loss_cls: 0.3505  d2.loss_bbox: 0.1831  d2.loss_iou: 0.3209  d3.loss_cls: 0.3453  d3.loss_bbox: 0.1819  d3.loss_iou: 0.3221  d4.loss_cls: 0.3414  d4.loss_bbox: 0.1815  d4.loss_iou: 0.3218  enc_loss_cls: 0.3857  enc_loss_bbox: 0.2037  enc_loss_iou: 0.3593  dn_loss_cls: 0.1093  dn_loss_bbox: 0.1813  dn_loss_iou: 0.2515  d0.dn_loss_cls: 0.2046  d0.dn_loss_bbox: 0.3379  d0.dn_loss_iou: 0.4069  d1.dn_loss_cls: 0.1468  d1.dn_loss_bbox: 0.2170  d1.dn_loss_iou: 0.2835  d2.dn_loss_cls: 0.1314  d2.dn_loss_bbox: 0.1901  d2.dn_loss_iou: 0.2599  d3.dn_loss_cls: 0.1174  d3.dn_loss_bbox: 0.1827  d3.dn_loss_iou: 0.2526  d4.dn_loss_cls: 0.1117  d4.dn_loss_bbox: 0.1812  d4.dn_loss_iou: 0.2513  d1.loss_lmm_region: 0.1967  loss_lmm_image: 1.0004
2025/06/16 21:37:20 - mmengine - INFO - Iter(train) [ 7800/15000]  base_lr: 1.0000e-04 lr: 1.0000e-04  eta: 2:57:24  time: 1.3302  data_time: 0.0176  memory: 23401  grad_norm: 21.6342  loss: 10.9200  loss_cls: 0.3403  loss_bbox: 0.1587  loss_iou: 0.2831  d0.loss_cls: 0.3766  d0.loss_bbox: 0.1721  d0.loss_iou: 0.3006  d1.loss_cls: 0.3602  d1.loss_bbox: 0.1685  d1.loss_iou: 0.2923  d2.loss_cls: 0.3464  d2.loss_bbox: 0.1627  d2.loss_iou: 0.2855  d3.loss_cls: 0.3440  d3.loss_bbox: 0.1606  d3.loss_iou: 0.2836  d4.loss_cls: 0.3427  d4.loss_bbox: 0.1585  d4.loss_iou: 0.2824  enc_loss_cls: 0.3963  enc_loss_bbox: 0.1950  enc_loss_iou: 0.3266  dn_loss_cls: 0.1138  dn_loss_bbox: 0.1990  dn_loss_iou: 0.2513  d0.dn_loss_cls: 0.2048  d0.dn_loss_bbox: 0.3750  d0.dn_loss_iou: 0.4172  d1.dn_loss_cls: 0.1509  d1.dn_loss_bbox: 0.2452  d1.dn_loss_iou: 0.2904  d2.dn_loss_cls: 0.1288  d2.dn_loss_bbox: 0.2143  d2.dn_loss_iou: 0.2628  d3.dn_loss_cls: 0.1181  d3.dn_loss_bbox: 0.2007  d3.dn_loss_iou: 0.2534  d4.dn_loss_cls: 0.1144  d4.dn_loss_bbox: 0.1991  d4.dn_loss_iou: 0.2514  d1.loss_lmm_region: 0.2092  loss_lmm_image: 0.9837
2025/06/16 21:39:35 - mmengine - INFO - Iter(train) [ 7900/15000]  base_lr: 1.0000e-04 lr: 1.0000e-04  eta: 2:54:37  time: 1.3298  data_time: 0.0174  memory: 23518  grad_norm: 20.1815  loss: 10.6591  loss_cls: 0.3659  loss_bbox: 0.1485  loss_iou: 0.2651  d0.loss_cls: 0.3954  d0.loss_bbox: 0.1601  d0.loss_iou: 0.2824  d1.loss_cls: 0.3773  d1.loss_bbox: 0.1546  d1.loss_iou: 0.2725  d2.loss_cls: 0.3722  d2.loss_bbox: 0.1470  d2.loss_iou: 0.2641  d3.loss_cls: 0.3653  d3.loss_bbox: 0.1506  d3.loss_iou: 0.2679  d4.loss_cls: 0.3692  d4.loss_bbox: 0.1460  d4.loss_iou: 0.2657  enc_loss_cls: 0.4023  enc_loss_bbox: 0.1729  enc_loss_iou: 0.3021  dn_loss_cls: 0.1292  dn_loss_bbox: 0.1892  dn_loss_iou: 0.2287  d0.dn_loss_cls: 0.2146  d0.dn_loss_bbox: 0.3385  d0.dn_loss_iou: 0.3799  d1.dn_loss_cls: 0.1592  d1.dn_loss_bbox: 0.2197  d1.dn_loss_iou: 0.2632  d2.dn_loss_cls: 0.1437  d2.dn_loss_bbox: 0.1974  d2.dn_loss_iou: 0.2383  d3.dn_loss_cls: 0.1353  d3.dn_loss_bbox: 0.1905  d3.dn_loss_iou: 0.2303  d4.dn_loss_cls: 0.1319  d4.dn_loss_bbox: 0.1893  d4.dn_loss_iou: 0.2286  d1.loss_lmm_region: 0.1990  loss_lmm_image: 1.0056
2025/06/16 21:41:48 - mmengine - INFO - Exp name: grounding_dino_swin_t_20250616_184200
2025/06/16 21:41:48 - mmengine - INFO - Iter(train) [ 8000/15000]  base_lr: 1.0000e-04 lr: 1.0000e-04  eta: 2:51:49  time: 1.3367  data_time: 0.0174  memory: 23257  grad_norm: 22.6457  loss: 9.4636  loss_cls: 0.2930  loss_bbox: 0.1245  loss_iou: 0.2473  d0.loss_cls: 0.3180  d0.loss_bbox: 0.1420  d0.loss_iou: 0.2680  d1.loss_cls: 0.3071  d1.loss_bbox: 0.1276  d1.loss_iou: 0.2573  d2.loss_cls: 0.2956  d2.loss_bbox: 0.1292  d2.loss_iou: 0.2506  d3.loss_cls: 0.2976  d3.loss_bbox: 0.1218  d3.loss_iou: 0.2457  d4.loss_cls: 0.2934  d4.loss_bbox: 0.1239  d4.loss_iou: 0.2471  enc_loss_cls: 0.3396  enc_loss_bbox: 0.1509  enc_loss_iou: 0.2858  dn_loss_cls: 0.0935  dn_loss_bbox: 0.1665  dn_loss_iou: 0.2117  d0.dn_loss_cls: 0.1784  d0.dn_loss_bbox: 0.3365  d0.dn_loss_iou: 0.3725  d1.dn_loss_cls: 0.1204  d1.dn_loss_bbox: 0.2015  d1.dn_loss_iou: 0.2483  d2.dn_loss_cls: 0.1042  d2.dn_loss_bbox: 0.1730  d2.dn_loss_iou: 0.2207  d3.dn_loss_cls: 0.0979  d3.dn_loss_bbox: 0.1672  d3.dn_loss_iou: 0.2131  d4.dn_loss_cls: 0.0935  d4.dn_loss_bbox: 0.1666  d4.dn_loss_iou: 0.2117  d1.loss_lmm_region: 0.1838  loss_lmm_image: 1.0364
2025/06/16 21:44:02 - mmengine - INFO - Iter(train) [ 8100/15000]  base_lr: 1.0000e-04 lr: 1.0000e-04  eta: 2:49:03  time: 1.3366  data_time: 0.0177  memory: 23618  grad_norm: 20.2385  loss: 10.2508  loss_cls: 0.2932  loss_bbox: 0.1458  loss_iou: 0.2637  d0.loss_cls: 0.3249  d0.loss_bbox: 0.1615  d0.loss_iou: 0.2775  d1.loss_cls: 0.3080  d1.loss_bbox: 0.1517  d1.loss_iou: 0.2693  d2.loss_cls: 0.3042  d2.loss_bbox: 0.1501  d2.loss_iou: 0.2649  d3.loss_cls: 0.3020  d3.loss_bbox: 0.1445  d3.loss_iou: 0.2627  d4.loss_cls: 0.2935  d4.loss_bbox: 0.1481  d4.loss_iou: 0.2627  enc_loss_cls: 0.3374  enc_loss_bbox: 0.1752  enc_loss_iou: 0.2977  dn_loss_cls: 0.1027  dn_loss_bbox: 0.1926  dn_loss_iou: 0.2427  d0.dn_loss_cls: 0.2060  d0.dn_loss_bbox: 0.3890  d0.dn_loss_iou: 0.4159  d1.dn_loss_cls: 0.1498  d1.dn_loss_bbox: 0.2355  d1.dn_loss_iou: 0.2813  d2.dn_loss_cls: 0.1247  d2.dn_loss_bbox: 0.2040  d2.dn_loss_iou: 0.2529  d3.dn_loss_cls: 0.1129  d3.dn_loss_bbox: 0.1942  d3.dn_loss_iou: 0.2440  d4.dn_loss_cls: 0.1045  d4.dn_loss_bbox: 0.1925  d4.dn_loss_iou: 0.2426  d1.loss_lmm_region: 0.2121  loss_lmm_image: 1.0120
2025/06/16 21:46:15 - mmengine - INFO - Iter(train) [ 8200/15000]  base_lr: 1.0000e-04 lr: 1.0000e-04  eta: 2:46:19  time: 1.3300  data_time: 0.0176  memory: 23279  grad_norm: 23.0288  loss: 9.5028  loss_cls: 0.2973  loss_bbox: 0.1346  loss_iou: 0.2214  d0.loss_cls: 0.3184  d0.loss_bbox: 0.1550  d0.loss_iou: 0.2467  d1.loss_cls: 0.3100  d1.loss_bbox: 0.1402  d1.loss_iou: 0.2287  d2.loss_cls: 0.3041  d2.loss_bbox: 0.1354  d2.loss_iou: 0.2235  d3.loss_cls: 0.2993  d3.loss_bbox: 0.1364  d3.loss_iou: 0.2223  d4.loss_cls: 0.2964  d4.loss_bbox: 0.1367  d4.loss_iou: 0.2221  enc_loss_cls: 0.3260  enc_loss_bbox: 0.1624  enc_loss_iou: 0.2684  dn_loss_cls: 0.1189  dn_loss_bbox: 0.1672  dn_loss_iou: 0.2199  d0.dn_loss_cls: 0.1870  d0.dn_loss_bbox: 0.3343  d0.dn_loss_iou: 0.3746  d1.dn_loss_cls: 0.1356  d1.dn_loss_bbox: 0.2072  d1.dn_loss_iou: 0.2555  d2.dn_loss_cls: 0.1263  d2.dn_loss_bbox: 0.1784  d2.dn_loss_iou: 0.2295  d3.dn_loss_cls: 0.1234  d3.dn_loss_bbox: 0.1693  d3.dn_loss_iou: 0.2215  d4.dn_loss_cls: 0.1202  d4.dn_loss_bbox: 0.1674  d4.dn_loss_iou: 0.2200  d1.loss_lmm_region: 0.1780  loss_lmm_image: 0.9834
2025/06/16 21:48:28 - mmengine - INFO - Iter(train) [ 8300/15000]  base_lr: 1.0000e-04 lr: 1.0000e-04  eta: 2:43:35  time: 1.3339  data_time: 0.0177  memory: 23319  grad_norm: 21.4484  loss: 9.8694  loss_cls: 0.2947  loss_bbox: 0.1461  loss_iou: 0.2569  d0.loss_cls: 0.3315  d0.loss_bbox: 0.1515  d0.loss_iou: 0.2690  d1.loss_cls: 0.3172  d1.loss_bbox: 0.1462  d1.loss_iou: 0.2589  d2.loss_cls: 0.3058  d2.loss_bbox: 0.1477  d2.loss_iou: 0.2597  d3.loss_cls: 0.3000  d3.loss_bbox: 0.1478  d3.loss_iou: 0.2575  d4.loss_cls: 0.2960  d4.loss_bbox: 0.1460  d4.loss_iou: 0.2566  enc_loss_cls: 0.3443  enc_loss_bbox: 0.1664  enc_loss_iou: 0.2890  dn_loss_cls: 0.0996  dn_loss_bbox: 0.1749  dn_loss_iou: 0.2314  d0.dn_loss_cls: 0.1851  d0.dn_loss_bbox: 0.3404  d0.dn_loss_iou: 0.3878  d1.dn_loss_cls: 0.1329  d1.dn_loss_bbox: 0.2079  d1.dn_loss_iou: 0.2642  d2.dn_loss_cls: 0.1164  d2.dn_loss_bbox: 0.1831  d2.dn_loss_iou: 0.2403  d3.dn_loss_cls: 0.1053  d3.dn_loss_bbox: 0.1764  d3.dn_loss_iou: 0.2331  d4.dn_loss_cls: 0.0997  d4.dn_loss_bbox: 0.1749  d4.dn_loss_iou: 0.2312  d1.loss_lmm_region: 0.1892  loss_lmm_image: 1.0070
2025/06/16 21:50:42 - mmengine - INFO - Iter(train) [ 8400/15000]  base_lr: 1.0000e-04 lr: 1.0000e-04  eta: 2:40:52  time: 1.3247  data_time: 0.0177  memory: 23332  grad_norm: 25.8995  loss: 9.1652  loss_cls: 0.2808  loss_bbox: 0.1281  loss_iou: 0.2285  d0.loss_cls: 0.3063  d0.loss_bbox: 0.1456  d0.loss_iou: 0.2444  d1.loss_cls: 0.2931  d1.loss_bbox: 0.1305  d1.loss_iou: 0.2312  d2.loss_cls: 0.2855  d2.loss_bbox: 0.1276  d2.loss_iou: 0.2289  d3.loss_cls: 0.2850  d3.loss_bbox: 0.1280  d3.loss_iou: 0.2283  d4.loss_cls: 0.2838  d4.loss_bbox: 0.1283  d4.loss_iou: 0.2273  enc_loss_cls: 0.3179  enc_loss_bbox: 0.1611  enc_loss_iou: 0.2633  dn_loss_cls: 0.0998  dn_loss_bbox: 0.1628  dn_loss_iou: 0.2060  d0.dn_loss_cls: 0.1928  d0.dn_loss_bbox: 0.3419  d0.dn_loss_iou: 0.3663  d1.dn_loss_cls: 0.1334  d1.dn_loss_bbox: 0.1997  d1.dn_loss_iou: 0.2400  d2.dn_loss_cls: 0.1142  d2.dn_loss_bbox: 0.1717  d2.dn_loss_iou: 0.2139  d3.dn_loss_cls: 0.1054  d3.dn_loss_bbox: 0.1650  d3.dn_loss_iou: 0.2072  d4.dn_loss_cls: 0.1003  d4.dn_loss_bbox: 0.1628  d4.dn_loss_iou: 0.2059  d1.loss_lmm_region: 0.1665  loss_lmm_image: 0.9564
2025/06/16 21:52:56 - mmengine - INFO - Iter(train) [ 8500/15000]  base_lr: 1.0000e-04 lr: 1.0000e-04  eta: 2:38:11  time: 1.3442  data_time: 0.0179  memory: 23650  grad_norm: 21.7416  loss: 10.6568  loss_cls: 0.3187  loss_bbox: 0.1456  loss_iou: 0.2875  d0.loss_cls: 0.3626  d0.loss_bbox: 0.1585  d0.loss_iou: 0.3026  d1.loss_cls: 0.3434  d1.loss_bbox: 0.1596  d1.loss_iou: 0.2982  d2.loss_cls: 0.3366  d2.loss_bbox: 0.1450  d2.loss_iou: 0.2892  d3.loss_cls: 0.3276  d3.loss_bbox: 0.1460  d3.loss_iou: 0.2877  d4.loss_cls: 0.3223  d4.loss_bbox: 0.1453  d4.loss_iou: 0.2874  enc_loss_cls: 0.3718  enc_loss_bbox: 0.1721  enc_loss_iou: 0.3232  dn_loss_cls: 0.1041  dn_loss_bbox: 0.1997  dn_loss_iou: 0.2621  d0.dn_loss_cls: 0.2028  d0.dn_loss_bbox: 0.3643  d0.dn_loss_iou: 0.4233  d1.dn_loss_cls: 0.1391  d1.dn_loss_bbox: 0.2346  d1.dn_loss_iou: 0.2972  d2.dn_loss_cls: 0.1205  d2.dn_loss_bbox: 0.2062  d2.dn_loss_iou: 0.2704  d3.dn_loss_cls: 0.1088  d3.dn_loss_bbox: 0.2000  d3.dn_loss_iou: 0.2632  d4.dn_loss_cls: 0.1045  d4.dn_loss_bbox: 0.2000  d4.dn_loss_iou: 0.2623  d1.loss_lmm_region: 0.1941  loss_lmm_image: 0.9687
2025/06/16 21:55:09 - mmengine - INFO - Iter(train) [ 8600/15000]  base_lr: 1.0000e-04 lr: 1.0000e-04  eta: 2:35:31  time: 1.3407  data_time: 0.0179  memory: 22923  grad_norm: 21.8476  loss: 10.1987  loss_cls: 0.3150  loss_bbox: 0.1486  loss_iou: 0.2753  d0.loss_cls: 0.3466  d0.loss_bbox: 0.1595  d0.loss_iou: 0.2918  d1.loss_cls: 0.3339  d1.loss_bbox: 0.1516  d1.loss_iou: 0.2777  d2.loss_cls: 0.3263  d2.loss_bbox: 0.1477  d2.loss_iou: 0.2741  d3.loss_cls: 0.3155  d3.loss_bbox: 0.1497  d3.loss_iou: 0.2754  d4.loss_cls: 0.3118  d4.loss_bbox: 0.1514  d4.loss_iou: 0.2763  enc_loss_cls: 0.3587  enc_loss_bbox: 0.1798  enc_loss_iou: 0.3187  dn_loss_cls: 0.0973  dn_loss_bbox: 0.1848  dn_loss_iou: 0.2324  d0.dn_loss_cls: 0.1810  d0.dn_loss_bbox: 0.3424  d0.dn_loss_iou: 0.3840  d1.dn_loss_cls: 0.1296  d1.dn_loss_bbox: 0.2219  d1.dn_loss_iou: 0.2664  d2.dn_loss_cls: 0.1138  d2.dn_loss_bbox: 0.1958  d2.dn_loss_iou: 0.2423  d3.dn_loss_cls: 0.1029  d3.dn_loss_bbox: 0.1864  d3.dn_loss_iou: 0.2336  d4.dn_loss_cls: 0.0983  d4.dn_loss_bbox: 0.1850  d4.dn_loss_iou: 0.2324  d1.loss_lmm_region: 0.1873  loss_lmm_image: 0.9956
2025/06/16 21:57:23 - mmengine - INFO - Iter(train) [ 8700/15000]  base_lr: 1.0000e-04 lr: 1.0000e-04  eta: 2:32:52  time: 1.3369  data_time: 0.0180  memory: 23798  grad_norm: 24.0501  loss: 10.2646  loss_cls: 0.3003  loss_bbox: 0.1470  loss_iou: 0.2647  d0.loss_cls: 0.3340  d0.loss_bbox: 0.1619  d0.loss_iou: 0.2831  d1.loss_cls: 0.3131  d1.loss_bbox: 0.1579  d1.loss_iou: 0.2767  d2.loss_cls: 0.3049  d2.loss_bbox: 0.1525  d2.loss_iou: 0.2696  d3.loss_cls: 0.3020  d3.loss_bbox: 0.1498  d3.loss_iou: 0.2661  d4.loss_cls: 0.3015  d4.loss_bbox: 0.1457  d4.loss_iou: 0.2642  enc_loss_cls: 0.3587  enc_loss_bbox: 0.1751  enc_loss_iou: 0.3061  dn_loss_cls: 0.1030  dn_loss_bbox: 0.1826  dn_loss_iou: 0.2368  d0.dn_loss_cls: 0.2006  d0.dn_loss_bbox: 0.3639  d0.dn_loss_iou: 0.4042  d1.dn_loss_cls: 0.1430  d1.dn_loss_bbox: 0.2207  d1.dn_loss_iou: 0.2748  d2.dn_loss_cls: 0.1249  d2.dn_loss_bbox: 0.1912  d2.dn_loss_iou: 0.2458  d3.dn_loss_cls: 0.1122  d3.dn_loss_bbox: 0.1832  d3.dn_loss_iou: 0.2381  d4.dn_loss_cls: 0.1078  d4.dn_loss_bbox: 0.1827  d4.dn_loss_iou: 0.2367  d1.loss_lmm_region: 0.2629  loss_lmm_image: 1.0148
2025/06/16 21:59:37 - mmengine - INFO - Iter(train) [ 8800/15000]  base_lr: 1.0000e-04 lr: 1.0000e-04  eta: 2:30:14  time: 1.3525  data_time: 0.0173  memory: 24421  grad_norm: 22.6480  loss: 10.7655  loss_cls: 0.3478  loss_bbox: 0.1590  loss_iou: 0.3022  d0.loss_cls: 0.3694  d0.loss_bbox: 0.1813  d0.loss_iou: 0.3271  d1.loss_cls: 0.3623  d1.loss_bbox: 0.1638  d1.loss_iou: 0.3105  d2.loss_cls: 0.3572  d2.loss_bbox: 0.1586  d2.loss_iou: 0.3015  d3.loss_cls: 0.3552  d3.loss_bbox: 0.1596  d3.loss_iou: 0.2977  d4.loss_cls: 0.3490  d4.loss_bbox: 0.1601  d4.loss_iou: 0.2999  enc_loss_cls: 0.3850  enc_loss_bbox: 0.1943  enc_loss_iou: 0.3547  dn_loss_cls: 0.1084  dn_loss_bbox: 0.1716  dn_loss_iou: 0.2393  d0.dn_loss_cls: 0.1956  d0.dn_loss_bbox: 0.3345  d0.dn_loss_iou: 0.4011  d1.dn_loss_cls: 0.1373  d1.dn_loss_bbox: 0.2098  d1.dn_loss_iou: 0.2753  d2.dn_loss_cls: 0.1209  d2.dn_loss_bbox: 0.1821  d2.dn_loss_iou: 0.2497  d3.dn_loss_cls: 0.1144  d3.dn_loss_bbox: 0.1729  d3.dn_loss_iou: 0.2411  d4.dn_loss_cls: 0.1090  d4.dn_loss_bbox: 0.1715  d4.dn_loss_iou: 0.2391  d1.loss_lmm_region: 0.1909  loss_lmm_image: 1.0047
2025/06/16 22:01:51 - mmengine - INFO - Iter(train) [ 8900/15000]  base_lr: 1.0000e-04 lr: 1.0000e-04  eta: 2:27:37  time: 1.3261  data_time: 0.0177  memory: 23995  grad_norm: 21.5474  loss: 9.8438  loss_cls: 0.3040  loss_bbox: 0.1401  loss_iou: 0.2521  d0.loss_cls: 0.3349  d0.loss_bbox: 0.1531  d0.loss_iou: 0.2720  d1.loss_cls: 0.3238  d1.loss_bbox: 0.1415  d1.loss_iou: 0.2577  d2.loss_cls: 0.3173  d2.loss_bbox: 0.1378  d2.loss_iou: 0.2526  d3.loss_cls: 0.3116  d3.loss_bbox: 0.1357  d3.loss_iou: 0.2502  d4.loss_cls: 0.3081  d4.loss_bbox: 0.1369  d4.loss_iou: 0.2510  enc_loss_cls: 0.3511  enc_loss_bbox: 0.1703  enc_loss_iou: 0.2970  dn_loss_cls: 0.0955  dn_loss_bbox: 0.1784  dn_loss_iou: 0.2325  d0.dn_loss_cls: 0.1820  d0.dn_loss_bbox: 0.3316  d0.dn_loss_iou: 0.3827  d1.dn_loss_cls: 0.1298  d1.dn_loss_bbox: 0.2112  d1.dn_loss_iou: 0.2661  d2.dn_loss_cls: 0.1138  d2.dn_loss_bbox: 0.1875  d2.dn_loss_iou: 0.2416  d3.dn_loss_cls: 0.1022  d3.dn_loss_bbox: 0.1805  d3.dn_loss_iou: 0.2343  d4.dn_loss_cls: 0.0960  d4.dn_loss_bbox: 0.1783  d4.dn_loss_iou: 0.2322  d1.loss_lmm_region: 0.1829  loss_lmm_image: 0.9861
2025/06/16 22:04:05 - mmengine - INFO - Exp name: grounding_dino_swin_t_20250616_184200
2025/06/16 22:04:05 - mmengine - INFO - Iter(train) [ 9000/15000]  base_lr: 1.0000e-04 lr: 1.0000e-04  eta: 2:25:00  time: 1.3382  data_time: 0.0183  memory: 23537  grad_norm: 20.8499  loss: 9.8267  loss_cls: 0.3126  loss_bbox: 0.1276  loss_iou: 0.2579  d0.loss_cls: 0.3355  d0.loss_bbox: 0.1473  d0.loss_iou: 0.2819  d1.loss_cls: 0.3220  d1.loss_bbox: 0.1393  d1.loss_iou: 0.2688  d2.loss_cls: 0.3192  d2.loss_bbox: 0.1312  d2.loss_iou: 0.2602  d3.loss_cls: 0.3135  d3.loss_bbox: 0.1313  d3.loss_iou: 0.2612  d4.loss_cls: 0.3155  d4.loss_bbox: 0.1273  d4.loss_iou: 0.2565  enc_loss_cls: 0.3542  enc_loss_bbox: 0.1595  enc_loss_iou: 0.3013  dn_loss_cls: 0.0867  dn_loss_bbox: 0.1779  dn_loss_iou: 0.2335  d0.dn_loss_cls: 0.1694  d0.dn_loss_bbox: 0.3354  d0.dn_loss_iou: 0.3841  d1.dn_loss_cls: 0.1134  d1.dn_loss_bbox: 0.2125  d1.dn_loss_iou: 0.2669  d2.dn_loss_cls: 0.0990  d2.dn_loss_bbox: 0.1854  d2.dn_loss_iou: 0.2409  d3.dn_loss_cls: 0.0907  d3.dn_loss_bbox: 0.1786  d3.dn_loss_iou: 0.2348  d4.dn_loss_cls: 0.0867  d4.dn_loss_bbox: 0.1780  d4.dn_loss_iou: 0.2335  d1.loss_lmm_region: 0.1983  loss_lmm_image: 0.9969
2025/06/16 22:04:05 - mmengine - INFO - Saving checkpoint at 9000 iterations
2025/06/16 22:10:48 - mmengine - INFO - Iter(val) [100/602]    eta: 0:33:03  time: 4.0460  data_time: 0.0025  memory: 5419  
2025/06/16 22:17:58 - mmengine - INFO - Iter(val) [200/602]    eta: 0:27:39  time: 4.4200  data_time: 0.0026  memory: 5426  
2025/06/16 22:25:57 - mmengine - INFO - Iter(val) [300/602]    eta: 0:21:52  time: 4.8647  data_time: 0.0027  memory: 5421  
2025/06/16 22:34:44 - mmengine - INFO - Iter(val) [400/602]    eta: 0:15:24  time: 5.4009  data_time: 0.0027  memory: 5427  
2025/06/16 22:44:08 - mmengine - INFO - Iter(val) [500/602]    eta: 0:08:08  time: 5.7411  data_time: 0.0028  memory: 5412  
2025/06/16 22:54:25 - mmengine - INFO - Iter(val) [600/602]    eta: 0:00:10  time: 6.3397  data_time: 0.0027  memory: 5426  
2025/06/16 23:02:51 - mmengine - INFO - 
===
47 classes had less than 10000 detections!
 Outputting 10000 detections for each class will improve AP further.
 ===
2025/06/16 23:05:14 - mmengine - INFO - mAP_copypaste: {'AP': 0.41690535037998416, 'AP50': 0.5252082022106632, 'AP75': 0.44357859480722306, 'APs': 0.3799183973567862, 'APm': 0.5400877517369519, 'APl': 0.62261771754979, 'APr': 0.3154387631001119, 'APc': 0.3593255639471742, 'APf': 0.4862310250044329}
2025/06/16 23:05:38 - mmengine - INFO - Iter(val) [602/602]    lvis_fixed_ap/AP: 0.4169  lvis_fixed_ap/AP50: 0.5252  lvis_fixed_ap/AP75: 0.4436  lvis_fixed_ap/APs: 0.3799  lvis_fixed_ap/APm: 0.5401  lvis_fixed_ap/APl: 0.6226  lvis_fixed_ap/APr: 0.3154  lvis_fixed_ap/APc: 0.3593  lvis_fixed_ap/APf: 0.4862  data_time: 0.0028  time: 5.0272
2025/06/16 23:07:53 - mmengine - INFO - Iter(train) [ 9100/15000]  base_lr: 1.0000e-04 lr: 1.0000e-04  eta: 2:33:04  time: 1.3564  data_time: 0.0178  memory: 23234  grad_norm: 19.4563  loss: 10.4616  loss_cls: 0.3103  loss_bbox: 0.1743  loss_iou: 0.3011  d0.loss_cls: 0.3415  d0.loss_bbox: 0.1883  d0.loss_iou: 0.3183  d1.loss_cls: 0.3252  d1.loss_bbox: 0.1783  d1.loss_iou: 0.3052  d2.loss_cls: 0.3218  d2.loss_bbox: 0.1754  d2.loss_iou: 0.3015  d3.loss_cls: 0.3174  d3.loss_bbox: 0.1723  d3.loss_iou: 0.2996  d4.loss_cls: 0.3130  d4.loss_bbox: 0.1719  d4.loss_iou: 0.2993  enc_loss_cls: 0.3612  enc_loss_bbox: 0.1935  enc_loss_iou: 0.3315  dn_loss_cls: 0.0973  dn_loss_bbox: 0.1653  dn_loss_iou: 0.2417  d0.dn_loss_cls: 0.1848  d0.dn_loss_bbox: 0.3043  d0.dn_loss_iou: 0.3955  d1.dn_loss_cls: 0.1371  d1.dn_loss_bbox: 0.1963  d1.dn_loss_iou: 0.2774  d2.dn_loss_cls: 0.1189  d2.dn_loss_bbox: 0.1726  d2.dn_loss_iou: 0.2508  d3.dn_loss_cls: 0.1060  d3.dn_loss_bbox: 0.1657  d3.dn_loss_iou: 0.2430  d4.dn_loss_cls: 0.0994  d4.dn_loss_bbox: 0.1653  d4.dn_loss_iou: 0.2417  d1.loss_lmm_region: 0.1858  loss_lmm_image: 1.0120
2025/06/16 23:10:07 - mmengine - INFO - Iter(train) [ 9200/15000]  base_lr: 1.0000e-04 lr: 1.0000e-04  eta: 2:30:08  time: 1.3446  data_time: 0.0184  memory: 23114  grad_norm: 21.5379  loss: 10.5208  loss_cls: 0.3214  loss_bbox: 0.1720  loss_iou: 0.3107  d0.loss_cls: 0.3614  d0.loss_bbox: 0.1849  d0.loss_iou: 0.3291  d1.loss_cls: 0.3470  d1.loss_bbox: 0.1729  d1.loss_iou: 0.3132  d2.loss_cls: 0.3409  d2.loss_bbox: 0.1674  d2.loss_iou: 0.3052  d3.loss_cls: 0.3284  d3.loss_bbox: 0.1701  d3.loss_iou: 0.3088  d4.loss_cls: 0.3241  d4.loss_bbox: 0.1714  d4.loss_iou: 0.3104  enc_loss_cls: 0.3812  enc_loss_bbox: 0.2051  enc_loss_iou: 0.3479  dn_loss_cls: 0.0919  dn_loss_bbox: 0.1645  dn_loss_iou: 0.2294  d0.dn_loss_cls: 0.1746  d0.dn_loss_bbox: 0.3106  d0.dn_loss_iou: 0.3777  d1.dn_loss_cls: 0.1223  d1.dn_loss_bbox: 0.2051  d1.dn_loss_iou: 0.2664  d2.dn_loss_cls: 0.1064  d2.dn_loss_bbox: 0.1780  d2.dn_loss_iou: 0.2413  d3.dn_loss_cls: 0.0976  d3.dn_loss_bbox: 0.1673  d3.dn_loss_iou: 0.2319  d4.dn_loss_cls: 0.0928  d4.dn_loss_bbox: 0.1645  d4.dn_loss_iou: 0.2293  d1.loss_lmm_region: 0.1937  loss_lmm_image: 1.0022
2025/06/16 23:12:21 - mmengine - INFO - Iter(train) [ 9300/15000]  base_lr: 1.0000e-04 lr: 1.0000e-04  eta: 2:27:13  time: 1.3359  data_time: 0.0183  memory: 23409  grad_norm: 20.7425  loss: 9.3137  loss_cls: 0.2939  loss_bbox: 0.1224  loss_iou: 0.2322  d0.loss_cls: 0.3211  d0.loss_bbox: 0.1351  d0.loss_iou: 0.2481  d1.loss_cls: 0.3095  d1.loss_bbox: 0.1292  d1.loss_iou: 0.2412  d2.loss_cls: 0.3055  d2.loss_bbox: 0.1208  d2.loss_iou: 0.2333  d3.loss_cls: 0.3001  d3.loss_bbox: 0.1213  d3.loss_iou: 0.2323  d4.loss_cls: 0.2975  d4.loss_bbox: 0.1203  d4.loss_iou: 0.2321  enc_loss_cls: 0.3338  enc_loss_bbox: 0.1531  enc_loss_iou: 0.2735  dn_loss_cls: 0.1019  dn_loss_bbox: 0.1617  dn_loss_iou: 0.2080  d0.dn_loss_cls: 0.1801  d0.dn_loss_bbox: 0.3176  d0.dn_loss_iou: 0.3586  d1.dn_loss_cls: 0.1283  d1.dn_loss_bbox: 0.1941  d1.dn_loss_iou: 0.2416  d2.dn_loss_cls: 0.1132  d2.dn_loss_bbox: 0.1706  d2.dn_loss_iou: 0.2170  d3.dn_loss_cls: 0.1066  d3.dn_loss_bbox: 0.1639  d3.dn_loss_iou: 0.2097  d4.dn_loss_cls: 0.1019  d4.dn_loss_bbox: 0.1616  d4.dn_loss_iou: 0.2079  d1.loss_lmm_region: 0.1904  loss_lmm_image: 1.0226
2025/06/16 23:14:35 - mmengine - INFO - Iter(train) [ 9400/15000]  base_lr: 1.0000e-04 lr: 1.0000e-04  eta: 2:24:20  time: 1.3431  data_time: 0.0179  memory: 24397  grad_norm: 23.4599  loss: 10.6711  loss_cls: 0.3267  loss_bbox: 0.1695  loss_iou: 0.2897  d0.loss_cls: 0.3699  d0.loss_bbox: 0.1791  d0.loss_iou: 0.3013  d1.loss_cls: 0.3549  d1.loss_bbox: 0.1680  d1.loss_iou: 0.2941  d2.loss_cls: 0.3417  d2.loss_bbox: 0.1671  d2.loss_iou: 0.2896  d3.loss_cls: 0.3395  d3.loss_bbox: 0.1655  d3.loss_iou: 0.2876  d4.loss_cls: 0.3301  d4.loss_bbox: 0.1688  d4.loss_iou: 0.2887  enc_loss_cls: 0.3894  enc_loss_bbox: 0.1949  enc_loss_iou: 0.3287  dn_loss_cls: 0.1031  dn_loss_bbox: 0.1814  dn_loss_iou: 0.2399  d0.dn_loss_cls: 0.1897  d0.dn_loss_bbox: 0.3560  d0.dn_loss_iou: 0.4075  d1.dn_loss_cls: 0.1357  d1.dn_loss_bbox: 0.2176  d1.dn_loss_iou: 0.2767  d2.dn_loss_cls: 0.1187  d2.dn_loss_bbox: 0.1927  d2.dn_loss_iou: 0.2507  d3.dn_loss_cls: 0.1077  d3.dn_loss_bbox: 0.1843  d3.dn_loss_iou: 0.2422  d4.dn_loss_cls: 0.1046  d4.dn_loss_bbox: 0.1814  d4.dn_loss_iou: 0.2399  d1.loss_lmm_region: 0.2027  loss_lmm_image: 0.9938
2025/06/16 23:16:49 - mmengine - INFO - Iter(train) [ 9500/15000]  base_lr: 1.0000e-04 lr: 1.0000e-04  eta: 2:21:27  time: 1.3430  data_time: 0.0181  memory: 23604  grad_norm: 20.7554  loss: 10.2231  loss_cls: 0.3445  loss_bbox: 0.1438  loss_iou: 0.2659  d0.loss_cls: 0.3799  d0.loss_bbox: 0.1595  d0.loss_iou: 0.2804  d1.loss_cls: 0.3622  d1.loss_bbox: 0.1456  d1.loss_iou: 0.2667  d2.loss_cls: 0.3576  d2.loss_bbox: 0.1422  d2.loss_iou: 0.2620  d3.loss_cls: 0.3500  d3.loss_bbox: 0.1423  d3.loss_iou: 0.2624  d4.loss_cls: 0.3487  d4.loss_bbox: 0.1420  d4.loss_iou: 0.2617  enc_loss_cls: 0.3997  enc_loss_bbox: 0.1724  enc_loss_iou: 0.3072  dn_loss_cls: 0.1113  dn_loss_bbox: 0.1707  dn_loss_iou: 0.2243  d0.dn_loss_cls: 0.1910  d0.dn_loss_bbox: 0.3321  d0.dn_loss_iou: 0.3746  d1.dn_loss_cls: 0.1385  d1.dn_loss_bbox: 0.2066  d1.dn_loss_iou: 0.2607  d2.dn_loss_cls: 0.1227  d2.dn_loss_bbox: 0.1778  d2.dn_loss_iou: 0.2326  d3.dn_loss_cls: 0.1162  d3.dn_loss_bbox: 0.1720  d3.dn_loss_iou: 0.2257  d4.dn_loss_cls: 0.1127  d4.dn_loss_bbox: 0.1706  d4.dn_loss_iou: 0.2243  d1.loss_lmm_region: 0.1804  loss_lmm_image: 0.9813
2025/06/16 23:19:04 - mmengine - INFO - Iter(train) [ 9600/15000]  base_lr: 1.0000e-04 lr: 1.0000e-04  eta: 2:18:37  time: 1.3510  data_time: 0.0180  memory: 23393  grad_norm: 19.7371  loss: 9.3724  loss_cls: 0.2683  loss_bbox: 0.1299  loss_iou: 0.2154  d0.loss_cls: 0.2994  d0.loss_bbox: 0.1519  d0.loss_iou: 0.2320  d1.loss_cls: 0.2855  d1.loss_bbox: 0.1424  d1.loss_iou: 0.2229  d2.loss_cls: 0.2811  d2.loss_bbox: 0.1311  d2.loss_iou: 0.2184  d3.loss_cls: 0.2734  d3.loss_bbox: 0.1298  d3.loss_iou: 0.2166  d4.loss_cls: 0.2679  d4.loss_bbox: 0.1303  d4.loss_iou: 0.2165  enc_loss_cls: 0.3108  enc_loss_bbox: 0.1730  enc_loss_iou: 0.2575  dn_loss_cls: 0.0962  dn_loss_bbox: 0.1835  dn_loss_iou: 0.2221  d0.dn_loss_cls: 0.1869  d0.dn_loss_bbox: 0.3753  d0.dn_loss_iou: 0.3852  d1.dn_loss_cls: 0.1326  d1.dn_loss_bbox: 0.2307  d1.dn_loss_iou: 0.2593  d2.dn_loss_cls: 0.1100  d2.dn_loss_bbox: 0.1948  d2.dn_loss_iou: 0.2312  d3.dn_loss_cls: 0.1022  d3.dn_loss_bbox: 0.1851  d3.dn_loss_iou: 0.2232  d4.dn_loss_cls: 0.0978  d4.dn_loss_bbox: 0.1832  d4.dn_loss_iou: 0.2219  d1.loss_lmm_region: 0.1816  loss_lmm_image: 1.0153
2025/06/16 23:21:18 - mmengine - INFO - Iter(train) [ 9700/15000]  base_lr: 1.0000e-04 lr: 1.0000e-04  eta: 2:15:48  time: 1.3394  data_time: 0.0178  memory: 23958  grad_norm: 21.2695  loss: 9.9286  loss_cls: 0.2989  loss_bbox: 0.1528  loss_iou: 0.2883  d0.loss_cls: 0.3276  d0.loss_bbox: 0.1725  d0.loss_iou: 0.3119  d1.loss_cls: 0.3177  d1.loss_bbox: 0.1543  d1.loss_iou: 0.2910  d2.loss_cls: 0.3103  d2.loss_bbox: 0.1512  d2.loss_iou: 0.2856  d3.loss_cls: 0.3052  d3.loss_bbox: 0.1508  d3.loss_iou: 0.2863  d4.loss_cls: 0.3014  d4.loss_bbox: 0.1520  d4.loss_iou: 0.2868  enc_loss_cls: 0.3483  enc_loss_bbox: 0.1784  enc_loss_iou: 0.3317  dn_loss_cls: 0.0843  dn_loss_bbox: 0.1638  dn_loss_iou: 0.2263  d0.dn_loss_cls: 0.1648  d0.dn_loss_bbox: 0.3088  d0.dn_loss_iou: 0.3815  d1.dn_loss_cls: 0.1129  d1.dn_loss_bbox: 0.1931  d1.dn_loss_iou: 0.2608  d2.dn_loss_cls: 0.0984  d2.dn_loss_bbox: 0.1687  d2.dn_loss_iou: 0.2344  d3.dn_loss_cls: 0.0877  d3.dn_loss_bbox: 0.1639  d3.dn_loss_iou: 0.2276  d4.dn_loss_cls: 0.0854  d4.dn_loss_bbox: 0.1637  d4.dn_loss_iou: 0.2262  d1.loss_lmm_region: 0.1666  loss_lmm_image: 1.0072
2025/06/16 23:23:32 - mmengine - INFO - Iter(train) [ 9800/15000]  base_lr: 1.0000e-04 lr: 1.0000e-04  eta: 2:12:59  time: 1.3426  data_time: 0.0178  memory: 23428  grad_norm: 21.3807  loss: 10.6929  loss_cls: 0.3432  loss_bbox: 0.1621  loss_iou: 0.2957  d0.loss_cls: 0.3737  d0.loss_bbox: 0.1879  d0.loss_iou: 0.3373  d1.loss_cls: 0.3621  d1.loss_bbox: 0.1723  d1.loss_iou: 0.3123  d2.loss_cls: 0.3550  d2.loss_bbox: 0.1674  d2.loss_iou: 0.3019  d3.loss_cls: 0.3544  d3.loss_bbox: 0.1624  d3.loss_iou: 0.2995  d4.loss_cls: 0.3489  d4.loss_bbox: 0.1608  d4.loss_iou: 0.2967  enc_loss_cls: 0.3946  enc_loss_bbox: 0.1938  enc_loss_iou: 0.3483  dn_loss_cls: 0.0822  dn_loss_bbox: 0.1766  dn_loss_iou: 0.2439  d0.dn_loss_cls: 0.1760  d0.dn_loss_bbox: 0.3335  d0.dn_loss_iou: 0.4015  d1.dn_loss_cls: 0.1167  d1.dn_loss_bbox: 0.2144  d1.dn_loss_iou: 0.2820  d2.dn_loss_cls: 0.0983  d2.dn_loss_bbox: 0.1866  d2.dn_loss_iou: 0.2543  d3.dn_loss_cls: 0.0878  d3.dn_loss_bbox: 0.1783  d3.dn_loss_iou: 0.2457  d4.dn_loss_cls: 0.0826  d4.dn_loss_bbox: 0.1766  d4.dn_loss_iou: 0.2439  d1.loss_lmm_region: 0.1895  loss_lmm_image: 0.9924
2025/06/16 23:25:46 - mmengine - INFO - Iter(train) [ 9900/15000]  base_lr: 1.0000e-04 lr: 1.0000e-04  eta: 2:10:11  time: 1.3312  data_time: 0.0179  memory: 24351  grad_norm: 20.7630  loss: 9.6667  loss_cls: 0.2908  loss_bbox: 0.1409  loss_iou: 0.2720  d0.loss_cls: 0.3177  d0.loss_bbox: 0.1572  d0.loss_iou: 0.2926  d1.loss_cls: 0.3067  d1.loss_bbox: 0.1402  d1.loss_iou: 0.2789  d2.loss_cls: 0.2978  d2.loss_bbox: 0.1428  d2.loss_iou: 0.2743  d3.loss_cls: 0.2920  d3.loss_bbox: 0.1415  d3.loss_iou: 0.2745  d4.loss_cls: 0.2913  d4.loss_bbox: 0.1403  d4.loss_iou: 0.2719  enc_loss_cls: 0.3321  enc_loss_bbox: 0.1650  enc_loss_iou: 0.3136  dn_loss_cls: 0.0958  dn_loss_bbox: 0.1535  dn_loss_iou: 0.2292  d0.dn_loss_cls: 0.1710  d0.dn_loss_bbox: 0.2894  d0.dn_loss_iou: 0.3785  d1.dn_loss_cls: 0.1206  d1.dn_loss_bbox: 0.1824  d1.dn_loss_iou: 0.2616  d2.dn_loss_cls: 0.1090  d2.dn_loss_bbox: 0.1612  d2.dn_loss_iou: 0.2375  d3.dn_loss_cls: 0.0998  d3.dn_loss_bbox: 0.1545  d3.dn_loss_iou: 0.2300  d4.dn_loss_cls: 0.0958  d4.dn_loss_bbox: 0.1533  d4.dn_loss_iou: 0.2290  d1.loss_lmm_region: 0.1708  loss_lmm_image: 1.0098
2025/06/16 23:28:00 - mmengine - INFO - Exp name: grounding_dino_swin_t_20250616_184200
2025/06/16 23:28:00 - mmengine - INFO - Iter(train) [10000/15000]  base_lr: 1.0000e-04 lr: 1.0000e-04  eta: 2:07:24  time: 1.3394  data_time: 0.0181  memory: 23646  grad_norm: 20.7622  loss: 10.4966  loss_cls: 0.3193  loss_bbox: 0.1498  loss_iou: 0.2760  d0.loss_cls: 0.3489  d0.loss_bbox: 0.1692  d0.loss_iou: 0.2930  d1.loss_cls: 0.3363  d1.loss_bbox: 0.1567  d1.loss_iou: 0.2770  d2.loss_cls: 0.3259  d2.loss_bbox: 0.1568  d2.loss_iou: 0.2777  d3.loss_cls: 0.3227  d3.loss_bbox: 0.1529  d3.loss_iou: 0.2763  d4.loss_cls: 0.3192  d4.loss_bbox: 0.1506  d4.loss_iou: 0.2769  enc_loss_cls: 0.3635  enc_loss_bbox: 0.1733  enc_loss_iou: 0.3091  dn_loss_cls: 0.1040  dn_loss_bbox: 0.1936  dn_loss_iou: 0.2447  d0.dn_loss_cls: 0.1940  d0.dn_loss_bbox: 0.3781  d0.dn_loss_iou: 0.4176  d1.dn_loss_cls: 0.1376  d1.dn_loss_bbox: 0.2351  d1.dn_loss_iou: 0.2843  d2.dn_loss_cls: 0.1201  d2.dn_loss_bbox: 0.2044  d2.dn_loss_iou: 0.2543  d3.dn_loss_cls: 0.1102  d3.dn_loss_bbox: 0.1946  d3.dn_loss_iou: 0.2464  d4.dn_loss_cls: 0.1060  d4.dn_loss_bbox: 0.1937  d4.dn_loss_iou: 0.2448  d1.loss_lmm_region: 0.1967  loss_lmm_image: 1.0052
2025/06/16 23:30:13 - mmengine - INFO - Iter(train) [10100/15000]  base_lr: 1.0000e-04 lr: 1.0000e-04  eta: 2:04:37  time: 1.3383  data_time: 0.0180  memory: 23290  grad_norm: 24.0707  loss: 10.2752  loss_cls: 0.2891  loss_bbox: 0.1519  loss_iou: 0.2549  d0.loss_cls: 0.3163  d0.loss_bbox: 0.1650  d0.loss_iou: 0.2701  d1.loss_cls: 0.2946  d1.loss_bbox: 0.1604  d1.loss_iou: 0.2613  d2.loss_cls: 0.2904  d2.loss_bbox: 0.1563  d2.loss_iou: 0.2565  d3.loss_cls: 0.2904  d3.loss_bbox: 0.1544  d3.loss_iou: 0.2549  d4.loss_cls: 0.2898  d4.loss_bbox: 0.1531  d4.loss_iou: 0.2545  enc_loss_cls: 0.3264  enc_loss_bbox: 0.1838  enc_loss_iou: 0.2941  dn_loss_cls: 0.1092  dn_loss_bbox: 0.2164  dn_loss_iou: 0.2487  d0.dn_loss_cls: 0.1993  d0.dn_loss_bbox: 0.4015  d0.dn_loss_iou: 0.4137  d1.dn_loss_cls: 0.1395  d1.dn_loss_bbox: 0.2600  d1.dn_loss_iou: 0.2861  d2.dn_loss_cls: 0.1229  d2.dn_loss_bbox: 0.2267  d2.dn_loss_iou: 0.2576  d3.dn_loss_cls: 0.1139  d3.dn_loss_bbox: 0.2179  d3.dn_loss_iou: 0.2506  d4.dn_loss_cls: 0.1096  d4.dn_loss_bbox: 0.2163  d4.dn_loss_iou: 0.2486  d1.loss_lmm_region: 0.1877  loss_lmm_image: 0.9809
2025/06/16 23:32:26 - mmengine - INFO - Iter(train) [10200/15000]  base_lr: 1.0000e-04 lr: 1.0000e-04  eta: 2:01:52  time: 1.3488  data_time: 0.0183  memory: 22832  grad_norm: 21.9010  loss: 9.5728  loss_cls: 0.2964  loss_bbox: 0.1405  loss_iou: 0.2532  d0.loss_cls: 0.3217  d0.loss_bbox: 0.1535  d0.loss_iou: 0.2724  d1.loss_cls: 0.3111  d1.loss_bbox: 0.1455  d1.loss_iou: 0.2573  d2.loss_cls: 0.3064  d2.loss_bbox: 0.1390  d2.loss_iou: 0.2526  d3.loss_cls: 0.3023  d3.loss_bbox: 0.1409  d3.loss_iou: 0.2532  d4.loss_cls: 0.2967  d4.loss_bbox: 0.1417  d4.loss_iou: 0.2536  enc_loss_cls: 0.3433  enc_loss_bbox: 0.1673  enc_loss_iou: 0.2932  dn_loss_cls: 0.0903  dn_loss_bbox: 0.1640  dn_loss_iou: 0.2156  d0.dn_loss_cls: 0.1747  d0.dn_loss_bbox: 0.3240  d0.dn_loss_iou: 0.3670  d1.dn_loss_cls: 0.1164  d1.dn_loss_bbox: 0.1999  d1.dn_loss_iou: 0.2496  d2.dn_loss_cls: 0.1012  d2.dn_loss_bbox: 0.1735  d2.dn_loss_iou: 0.2241  d3.dn_loss_cls: 0.0950  d3.dn_loss_bbox: 0.1653  d3.dn_loss_iou: 0.2168  d4.dn_loss_cls: 0.0913  d4.dn_loss_bbox: 0.1641  d4.dn_loss_iou: 0.2157  d1.loss_lmm_region: 0.1860  loss_lmm_image: 0.9967
2025/06/16 23:34:40 - mmengine - INFO - Iter(train) [10300/15000]  base_lr: 1.0000e-04 lr: 1.0000e-04  eta: 1:59:08  time: 1.3304  data_time: 0.0174  memory: 22578  grad_norm: 20.6005  loss: 9.7220  loss_cls: 0.2901  loss_bbox: 0.1405  loss_iou: 0.2631  d0.loss_cls: 0.3212  d0.loss_bbox: 0.1561  d0.loss_iou: 0.2846  d1.loss_cls: 0.3077  d1.loss_bbox: 0.1456  d1.loss_iou: 0.2674  d2.loss_cls: 0.3023  d2.loss_bbox: 0.1377  d2.loss_iou: 0.2608  d3.loss_cls: 0.2926  d3.loss_bbox: 0.1401  d3.loss_iou: 0.2628  d4.loss_cls: 0.2909  d4.loss_bbox: 0.1395  d4.loss_iou: 0.2625  enc_loss_cls: 0.3395  enc_loss_bbox: 0.1639  enc_loss_iou: 0.3001  dn_loss_cls: 0.0918  dn_loss_bbox: 0.1666  dn_loss_iou: 0.2360  d0.dn_loss_cls: 0.1767  d0.dn_loss_bbox: 0.3139  d0.dn_loss_iou: 0.3912  d1.dn_loss_cls: 0.1225  d1.dn_loss_bbox: 0.1950  d1.dn_loss_iou: 0.2679  d2.dn_loss_cls: 0.1041  d2.dn_loss_bbox: 0.1727  d2.dn_loss_iou: 0.2433  d3.dn_loss_cls: 0.0958  d3.dn_loss_bbox: 0.1677  d3.dn_loss_iou: 0.2370  d4.dn_loss_cls: 0.0907  d4.dn_loss_bbox: 0.1667  d4.dn_loss_iou: 0.2360  d1.loss_lmm_region: 0.1807  loss_lmm_image: 0.9965
2025/06/16 23:36:54 - mmengine - INFO - Iter(train) [10400/15000]  base_lr: 1.0000e-04 lr: 1.0000e-04  eta: 1:56:25  time: 1.3488  data_time: 0.0181  memory: 23167  grad_norm: 20.0423  loss: 10.6275  loss_cls: 0.3434  loss_bbox: 0.1592  loss_iou: 0.2880  d0.loss_cls: 0.3695  d0.loss_bbox: 0.1863  d0.loss_iou: 0.3163  d1.loss_cls: 0.3608  d1.loss_bbox: 0.1671  d1.loss_iou: 0.2999  d2.loss_cls: 0.3584  d2.loss_bbox: 0.1587  d2.loss_iou: 0.2919  d3.loss_cls: 0.3510  d3.loss_bbox: 0.1571  d3.loss_iou: 0.2892  d4.loss_cls: 0.3464  d4.loss_bbox: 0.1583  d4.loss_iou: 0.2868  enc_loss_cls: 0.3851  enc_loss_bbox: 0.2036  enc_loss_iou: 0.3397  dn_loss_cls: 0.1014  dn_loss_bbox: 0.1675  dn_loss_iou: 0.2296  d0.dn_loss_cls: 0.2047  d0.dn_loss_bbox: 0.3400  d0.dn_loss_iou: 0.3896  d1.dn_loss_cls: 0.1440  d1.dn_loss_bbox: 0.2117  d1.dn_loss_iou: 0.2698  d2.dn_loss_cls: 0.1231  d2.dn_loss_bbox: 0.1795  d2.dn_loss_iou: 0.2411  d3.dn_loss_cls: 0.1093  d3.dn_loss_bbox: 0.1695  d3.dn_loss_iou: 0.2318  d4.dn_loss_cls: 0.1026  d4.dn_loss_bbox: 0.1674  d4.dn_loss_iou: 0.2296  d1.loss_lmm_region: 0.1978  loss_lmm_image: 1.0008
2025/06/16 23:39:09 - mmengine - INFO - Iter(train) [10500/15000]  base_lr: 1.0000e-04 lr: 1.0000e-04  eta: 1:53:42  time: 1.3511  data_time: 0.0176  memory: 22947  grad_norm: 21.4375  loss: 9.4098  loss_cls: 0.2781  loss_bbox: 0.1379  loss_iou: 0.2424  d0.loss_cls: 0.3082  d0.loss_bbox: 0.1533  d0.loss_iou: 0.2608  d1.loss_cls: 0.2964  d1.loss_bbox: 0.1450  d1.loss_iou: 0.2512  d2.loss_cls: 0.2911  d2.loss_bbox: 0.1385  d2.loss_iou: 0.2394  d3.loss_cls: 0.2854  d3.loss_bbox: 0.1370  d3.loss_iou: 0.2389  d4.loss_cls: 0.2802  d4.loss_bbox: 0.1378  d4.loss_iou: 0.2411  enc_loss_cls: 0.3242  enc_loss_bbox: 0.1664  enc_loss_iou: 0.2838  dn_loss_cls: 0.0856  dn_loss_bbox: 0.1769  dn_loss_iou: 0.2226  d0.dn_loss_cls: 0.1675  d0.dn_loss_bbox: 0.3375  d0.dn_loss_iou: 0.3774  d1.dn_loss_cls: 0.1137  d1.dn_loss_bbox: 0.2088  d1.dn_loss_iou: 0.2568  d2.dn_loss_cls: 0.0972  d2.dn_loss_bbox: 0.1851  d2.dn_loss_iou: 0.2319  d3.dn_loss_cls: 0.0896  d3.dn_loss_bbox: 0.1770  d3.dn_loss_iou: 0.2235  d4.dn_loss_cls: 0.0871  d4.dn_loss_bbox: 0.1768  d4.dn_loss_iou: 0.2225  d1.loss_lmm_region: 0.1652  loss_lmm_image: 0.9700
2025/06/16 23:41:23 - mmengine - INFO - Iter(train) [10600/15000]  base_lr: 1.0000e-04 lr: 1.0000e-04  eta: 1:51:01  time: 1.3256  data_time: 0.0180  memory: 23982  grad_norm: 19.9931  loss: 9.3676  loss_cls: 0.2893  loss_bbox: 0.1330  loss_iou: 0.2320  d0.loss_cls: 0.3177  d0.loss_bbox: 0.1495  d0.loss_iou: 0.2503  d1.loss_cls: 0.3096  d1.loss_bbox: 0.1344  d1.loss_iou: 0.2341  d2.loss_cls: 0.2981  d2.loss_bbox: 0.1323  d2.loss_iou: 0.2311  d3.loss_cls: 0.2947  d3.loss_bbox: 0.1311  d3.loss_iou: 0.2305  d4.loss_cls: 0.2918  d4.loss_bbox: 0.1323  d4.loss_iou: 0.2314  enc_loss_cls: 0.3387  enc_loss_bbox: 0.1607  enc_loss_iou: 0.2706  dn_loss_cls: 0.0934  dn_loss_bbox: 0.1645  dn_loss_iou: 0.2091  d0.dn_loss_cls: 0.1837  d0.dn_loss_bbox: 0.3496  d0.dn_loss_iou: 0.3764  d1.dn_loss_cls: 0.1254  d1.dn_loss_bbox: 0.2121  d1.dn_loss_iou: 0.2514  d2.dn_loss_cls: 0.1082  d2.dn_loss_bbox: 0.1792  d2.dn_loss_iou: 0.2218  d3.dn_loss_cls: 0.0981  d3.dn_loss_bbox: 0.1656  d3.dn_loss_iou: 0.2105  d4.dn_loss_cls: 0.0935  d4.dn_loss_bbox: 0.1644  d4.dn_loss_iou: 0.2090  d1.loss_lmm_region: 0.1786  loss_lmm_image: 0.9799
2025/06/16 23:43:37 - mmengine - INFO - Iter(train) [10700/15000]  base_lr: 1.0000e-04 lr: 1.0000e-04  eta: 1:48:20  time: 1.3310  data_time: 0.0174  memory: 23595  grad_norm: 20.8353  loss: 10.8594  loss_cls: 0.3284  loss_bbox: 0.1661  loss_iou: 0.2878  d0.loss_cls: 0.3625  d0.loss_bbox: 0.1860  d0.loss_iou: 0.3112  d1.loss_cls: 0.3509  d1.loss_bbox: 0.1775  d1.loss_iou: 0.2984  d2.loss_cls: 0.3403  d2.loss_bbox: 0.1712  d2.loss_iou: 0.2897  d3.loss_cls: 0.3368  d3.loss_bbox: 0.1682  d3.loss_iou: 0.2886  d4.loss_cls: 0.3313  d4.loss_bbox: 0.1686  d4.loss_iou: 0.2883  enc_loss_cls: 0.3775  enc_loss_bbox: 0.2033  enc_loss_iou: 0.3373  dn_loss_cls: 0.1110  dn_loss_bbox: 0.2021  dn_loss_iou: 0.2435  d0.dn_loss_cls: 0.2012  d0.dn_loss_bbox: 0.3734  d0.dn_loss_iou: 0.4045  d1.dn_loss_cls: 0.1474  d1.dn_loss_bbox: 0.2410  d1.dn_loss_iou: 0.2799  d2.dn_loss_cls: 0.1305  d2.dn_loss_bbox: 0.2132  d2.dn_loss_iou: 0.2521  d3.dn_loss_cls: 0.1211  d3.dn_loss_bbox: 0.2036  d3.dn_loss_iou: 0.2451  d4.dn_loss_cls: 0.1136  d4.dn_loss_bbox: 0.2023  d4.dn_loss_iou: 0.2436  d1.loss_lmm_region: 0.1844  loss_lmm_image: 0.9761
2025/06/16 23:45:50 - mmengine - INFO - Iter(train) [10800/15000]  base_lr: 1.0000e-04 lr: 1.0000e-04  eta: 1:45:38  time: 1.3321  data_time: 0.0173  memory: 22779  grad_norm: 21.6408  loss: 9.1126  loss_cls: 0.2597  loss_bbox: 0.1168  loss_iou: 0.2064  d0.loss_cls: 0.2788  d0.loss_bbox: 0.1348  d0.loss_iou: 0.2232  d1.loss_cls: 0.2718  d1.loss_bbox: 0.1250  d1.loss_iou: 0.2122  d2.loss_cls: 0.2705  d2.loss_bbox: 0.1177  d2.loss_iou: 0.2054  d3.loss_cls: 0.2673  d3.loss_bbox: 0.1153  d3.loss_iou: 0.2048  d4.loss_cls: 0.2598  d4.loss_bbox: 0.1168  d4.loss_iou: 0.2090  enc_loss_cls: 0.2951  enc_loss_bbox: 0.1496  enc_loss_iou: 0.2470  dn_loss_cls: 0.1062  dn_loss_bbox: 0.1909  dn_loss_iou: 0.2215  d0.dn_loss_cls: 0.1846  d0.dn_loss_bbox: 0.3574  d0.dn_loss_iou: 0.3728  d1.dn_loss_cls: 0.1344  d1.dn_loss_bbox: 0.2341  d1.dn_loss_iou: 0.2573  d2.dn_loss_cls: 0.1198  d2.dn_loss_bbox: 0.2006  d2.dn_loss_iou: 0.2297  d3.dn_loss_cls: 0.1107  d3.dn_loss_bbox: 0.1918  d3.dn_loss_iou: 0.2227  d4.dn_loss_cls: 0.1068  d4.dn_loss_bbox: 0.1909  d4.dn_loss_iou: 0.2215  d1.loss_lmm_region: 0.1602  loss_lmm_image: 1.0119
2025/06/16 23:48:04 - mmengine - INFO - Iter(train) [10900/15000]  base_lr: 1.0000e-04 lr: 1.0000e-04  eta: 1:42:59  time: 1.3311  data_time: 0.0185  memory: 24147  grad_norm: 20.5519  loss: 9.7742  loss_cls: 0.3179  loss_bbox: 0.1395  loss_iou: 0.2812  d0.loss_cls: 0.3432  d0.loss_bbox: 0.1568  d0.loss_iou: 0.3012  d1.loss_cls: 0.3318  d1.loss_bbox: 0.1450  d1.loss_iou: 0.2913  d2.loss_cls: 0.3242  d2.loss_bbox: 0.1437  d2.loss_iou: 0.2867  d3.loss_cls: 0.3227  d3.loss_bbox: 0.1392  d3.loss_iou: 0.2823  d4.loss_cls: 0.3202  d4.loss_bbox: 0.1390  d4.loss_iou: 0.2813  enc_loss_cls: 0.3587  enc_loss_bbox: 0.1733  enc_loss_iou: 0.3304  dn_loss_cls: 0.0852  dn_loss_bbox: 0.1453  dn_loss_iou: 0.2135  d0.dn_loss_cls: 0.1690  d0.dn_loss_bbox: 0.2971  d0.dn_loss_iou: 0.3672  d1.dn_loss_cls: 0.1172  d1.dn_loss_bbox: 0.1811  d1.dn_loss_iou: 0.2494  d2.dn_loss_cls: 0.0998  d2.dn_loss_bbox: 0.1552  d2.dn_loss_iou: 0.2224  d3.dn_loss_cls: 0.0906  d3.dn_loss_bbox: 0.1467  d3.dn_loss_iou: 0.2144  d4.dn_loss_cls: 0.0856  d4.dn_loss_bbox: 0.1452  d4.dn_loss_iou: 0.2134  d1.loss_lmm_region: 0.1746  loss_lmm_image: 0.9916
2025/06/16 23:50:18 - mmengine - INFO - Exp name: grounding_dino_swin_t_20250616_184200
2025/06/16 23:50:18 - mmengine - INFO - Iter(train) [11000/15000]  base_lr: 1.0000e-04 lr: 1.0000e-04  eta: 1:40:20  time: 1.3523  data_time: 0.0184  memory: 23505  grad_norm: 19.9549  loss: 9.9685  loss_cls: 0.2938  loss_bbox: 0.1551  loss_iou: 0.2575  d0.loss_cls: 0.3257  d0.loss_bbox: 0.1696  d0.loss_iou: 0.2748  d1.loss_cls: 0.3127  d1.loss_bbox: 0.1585  d1.loss_iou: 0.2640  d2.loss_cls: 0.3067  d2.loss_bbox: 0.1582  d2.loss_iou: 0.2601  d3.loss_cls: 0.3002  d3.loss_bbox: 0.1555  d3.loss_iou: 0.2572  d4.loss_cls: 0.2962  d4.loss_bbox: 0.1550  d4.loss_iou: 0.2567  enc_loss_cls: 0.3483  enc_loss_bbox: 0.1824  enc_loss_iou: 0.2942  dn_loss_cls: 0.1041  dn_loss_bbox: 0.1880  dn_loss_iou: 0.2226  d0.dn_loss_cls: 0.1939  d0.dn_loss_bbox: 0.3667  d0.dn_loss_iou: 0.3868  d1.dn_loss_cls: 0.1367  d1.dn_loss_bbox: 0.2229  d1.dn_loss_iou: 0.2578  d2.dn_loss_cls: 0.1191  d2.dn_loss_bbox: 0.1941  d2.dn_loss_iou: 0.2298  d3.dn_loss_cls: 0.1091  d3.dn_loss_bbox: 0.1895  d3.dn_loss_iou: 0.2241  d4.dn_loss_cls: 0.1048  d4.dn_loss_bbox: 0.1881  d4.dn_loss_iou: 0.2225  d1.loss_lmm_region: 0.1691  loss_lmm_image: 0.9568
2025/06/16 23:52:33 - mmengine - INFO - Iter(train) [11100/15000]  base_lr: 1.0000e-04 lr: 1.0000e-04  eta: 1:37:42  time: 1.3474  data_time: 0.0179  memory: 24325  grad_norm: 21.0772  loss: 10.5336  loss_cls: 0.3215  loss_bbox: 0.1699  loss_iou: 0.2843  d0.loss_cls: 0.3507  d0.loss_bbox: 0.1864  d0.loss_iou: 0.3070  d1.loss_cls: 0.3394  d1.loss_bbox: 0.1761  d1.loss_iou: 0.2896  d2.loss_cls: 0.3359  d2.loss_bbox: 0.1673  d2.loss_iou: 0.2818  d3.loss_cls: 0.3281  d3.loss_bbox: 0.1676  d3.loss_iou: 0.2843  d4.loss_cls: 0.3216  d4.loss_bbox: 0.1696  d4.loss_iou: 0.2846  enc_loss_cls: 0.3686  enc_loss_bbox: 0.1966  enc_loss_iou: 0.3229  dn_loss_cls: 0.1039  dn_loss_bbox: 0.1832  dn_loss_iou: 0.2336  d0.dn_loss_cls: 0.1941  d0.dn_loss_bbox: 0.3393  d0.dn_loss_iou: 0.3910  d1.dn_loss_cls: 0.1404  d1.dn_loss_bbox: 0.2194  d1.dn_loss_iou: 0.2704  d2.dn_loss_cls: 0.1233  d2.dn_loss_bbox: 0.1922  d2.dn_loss_iou: 0.2430  d3.dn_loss_cls: 0.1125  d3.dn_loss_bbox: 0.1840  d3.dn_loss_iou: 0.2346  d4.dn_loss_cls: 0.1060  d4.dn_loss_bbox: 0.1832  d4.dn_loss_iou: 0.2335  d1.loss_lmm_region: 0.1923  loss_lmm_image: 0.9999
2025/06/16 23:54:47 - mmengine - INFO - Iter(train) [11200/15000]  base_lr: 1.0000e-04 lr: 1.0000e-04  eta: 1:35:04  time: 1.3372  data_time: 0.0179  memory: 22931  grad_norm: 27.2895  loss: 8.5985  loss_cls: 0.2817  loss_bbox: 0.1131  loss_iou: 0.2043  d0.loss_cls: 0.3140  d0.loss_bbox: 0.1308  d0.loss_iou: 0.2323  d1.loss_cls: 0.2971  d1.loss_bbox: 0.1176  d1.loss_iou: 0.2128  d2.loss_cls: 0.2887  d2.loss_bbox: 0.1153  d2.loss_iou: 0.2085  d3.loss_cls: 0.2849  d3.loss_bbox: 0.1150  d3.loss_iou: 0.2065  d4.loss_cls: 0.2822  d4.loss_bbox: 0.1148  d4.loss_iou: 0.2055  enc_loss_cls: 0.3253  enc_loss_bbox: 0.1467  enc_loss_iou: 0.2561  dn_loss_cls: 0.0933  dn_loss_bbox: 0.1366  dn_loss_iou: 0.1811  d0.dn_loss_cls: 0.1642  d0.dn_loss_bbox: 0.2896  d0.dn_loss_iou: 0.3266  d1.dn_loss_cls: 0.1173  d1.dn_loss_bbox: 0.1708  d1.dn_loss_iou: 0.2147  d2.dn_loss_cls: 0.1054  d2.dn_loss_bbox: 0.1458  d2.dn_loss_iou: 0.1901  d3.dn_loss_cls: 0.0972  d3.dn_loss_bbox: 0.1381  d3.dn_loss_iou: 0.1831  d4.dn_loss_cls: 0.0947  d4.dn_loss_bbox: 0.1367  d4.dn_loss_iou: 0.1810  d1.loss_lmm_region: 0.1780  loss_lmm_image: 1.0011
2025/06/16 23:57:01 - mmengine - INFO - Iter(train) [11300/15000]  base_lr: 1.0000e-04 lr: 1.0000e-04  eta: 1:32:27  time: 1.3323  data_time: 0.0180  memory: 23954  grad_norm: 20.1319  loss: 11.5713  loss_cls: 0.3872  loss_bbox: 0.1987  loss_iou: 0.3167  d0.loss_cls: 0.4203  d0.loss_bbox: 0.2138  d0.loss_iou: 0.3389  d1.loss_cls: 0.4038  d1.loss_bbox: 0.2014  d1.loss_iou: 0.3232  d2.loss_cls: 0.3954  d2.loss_bbox: 0.1981  d2.loss_iou: 0.3193  d3.loss_cls: 0.3947  d3.loss_bbox: 0.1943  d3.loss_iou: 0.3154  d4.loss_cls: 0.3897  d4.loss_bbox: 0.1953  d4.loss_iou: 0.3175  enc_loss_cls: 0.4390  enc_loss_bbox: 0.2404  enc_loss_iou: 0.3678  dn_loss_cls: 0.1126  dn_loss_bbox: 0.2005  dn_loss_iou: 0.2386  d0.dn_loss_cls: 0.1994  d0.dn_loss_bbox: 0.3632  d0.dn_loss_iou: 0.3980  d1.dn_loss_cls: 0.1465  d1.dn_loss_bbox: 0.2347  d1.dn_loss_iou: 0.2742  d2.dn_loss_cls: 0.1309  d2.dn_loss_bbox: 0.2061  d2.dn_loss_iou: 0.2459  d3.dn_loss_cls: 0.1187  d3.dn_loss_bbox: 0.2018  d3.dn_loss_iou: 0.2397  d4.dn_loss_cls: 0.1139  d4.dn_loss_bbox: 0.2003  d4.dn_loss_iou: 0.2385  d1.loss_lmm_region: 0.1817  loss_lmm_image: 0.9553
2025/06/16 23:59:16 - mmengine - INFO - Iter(train) [11400/15000]  base_lr: 1.0000e-04 lr: 1.0000e-04  eta: 1:29:50  time: 1.3442  data_time: 0.0177  memory: 23439  grad_norm: 20.3920  loss: 9.3057  loss_cls: 0.2734  loss_bbox: 0.1347  loss_iou: 0.2349  d0.loss_cls: 0.3015  d0.loss_bbox: 0.1526  d0.loss_iou: 0.2548  d1.loss_cls: 0.2896  d1.loss_bbox: 0.1404  d1.loss_iou: 0.2418  d2.loss_cls: 0.2834  d2.loss_bbox: 0.1342  d2.loss_iou: 0.2346  d3.loss_cls: 0.2757  d3.loss_bbox: 0.1340  d3.loss_iou: 0.2350  d4.loss_cls: 0.2733  d4.loss_bbox: 0.1347  d4.loss_iou: 0.2364  enc_loss_cls: 0.3188  enc_loss_bbox: 0.1665  enc_loss_iou: 0.2789  dn_loss_cls: 0.0912  dn_loss_bbox: 0.1811  dn_loss_iou: 0.2171  d0.dn_loss_cls: 0.1749  d0.dn_loss_bbox: 0.3425  d0.dn_loss_iou: 0.3677  d1.dn_loss_cls: 0.1206  d1.dn_loss_bbox: 0.2127  d1.dn_loss_iou: 0.2510  d2.dn_loss_cls: 0.1015  d2.dn_loss_bbox: 0.1870  d2.dn_loss_iou: 0.2256  d3.dn_loss_cls: 0.0942  d3.dn_loss_bbox: 0.1821  d3.dn_loss_iou: 0.2187  d4.dn_loss_cls: 0.0911  d4.dn_loss_bbox: 0.1811  d4.dn_loss_iou: 0.2170  d1.loss_lmm_region: 0.1528  loss_lmm_image: 0.9665
2025/06/17 00:01:30 - mmengine - INFO - Iter(train) [11500/15000]  base_lr: 1.0000e-04 lr: 1.0000e-04  eta: 1:27:14  time: 1.3340  data_time: 0.0181  memory: 23958  grad_norm: 28.2913  loss: 9.7234  loss_cls: 0.3072  loss_bbox: 0.1444  loss_iou: 0.2508  d0.loss_cls: 0.3364  d0.loss_bbox: 0.1562  d0.loss_iou: 0.2694  d1.loss_cls: 0.3268  d1.loss_bbox: 0.1439  d1.loss_iou: 0.2520  d2.loss_cls: 0.3168  d2.loss_bbox: 0.1424  d2.loss_iou: 0.2492  d3.loss_cls: 0.3139  d3.loss_bbox: 0.1421  d3.loss_iou: 0.2477  d4.loss_cls: 0.3089  d4.loss_bbox: 0.1442  d4.loss_iou: 0.2502  enc_loss_cls: 0.3489  enc_loss_bbox: 0.1729  enc_loss_iou: 0.2904  dn_loss_cls: 0.0958  dn_loss_bbox: 0.1686  dn_loss_iou: 0.2128  d0.dn_loss_cls: 0.1774  d0.dn_loss_bbox: 0.3367  d0.dn_loss_iou: 0.3664  d1.dn_loss_cls: 0.1242  d1.dn_loss_bbox: 0.2082  d1.dn_loss_iou: 0.2477  d2.dn_loss_cls: 0.1096  d2.dn_loss_bbox: 0.1790  d2.dn_loss_iou: 0.2219  d3.dn_loss_cls: 0.1006  d3.dn_loss_bbox: 0.1700  d3.dn_loss_iou: 0.2143  d4.dn_loss_cls: 0.0964  d4.dn_loss_bbox: 0.1686  d4.dn_loss_iou: 0.2126  d1.loss_lmm_region: 0.1845  loss_lmm_image: 1.0136
2025/06/17 00:03:44 - mmengine - INFO - Iter(train) [11600/15000]  base_lr: 1.0000e-04 lr: 1.0000e-04  eta: 1:24:38  time: 1.3436  data_time: 0.0183  memory: 23750  grad_norm: 19.9979  loss: 10.3855  loss_cls: 0.3169  loss_bbox: 0.1395  loss_iou: 0.2831  d0.loss_cls: 0.3496  d0.loss_bbox: 0.1518  d0.loss_iou: 0.3032  d1.loss_cls: 0.3350  d1.loss_bbox: 0.1418  d1.loss_iou: 0.2878  d2.loss_cls: 0.3223  d2.loss_bbox: 0.1389  d2.loss_iou: 0.2833  d3.loss_cls: 0.3211  d3.loss_bbox: 0.1371  d3.loss_iou: 0.2811  d4.loss_cls: 0.3160  d4.loss_bbox: 0.1403  d4.loss_iou: 0.2840  enc_loss_cls: 0.3685  enc_loss_bbox: 0.1651  enc_loss_iou: 0.3245  dn_loss_cls: 0.1165  dn_loss_bbox: 0.1753  dn_loss_iou: 0.2447  d0.dn_loss_cls: 0.2019  d0.dn_loss_bbox: 0.3485  d0.dn_loss_iou: 0.4065  d1.dn_loss_cls: 0.1489  d1.dn_loss_bbox: 0.2131  d1.dn_loss_iou: 0.2844  d2.dn_loss_cls: 0.1322  d2.dn_loss_bbox: 0.1856  d2.dn_loss_iou: 0.2553  d3.dn_loss_cls: 0.1257  d3.dn_loss_bbox: 0.1777  d3.dn_loss_iou: 0.2466  d4.dn_loss_cls: 0.1182  d4.dn_loss_bbox: 0.1752  d4.dn_loss_iou: 0.2445  d1.loss_lmm_region: 0.1946  loss_lmm_image: 0.9993
2025/06/17 00:05:59 - mmengine - INFO - Iter(train) [11700/15000]  base_lr: 1.0000e-04 lr: 1.0000e-04  eta: 1:22:03  time: 1.3555  data_time: 0.0176  memory: 24038  grad_norm: 25.7419  loss: 9.2895  loss_cls: 0.2816  loss_bbox: 0.1322  loss_iou: 0.2483  d0.loss_cls: 0.3168  d0.loss_bbox: 0.1411  d0.loss_iou: 0.2596  d1.loss_cls: 0.2931  d1.loss_bbox: 0.1363  d1.loss_iou: 0.2558  d2.loss_cls: 0.2859  d2.loss_bbox: 0.1345  d2.loss_iou: 0.2489  d3.loss_cls: 0.2855  d3.loss_bbox: 0.1310  d3.loss_iou: 0.2475  d4.loss_cls: 0.2829  d4.loss_bbox: 0.1319  d4.loss_iou: 0.2486  enc_loss_cls: 0.3330  enc_loss_bbox: 0.1577  enc_loss_iou: 0.2850  dn_loss_cls: 0.0721  dn_loss_bbox: 0.1661  dn_loss_iou: 0.2245  d0.dn_loss_cls: 0.1626  d0.dn_loss_bbox: 0.3279  d0.dn_loss_iou: 0.3798  d1.dn_loss_cls: 0.1056  d1.dn_loss_bbox: 0.2023  d1.dn_loss_iou: 0.2593  d2.dn_loss_cls: 0.0901  d2.dn_loss_bbox: 0.1750  d2.dn_loss_iou: 0.2336  d3.dn_loss_cls: 0.0785  d3.dn_loss_bbox: 0.1674  d3.dn_loss_iou: 0.2259  d4.dn_loss_cls: 0.0725  d4.dn_loss_bbox: 0.1661  d4.dn_loss_iou: 0.2244  d1.loss_lmm_region: 0.1775  loss_lmm_image: 0.9409
2025/06/17 00:08:13 - mmengine - INFO - Iter(train) [11800/15000]  base_lr: 1.0000e-04 lr: 1.0000e-04  eta: 1:19:29  time: 1.3389  data_time: 0.0178  memory: 22989  grad_norm: 21.5224  loss: 10.6860  loss_cls: 0.3359  loss_bbox: 0.1721  loss_iou: 0.2784  d0.loss_cls: 0.3799  d0.loss_bbox: 0.1882  d0.loss_iou: 0.2997  d1.loss_cls: 0.3588  d1.loss_bbox: 0.1759  d1.loss_iou: 0.2865  d2.loss_cls: 0.3467  d2.loss_bbox: 0.1721  d2.loss_iou: 0.2786  d3.loss_cls: 0.3414  d3.loss_bbox: 0.1742  d3.loss_iou: 0.2791  d4.loss_cls: 0.3405  d4.loss_bbox: 0.1706  d4.loss_iou: 0.2763  enc_loss_cls: 0.3884  enc_loss_bbox: 0.2074  enc_loss_iou: 0.3245  dn_loss_cls: 0.1069  dn_loss_bbox: 0.1938  dn_loss_iou: 0.2309  d0.dn_loss_cls: 0.1915  d0.dn_loss_bbox: 0.3775  d0.dn_loss_iou: 0.3926  d1.dn_loss_cls: 0.1413  d1.dn_loss_bbox: 0.2426  d1.dn_loss_iou: 0.2703  d2.dn_loss_cls: 0.1237  d2.dn_loss_bbox: 0.2072  d2.dn_loss_iou: 0.2402  d3.dn_loss_cls: 0.1129  d3.dn_loss_bbox: 0.1957  d3.dn_loss_iou: 0.2323  d4.dn_loss_cls: 0.1086  d4.dn_loss_bbox: 0.1938  d4.dn_loss_iou: 0.2310  d1.loss_lmm_region: 0.1646  loss_lmm_image: 0.9535
2025/06/17 00:10:27 - mmengine - INFO - Iter(train) [11900/15000]  base_lr: 1.0000e-04 lr: 1.0000e-04  eta: 1:16:54  time: 1.3374  data_time: 0.0179  memory: 23491  grad_norm: 29.0376  loss: 9.2300  loss_cls: 0.2736  loss_bbox: 0.1253  loss_iou: 0.2192  d0.loss_cls: 0.3040  d0.loss_bbox: 0.1389  d0.loss_iou: 0.2352  d1.loss_cls: 0.2849  d1.loss_bbox: 0.1324  d1.loss_iou: 0.2237  d2.loss_cls: 0.2813  d2.loss_bbox: 0.1262  d2.loss_iou: 0.2179  d3.loss_cls: 0.2763  d3.loss_bbox: 0.1261  d3.loss_iou: 0.2186  d4.loss_cls: 0.2744  d4.loss_bbox: 0.1247  d4.loss_iou: 0.2185  enc_loss_cls: 0.3196  enc_loss_bbox: 0.1614  enc_loss_iou: 0.2605  dn_loss_cls: 0.1128  dn_loss_bbox: 0.1861  dn_loss_iou: 0.2094  d0.dn_loss_cls: 0.1868  d0.dn_loss_bbox: 0.3392  d0.dn_loss_iou: 0.3549  d1.dn_loss_cls: 0.1389  d1.dn_loss_bbox: 0.2228  d1.dn_loss_iou: 0.2436  d2.dn_loss_cls: 0.1252  d2.dn_loss_bbox: 0.1971  d2.dn_loss_iou: 0.2193  d3.dn_loss_cls: 0.1176  d3.dn_loss_bbox: 0.1872  d3.dn_loss_iou: 0.2107  d4.dn_loss_cls: 0.1130  d4.dn_loss_bbox: 0.1862  d4.dn_loss_iou: 0.2094  d1.loss_lmm_region: 0.1646  loss_lmm_image: 0.9624
2025/06/17 00:12:41 - mmengine - INFO - Exp name: grounding_dino_swin_t_20250616_184200
2025/06/17 00:12:41 - mmengine - INFO - Iter(train) [12000/15000]  base_lr: 1.0000e-04 lr: 1.0000e-04  eta: 1:14:21  time: 1.3370  data_time: 0.0177  memory: 22949  grad_norm: 23.9701  loss: 9.6115  loss_cls: 0.2861  loss_bbox: 0.1366  loss_iou: 0.2396  d0.loss_cls: 0.3189  d0.loss_bbox: 0.1540  d0.loss_iou: 0.2633  d1.loss_cls: 0.3044  d1.loss_bbox: 0.1394  d1.loss_iou: 0.2486  d2.loss_cls: 0.3010  d2.loss_bbox: 0.1371  d2.loss_iou: 0.2447  d3.loss_cls: 0.2956  d3.loss_bbox: 0.1368  d3.loss_iou: 0.2395  d4.loss_cls: 0.2881  d4.loss_bbox: 0.1355  d4.loss_iou: 0.2392  enc_loss_cls: 0.3435  enc_loss_bbox: 0.1630  enc_loss_iou: 0.2792  dn_loss_cls: 0.0970  dn_loss_bbox: 0.1820  dn_loss_iou: 0.2214  d0.dn_loss_cls: 0.1797  d0.dn_loss_bbox: 0.3597  d0.dn_loss_iou: 0.3835  d1.dn_loss_cls: 0.1246  d1.dn_loss_bbox: 0.2191  d1.dn_loss_iou: 0.2562  d2.dn_loss_cls: 0.1095  d2.dn_loss_bbox: 0.1933  d2.dn_loss_iou: 0.2308  d3.dn_loss_cls: 0.1018  d3.dn_loss_bbox: 0.1837  d3.dn_loss_iou: 0.2230  d4.dn_loss_cls: 0.0975  d4.dn_loss_bbox: 0.1819  d4.dn_loss_iou: 0.2214  d1.loss_lmm_region: 0.1769  loss_lmm_image: 0.9743
2025/06/17 00:12:41 - mmengine - INFO - Saving checkpoint at 12000 iterations
2025/06/17 00:19:27 - mmengine - INFO - Iter(val) [100/602]    eta: 0:33:16  time: 4.0841  data_time: 0.0026  memory: 5418  
2025/06/17 00:26:39 - mmengine - INFO - Iter(val) [200/602]    eta: 0:27:48  time: 4.4438  data_time: 0.0026  memory: 5427  
2025/06/17 00:34:40 - mmengine - INFO - Iter(val) [300/602]    eta: 0:21:59  time: 4.8943  data_time: 0.0027  memory: 5421  
2025/06/17 00:43:33 - mmengine - INFO - Iter(val) [400/602]    eta: 0:15:31  time: 5.4644  data_time: 0.0027  memory: 5427  
2025/06/17 00:52:54 - mmengine - INFO - Iter(val) [500/602]    eta: 0:08:10  time: 5.7774  data_time: 0.0027  memory: 5411  
2025/06/17 01:03:06 - mmengine - INFO - Iter(val) [600/602]    eta: 0:00:10  time: 6.1191  data_time: 0.0028  memory: 5427  
2025/06/17 01:11:11 - mmengine - INFO - 
===
100 classes had less than 10000 detections!
 Outputting 10000 detections for each class will improve AP further.
 ===
2025/06/17 01:13:31 - mmengine - INFO - mAP_copypaste: {'AP': 0.4159710846596048, 'AP50': 0.5257013411419955, 'AP75': 0.4423941216514611, 'APs': 0.37966107738287946, 'APm': 0.541063012727659, 'APl': 0.6120046291794411, 'APr': 0.29162515613925233, 'APc': 0.36251959391150246, 'APf': 0.4857525224604271}
2025/06/17 01:13:54 - mmengine - INFO - Iter(val) [602/602]    lvis_fixed_ap/AP: 0.4160  lvis_fixed_ap/AP50: 0.5257  lvis_fixed_ap/AP75: 0.4424  lvis_fixed_ap/APs: 0.3797  lvis_fixed_ap/APm: 0.5411  lvis_fixed_ap/APl: 0.6120  lvis_fixed_ap/APr: 0.2916  lvis_fixed_ap/APc: 0.3625  lvis_fixed_ap/APf: 0.4858  data_time: 0.0028  time: 5.0338
2025/06/17 01:16:08 - mmengine - INFO - Iter(train) [12100/15000]  base_lr: 1.0000e-05 lr: 1.0000e-05  eta: 1:15:10  time: 1.3339  data_time: 0.0180  memory: 23247  grad_norm: 19.4876  loss: 10.2823  loss_cls: 0.3104  loss_bbox: 0.1635  loss_iou: 0.2703  d0.loss_cls: 0.3517  d0.loss_bbox: 0.1773  d0.loss_iou: 0.2901  d1.loss_cls: 0.3250  d1.loss_bbox: 0.1701  d1.loss_iou: 0.2813  d2.loss_cls: 0.3197  d2.loss_bbox: 0.1646  d2.loss_iou: 0.2748  d3.loss_cls: 0.3164  d3.loss_bbox: 0.1631  d3.loss_iou: 0.2712  d4.loss_cls: 0.3128  d4.loss_bbox: 0.1617  d4.loss_iou: 0.2693  enc_loss_cls: 0.3653  enc_loss_bbox: 0.1901  enc_loss_iou: 0.3085  dn_loss_cls: 0.0989  dn_loss_bbox: 0.1824  dn_loss_iou: 0.2310  d0.dn_loss_cls: 0.1898  d0.dn_loss_bbox: 0.3428  d0.dn_loss_iou: 0.3801  d1.dn_loss_cls: 0.1329  d1.dn_loss_bbox: 0.2162  d1.dn_loss_iou: 0.2646  d2.dn_loss_cls: 0.1166  d2.dn_loss_bbox: 0.1933  d2.dn_loss_iou: 0.2396  d3.dn_loss_cls: 0.1064  d3.dn_loss_bbox: 0.1850  d3.dn_loss_iou: 0.2326  d4.dn_loss_cls: 0.1012  d4.dn_loss_bbox: 0.1823  d4.dn_loss_iou: 0.2309  d1.loss_lmm_region: 0.1844  loss_lmm_image: 1.0143
2025/06/17 01:18:22 - mmengine - INFO - Iter(train) [12200/15000]  base_lr: 1.0000e-05 lr: 1.0000e-05  eta: 1:12:28  time: 1.3393  data_time: 0.0187  memory: 23411  grad_norm: 20.5599  loss: 8.4002  loss_cls: 0.2611  loss_bbox: 0.1064  loss_iou: 0.1866  d0.loss_cls: 0.2927  d0.loss_bbox: 0.1223  d0.loss_iou: 0.2038  d1.loss_cls: 0.2787  d1.loss_bbox: 0.1119  d1.loss_iou: 0.1914  d2.loss_cls: 0.2716  d2.loss_bbox: 0.1081  d2.loss_iou: 0.1881  d3.loss_cls: 0.2662  d3.loss_bbox: 0.1075  d3.loss_iou: 0.1867  d4.loss_cls: 0.2638  d4.loss_bbox: 0.1071  d4.loss_iou: 0.1862  enc_loss_cls: 0.3076  enc_loss_bbox: 0.1358  enc_loss_iou: 0.2281  dn_loss_cls: 0.0777  dn_loss_bbox: 0.1584  dn_loss_iou: 0.1909  d0.dn_loss_cls: 0.1726  d0.dn_loss_bbox: 0.3252  d0.dn_loss_iou: 0.3473  d1.dn_loss_cls: 0.1144  d1.dn_loss_bbox: 0.1944  d1.dn_loss_iou: 0.2268  d2.dn_loss_cls: 0.0950  d2.dn_loss_bbox: 0.1709  d2.dn_loss_iou: 0.2008  d3.dn_loss_cls: 0.0856  d3.dn_loss_bbox: 0.1598  d3.dn_loss_iou: 0.1924  d4.dn_loss_cls: 0.0798  d4.dn_loss_bbox: 0.1584  d4.dn_loss_iou: 0.1909  d1.loss_lmm_region: 0.1614  loss_lmm_image: 0.9859
2025/06/17 01:20:37 - mmengine - INFO - Iter(train) [12300/15000]  base_lr: 1.0000e-05 lr: 1.0000e-05  eta: 1:09:47  time: 1.3663  data_time: 0.0180  memory: 23010  grad_norm: 20.7212  loss: 9.2951  loss_cls: 0.2667  loss_bbox: 0.1336  loss_iou: 0.2451  d0.loss_cls: 0.2925  d0.loss_bbox: 0.1476  d0.loss_iou: 0.2623  d1.loss_cls: 0.2783  d1.loss_bbox: 0.1400  d1.loss_iou: 0.2529  d2.loss_cls: 0.2731  d2.loss_bbox: 0.1368  d2.loss_iou: 0.2496  d3.loss_cls: 0.2702  d3.loss_bbox: 0.1345  d3.loss_iou: 0.2458  d4.loss_cls: 0.2675  d4.loss_bbox: 0.1338  d4.loss_iou: 0.2453  enc_loss_cls: 0.3088  enc_loss_bbox: 0.1654  enc_loss_iou: 0.2842  dn_loss_cls: 0.0828  dn_loss_bbox: 0.1809  dn_loss_iou: 0.2273  d0.dn_loss_cls: 0.1680  d0.dn_loss_bbox: 0.3390  d0.dn_loss_iou: 0.3711  d1.dn_loss_cls: 0.1165  d1.dn_loss_bbox: 0.2181  d1.dn_loss_iou: 0.2594  d2.dn_loss_cls: 0.1002  d2.dn_loss_bbox: 0.1932  d2.dn_loss_iou: 0.2366  d3.dn_loss_cls: 0.0894  d3.dn_loss_bbox: 0.1829  d3.dn_loss_iou: 0.2292  d4.dn_loss_cls: 0.0833  d4.dn_loss_bbox: 0.1811  d4.dn_loss_iou: 0.2274  d1.loss_lmm_region: 0.1812  loss_lmm_image: 0.8934
2025/06/17 01:22:52 - mmengine - INFO - Iter(train) [12400/15000]  base_lr: 1.0000e-05 lr: 1.0000e-05  eta: 1:07:06  time: 1.3387  data_time: 0.0181  memory: 23689  grad_norm: 20.4418  loss: 10.5002  loss_cls: 0.3142  loss_bbox: 0.1553  loss_iou: 0.2870  d0.loss_cls: 0.3488  d0.loss_bbox: 0.1741  d0.loss_iou: 0.3000  d1.loss_cls: 0.3320  d1.loss_bbox: 0.1628  d1.loss_iou: 0.2929  d2.loss_cls: 0.3238  d2.loss_bbox: 0.1605  d2.loss_iou: 0.2888  d3.loss_cls: 0.3199  d3.loss_bbox: 0.1571  d3.loss_iou: 0.2877  d4.loss_cls: 0.3184  d4.loss_bbox: 0.1550  d4.loss_iou: 0.2831  enc_loss_cls: 0.3576  enc_loss_bbox: 0.1932  enc_loss_iou: 0.3231  dn_loss_cls: 0.1069  dn_loss_bbox: 0.1993  dn_loss_iou: 0.2415  d0.dn_loss_cls: 0.1954  d0.dn_loss_bbox: 0.3634  d0.dn_loss_iou: 0.3967  d1.dn_loss_cls: 0.1415  d1.dn_loss_bbox: 0.2334  d1.dn_loss_iou: 0.2760  d2.dn_loss_cls: 0.1230  d2.dn_loss_bbox: 0.2069  d2.dn_loss_iou: 0.2501  d3.dn_loss_cls: 0.1135  d3.dn_loss_bbox: 0.2007  d3.dn_loss_iou: 0.2431  d4.dn_loss_cls: 0.1093  d4.dn_loss_bbox: 0.1991  d4.dn_loss_iou: 0.2414  d1.loss_lmm_region: 0.1901  loss_lmm_image: 0.9333
2025/06/17 01:25:08 - mmengine - INFO - Iter(train) [12500/15000]  base_lr: 1.0000e-05 lr: 1.0000e-05  eta: 1:04:26  time: 1.3614  data_time: 0.0179  memory: 24076  grad_norm: 21.4396  loss: 10.8982  loss_cls: 0.3363  loss_bbox: 0.1810  loss_iou: 0.3228  d0.loss_cls: 0.3813  d0.loss_bbox: 0.1958  d0.loss_iou: 0.3400  d1.loss_cls: 0.3623  d1.loss_bbox: 0.1847  d1.loss_iou: 0.3308  d2.loss_cls: 0.3540  d2.loss_bbox: 0.1778  d2.loss_iou: 0.3208  d3.loss_cls: 0.3459  d3.loss_bbox: 0.1778  d3.loss_iou: 0.3196  d4.loss_cls: 0.3400  d4.loss_bbox: 0.1802  d4.loss_iou: 0.3208  enc_loss_cls: 0.3938  enc_loss_bbox: 0.2094  enc_loss_iou: 0.3591  dn_loss_cls: 0.1099  dn_loss_bbox: 0.1701  dn_loss_iou: 0.2338  d0.dn_loss_cls: 0.1965  d0.dn_loss_bbox: 0.3289  d0.dn_loss_iou: 0.3906  d1.dn_loss_cls: 0.1430  d1.dn_loss_bbox: 0.2072  d1.dn_loss_iou: 0.2681  d2.dn_loss_cls: 0.1268  d2.dn_loss_bbox: 0.1813  d2.dn_loss_iou: 0.2444  d3.dn_loss_cls: 0.1160  d3.dn_loss_bbox: 0.1720  d3.dn_loss_iou: 0.2358  d4.dn_loss_cls: 0.1119  d4.dn_loss_bbox: 0.1703  d4.dn_loss_iou: 0.2339  d1.loss_lmm_region: 0.1686  loss_lmm_image: 0.9551
2025/06/17 01:27:24 - mmengine - INFO - Iter(train) [12600/15000]  base_lr: 1.0000e-05 lr: 1.0000e-05  eta: 1:01:47  time: 1.3561  data_time: 0.0174  memory: 24150  grad_norm: 20.0543  loss: 10.0448  loss_cls: 0.3196  loss_bbox: 0.1428  loss_iou: 0.2705  d0.loss_cls: 0.3510  d0.loss_bbox: 0.1536  d0.loss_iou: 0.2902  d1.loss_cls: 0.3419  d1.loss_bbox: 0.1433  d1.loss_iou: 0.2750  d2.loss_cls: 0.3311  d2.loss_bbox: 0.1412  d2.loss_iou: 0.2704  d3.loss_cls: 0.3263  d3.loss_bbox: 0.1408  d3.loss_iou: 0.2679  d4.loss_cls: 0.3256  d4.loss_bbox: 0.1407  d4.loss_iou: 0.2676  enc_loss_cls: 0.3708  enc_loss_bbox: 0.1691  enc_loss_iou: 0.3107  dn_loss_cls: 0.1219  dn_loss_bbox: 0.1710  dn_loss_iou: 0.2231  d0.dn_loss_cls: 0.1990  d0.dn_loss_bbox: 0.3243  d0.dn_loss_iou: 0.3782  d1.dn_loss_cls: 0.1536  d1.dn_loss_bbox: 0.2057  d1.dn_loss_iou: 0.2579  d2.dn_loss_cls: 0.1380  d2.dn_loss_bbox: 0.1768  d2.dn_loss_iou: 0.2306  d3.dn_loss_cls: 0.1306  d3.dn_loss_bbox: 0.1720  d3.dn_loss_iou: 0.2243  d4.dn_loss_cls: 0.1249  d4.dn_loss_bbox: 0.1710  d4.dn_loss_iou: 0.2230  d1.loss_lmm_region: 0.1571  loss_lmm_image: 0.9116
2025/06/17 01:32:23 - mmengine - INFO - Iter(train) [12700/15000]  base_lr: 1.0000e-05 lr: 1.0000e-05  eta: 0:59:47  time: 3.0352  data_time: 0.1134  memory: 23733  grad_norm: 19.8337  loss: 10.6821  loss_cls: 0.3435  loss_bbox: 0.1547  loss_iou: 0.2964  d0.loss_cls: 0.3800  d0.loss_bbox: 0.1736  d0.loss_iou: 0.3137  d1.loss_cls: 0.3661  d1.loss_bbox: 0.1597  d1.loss_iou: 0.3042  d2.loss_cls: 0.3575  d2.loss_bbox: 0.1580  d2.loss_iou: 0.2955  d3.loss_cls: 0.3515  d3.loss_bbox: 0.1558  d3.loss_iou: 0.2959  d4.loss_cls: 0.3454  d4.loss_bbox: 0.1557  d4.loss_iou: 0.2971  enc_loss_cls: 0.3957  enc_loss_bbox: 0.1814  enc_loss_iou: 0.3366  dn_loss_cls: 0.1126  dn_loss_bbox: 0.1713  dn_loss_iou: 0.2533  d0.dn_loss_cls: 0.1956  d0.dn_loss_bbox: 0.3165  d0.dn_loss_iou: 0.4117  d1.dn_loss_cls: 0.1455  d1.dn_loss_bbox: 0.1996  d1.dn_loss_iou: 0.2842  d2.dn_loss_cls: 0.1291  d2.dn_loss_bbox: 0.1778  d2.dn_loss_iou: 0.2609  d3.dn_loss_cls: 0.1193  d3.dn_loss_bbox: 0.1713  d3.dn_loss_iou: 0.2540  d4.dn_loss_cls: 0.1145  d4.dn_loss_bbox: 0.1714  d4.dn_loss_iou: 0.2534  d1.loss_lmm_region: 0.1715  loss_lmm_image: 0.9505
2025/06/17 01:37:25 - mmengine - INFO - Iter(train) [12800/15000]  base_lr: 1.0000e-05 lr: 1.0000e-05  eta: 0:57:43  time: 3.0075  data_time: 0.1203  memory: 23854  grad_norm: 18.6699  loss: 10.8629  loss_cls: 0.3465  loss_bbox: 0.1713  loss_iou: 0.2872  d0.loss_cls: 0.3806  d0.loss_bbox: 0.1973  d0.loss_iou: 0.3132  d1.loss_cls: 0.3638  d1.loss_bbox: 0.1791  d1.loss_iou: 0.2970  d2.loss_cls: 0.3539  d2.loss_bbox: 0.1751  d2.loss_iou: 0.2911  d3.loss_cls: 0.3468  d3.loss_bbox: 0.1738  d3.loss_iou: 0.2887  d4.loss_cls: 0.3460  d4.loss_bbox: 0.1733  d4.loss_iou: 0.2889  enc_loss_cls: 0.4000  enc_loss_bbox: 0.2114  enc_loss_iou: 0.3296  dn_loss_cls: 0.1051  dn_loss_bbox: 0.1949  dn_loss_iou: 0.2478  d0.dn_loss_cls: 0.2002  d0.dn_loss_bbox: 0.3647  d0.dn_loss_iou: 0.4133  d1.dn_loss_cls: 0.1376  d1.dn_loss_bbox: 0.2318  d1.dn_loss_iou: 0.2838  d2.dn_loss_cls: 0.1192  d2.dn_loss_bbox: 0.2019  d2.dn_loss_iou: 0.2563  d3.dn_loss_cls: 0.1093  d3.dn_loss_bbox: 0.1962  d3.dn_loss_iou: 0.2495  d4.dn_loss_cls: 0.1062  d4.dn_loss_bbox: 0.1949  d4.dn_loss_iou: 0.2477  d1.loss_lmm_region: 0.1965  loss_lmm_image: 0.8911
2025/06/17 01:42:26 - mmengine - INFO - Iter(train) [12900/15000]  base_lr: 1.0000e-05 lr: 1.0000e-05  eta: 0:55:36  time: 3.0146  data_time: 0.1203  memory: 23524  grad_norm: 20.7723  loss: 10.0195  loss_cls: 0.2810  loss_bbox: 0.1441  loss_iou: 0.2691  d0.loss_cls: 0.3087  d0.loss_bbox: 0.1490  d0.loss_iou: 0.2757  d1.loss_cls: 0.2967  d1.loss_bbox: 0.1421  d1.loss_iou: 0.2698  d2.loss_cls: 0.2864  d2.loss_bbox: 0.1453  d2.loss_iou: 0.2696  d3.loss_cls: 0.2853  d3.loss_bbox: 0.1424  d3.loss_iou: 0.2692  d4.loss_cls: 0.2823  d4.loss_bbox: 0.1437  d4.loss_iou: 0.2691  enc_loss_cls: 0.3221  enc_loss_bbox: 0.1641  enc_loss_iou: 0.2993  dn_loss_cls: 0.1036  dn_loss_bbox: 0.1913  dn_loss_iou: 0.2580  d0.dn_loss_cls: 0.1908  d0.dn_loss_bbox: 0.3586  d0.dn_loss_iou: 0.4228  d1.dn_loss_cls: 0.1344  d1.dn_loss_bbox: 0.2254  d1.dn_loss_iou: 0.2933  d2.dn_loss_cls: 0.1182  d2.dn_loss_bbox: 0.1976  d2.dn_loss_iou: 0.2665  d3.dn_loss_cls: 0.1093  d3.dn_loss_bbox: 0.1922  d3.dn_loss_iou: 0.2593  d4.dn_loss_cls: 0.1047  d4.dn_loss_bbox: 0.1914  d4.dn_loss_iou: 0.2580  d1.loss_lmm_region: 0.1824  loss_lmm_image: 0.9467
2025/06/17 01:47:27 - mmengine - INFO - Exp name: grounding_dino_swin_t_20250616_184200
2025/06/17 01:47:27 - mmengine - INFO - Iter(train) [13000/15000]  base_lr: 1.0000e-05 lr: 1.0000e-05  eta: 0:53:26  time: 3.0321  data_time: 0.1160  memory: 22817  grad_norm: 22.7308  loss: 9.9592  loss_cls: 0.2875  loss_bbox: 0.1563  loss_iou: 0.2703  d0.loss_cls: 0.3209  d0.loss_bbox: 0.1683  d0.loss_iou: 0.2831  d1.loss_cls: 0.3000  d1.loss_bbox: 0.1615  d1.loss_iou: 0.2737  d2.loss_cls: 0.2953  d2.loss_bbox: 0.1589  d2.loss_iou: 0.2728  d3.loss_cls: 0.2915  d3.loss_bbox: 0.1564  d3.loss_iou: 0.2700  d4.loss_cls: 0.2907  d4.loss_bbox: 0.1542  d4.loss_iou: 0.2694  enc_loss_cls: 0.3414  enc_loss_bbox: 0.1792  enc_loss_iou: 0.2996  dn_loss_cls: 0.0968  dn_loss_bbox: 0.1858  dn_loss_iou: 0.2368  d0.dn_loss_cls: 0.1875  d0.dn_loss_bbox: 0.3532  d0.dn_loss_iou: 0.3953  d1.dn_loss_cls: 0.1303  d1.dn_loss_bbox: 0.2239  d1.dn_loss_iou: 0.2750  d2.dn_loss_cls: 0.1108  d2.dn_loss_bbox: 0.2000  d2.dn_loss_iou: 0.2480  d3.dn_loss_cls: 0.1037  d3.dn_loss_bbox: 0.1876  d3.dn_loss_iou: 0.2386  d4.dn_loss_cls: 0.0994  d4.dn_loss_bbox: 0.1856  d4.dn_loss_iou: 0.2367  d1.loss_lmm_region: 0.1655  loss_lmm_image: 0.8974
2025/06/17 01:52:28 - mmengine - INFO - Iter(train) [13100/15000]  base_lr: 1.0000e-05 lr: 1.0000e-05  eta: 0:51:12  time: 3.0118  data_time: 0.1193  memory: 23311  grad_norm: 22.1211  loss: 10.0112  loss_cls: 0.2980  loss_bbox: 0.1561  loss_iou: 0.2651  d0.loss_cls: 0.3268  d0.loss_bbox: 0.1687  d0.loss_iou: 0.2824  d1.loss_cls: 0.3063  d1.loss_bbox: 0.1636  d1.loss_iou: 0.2742  d2.loss_cls: 0.3011  d2.loss_bbox: 0.1577  d2.loss_iou: 0.2671  d3.loss_cls: 0.3015  d3.loss_bbox: 0.1554  d3.loss_iou: 0.2655  d4.loss_cls: 0.3000  d4.loss_bbox: 0.1549  d4.loss_iou: 0.2643  enc_loss_cls: 0.3425  enc_loss_bbox: 0.1832  enc_loss_iou: 0.3004  dn_loss_cls: 0.1127  dn_loss_bbox: 0.1832  dn_loss_iou: 0.2341  d0.dn_loss_cls: 0.1928  d0.dn_loss_bbox: 0.3399  d0.dn_loss_iou: 0.3918  d1.dn_loss_cls: 0.1362  d1.dn_loss_bbox: 0.2146  d1.dn_loss_iou: 0.2672  d2.dn_loss_cls: 0.1225  d2.dn_loss_bbox: 0.1922  d2.dn_loss_iou: 0.2421  d3.dn_loss_cls: 0.1181  d3.dn_loss_bbox: 0.1849  d3.dn_loss_iou: 0.2354  d4.dn_loss_cls: 0.1142  d4.dn_loss_bbox: 0.1833  d4.dn_loss_iou: 0.2342  d1.loss_lmm_region: 0.1665  loss_lmm_image: 0.9106
2025/06/17 01:57:30 - mmengine - INFO - Iter(train) [13200/15000]  base_lr: 1.0000e-05 lr: 1.0000e-05  eta: 0:48:55  time: 3.0095  data_time: 0.1155  memory: 22962  grad_norm: 19.7447  loss: 10.0153  loss_cls: 0.3327  loss_bbox: 0.1424  loss_iou: 0.2847  d0.loss_cls: 0.3636  d0.loss_bbox: 0.1544  d0.loss_iou: 0.3065  d1.loss_cls: 0.3475  d1.loss_bbox: 0.1476  d1.loss_iou: 0.2939  d2.loss_cls: 0.3404  d2.loss_bbox: 0.1437  d2.loss_iou: 0.2876  d3.loss_cls: 0.3380  d3.loss_bbox: 0.1432  d3.loss_iou: 0.2870  d4.loss_cls: 0.3336  d4.loss_bbox: 0.1431  d4.loss_iou: 0.2857  enc_loss_cls: 0.3799  enc_loss_bbox: 0.1644  enc_loss_iou: 0.3240  dn_loss_cls: 0.0947  dn_loss_bbox: 0.1683  dn_loss_iou: 0.2219  d0.dn_loss_cls: 0.1762  d0.dn_loss_bbox: 0.3095  d0.dn_loss_iou: 0.3621  d1.dn_loss_cls: 0.1248  d1.dn_loss_bbox: 0.1948  d1.dn_loss_iou: 0.2520  d2.dn_loss_cls: 0.1086  d2.dn_loss_bbox: 0.1757  d2.dn_loss_iou: 0.2313  d3.dn_loss_cls: 0.1007  d3.dn_loss_bbox: 0.1698  d3.dn_loss_iou: 0.2235  d4.dn_loss_cls: 0.0963  d4.dn_loss_bbox: 0.1683  d4.dn_loss_iou: 0.2219  d1.loss_lmm_region: 0.1574  loss_lmm_image: 0.9135
2025/06/17 02:02:32 - mmengine - INFO - Iter(train) [13300/15000]  base_lr: 1.0000e-05 lr: 1.0000e-05  eta: 0:46:35  time: 3.0204  data_time: 0.1184  memory: 24001  grad_norm: 22.9929  loss: 9.9315  loss_cls: 0.2984  loss_bbox: 0.1629  loss_iou: 0.3087  d0.loss_cls: 0.3299  d0.loss_bbox: 0.1808  d0.loss_iou: 0.3310  d1.loss_cls: 0.3171  d1.loss_bbox: 0.1694  d1.loss_iou: 0.3174  d2.loss_cls: 0.3103  d2.loss_bbox: 0.1638  d2.loss_iou: 0.3126  d3.loss_cls: 0.3044  d3.loss_bbox: 0.1644  d3.loss_iou: 0.3101  d4.loss_cls: 0.2994  d4.loss_bbox: 0.1634  d4.loss_iou: 0.3091  enc_loss_cls: 0.3523  enc_loss_bbox: 0.1916  enc_loss_iou: 0.3466  dn_loss_cls: 0.0861  dn_loss_bbox: 0.1522  dn_loss_iou: 0.2263  d0.dn_loss_cls: 0.1584  d0.dn_loss_bbox: 0.3003  d0.dn_loss_iou: 0.3749  d1.dn_loss_cls: 0.1121  d1.dn_loss_bbox: 0.1819  d1.dn_loss_iou: 0.2570  d2.dn_loss_cls: 0.0981  d2.dn_loss_bbox: 0.1582  d2.dn_loss_iou: 0.2341  d3.dn_loss_cls: 0.0913  d3.dn_loss_bbox: 0.1530  d3.dn_loss_iou: 0.2278  d4.dn_loss_cls: 0.0885  d4.dn_loss_bbox: 0.1522  d4.dn_loss_iou: 0.2263  d1.loss_lmm_region: 0.1375  loss_lmm_image: 0.8718
2025/06/17 02:07:34 - mmengine - INFO - Iter(train) [13400/15000]  base_lr: 1.0000e-05 lr: 1.0000e-05  eta: 0:44:12  time: 3.0161  data_time: 0.1229  memory: 24146  grad_norm: 19.5844  loss: 9.9941  loss_cls: 0.2964  loss_bbox: 0.1444  loss_iou: 0.2673  d0.loss_cls: 0.3233  d0.loss_bbox: 0.1588  d0.loss_iou: 0.2867  d1.loss_cls: 0.3083  d1.loss_bbox: 0.1517  d1.loss_iou: 0.2745  d2.loss_cls: 0.2984  d2.loss_bbox: 0.1521  d2.loss_iou: 0.2725  d3.loss_cls: 0.2946  d3.loss_bbox: 0.1511  d3.loss_iou: 0.2708  d4.loss_cls: 0.2954  d4.loss_bbox: 0.1454  d4.loss_iou: 0.2689  enc_loss_cls: 0.3435  enc_loss_bbox: 0.1709  enc_loss_iou: 0.3031  dn_loss_cls: 0.0903  dn_loss_bbox: 0.1891  dn_loss_iou: 0.2393  d0.dn_loss_cls: 0.1790  d0.dn_loss_bbox: 0.3584  d0.dn_loss_iou: 0.4023  d1.dn_loss_cls: 0.1230  d1.dn_loss_bbox: 0.2282  d1.dn_loss_iou: 0.2804  d2.dn_loss_cls: 0.1056  d2.dn_loss_bbox: 0.1987  d2.dn_loss_iou: 0.2493  d3.dn_loss_cls: 0.0950  d3.dn_loss_bbox: 0.1892  d3.dn_loss_iou: 0.2407  d4.dn_loss_cls: 0.0902  d4.dn_loss_bbox: 0.1893  d4.dn_loss_iou: 0.2393  d1.loss_lmm_region: 0.1612  loss_lmm_image: 0.9675
2025/06/17 02:12:37 - mmengine - INFO - Iter(train) [13500/15000]  base_lr: 1.0000e-05 lr: 1.0000e-05  eta: 0:41:46  time: 3.0282  data_time: 0.1232  memory: 23512  grad_norm: 18.8939  loss: 9.5138  loss_cls: 0.2656  loss_bbox: 0.1476  loss_iou: 0.2565  d0.loss_cls: 0.3033  d0.loss_bbox: 0.1583  d0.loss_iou: 0.2709  d1.loss_cls: 0.2867  d1.loss_bbox: 0.1527  d1.loss_iou: 0.2615  d2.loss_cls: 0.2773  d2.loss_bbox: 0.1471  d2.loss_iou: 0.2563  d3.loss_cls: 0.2770  d3.loss_bbox: 0.1439  d3.loss_iou: 0.2523  d4.loss_cls: 0.2700  d4.loss_bbox: 0.1458  d4.loss_iou: 0.2563  enc_loss_cls: 0.3243  enc_loss_bbox: 0.1696  enc_loss_iou: 0.2905  dn_loss_cls: 0.0826  dn_loss_bbox: 0.1694  dn_loss_iou: 0.2288  d0.dn_loss_cls: 0.1748  d0.dn_loss_bbox: 0.3416  d0.dn_loss_iou: 0.3935  d1.dn_loss_cls: 0.1143  d1.dn_loss_bbox: 0.2064  d1.dn_loss_iou: 0.2630  d2.dn_loss_cls: 0.0983  d2.dn_loss_bbox: 0.1821  d2.dn_loss_iou: 0.2383  d3.dn_loss_cls: 0.0880  d3.dn_loss_bbox: 0.1728  d3.dn_loss_iou: 0.2310  d4.dn_loss_cls: 0.0832  d4.dn_loss_bbox: 0.1695  d4.dn_loss_iou: 0.2289  d1.loss_lmm_region: 0.1698  loss_lmm_image: 0.9637
2025/06/17 02:17:39 - mmengine - INFO - Iter(train) [13600/15000]  base_lr: 1.0000e-05 lr: 1.0000e-05  eta: 0:39:16  time: 3.0019  data_time: 0.1243  memory: 23380  grad_norm: 20.3619  loss: 9.5781  loss_cls: 0.3128  loss_bbox: 0.1366  loss_iou: 0.2476  d0.loss_cls: 0.3483  d0.loss_bbox: 0.1478  d0.loss_iou: 0.2725  d1.loss_cls: 0.3297  d1.loss_bbox: 0.1440  d1.loss_iou: 0.2627  d2.loss_cls: 0.3214  d2.loss_bbox: 0.1393  d2.loss_iou: 0.2516  d3.loss_cls: 0.3213  d3.loss_bbox: 0.1350  d3.loss_iou: 0.2462  d4.loss_cls: 0.3151  d4.loss_bbox: 0.1364  d4.loss_iou: 0.2464  enc_loss_cls: 0.3552  enc_loss_bbox: 0.1647  enc_loss_iou: 0.2941  dn_loss_cls: 0.0890  dn_loss_bbox: 0.1680  dn_loss_iou: 0.2132  d0.dn_loss_cls: 0.1734  d0.dn_loss_bbox: 0.3191  d0.dn_loss_iou: 0.3559  d1.dn_loss_cls: 0.1212  d1.dn_loss_bbox: 0.2055  d1.dn_loss_iou: 0.2480  d2.dn_loss_cls: 0.1057  d2.dn_loss_bbox: 0.1773  d2.dn_loss_iou: 0.2222  d3.dn_loss_cls: 0.0949  d3.dn_loss_bbox: 0.1698  d3.dn_loss_iou: 0.2149  d4.dn_loss_cls: 0.0892  d4.dn_loss_bbox: 0.1679  d4.dn_loss_iou: 0.2132  d1.loss_lmm_region: 0.1590  loss_lmm_image: 0.9419
2025/06/17 02:22:40 - mmengine - INFO - Iter(train) [13700/15000]  base_lr: 1.0000e-05 lr: 1.0000e-05  eta: 0:36:44  time: 3.0111  data_time: 0.1202  memory: 23644  grad_norm: 20.7676  loss: 9.4029  loss_cls: 0.2953  loss_bbox: 0.1417  loss_iou: 0.2557  d0.loss_cls: 0.3336  d0.loss_bbox: 0.1564  d0.loss_iou: 0.2694  d1.loss_cls: 0.3159  d1.loss_bbox: 0.1482  d1.loss_iou: 0.2619  d2.loss_cls: 0.3055  d2.loss_bbox: 0.1434  d2.loss_iou: 0.2591  d3.loss_cls: 0.3028  d3.loss_bbox: 0.1421  d3.loss_iou: 0.2542  d4.loss_cls: 0.2987  d4.loss_bbox: 0.1420  d4.loss_iou: 0.2543  enc_loss_cls: 0.3501  enc_loss_bbox: 0.1669  enc_loss_iou: 0.2877  dn_loss_cls: 0.0834  dn_loss_bbox: 0.1497  dn_loss_iou: 0.2132  d0.dn_loss_cls: 0.1732  d0.dn_loss_bbox: 0.3109  d0.dn_loss_iou: 0.3710  d1.dn_loss_cls: 0.1177  d1.dn_loss_bbox: 0.1884  d1.dn_loss_iou: 0.2495  d2.dn_loss_cls: 0.1012  d2.dn_loss_bbox: 0.1594  d2.dn_loss_iou: 0.2226  d3.dn_loss_cls: 0.0896  d3.dn_loss_bbox: 0.1509  d3.dn_loss_iou: 0.2147  d4.dn_loss_cls: 0.0836  d4.dn_loss_bbox: 0.1498  d4.dn_loss_iou: 0.2132  d1.loss_lmm_region: 0.1719  loss_lmm_image: 0.9041
2025/06/17 02:27:42 - mmengine - INFO - Iter(train) [13800/15000]  base_lr: 1.0000e-05 lr: 1.0000e-05  eta: 0:34:09  time: 3.0135  data_time: 0.1133  memory: 23022  grad_norm: 18.9595  loss: 9.7361  loss_cls: 0.2979  loss_bbox: 0.1311  loss_iou: 0.2427  d0.loss_cls: 0.3241  d0.loss_bbox: 0.1453  d0.loss_iou: 0.2627  d1.loss_cls: 0.3146  d1.loss_bbox: 0.1362  d1.loss_iou: 0.2496  d2.loss_cls: 0.3131  d2.loss_bbox: 0.1308  d2.loss_iou: 0.2431  d3.loss_cls: 0.3052  d3.loss_bbox: 0.1322  d3.loss_iou: 0.2428  d4.loss_cls: 0.2984  d4.loss_bbox: 0.1319  d4.loss_iou: 0.2429  enc_loss_cls: 0.3474  enc_loss_bbox: 0.1571  enc_loss_iou: 0.2757  dn_loss_cls: 0.1198  dn_loss_bbox: 0.1758  dn_loss_iou: 0.2288  d0.dn_loss_cls: 0.2083  d0.dn_loss_bbox: 0.3513  d0.dn_loss_iou: 0.3887  d1.dn_loss_cls: 0.1517  d1.dn_loss_bbox: 0.2077  d1.dn_loss_iou: 0.2605  d2.dn_loss_cls: 0.1349  d2.dn_loss_bbox: 0.1842  d2.dn_loss_iou: 0.2375  d3.dn_loss_cls: 0.1236  d3.dn_loss_bbox: 0.1760  d3.dn_loss_iou: 0.2299  d4.dn_loss_cls: 0.1200  d4.dn_loss_bbox: 0.1758  d4.dn_loss_iou: 0.2288  d1.loss_lmm_region: 0.1784  loss_lmm_image: 0.9297
2025/06/17 02:32:44 - mmengine - INFO - Iter(train) [13900/15000]  base_lr: 1.0000e-05 lr: 1.0000e-05  eta: 0:31:32  time: 3.0115  data_time: 0.1181  memory: 23627  grad_norm: 19.1476  loss: 9.1762  loss_cls: 0.2915  loss_bbox: 0.1261  loss_iou: 0.2154  d0.loss_cls: 0.3178  d0.loss_bbox: 0.1389  d0.loss_iou: 0.2346  d1.loss_cls: 0.3048  d1.loss_bbox: 0.1301  d1.loss_iou: 0.2239  d2.loss_cls: 0.2948  d2.loss_bbox: 0.1304  d2.loss_iou: 0.2187  d3.loss_cls: 0.2940  d3.loss_bbox: 0.1283  d3.loss_iou: 0.2170  d4.loss_cls: 0.2933  d4.loss_bbox: 0.1266  d4.loss_iou: 0.2155  enc_loss_cls: 0.3357  enc_loss_bbox: 0.1484  enc_loss_iou: 0.2548  dn_loss_cls: 0.0816  dn_loss_bbox: 0.1781  dn_loss_iou: 0.2189  d0.dn_loss_cls: 0.1771  d0.dn_loss_bbox: 0.3512  d0.dn_loss_iou: 0.3848  d1.dn_loss_cls: 0.1150  d1.dn_loss_bbox: 0.2173  d1.dn_loss_iou: 0.2589  d2.dn_loss_cls: 0.0945  d2.dn_loss_bbox: 0.1866  d2.dn_loss_iou: 0.2292  d3.dn_loss_cls: 0.0836  d3.dn_loss_bbox: 0.1789  d3.dn_loss_iou: 0.2205  d4.dn_loss_cls: 0.0810  d4.dn_loss_bbox: 0.1780  d4.dn_loss_iou: 0.2189  d1.loss_lmm_region: 0.1660  loss_lmm_image: 0.9156
2025/06/17 02:37:49 - mmengine - INFO - Exp name: grounding_dino_swin_t_20250616_184200
2025/06/17 02:37:49 - mmengine - INFO - Iter(train) [14000/15000]  base_lr: 1.0000e-05 lr: 1.0000e-05  eta: 0:28:52  time: 3.0369  data_time: 0.1227  memory: 22708  grad_norm: 26.8217  loss: 9.0524  loss_cls: 0.2788  loss_bbox: 0.1328  loss_iou: 0.2106  d0.loss_cls: 0.3050  d0.loss_bbox: 0.1508  d0.loss_iou: 0.2304  d1.loss_cls: 0.2945  d1.loss_bbox: 0.1414  d1.loss_iou: 0.2196  d2.loss_cls: 0.2884  d2.loss_bbox: 0.1344  d2.loss_iou: 0.2133  d3.loss_cls: 0.2840  d3.loss_bbox: 0.1327  d3.loss_iou: 0.2111  d4.loss_cls: 0.2813  d4.loss_bbox: 0.1324  d4.loss_iou: 0.2100  enc_loss_cls: 0.3199  enc_loss_bbox: 0.1573  enc_loss_iou: 0.2467  dn_loss_cls: 0.0910  dn_loss_bbox: 0.1694  dn_loss_iou: 0.2207  d0.dn_loss_cls: 0.1768  d0.dn_loss_bbox: 0.3337  d0.dn_loss_iou: 0.3767  d1.dn_loss_cls: 0.1189  d1.dn_loss_bbox: 0.2072  d1.dn_loss_iou: 0.2558  d2.dn_loss_cls: 0.1015  d2.dn_loss_bbox: 0.1783  d2.dn_loss_iou: 0.2293  d3.dn_loss_cls: 0.0928  d3.dn_loss_bbox: 0.1692  d3.dn_loss_iou: 0.2217  d4.dn_loss_cls: 0.0902  d4.dn_loss_bbox: 0.1695  d4.dn_loss_iou: 0.2207  d1.loss_lmm_region: 0.1509  loss_lmm_image: 0.9026
2025/06/17 02:42:52 - mmengine - INFO - Iter(train) [14100/15000]  base_lr: 1.0000e-06 lr: 1.0000e-06  eta: 0:26:09  time: 3.0248  data_time: 0.1263  memory: 23794  grad_norm: 19.5476  loss: 9.5983  loss_cls: 0.3147  loss_bbox: 0.1389  loss_iou: 0.2529  d0.loss_cls: 0.3410  d0.loss_bbox: 0.1582  d0.loss_iou: 0.2783  d1.loss_cls: 0.3313  d1.loss_bbox: 0.1456  d1.loss_iou: 0.2611  d2.loss_cls: 0.3222  d2.loss_bbox: 0.1419  d2.loss_iou: 0.2590  d3.loss_cls: 0.3165  d3.loss_bbox: 0.1429  d3.loss_iou: 0.2583  d4.loss_cls: 0.3177  d4.loss_bbox: 0.1382  d4.loss_iou: 0.2520  enc_loss_cls: 0.3584  enc_loss_bbox: 0.1728  enc_loss_iou: 0.2950  dn_loss_cls: 0.1090  dn_loss_bbox: 0.1501  dn_loss_iou: 0.2134  d0.dn_loss_cls: 0.1870  d0.dn_loss_bbox: 0.2988  d0.dn_loss_iou: 0.3613  d1.dn_loss_cls: 0.1359  d1.dn_loss_bbox: 0.1791  d1.dn_loss_iou: 0.2442  d2.dn_loss_cls: 0.1215  d2.dn_loss_bbox: 0.1558  d2.dn_loss_iou: 0.2207  d3.dn_loss_cls: 0.1134  d3.dn_loss_bbox: 0.1509  d3.dn_loss_iou: 0.2144  d4.dn_loss_cls: 0.1095  d4.dn_loss_bbox: 0.1502  d4.dn_loss_iou: 0.2135  d1.loss_lmm_region: 0.1640  loss_lmm_image: 0.9084
2025/06/17 02:47:57 - mmengine - INFO - Iter(train) [14200/15000]  base_lr: 1.0000e-06 lr: 1.0000e-06  eta: 0:23:24  time: 3.0441  data_time: 0.1249  memory: 23217  grad_norm: 20.2375  loss: 9.0312  loss_cls: 0.2682  loss_bbox: 0.1236  loss_iou: 0.2074  d0.loss_cls: 0.2886  d0.loss_bbox: 0.1481  d0.loss_iou: 0.2282  d1.loss_cls: 0.2821  d1.loss_bbox: 0.1336  d1.loss_iou: 0.2148  d2.loss_cls: 0.2774  d2.loss_bbox: 0.1267  d2.loss_iou: 0.2099  d3.loss_cls: 0.2756  d3.loss_bbox: 0.1224  d3.loss_iou: 0.2074  d4.loss_cls: 0.2701  d4.loss_bbox: 0.1232  d4.loss_iou: 0.2078  enc_loss_cls: 0.2992  enc_loss_bbox: 0.1616  enc_loss_iou: 0.2510  dn_loss_cls: 0.0928  dn_loss_bbox: 0.1972  dn_loss_iou: 0.2229  d0.dn_loss_cls: 0.1694  d0.dn_loss_bbox: 0.3532  d0.dn_loss_iou: 0.3714  d1.dn_loss_cls: 0.1236  d1.dn_loss_bbox: 0.2258  d1.dn_loss_iou: 0.2537  d2.dn_loss_cls: 0.1061  d2.dn_loss_bbox: 0.2063  d2.dn_loss_iou: 0.2313  d3.dn_loss_cls: 0.0972  d3.dn_loss_bbox: 0.1979  d3.dn_loss_iou: 0.2239  d4.dn_loss_cls: 0.0945  d4.dn_loss_bbox: 0.1974  d4.dn_loss_iou: 0.2230  d1.loss_lmm_region: 0.1372  loss_lmm_image: 0.8794
2025/06/17 02:52:58 - mmengine - INFO - Iter(train) [14300/15000]  base_lr: 1.0000e-06 lr: 1.0000e-06  eta: 0:20:36  time: 3.0114  data_time: 0.1198  memory: 24073  grad_norm: 19.6148  loss: 9.2917  loss_cls: 0.2774  loss_bbox: 0.1213  loss_iou: 0.2420  d0.loss_cls: 0.3066  d0.loss_bbox: 0.1405  d0.loss_iou: 0.2639  d1.loss_cls: 0.2957  d1.loss_bbox: 0.1290  d1.loss_iou: 0.2493  d2.loss_cls: 0.2858  d2.loss_bbox: 0.1246  d2.loss_iou: 0.2442  d3.loss_cls: 0.2834  d3.loss_bbox: 0.1201  d3.loss_iou: 0.2426  d4.loss_cls: 0.2778  d4.loss_bbox: 0.1210  d4.loss_iou: 0.2429  enc_loss_cls: 0.3201  enc_loss_bbox: 0.1475  enc_loss_iou: 0.2776  dn_loss_cls: 0.0813  dn_loss_bbox: 0.1806  dn_loss_iou: 0.2223  d0.dn_loss_cls: 0.1715  d0.dn_loss_bbox: 0.3582  d0.dn_loss_iou: 0.3886  d1.dn_loss_cls: 0.1128  d1.dn_loss_bbox: 0.2213  d1.dn_loss_iou: 0.2604  d2.dn_loss_cls: 0.0989  d2.dn_loss_bbox: 0.1932  d2.dn_loss_iou: 0.2329  d3.dn_loss_cls: 0.0869  d3.dn_loss_bbox: 0.1818  d3.dn_loss_iou: 0.2234  d4.dn_loss_cls: 0.0821  d4.dn_loss_bbox: 0.1807  d4.dn_loss_iou: 0.2222  d1.loss_lmm_region: 0.1562  loss_lmm_image: 0.9230
2025/06/17 02:58:01 - mmengine - INFO - Iter(train) [14400/15000]  base_lr: 1.0000e-06 lr: 1.0000e-06  eta: 0:17:46  time: 3.0171  data_time: 0.1221  memory: 23244  grad_norm: 19.1911  loss: 10.7388  loss_cls: 0.3393  loss_bbox: 0.1734  loss_iou: 0.2972  d0.loss_cls: 0.3813  d0.loss_bbox: 0.1834  d0.loss_iou: 0.3135  d1.loss_cls: 0.3572  d1.loss_bbox: 0.1797  d1.loss_iou: 0.3044  d2.loss_cls: 0.3493  d2.loss_bbox: 0.1724  d2.loss_iou: 0.2985  d3.loss_cls: 0.3510  d3.loss_bbox: 0.1696  d3.loss_iou: 0.2955  d4.loss_cls: 0.3440  d4.loss_bbox: 0.1684  d4.loss_iou: 0.2956  enc_loss_cls: 0.3932  enc_loss_bbox: 0.1969  enc_loss_iou: 0.3346  dn_loss_cls: 0.1075  dn_loss_bbox: 0.1861  dn_loss_iou: 0.2394  d0.dn_loss_cls: 0.2017  d0.dn_loss_bbox: 0.3499  d0.dn_loss_iou: 0.3945  d1.dn_loss_cls: 0.1462  d1.dn_loss_bbox: 0.2200  d1.dn_loss_iou: 0.2727  d2.dn_loss_cls: 0.1281  d2.dn_loss_bbox: 0.1966  d2.dn_loss_iou: 0.2490  d3.dn_loss_cls: 0.1172  d3.dn_loss_bbox: 0.1884  d3.dn_loss_iou: 0.2413  d4.dn_loss_cls: 0.1091  d4.dn_loss_bbox: 0.1862  d4.dn_loss_iou: 0.2394  d1.loss_lmm_region: 0.1781  loss_lmm_image: 0.8891
2025/06/17 03:03:05 - mmengine - INFO - Iter(train) [14500/15000]  base_lr: 1.0000e-06 lr: 1.0000e-06  eta: 0:14:54  time: 3.0420  data_time: 0.1197  memory: 22586  grad_norm: 21.2072  loss: 8.6687  loss_cls: 0.2530  loss_bbox: 0.1225  loss_iou: 0.2112  d0.loss_cls: 0.2803  d0.loss_bbox: 0.1455  d0.loss_iou: 0.2325  d1.loss_cls: 0.2706  d1.loss_bbox: 0.1278  d1.loss_iou: 0.2161  d2.loss_cls: 0.2652  d2.loss_bbox: 0.1208  d2.loss_iou: 0.2100  d3.loss_cls: 0.2577  d3.loss_bbox: 0.1208  d3.loss_iou: 0.2106  d4.loss_cls: 0.2538  d4.loss_bbox: 0.1227  d4.loss_iou: 0.2102  enc_loss_cls: 0.2979  enc_loss_bbox: 0.1544  enc_loss_iou: 0.2511  dn_loss_cls: 0.0788  dn_loss_bbox: 0.1671  dn_loss_iou: 0.2057  d0.dn_loss_cls: 0.1704  d0.dn_loss_bbox: 0.3301  d0.dn_loss_iou: 0.3522  d1.dn_loss_cls: 0.1132  d1.dn_loss_bbox: 0.2057  d1.dn_loss_iou: 0.2386  d2.dn_loss_cls: 0.0933  d2.dn_loss_bbox: 0.1788  d2.dn_loss_iou: 0.2144  d3.dn_loss_cls: 0.0831  d3.dn_loss_bbox: 0.1687  d3.dn_loss_iou: 0.2070  d4.dn_loss_cls: 0.0790  d4.dn_loss_bbox: 0.1672  d4.dn_loss_iou: 0.2058  d1.loss_lmm_region: 0.1479  loss_lmm_image: 0.9268
2025/06/17 03:08:09 - mmengine - INFO - Iter(train) [14600/15000]  base_lr: 1.0000e-06 lr: 1.0000e-06  eta: 0:11:59  time: 3.0225  data_time: 0.1242  memory: 23213  grad_norm: 19.5629  loss: 9.4299  loss_cls: 0.2731  loss_bbox: 0.1350  loss_iou: 0.2515  d0.loss_cls: 0.2949  d0.loss_bbox: 0.1449  d0.loss_iou: 0.2671  d1.loss_cls: 0.2850  d1.loss_bbox: 0.1402  d1.loss_iou: 0.2570  d2.loss_cls: 0.2821  d2.loss_bbox: 0.1333  d2.loss_iou: 0.2493  d3.loss_cls: 0.2809  d3.loss_bbox: 0.1326  d3.loss_iou: 0.2485  d4.loss_cls: 0.2760  d4.loss_bbox: 0.1334  d4.loss_iou: 0.2497  enc_loss_cls: 0.3198  enc_loss_bbox: 0.1505  enc_loss_iou: 0.2761  dn_loss_cls: 0.0839  dn_loss_bbox: 0.1679  dn_loss_iou: 0.2289  d0.dn_loss_cls: 0.1827  d0.dn_loss_bbox: 0.3540  d0.dn_loss_iou: 0.4018  d1.dn_loss_cls: 0.1199  d1.dn_loss_bbox: 0.2139  d1.dn_loss_iou: 0.2696  d2.dn_loss_cls: 0.0991  d2.dn_loss_bbox: 0.1775  d2.dn_loss_iou: 0.2395  d3.dn_loss_cls: 0.0901  d3.dn_loss_bbox: 0.1701  d3.dn_loss_iou: 0.2310  d4.dn_loss_cls: 0.0845  d4.dn_loss_bbox: 0.1680  d4.dn_loss_iou: 0.2290  d1.loss_lmm_region: 0.1867  loss_lmm_image: 0.9508
2025/06/17 03:13:12 - mmengine - INFO - Iter(train) [14700/15000]  base_lr: 1.0000e-06 lr: 1.0000e-06  eta: 0:09:02  time: 3.0154  data_time: 0.1250  memory: 23204  grad_norm: 19.0228  loss: 11.1166  loss_cls: 0.3269  loss_bbox: 0.1827  loss_iou: 0.3162  d0.loss_cls: 0.3583  d0.loss_bbox: 0.1999  d0.loss_iou: 0.3271  d1.loss_cls: 0.3434  d1.loss_bbox: 0.1894  d1.loss_iou: 0.3226  d2.loss_cls: 0.3412  d2.loss_bbox: 0.1835  d2.loss_iou: 0.3185  d3.loss_cls: 0.3328  d3.loss_bbox: 0.1820  d3.loss_iou: 0.3191  d4.loss_cls: 0.3272  d4.loss_bbox: 0.1835  d4.loss_iou: 0.3183  enc_loss_cls: 0.3779  enc_loss_bbox: 0.2059  enc_loss_iou: 0.3456  dn_loss_cls: 0.1098  dn_loss_bbox: 0.2066  dn_loss_iou: 0.2534  d0.dn_loss_cls: 0.2092  d0.dn_loss_bbox: 0.3670  d0.dn_loss_iou: 0.4106  d1.dn_loss_cls: 0.1504  d1.dn_loss_bbox: 0.2412  d1.dn_loss_iou: 0.2869  d2.dn_loss_cls: 0.1284  d2.dn_loss_bbox: 0.2156  d2.dn_loss_iou: 0.2628  d3.dn_loss_cls: 0.1167  d3.dn_loss_bbox: 0.2080  d3.dn_loss_iou: 0.2550  d4.dn_loss_cls: 0.1117  d4.dn_loss_bbox: 0.2066  d4.dn_loss_iou: 0.2535  d1.loss_lmm_region: 0.1881  loss_lmm_image: 0.9333
2025/06/17 03:18:16 - mmengine - INFO - Iter(train) [14800/15000]  base_lr: 1.0000e-06 lr: 1.0000e-06  eta: 0:06:04  time: 2.9938  data_time: 0.1250  memory: 23659  grad_norm: 18.9577  loss: 10.6257  loss_cls: 0.3333  loss_bbox: 0.1632  loss_iou: 0.2968  d0.loss_cls: 0.3635  d0.loss_bbox: 0.1809  d0.loss_iou: 0.3164  d1.loss_cls: 0.3469  d1.loss_bbox: 0.1725  d1.loss_iou: 0.3022  d2.loss_cls: 0.3428  d2.loss_bbox: 0.1661  d2.loss_iou: 0.2998  d3.loss_cls: 0.3379  d3.loss_bbox: 0.1642  d3.loss_iou: 0.2978  d4.loss_cls: 0.3364  d4.loss_bbox: 0.1637  d4.loss_iou: 0.2960  enc_loss_cls: 0.3748  enc_loss_bbox: 0.1896  enc_loss_iou: 0.3369  dn_loss_cls: 0.1132  dn_loss_bbox: 0.1751  dn_loss_iou: 0.2411  d0.dn_loss_cls: 0.2005  d0.dn_loss_bbox: 0.3275  d0.dn_loss_iou: 0.3979  d1.dn_loss_cls: 0.1454  d1.dn_loss_bbox: 0.2101  d1.dn_loss_iou: 0.2766  d2.dn_loss_cls: 0.1261  d2.dn_loss_bbox: 0.1852  d2.dn_loss_iou: 0.2504  d3.dn_loss_cls: 0.1181  d3.dn_loss_bbox: 0.1762  d3.dn_loss_iou: 0.2426  d4.dn_loss_cls: 0.1116  d4.dn_loss_bbox: 0.1751  d4.dn_loss_iou: 0.2412  d1.loss_lmm_region: 0.1936  loss_lmm_image: 0.9366
2025/06/17 03:23:19 - mmengine - INFO - Iter(train) [14900/15000]  base_lr: 1.0000e-06 lr: 1.0000e-06  eta: 0:03:03  time: 3.0231  data_time: 0.1191  memory: 23891  grad_norm: 18.8597  loss: 9.5918  loss_cls: 0.2953  loss_bbox: 0.1301  loss_iou: 0.2498  d0.loss_cls: 0.3205  d0.loss_bbox: 0.1449  d0.loss_iou: 0.2649  d1.loss_cls: 0.3017  d1.loss_bbox: 0.1400  d1.loss_iou: 0.2547  d2.loss_cls: 0.2991  d2.loss_bbox: 0.1340  d2.loss_iou: 0.2519  d3.loss_cls: 0.2932  d3.loss_bbox: 0.1332  d3.loss_iou: 0.2506  d4.loss_cls: 0.2970  d4.loss_bbox: 0.1286  d4.loss_iou: 0.2490  enc_loss_cls: 0.3340  enc_loss_bbox: 0.1544  enc_loss_iou: 0.2838  dn_loss_cls: 0.1003  dn_loss_bbox: 0.1907  dn_loss_iou: 0.2260  d0.dn_loss_cls: 0.1822  d0.dn_loss_bbox: 0.3640  d0.dn_loss_iou: 0.3832  d1.dn_loss_cls: 0.1286  d1.dn_loss_bbox: 0.2266  d1.dn_loss_iou: 0.2590  d2.dn_loss_cls: 0.1111  d2.dn_loss_bbox: 0.1980  d2.dn_loss_iou: 0.2337  d3.dn_loss_cls: 0.1031  d3.dn_loss_bbox: 0.1916  d3.dn_loss_iou: 0.2275  d4.dn_loss_cls: 0.1003  d4.dn_loss_bbox: 0.1908  d4.dn_loss_iou: 0.2260  d1.loss_lmm_region: 0.1517  loss_lmm_image: 0.8866
2025/06/17 03:28:24 - mmengine - INFO - Exp name: grounding_dino_swin_t_20250616_184200
2025/06/17 03:28:24 - mmengine - INFO - Iter(train) [15000/15000]  base_lr: 1.0000e-06 lr: 1.0000e-06  eta: 0:00:00  time: 3.0418  data_time: 0.1186  memory: 23772  grad_norm: 18.4787  loss: 9.2149  loss_cls: 0.2968  loss_bbox: 0.1389  loss_iou: 0.2397  d0.loss_cls: 0.3249  d0.loss_bbox: 0.1537  d0.loss_iou: 0.2622  d1.loss_cls: 0.3115  d1.loss_bbox: 0.1435  d1.loss_iou: 0.2492  d2.loss_cls: 0.3099  d2.loss_bbox: 0.1383  d2.loss_iou: 0.2409  d3.loss_cls: 0.3033  d3.loss_bbox: 0.1358  d3.loss_iou: 0.2397  d4.loss_cls: 0.2979  d4.loss_bbox: 0.1387  d4.loss_iou: 0.2395  enc_loss_cls: 0.3493  enc_loss_bbox: 0.1597  enc_loss_iou: 0.2793  dn_loss_cls: 0.0930  dn_loss_bbox: 0.1464  dn_loss_iou: 0.2037  d0.dn_loss_cls: 0.1760  d0.dn_loss_bbox: 0.2864  d0.dn_loss_iou: 0.3479  d1.dn_loss_cls: 0.1208  d1.dn_loss_bbox: 0.1759  d1.dn_loss_iou: 0.2370  d2.dn_loss_cls: 0.1051  d2.dn_loss_bbox: 0.1522  d2.dn_loss_iou: 0.2120  d3.dn_loss_cls: 0.0973  d3.dn_loss_bbox: 0.1467  d3.dn_loss_iou: 0.2045  d4.dn_loss_cls: 0.0931  d4.dn_loss_bbox: 0.1464  d4.dn_loss_iou: 0.2037  d1.loss_lmm_region: 0.1725  loss_lmm_image: 0.9415
2025/06/17 03:28:24 - mmengine - INFO - Saving checkpoint at 15000 iterations
2025/06/17 03:43:12 - mmengine - INFO - Iter(val) [100/602]    eta: 1:11:18  time: 8.8763  data_time: 0.0079  memory: 5418  
2025/06/17 03:59:51 - mmengine - INFO - Iter(val) [200/602]    eta: 1:02:01  time: 10.4699  data_time: 0.0086  memory: 5427  
2025/06/17 04:19:34 - mmengine - INFO - Iter(val) [300/602]    eta: 0:50:54  time: 12.3096  data_time: 0.0087  memory: 5421  
2025/06/17 04:42:39 - mmengine - INFO - Iter(val) [400/602]    eta: 0:37:11  time: 14.2722  data_time: 0.0096  memory: 5427  
2025/06/17 05:08:06 - mmengine - INFO - Iter(val) [500/602]    eta: 0:20:13  time: 16.0287  data_time: 0.0098  memory: 5411  
2025/06/17 05:35:24 - mmengine - INFO - Iter(val) [600/602]    eta: 0:00:25  time: 16.7386  data_time: 0.0091  memory: 5427  
2025/06/17 05:52:49 - mmengine - INFO - 
===
80 classes had less than 10000 detections!
 Outputting 10000 detections for each class will improve AP further.
 ===
2025/06/17 05:55:09 - mmengine - INFO - mAP_copypaste: {'AP': 0.4196969330319483, 'AP50': 0.5273969790499801, 'AP75': 0.4463589392275279, 'APs': 0.38458876133355663, 'APm': 0.5451057191414369, 'APl': 0.610669720264628, 'APr': 0.2976099831933512, 'APc': 0.3658359502076113, 'APf': 0.4894350450193468}
2025/06/17 05:55:33 - mmengine - INFO - Iter(val) [602/602]    lvis_fixed_ap/AP: 0.4197  lvis_fixed_ap/AP50: 0.5274  lvis_fixed_ap/AP75: 0.4464  lvis_fixed_ap/APs: 0.3846  lvis_fixed_ap/APm: 0.5451  lvis_fixed_ap/APl: 0.6107  lvis_fixed_ap/APr: 0.2976  lvis_fixed_ap/APc: 0.3658  lvis_fixed_ap/APf: 0.4894  data_time: 0.0092  time: 12.6421
