2026/02/04 23:21:21 - mmengine - INFO - 
------------------------------------------------------------
System environment:
    sys.platform: linux
    Python: 3.11.9 | packaged by conda-forge | (main, Apr 19 2024, 18:36:13) [GCC 12.3.0]
    CUDA available: True
    MUSA available: False
    numpy_random_seed: 624982218
    GPU 0,1,2,3,4,5,6,7: NVIDIA A100-SXM4-40GB
    CUDA_HOME: /opt/conda/
    NVCC: Cuda compilation tools, release 12.2, V12.2.140
    GCC: gcc (Ubuntu 11.4.0-1ubuntu1~22.04) 11.4.0
    PyTorch: 2.2.2+cu121
    PyTorch compiling details: PyTorch built with:
  - GCC 9.3
  - C++ Version: 201703
  - Intel(R) oneAPI Math Kernel Library Version 2022.2-Product Build 20220804 for Intel(R) 64 architecture applications
  - Intel(R) MKL-DNN v3.3.2 (Git Hash 2dc95a2ad0841e29db8b22fbccaf3e5da7992b01)
  - OpenMP 201511 (a.k.a. OpenMP 4.5)
  - LAPACK is enabled (usually provided by MKL)
  - NNPACK is enabled
  - CPU capability usage: AVX512
  - CUDA Runtime 12.1
  - NVCC architecture flags: -gencode;arch=compute_50,code=sm_50;-gencode;arch=compute_60,code=sm_60;-gencode;arch=compute_70,code=sm_70;-gencode;arch=compute_75,code=sm_75;-gencode;arch=compute_80,code=sm_80;-gencode;arch=compute_86,code=sm_86;-gencode;arch=compute_90,code=sm_90
  - CuDNN 8.9.2
  - Magma 2.6.1
  - Build settings: BLAS_INFO=mkl, BUILD_TYPE=Release, CUDA_VERSION=12.1, CUDNN_VERSION=8.9.2, CXX_COMPILER=/opt/rh/devtoolset-9/root/usr/bin/c++, CXX_FLAGS= -D_GLIBCXX_USE_CXX11_ABI=0 -fabi-version=11 -fvisibility-inlines-hidden -DUSE_PTHREADPOOL -DNDEBUG -DUSE_KINETO -DLIBKINETO_NOROCTRACER -DUSE_FBGEMM -DUSE_QNNPACK -DUSE_PYTORCH_QNNPACK -DUSE_XNNPACK -DSYMBOLICATE_MOBILE_DEBUG_HANDLE -O2 -fPIC -Wall -Wextra -Werror=return-type -Werror=non-virtual-dtor -Werror=bool-operation -Wnarrowing -Wno-missing-field-initializers -Wno-type-limits -Wno-array-bounds -Wno-unknown-pragmas -Wno-unused-parameter -Wno-unused-function -Wno-unused-result -Wno-strict-overflow -Wno-strict-aliasing -Wno-stringop-overflow -Wsuggest-override -Wno-psabi -Wno-error=pedantic -Wno-error=old-style-cast -Wno-missing-braces -fdiagnostics-color=always -faligned-new -Wno-unused-but-set-variable -Wno-maybe-uninitialized -fno-math-errno -fno-trapping-math -Werror=format -Wno-stringop-overflow, LAPACK_INFO=mkl, PERF_WITH_AVX=1, PERF_WITH_AVX2=1, PERF_WITH_AVX512=1, TORCH_VERSION=2.2.2, USE_CUDA=ON, USE_CUDNN=ON, USE_EXCEPTION_PTR=1, USE_GFLAGS=OFF, USE_GLOG=OFF, USE_MKL=ON, USE_MKLDNN=ON, USE_MPI=OFF, USE_NCCL=1, USE_NNPACK=ON, USE_OPENMP=ON, USE_ROCM=OFF, USE_ROCM_KERNEL_ASSERT=OFF, 

    TorchVision: 0.17.2+cu121
    OpenCV: 4.11.0
    MMEngine: 0.10.7

Runtime environment:
    cudnn_benchmark: False
    mp_cfg: {'mp_start_method': 'fork', 'opencv_num_threads': 0}
    dist_cfg: {'backend': 'nccl', 'timeout': 3600}
    seed: 624982218
    Distributed launcher: pytorch
    Distributed training: True
    GPU number: 8
------------------------------------------------------------

2026/02/04 23:21:22 - mmengine - INFO - Config:
auto_scale_lr = dict(base_batch_size=16, enable=True)
backend_args = None
caption_dataset = dict(
    actual_dataset_mode='OD',
    ann_file='LLaVA-ReCap-558K_tag_box_vg7.jsonl',
    backend_args=None,
    clean_caption=True,
    data_prefix=dict(img='images/'),
    data_root='../grounding_data/llava_cap/',
    filter_cfg=dict(filter_empty_gt=False),
    label_map_file=None,
    pipeline=[
        dict(backend_args=None, type='LoadImageFromFile'),
        dict(type='LoadAnnotations', with_bbox=True),
        dict(
            keep_ratio=True,
            scales=[
                (
                    480,
                    1333,
                ),
                (
                    512,
                    1333,
                ),
                (
                    544,
                    1333,
                ),
                (
                    576,
                    1333,
                ),
                (
                    608,
                    1333,
                ),
                (
                    640,
                    1333,
                ),
                (
                    672,
                    1333,
                ),
                (
                    704,
                    1333,
                ),
                (
                    736,
                    1333,
                ),
                (
                    768,
                    1333,
                ),
                (
                    800,
                    1333,
                ),
            ],
            type='RandomChoiceResize'),
        dict(min_gt_bbox_wh=(
            0.01,
            0.01,
        ), type='FilterAnnotations'),
        dict(
            lmm_max_token_length=1600,
            max_tokens=256,
            num_region_caption=16,
            num_sample_negative=85,
            tokenizer_name='../huggingface/bert-base-uncased/',
            tokenizer_name2=
            '../huggingface/my_llava-onevision-qwen2-0.5b-ov-2/',
            type='RandomSamplingNegPos2'),
        dict(
            meta_keys=(
                'img_id',
                'img_path',
                'ori_shape',
                'img_shape',
                'scale_factor',
                'flip',
                'flip_direction',
                'text',
                'tags',
                'contrast_conv',
                'custom_entities',
                'tokens_positive',
                'dataset_mode',
                'conversations',
                'region_conversations',
            ),
            type='PackDetInputs'),
    ],
    return_classes=True,
    type='ODVGDataset',
    use_short_cap=False,
    use_uniform_prompt=True)
clean_caption = True
coco2017_train_dataset = dict(
    actual_dataset_mode='OD',
    ann_file='annotations/instances_train2017_vg_merged6.jsonl',
    backend_args=None,
    clean_caption=True,
    data_prefix=dict(img='train2017'),
    data_root='../grounding_data/coco/',
    filter_cfg=dict(filter_empty_gt=False),
    pipeline=[
        dict(backend_args=None, type='LoadImageFromFile'),
        dict(type='LoadAnnotations', with_bbox=True),
        dict(
            keep_ratio=True,
            scales=[
                (
                    480,
                    1333,
                ),
                (
                    512,
                    1333,
                ),
                (
                    544,
                    1333,
                ),
                (
                    576,
                    1333,
                ),
                (
                    608,
                    1333,
                ),
                (
                    640,
                    1333,
                ),
                (
                    672,
                    1333,
                ),
                (
                    704,
                    1333,
                ),
                (
                    736,
                    1333,
                ),
                (
                    768,
                    1333,
                ),
                (
                    800,
                    1333,
                ),
            ],
            type='RandomChoiceResize'),
        dict(min_gt_bbox_wh=(
            0.01,
            0.01,
        ), type='FilterAnnotations'),
        dict(
            lmm_max_token_length=1600,
            max_tokens=256,
            num_region_caption=16,
            num_sample_negative=85,
            tokenizer_name='../huggingface/bert-base-uncased/',
            tokenizer_name2=
            '../huggingface/my_llava-onevision-qwen2-0.5b-ov-2/',
            type='RandomSamplingNegPos2'),
        dict(
            meta_keys=(
                'img_id',
                'img_path',
                'ori_shape',
                'img_shape',
                'scale_factor',
                'flip',
                'flip_direction',
                'text',
                'tags',
                'contrast_conv',
                'custom_entities',
                'tokens_positive',
                'dataset_mode',
                'conversations',
                'region_conversations',
            ),
            type='PackDetInputs'),
    ],
    return_classes=True,
    type='ODVGDataset',
    use_short_cap=False,
    use_uniform_prompt=True)
data_root = '../grounding_data/coco/'
dataset_type = 'LVISV1Dataset'
default_hooks = dict(
    checkpoint=dict(
        by_epoch=False,
        interval=1500,
        max_keep_ckpts=30,
        type='CheckpointHook'),
    logger=dict(interval=100, type='LoggerHook'),
    param_scheduler=dict(type='ParamSchedulerHook'),
    sampler_seed=dict(type='DistSamplerSeedHook'),
    timer=dict(type='IterTimerHook'),
    visualization=dict(type='GroundingVisualizationHook'))
default_scope = 'mmdet'
env_cfg = dict(
    cudnn_benchmark=False,
    dist_cfg=dict(backend='nccl', timeout=3600),
    mp_cfg=dict(mp_start_method='fork', opencv_num_threads=0))
flickr30k_dataset = dict(
    actual_dataset_mode='VG',
    ann_file='flickr_train_vg7.jsonl',
    backend_args=None,
    clean_caption=True,
    data_prefix=dict(img='flickr30k_images/'),
    data_root='../grounding_data/flickr30k_entities/',
    filter_cfg=dict(filter_empty_gt=False),
    label_map_file=None,
    pipeline=[
        dict(backend_args=None, type='LoadImageFromFile'),
        dict(type='LoadAnnotations', with_bbox=True),
        dict(
            keep_ratio=True,
            scales=[
                (
                    480,
                    1333,
                ),
                (
                    512,
                    1333,
                ),
                (
                    544,
                    1333,
                ),
                (
                    576,
                    1333,
                ),
                (
                    608,
                    1333,
                ),
                (
                    640,
                    1333,
                ),
                (
                    672,
                    1333,
                ),
                (
                    704,
                    1333,
                ),
                (
                    736,
                    1333,
                ),
                (
                    768,
                    1333,
                ),
                (
                    800,
                    1333,
                ),
            ],
            type='RandomChoiceResize'),
        dict(min_gt_bbox_wh=(
            0.01,
            0.01,
        ), type='FilterAnnotations'),
        dict(
            lmm_max_token_length=1600,
            max_tokens=256,
            num_region_caption=16,
            num_sample_negative=85,
            tokenizer_name='../huggingface/bert-base-uncased/',
            tokenizer_name2=
            '../huggingface/my_llava-onevision-qwen2-0.5b-ov-2/',
            type='RandomSamplingNegPos2'),
        dict(
            meta_keys=(
                'img_id',
                'img_path',
                'ori_shape',
                'img_shape',
                'scale_factor',
                'flip',
                'flip_direction',
                'text',
                'tags',
                'contrast_conv',
                'custom_entities',
                'tokens_positive',
                'dataset_mode',
                'conversations',
                'region_conversations',
            ),
            type='PackDetInputs'),
    ],
    return_classes=True,
    type='ODVGDataset',
    use_short_cap=False,
    use_uniform_prompt=True)
gqa_dataset = dict(
    actual_dataset_mode='VG',
    ann_file='gqa_train_vg7.jsonl',
    backend_args=None,
    clean_caption=True,
    data_prefix=dict(img='images/'),
    data_root='../grounding_data/gqa/',
    filter_cfg=dict(filter_empty_gt=False),
    label_map_file=None,
    pipeline=[
        dict(backend_args=None, type='LoadImageFromFile'),
        dict(type='LoadAnnotations', with_bbox=True),
        dict(
            keep_ratio=True,
            scales=[
                (
                    480,
                    1333,
                ),
                (
                    512,
                    1333,
                ),
                (
                    544,
                    1333,
                ),
                (
                    576,
                    1333,
                ),
                (
                    608,
                    1333,
                ),
                (
                    640,
                    1333,
                ),
                (
                    672,
                    1333,
                ),
                (
                    704,
                    1333,
                ),
                (
                    736,
                    1333,
                ),
                (
                    768,
                    1333,
                ),
                (
                    800,
                    1333,
                ),
            ],
            type='RandomChoiceResize'),
        dict(min_gt_bbox_wh=(
            0.01,
            0.01,
        ), type='FilterAnnotations'),
        dict(
            lmm_max_token_length=1600,
            max_tokens=256,
            num_region_caption=16,
            num_sample_negative=85,
            tokenizer_name='../huggingface/bert-base-uncased/',
            tokenizer_name2=
            '../huggingface/my_llava-onevision-qwen2-0.5b-ov-2/',
            type='RandomSamplingNegPos2'),
        dict(
            meta_keys=(
                'img_id',
                'img_path',
                'ori_shape',
                'img_shape',
                'scale_factor',
                'flip',
                'flip_direction',
                'text',
                'tags',
                'contrast_conv',
                'custom_entities',
                'tokens_positive',
                'dataset_mode',
                'conversations',
                'region_conversations',
            ),
            type='PackDetInputs'),
    ],
    return_classes=True,
    type='ODVGDataset',
    use_short_cap=False,
    use_uniform_prompt=True)
lang_model_name = '../huggingface/bert-base-uncased/'
launcher = 'pytorch'
lmm_max_token_length = 1600
lmm_path = '../huggingface/my_llava-onevision-qwen2-0.5b-ov-2/'
load_from = '/home/jovyan/Computer_vision/LLMDet/work_dirs/grounding_dino_swin_t/iter_15000.pth'
log_level = 'INFO'
log_processor = dict(by_epoch=False, type='LogProcessor', window_size=50)
lvis_val_dataset = dict(
    ann_file='annotations/lvis_v1_minival_inserted_image_name.json',
    data_prefix=dict(img=''),
    data_root='../grounding_data/coco/',
    pipeline=[
        dict(
            backend_args=None,
            imdecode_backend='pillow',
            type='LoadImageFromFile'),
        dict(
            backend='pillow',
            keep_ratio=True,
            scale=(
                800,
                1333,
            ),
            type='FixScaleResize'),
        dict(type='LoadAnnotations', with_bbox=True),
        dict(
            meta_keys=(
                'img_id',
                'img_path',
                'ori_shape',
                'img_shape',
                'scale_factor',
                'text',
                'custom_entities',
                'tokens_positive',
            ),
            type='PackDetInputs'),
    ],
    return_classes=True,
    type='LVISV1Dataset')
max_iter = 18000
model = dict(
    as_two_stage=True,
    backbone=dict(
        attn_drop_rate=0.0,
        convert_weights=True,
        depths=[
            2,
            2,
            6,
            2,
        ],
        drop_path_rate=0.2,
        drop_rate=0.0,
        embed_dims=96,
        frozen_stages=-1,
        init_cfg=dict(checkpoint=None, type='Pretrained'),
        mlp_ratio=4,
        num_heads=[
            3,
            6,
            12,
            24,
        ],
        out_indices=(
            1,
            2,
            3,
        ),
        patch_norm=True,
        qk_scale=None,
        qkv_bias=True,
        type='SwinTransformer',
        window_size=7,
        with_cp=True),
    bbox_head=dict(
        contrastive_cfg=dict(bias=True, log_scale='auto', max_text_len=256),
        loss_bbox=dict(loss_weight=5.0, type='L1Loss'),
        loss_cls=dict(
            alpha=0.25,
            gamma=2.0,
            loss_weight=1.0,
            type='FocalLoss',
            use_sigmoid=True),
        num_classes=256,
        sync_cls_avg_factor=True,
        type='GroundingDINOHead'),
    data_preprocessor=dict(
        bgr_to_rgb=True,
        mean=[
            123.675,
            116.28,
            103.53,
        ],
        pad_mask=False,
        std=[
            58.395,
            57.12,
            57.375,
        ],
        type='DetDataPreprocessor'),
    decoder=dict(
        layer_cfg=dict(
            cross_attn_cfg=dict(dropout=0.0, embed_dims=256, num_heads=8),
            cross_attn_text_cfg=dict(dropout=0.0, embed_dims=256, num_heads=8),
            ffn_cfg=dict(
                embed_dims=256, feedforward_channels=2048, ffn_drop=0.0),
            self_attn_cfg=dict(dropout=0.0, embed_dims=256, num_heads=8)),
        num_layers=6,
        post_norm_cfg=None,
        return_intermediate=True),
    dn_cfg=dict(
        box_noise_scale=1.0,
        group_cfg=dict(dynamic=True, num_dn_queries=100, num_groups=None),
        label_noise_scale=0.5),
    encoder=dict(
        fusion_layer_cfg=dict(
            embed_dim=1024,
            init_values=0.0001,
            l_dim=256,
            num_heads=4,
            v_dim=256),
        layer_cfg=dict(
            ffn_cfg=dict(
                embed_dims=256, feedforward_channels=2048, ffn_drop=0.0),
            self_attn_cfg=dict(dropout=0.0, embed_dims=256, num_levels=4)),
        num_cp=0,
        num_layers=6,
        text_layer_cfg=dict(
            ffn_cfg=dict(
                embed_dims=256, feedforward_channels=1024, ffn_drop=0.0),
            self_attn_cfg=dict(dropout=0.0, embed_dims=256, num_heads=4))),
    feature_map_size=27,
    freeze_backbone=True,
    freeze_lm=False,
    language_model=dict(
        add_pooling_layer=False,
        max_tokens=256,
        name='../huggingface/bert-base-uncased/',
        pad_to_max=False,
        special_tokens_list=[
            '[CLS]',
            '[SEP]',
            '.',
            '?',
        ],
        type='BertModel',
        use_sub_sentence_represent=True),
    lmm='../huggingface/my_llava-onevision-qwen2-0.5b-ov-2/',
    lmm_connector=
    '../huggingface/my_llava-onevision-qwen2-0.5b-ov-2/mm_projector2.bin',
    lmm_connector_prefix='mm_projector',
    lmm_image_loss_weight=1.0,
    lmm_max_token_length=1600,
    lmm_new_layer_insert_type='all',
    lmm_region_loss_weight=1.0,
    lora_alpha=256,
    lora_dropout=0,
    lora_r=128,
    mini_query=False,
    neck=dict(
        act_cfg=None,
        bias=True,
        in_channels=[
            192,
            384,
            768,
        ],
        kernel_size=1,
        norm_cfg=dict(num_groups=32, type='GN'),
        num_outs=4,
        out_channels=256,
        type='ChannelMapper'),
    num_lmm_new_layers=6,
    num_queries=900,
    num_region_caption=16,
    positional_encoding=dict(
        normalize=True, num_feats=128, offset=0.0, temperature=20),
    test_cfg=dict(chunked_size=40, max_per_img=300),
    train_cfg=dict(
        assigner=dict(
            match_costs=[
                dict(type='BinaryFocalLossCost', weight=2.0),
                dict(box_format='xywh', type='BBoxL1Cost', weight=5.0),
                dict(iou_mode='giou', type='IoUCost', weight=2.0),
            ],
            type='HungarianAssigner')),
    type='GroundingDINO',
    use_image_level_cross_attn=False,
    use_lmm_cross_attn=True,
    use_lora=True,
    use_p4_input=True,
    use_p5_input=True,
    use_plora=False,
    use_query_input=False,
    with_box_refine=True)
model_wrapper_cfg = dict(
    find_unused_parameters=True, type='MMDistributedDataParallel')
num_region_caption = 16
optim_wrapper = dict(
    clip_grad=dict(max_norm=0.1, norm_type=2),
    optimizer=dict(lr=0.0001, type='AdamW', weight_decay=0.0001),
    paramwise_cfg=dict(
        custom_keys=dict(
            absolute_pos_embed=dict(decay_mult=0.0),
            backbone=dict(lr_mult=0.1),
            language_model=dict(lr_mult=0.1))),
    type='OptimWrapper')
param_scheduler = [
    dict(
        begin=0, by_epoch=False, end=1000, start_factor=0.001,
        type='LinearLR'),
    dict(
        begin=0,
        by_epoch=False,
        end=18000,
        gamma=0.1,
        milestones=[
            18000,
            24000,
        ],
        type='MultiStepLR'),
]
pretrained = None
randomness = dict(seed=624982218)
resume = True
student_behavior_dataset = dict(
    actual_dataset_mode='VG',
    ann_file='student_behavior_emotion_vg7_train.jsonl',
    backend_args=None,
    clean_caption=True,
    data_prefix=dict(img='frames/'),
    data_root='../grounding_data/frames1/',
    filter_cfg=dict(filter_empty_gt=False),
    label_map_file=None,
    pipeline=[
        dict(backend_args=None, type='LoadImageFromFile'),
        dict(type='LoadAnnotations', with_bbox=True),
        dict(
            keep_ratio=True,
            scales=[
                (
                    480,
                    1333,
                ),
                (
                    512,
                    1333,
                ),
                (
                    544,
                    1333,
                ),
                (
                    576,
                    1333,
                ),
                (
                    608,
                    1333,
                ),
                (
                    640,
                    1333,
                ),
                (
                    672,
                    1333,
                ),
                (
                    704,
                    1333,
                ),
                (
                    736,
                    1333,
                ),
                (
                    768,
                    1333,
                ),
                (
                    800,
                    1333,
                ),
            ],
            type='RandomChoiceResize'),
        dict(min_gt_bbox_wh=(
            0.01,
            0.01,
        ), type='FilterAnnotations'),
        dict(
            lmm_max_token_length=1600,
            max_tokens=256,
            num_region_caption=16,
            num_sample_negative=85,
            tokenizer_name='../huggingface/bert-base-uncased/',
            tokenizer_name2=
            '../huggingface/my_llava-onevision-qwen2-0.5b-ov-2/',
            type='RandomSamplingNegPos2'),
        dict(
            meta_keys=(
                'img_id',
                'img_path',
                'ori_shape',
                'img_shape',
                'scale_factor',
                'flip',
                'flip_direction',
                'text',
                'tags',
                'contrast_conv',
                'custom_entities',
                'tokens_positive',
                'dataset_mode',
                'conversations',
                'region_conversations',
            ),
            type='PackDetInputs'),
    ],
    return_classes=True,
    type='ODVGDataset',
    use_short_cap=False,
    use_uniform_prompt=True)
student_behavior_val_dataset = dict(
    actual_dataset_mode='VG',
    ann_file='student_behavior_emotion_vg7_val.jsonl',
    backend_args=None,
    clean_caption=True,
    data_prefix=dict(img='frames'),
    data_root='../grounding_data/frames1/',
    filter_cfg=dict(filter_empty_gt=False),
    label_map_file=None,
    pipeline=[
        dict(
            backend_args=None,
            imdecode_backend='pillow',
            type='LoadImageFromFile'),
        dict(
            backend='pillow',
            keep_ratio=True,
            scale=(
                800,
                1333,
            ),
            type='FixScaleResize'),
        dict(type='LoadAnnotations', with_bbox=True),
        dict(
            meta_keys=(
                'img_id',
                'img_path',
                'ori_shape',
                'img_shape',
                'scale_factor',
                'text',
                'custom_entities',
                'tokens_positive',
            ),
            type='PackDetInputs'),
    ],
    return_classes=True,
    type='ODVGDataset',
    use_short_cap=False,
    use_uniform_prompt=True)
test_cfg = dict(type='TestLoop')
test_dataloader = dict(
    batch_size=1,
    dataset=dict(
        datasets=[
            dict(
                ann_file='annotations/lvis_v1_minival_inserted_image_name.json',
                data_prefix=dict(img=''),
                data_root='../grounding_data/coco/',
                pipeline=[
                    dict(
                        backend_args=None,
                        imdecode_backend='pillow',
                        type='LoadImageFromFile'),
                    dict(
                        backend='pillow',
                        keep_ratio=True,
                        scale=(
                            800,
                            1333,
                        ),
                        type='FixScaleResize'),
                    dict(type='LoadAnnotations', with_bbox=True),
                    dict(
                        meta_keys=(
                            'img_id',
                            'img_path',
                            'ori_shape',
                            'img_shape',
                            'scale_factor',
                            'text',
                            'custom_entities',
                            'tokens_positive',
                        ),
                        type='PackDetInputs'),
                ],
                return_classes=True,
                type='LVISV1Dataset'),
            dict(
                actual_dataset_mode='VG',
                ann_file='student_behavior_emotion_vg7_val.jsonl',
                backend_args=None,
                clean_caption=True,
                data_prefix=dict(img='frames'),
                data_root='../grounding_data/frames1/',
                filter_cfg=dict(filter_empty_gt=False),
                label_map_file=None,
                pipeline=[
                    dict(
                        backend_args=None,
                        imdecode_backend='pillow',
                        type='LoadImageFromFile'),
                    dict(
                        backend='pillow',
                        keep_ratio=True,
                        scale=(
                            800,
                            1333,
                        ),
                        type='FixScaleResize'),
                    dict(type='LoadAnnotations', with_bbox=True),
                    dict(
                        meta_keys=(
                            'img_id',
                            'img_path',
                            'ori_shape',
                            'img_shape',
                            'scale_factor',
                            'text',
                            'custom_entities',
                            'tokens_positive',
                        ),
                        type='PackDetInputs'),
                ],
                return_classes=True,
                type='ODVGDataset',
                use_short_cap=False,
                use_uniform_prompt=True),
        ],
        type='ConcatDataset'),
    drop_last=False,
    num_workers=2,
    persistent_workers=True,
    sampler=dict(shuffle=False, type='DefaultSampler'))
test_evaluator = dict(
    dataset_prefixes=[
        'lvis_minival',
        'student_behavior_emotion',
    ],
    metrics=[
        dict(
            ann_file=
            '../grounding_data/coco/annotations/lvis_v1_minival_inserted_image_name.json',
            type='LVISFixedAPMetric'),
        dict(iou_thrs=0.5, topk=(
            1,
            5,
            10,
        ), type='ODVGRecallMetric'),
    ],
    type='MultiDatasetsEvaluator')
test_pipeline = [
    dict(
        backend_args=None, imdecode_backend='pillow',
        type='LoadImageFromFile'),
    dict(
        backend='pillow',
        keep_ratio=True,
        scale=(
            800,
            1333,
        ),
        type='FixScaleResize'),
    dict(type='LoadAnnotations', with_bbox=True),
    dict(
        meta_keys=(
            'img_id',
            'img_path',
            'ori_shape',
            'img_shape',
            'scale_factor',
            'text',
            'custom_entities',
            'tokens_positive',
        ),
        type='PackDetInputs'),
]
train_cfg = dict(max_iters=18000, type='IterBasedTrainLoop', val_interval=1000)
train_dataloader = dict(
    batch_sampler=dict(type='AspectRatioBatchSampler'),
    batch_size=2,
    dataset=dict(
        datasets=[
            dict(
                actual_dataset_mode='VG',
                ann_file='student_behavior_emotion_vg7_train.jsonl',
                backend_args=None,
                clean_caption=True,
                data_prefix=dict(img='frames/'),
                data_root='../grounding_data/frames1/',
                filter_cfg=dict(filter_empty_gt=False),
                label_map_file=None,
                pipeline=[
                    dict(backend_args=None, type='LoadImageFromFile'),
                    dict(type='LoadAnnotations', with_bbox=True),
                    dict(
                        keep_ratio=True,
                        scales=[
                            (
                                480,
                                1333,
                            ),
                            (
                                512,
                                1333,
                            ),
                            (
                                544,
                                1333,
                            ),
                            (
                                576,
                                1333,
                            ),
                            (
                                608,
                                1333,
                            ),
                            (
                                640,
                                1333,
                            ),
                            (
                                672,
                                1333,
                            ),
                            (
                                704,
                                1333,
                            ),
                            (
                                736,
                                1333,
                            ),
                            (
                                768,
                                1333,
                            ),
                            (
                                800,
                                1333,
                            ),
                        ],
                        type='RandomChoiceResize'),
                    dict(
                        min_gt_bbox_wh=(
                            0.01,
                            0.01,
                        ),
                        type='FilterAnnotations'),
                    dict(
                        lmm_max_token_length=1600,
                        max_tokens=256,
                        num_region_caption=16,
                        num_sample_negative=85,
                        tokenizer_name='../huggingface/bert-base-uncased/',
                        tokenizer_name2=
                        '../huggingface/my_llava-onevision-qwen2-0.5b-ov-2/',
                        type='RandomSamplingNegPos2'),
                    dict(
                        meta_keys=(
                            'img_id',
                            'img_path',
                            'ori_shape',
                            'img_shape',
                            'scale_factor',
                            'flip',
                            'flip_direction',
                            'text',
                            'tags',
                            'contrast_conv',
                            'custom_entities',
                            'tokens_positive',
                            'dataset_mode',
                            'conversations',
                            'region_conversations',
                        ),
                        type='PackDetInputs'),
                ],
                return_classes=True,
                type='ODVGDataset',
                use_short_cap=False,
                use_uniform_prompt=True),
        ],
        type='ConcatDataset'),
    num_workers=4,
    persistent_workers=True,
    sampler=dict(shuffle=True, type='DefaultSampler'))
train_pipeline = [
    dict(backend_args=None, type='LoadImageFromFile'),
    dict(type='LoadAnnotations', with_bbox=True),
    dict(
        keep_ratio=True,
        scales=[
            (
                480,
                1333,
            ),
            (
                512,
                1333,
            ),
            (
                544,
                1333,
            ),
            (
                576,
                1333,
            ),
            (
                608,
                1333,
            ),
            (
                640,
                1333,
            ),
            (
                672,
                1333,
            ),
            (
                704,
                1333,
            ),
            (
                736,
                1333,
            ),
            (
                768,
                1333,
            ),
            (
                800,
                1333,
            ),
        ],
        type='RandomChoiceResize'),
    dict(min_gt_bbox_wh=(
        0.01,
        0.01,
    ), type='FilterAnnotations'),
    dict(
        lmm_max_token_length=1600,
        max_tokens=256,
        num_region_caption=16,
        num_sample_negative=85,
        tokenizer_name='../huggingface/bert-base-uncased/',
        tokenizer_name2='../huggingface/my_llava-onevision-qwen2-0.5b-ov-2/',
        type='RandomSamplingNegPos2'),
    dict(
        meta_keys=(
            'img_id',
            'img_path',
            'ori_shape',
            'img_shape',
            'scale_factor',
            'flip',
            'flip_direction',
            'text',
            'tags',
            'contrast_conv',
            'custom_entities',
            'tokens_positive',
            'dataset_mode',
            'conversations',
            'region_conversations',
        ),
        type='PackDetInputs'),
]
use_short_cap = False
use_uniform_prompt = True
v3det_dataset = dict(
    actual_dataset_mode='OD',
    ann_file='annotations/v3det_2023_v1_train_vg7.jsonl',
    backend_args=None,
    clean_caption=True,
    data_prefix=dict(img=''),
    data_root='../grounding_data/v3det/',
    filter_cfg=dict(filter_empty_gt=False),
    label_map_file=None,
    pipeline=[
        dict(backend_args=None, type='LoadImageFromFile'),
        dict(type='LoadAnnotations', with_bbox=True),
        dict(
            keep_ratio=True,
            scales=[
                (
                    480,
                    1333,
                ),
                (
                    512,
                    1333,
                ),
                (
                    544,
                    1333,
                ),
                (
                    576,
                    1333,
                ),
                (
                    608,
                    1333,
                ),
                (
                    640,
                    1333,
                ),
                (
                    672,
                    1333,
                ),
                (
                    704,
                    1333,
                ),
                (
                    736,
                    1333,
                ),
                (
                    768,
                    1333,
                ),
                (
                    800,
                    1333,
                ),
            ],
            type='RandomChoiceResize'),
        dict(min_gt_bbox_wh=(
            0.01,
            0.01,
        ), type='FilterAnnotations'),
        dict(
            lmm_max_token_length=1600,
            max_tokens=256,
            num_region_caption=16,
            num_sample_negative=85,
            tokenizer_name='../huggingface/bert-base-uncased/',
            tokenizer_name2=
            '../huggingface/my_llava-onevision-qwen2-0.5b-ov-2/',
            type='RandomSamplingNegPos2'),
        dict(
            meta_keys=(
                'img_id',
                'img_path',
                'ori_shape',
                'img_shape',
                'scale_factor',
                'flip',
                'flip_direction',
                'text',
                'tags',
                'contrast_conv',
                'custom_entities',
                'tokens_positive',
                'dataset_mode',
                'conversations',
                'region_conversations',
            ),
            type='PackDetInputs'),
    ],
    return_classes=True,
    type='ODVGDataset',
    use_short_cap=False,
    use_uniform_prompt=True)
val_cfg = dict(type='ValLoop')
val_dataloader = dict(
    batch_size=1,
    dataset=dict(
        datasets=[
            dict(
                ann_file='annotations/lvis_v1_minival_inserted_image_name.json',
                data_prefix=dict(img=''),
                data_root='../grounding_data/coco/',
                pipeline=[
                    dict(
                        backend_args=None,
                        imdecode_backend='pillow',
                        type='LoadImageFromFile'),
                    dict(
                        backend='pillow',
                        keep_ratio=True,
                        scale=(
                            800,
                            1333,
                        ),
                        type='FixScaleResize'),
                    dict(type='LoadAnnotations', with_bbox=True),
                    dict(
                        meta_keys=(
                            'img_id',
                            'img_path',
                            'ori_shape',
                            'img_shape',
                            'scale_factor',
                            'text',
                            'custom_entities',
                            'tokens_positive',
                        ),
                        type='PackDetInputs'),
                ],
                return_classes=True,
                type='LVISV1Dataset'),
            dict(
                actual_dataset_mode='VG',
                ann_file='student_behavior_emotion_vg7_val.jsonl',
                backend_args=None,
                clean_caption=True,
                data_prefix=dict(img='frames'),
                data_root='../grounding_data/frames1/',
                filter_cfg=dict(filter_empty_gt=False),
                label_map_file=None,
                pipeline=[
                    dict(
                        backend_args=None,
                        imdecode_backend='pillow',
                        type='LoadImageFromFile'),
                    dict(
                        backend='pillow',
                        keep_ratio=True,
                        scale=(
                            800,
                            1333,
                        ),
                        type='FixScaleResize'),
                    dict(type='LoadAnnotations', with_bbox=True),
                    dict(
                        meta_keys=(
                            'img_id',
                            'img_path',
                            'ori_shape',
                            'img_shape',
                            'scale_factor',
                            'text',
                            'custom_entities',
                            'tokens_positive',
                        ),
                        type='PackDetInputs'),
                ],
                return_classes=True,
                type='ODVGDataset',
                use_short_cap=False,
                use_uniform_prompt=True),
        ],
        type='ConcatDataset'),
    drop_last=False,
    num_workers=2,
    persistent_workers=True,
    sampler=dict(shuffle=False, type='DefaultSampler'))
val_evaluator = dict(
    dataset_prefixes=[
        'lvis_minival',
        'student_behavior_emotion',
    ],
    metrics=[
        dict(
            ann_file=
            '../grounding_data/coco/annotations/lvis_v1_minival_inserted_image_name.json',
            type='LVISFixedAPMetric'),
        dict(iou_thrs=0.5, topk=(
            1,
            5,
            10,
        ), type='ODVGRecallMetric'),
    ],
    type='MultiDatasetsEvaluator')
vis_backends = [
    dict(type='LocalVisBackend'),
]
visualizer = dict(
    name='visualizer',
    type='DetLocalVisualizer',
    vis_backends=[
        dict(type='LocalVisBackend'),
    ])
work_dir = './work_dirs/grounding_dino_swin_t'

2026/02/04 23:21:30 - mmengine - INFO - Hooks will be executed in the following order:
before_run:
(VERY_HIGH   ) RuntimeInfoHook                    
(BELOW_NORMAL) LoggerHook                         
 -------------------- 
before_train:
(VERY_HIGH   ) RuntimeInfoHook                    
(NORMAL      ) IterTimerHook                      
(VERY_LOW    ) CheckpointHook                     
 -------------------- 
before_train_epoch:
(VERY_HIGH   ) RuntimeInfoHook                    
(NORMAL      ) IterTimerHook                      
(NORMAL      ) DistSamplerSeedHook                
 -------------------- 
before_train_iter:
(VERY_HIGH   ) RuntimeInfoHook                    
(NORMAL      ) IterTimerHook                      
 -------------------- 
after_train_iter:
(VERY_HIGH   ) RuntimeInfoHook                    
(NORMAL      ) IterTimerHook                      
(BELOW_NORMAL) LoggerHook                         
(LOW         ) ParamSchedulerHook                 
(VERY_LOW    ) CheckpointHook                     
 -------------------- 
after_train_epoch:
(NORMAL      ) IterTimerHook                      
(LOW         ) ParamSchedulerHook                 
(VERY_LOW    ) CheckpointHook                     
 -------------------- 
before_val:
(VERY_HIGH   ) RuntimeInfoHook                    
 -------------------- 
before_val_epoch:
(NORMAL      ) IterTimerHook                      
 -------------------- 
before_val_iter:
(NORMAL      ) IterTimerHook                      
 -------------------- 
after_val_iter:
(NORMAL      ) IterTimerHook                      
(NORMAL      ) GroundingVisualizationHook         
(BELOW_NORMAL) LoggerHook                         
 -------------------- 
after_val_epoch:
(VERY_HIGH   ) RuntimeInfoHook                    
(NORMAL      ) IterTimerHook                      
(BELOW_NORMAL) LoggerHook                         
(LOW         ) ParamSchedulerHook                 
(VERY_LOW    ) CheckpointHook                     
 -------------------- 
after_val:
(VERY_HIGH   ) RuntimeInfoHook                    
 -------------------- 
after_train:
(VERY_HIGH   ) RuntimeInfoHook                    
(VERY_LOW    ) CheckpointHook                     
 -------------------- 
before_test:
(VERY_HIGH   ) RuntimeInfoHook                    
 -------------------- 
before_test_epoch:
(NORMAL      ) IterTimerHook                      
 -------------------- 
before_test_iter:
(NORMAL      ) IterTimerHook                      
 -------------------- 
after_test_iter:
(NORMAL      ) IterTimerHook                      
(NORMAL      ) GroundingVisualizationHook         
(BELOW_NORMAL) LoggerHook                         
 -------------------- 
after_test_epoch:
(VERY_HIGH   ) RuntimeInfoHook                    
(NORMAL      ) IterTimerHook                      
(BELOW_NORMAL) LoggerHook                         
 -------------------- 
after_test:
(VERY_HIGH   ) RuntimeInfoHook                    
 -------------------- 
after_run:
(BELOW_NORMAL) LoggerHook                         
 -------------------- 
2026/02/04 23:21:54 - mmengine - WARNING - backbone.patch_embed.projection.weight is skipped since its requires_grad=False
2026/02/04 23:21:54 - mmengine - WARNING - backbone.patch_embed.projection.bias is skipped since its requires_grad=False
2026/02/04 23:21:54 - mmengine - WARNING - backbone.patch_embed.norm.weight is skipped since its requires_grad=False
2026/02/04 23:21:54 - mmengine - WARNING - backbone.patch_embed.norm.bias is skipped since its requires_grad=False
2026/02/04 23:21:54 - mmengine - WARNING - backbone.stages.0.blocks.0.norm1.weight is skipped since its requires_grad=False
2026/02/04 23:21:54 - mmengine - WARNING - backbone.stages.0.blocks.0.norm1.bias is skipped since its requires_grad=False
2026/02/04 23:21:54 - mmengine - WARNING - backbone.stages.0.blocks.0.attn.w_msa.relative_position_bias_table is skipped since its requires_grad=False
2026/02/04 23:21:54 - mmengine - WARNING - backbone.stages.0.blocks.0.attn.w_msa.qkv.weight is skipped since its requires_grad=False
2026/02/04 23:21:54 - mmengine - WARNING - backbone.stages.0.blocks.0.attn.w_msa.qkv.bias is skipped since its requires_grad=False
2026/02/04 23:21:54 - mmengine - WARNING - backbone.stages.0.blocks.0.attn.w_msa.proj.weight is skipped since its requires_grad=False
2026/02/04 23:21:54 - mmengine - WARNING - backbone.stages.0.blocks.0.attn.w_msa.proj.bias is skipped since its requires_grad=False
2026/02/04 23:21:54 - mmengine - WARNING - backbone.stages.0.blocks.0.norm2.weight is skipped since its requires_grad=False
2026/02/04 23:21:54 - mmengine - WARNING - backbone.stages.0.blocks.0.norm2.bias is skipped since its requires_grad=False
2026/02/04 23:21:54 - mmengine - WARNING - backbone.stages.0.blocks.0.ffn.layers.0.0.weight is skipped since its requires_grad=False
2026/02/04 23:21:54 - mmengine - WARNING - backbone.stages.0.blocks.0.ffn.layers.0.0.bias is skipped since its requires_grad=False
2026/02/04 23:21:54 - mmengine - WARNING - backbone.stages.0.blocks.0.ffn.layers.1.weight is skipped since its requires_grad=False
2026/02/04 23:21:54 - mmengine - WARNING - backbone.stages.0.blocks.0.ffn.layers.1.bias is skipped since its requires_grad=False
2026/02/04 23:21:54 - mmengine - WARNING - backbone.stages.0.blocks.1.norm1.weight is skipped since its requires_grad=False
2026/02/04 23:21:54 - mmengine - WARNING - backbone.stages.0.blocks.1.norm1.bias is skipped since its requires_grad=False
2026/02/04 23:21:54 - mmengine - WARNING - backbone.stages.0.blocks.1.attn.w_msa.relative_position_bias_table is skipped since its requires_grad=False
2026/02/04 23:21:54 - mmengine - WARNING - backbone.stages.0.blocks.1.attn.w_msa.qkv.weight is skipped since its requires_grad=False
2026/02/04 23:21:54 - mmengine - WARNING - backbone.stages.0.blocks.1.attn.w_msa.qkv.bias is skipped since its requires_grad=False
2026/02/04 23:21:54 - mmengine - WARNING - backbone.stages.0.blocks.1.attn.w_msa.proj.weight is skipped since its requires_grad=False
2026/02/04 23:21:54 - mmengine - WARNING - backbone.stages.0.blocks.1.attn.w_msa.proj.bias is skipped since its requires_grad=False
2026/02/04 23:21:54 - mmengine - WARNING - backbone.stages.0.blocks.1.norm2.weight is skipped since its requires_grad=False
2026/02/04 23:21:54 - mmengine - WARNING - backbone.stages.0.blocks.1.norm2.bias is skipped since its requires_grad=False
2026/02/04 23:21:54 - mmengine - WARNING - backbone.stages.0.blocks.1.ffn.layers.0.0.weight is skipped since its requires_grad=False
2026/02/04 23:21:54 - mmengine - WARNING - backbone.stages.0.blocks.1.ffn.layers.0.0.bias is skipped since its requires_grad=False
2026/02/04 23:21:54 - mmengine - WARNING - backbone.stages.0.blocks.1.ffn.layers.1.weight is skipped since its requires_grad=False
2026/02/04 23:21:54 - mmengine - WARNING - backbone.stages.0.blocks.1.ffn.layers.1.bias is skipped since its requires_grad=False
2026/02/04 23:21:54 - mmengine - WARNING - backbone.stages.0.downsample.norm.weight is skipped since its requires_grad=False
2026/02/04 23:21:54 - mmengine - WARNING - backbone.stages.0.downsample.norm.bias is skipped since its requires_grad=False
2026/02/04 23:21:54 - mmengine - WARNING - backbone.stages.0.downsample.reduction.weight is skipped since its requires_grad=False
2026/02/04 23:21:54 - mmengine - WARNING - backbone.stages.1.blocks.0.norm1.weight is skipped since its requires_grad=False
2026/02/04 23:21:54 - mmengine - WARNING - backbone.stages.1.blocks.0.norm1.bias is skipped since its requires_grad=False
2026/02/04 23:21:54 - mmengine - WARNING - backbone.stages.1.blocks.0.attn.w_msa.relative_position_bias_table is skipped since its requires_grad=False
2026/02/04 23:21:54 - mmengine - WARNING - backbone.stages.1.blocks.0.attn.w_msa.qkv.weight is skipped since its requires_grad=False
2026/02/04 23:21:54 - mmengine - WARNING - backbone.stages.1.blocks.0.attn.w_msa.qkv.bias is skipped since its requires_grad=False
2026/02/04 23:21:54 - mmengine - WARNING - backbone.stages.1.blocks.0.attn.w_msa.proj.weight is skipped since its requires_grad=False
2026/02/04 23:21:54 - mmengine - WARNING - backbone.stages.1.blocks.0.attn.w_msa.proj.bias is skipped since its requires_grad=False
2026/02/04 23:21:54 - mmengine - WARNING - backbone.stages.1.blocks.0.norm2.weight is skipped since its requires_grad=False
2026/02/04 23:21:54 - mmengine - WARNING - backbone.stages.1.blocks.0.norm2.bias is skipped since its requires_grad=False
2026/02/04 23:21:54 - mmengine - WARNING - backbone.stages.1.blocks.0.ffn.layers.0.0.weight is skipped since its requires_grad=False
2026/02/04 23:21:54 - mmengine - WARNING - backbone.stages.1.blocks.0.ffn.layers.0.0.bias is skipped since its requires_grad=False
2026/02/04 23:21:54 - mmengine - WARNING - backbone.stages.1.blocks.0.ffn.layers.1.weight is skipped since its requires_grad=False
2026/02/04 23:21:54 - mmengine - WARNING - backbone.stages.1.blocks.0.ffn.layers.1.bias is skipped since its requires_grad=False
2026/02/04 23:21:54 - mmengine - WARNING - backbone.stages.1.blocks.1.norm1.weight is skipped since its requires_grad=False
2026/02/04 23:21:54 - mmengine - WARNING - backbone.stages.1.blocks.1.norm1.bias is skipped since its requires_grad=False
2026/02/04 23:21:54 - mmengine - WARNING - backbone.stages.1.blocks.1.attn.w_msa.relative_position_bias_table is skipped since its requires_grad=False
2026/02/04 23:21:54 - mmengine - WARNING - backbone.stages.1.blocks.1.attn.w_msa.qkv.weight is skipped since its requires_grad=False
2026/02/04 23:21:54 - mmengine - WARNING - backbone.stages.1.blocks.1.attn.w_msa.qkv.bias is skipped since its requires_grad=False
2026/02/04 23:21:54 - mmengine - WARNING - backbone.stages.1.blocks.1.attn.w_msa.proj.weight is skipped since its requires_grad=False
2026/02/04 23:21:54 - mmengine - WARNING - backbone.stages.1.blocks.1.attn.w_msa.proj.bias is skipped since its requires_grad=False
2026/02/04 23:21:54 - mmengine - WARNING - backbone.stages.1.blocks.1.norm2.weight is skipped since its requires_grad=False
2026/02/04 23:21:54 - mmengine - WARNING - backbone.stages.1.blocks.1.norm2.bias is skipped since its requires_grad=False
2026/02/04 23:21:54 - mmengine - WARNING - backbone.stages.1.blocks.1.ffn.layers.0.0.weight is skipped since its requires_grad=False
2026/02/04 23:21:54 - mmengine - WARNING - backbone.stages.1.blocks.1.ffn.layers.0.0.bias is skipped since its requires_grad=False
2026/02/04 23:21:54 - mmengine - WARNING - backbone.stages.1.blocks.1.ffn.layers.1.weight is skipped since its requires_grad=False
2026/02/04 23:21:54 - mmengine - WARNING - backbone.stages.1.blocks.1.ffn.layers.1.bias is skipped since its requires_grad=False
2026/02/04 23:21:54 - mmengine - WARNING - backbone.stages.1.downsample.norm.weight is skipped since its requires_grad=False
2026/02/04 23:21:54 - mmengine - WARNING - backbone.stages.1.downsample.norm.bias is skipped since its requires_grad=False
2026/02/04 23:21:54 - mmengine - WARNING - backbone.stages.1.downsample.reduction.weight is skipped since its requires_grad=False
2026/02/04 23:21:54 - mmengine - WARNING - backbone.stages.2.blocks.0.norm1.weight is skipped since its requires_grad=False
2026/02/04 23:21:54 - mmengine - WARNING - backbone.stages.2.blocks.0.norm1.bias is skipped since its requires_grad=False
2026/02/04 23:21:54 - mmengine - WARNING - backbone.stages.2.blocks.0.attn.w_msa.relative_position_bias_table is skipped since its requires_grad=False
2026/02/04 23:21:54 - mmengine - WARNING - backbone.stages.2.blocks.0.attn.w_msa.qkv.weight is skipped since its requires_grad=False
2026/02/04 23:21:54 - mmengine - WARNING - backbone.stages.2.blocks.0.attn.w_msa.qkv.bias is skipped since its requires_grad=False
2026/02/04 23:21:54 - mmengine - WARNING - backbone.stages.2.blocks.0.attn.w_msa.proj.weight is skipped since its requires_grad=False
2026/02/04 23:21:54 - mmengine - WARNING - backbone.stages.2.blocks.0.attn.w_msa.proj.bias is skipped since its requires_grad=False
2026/02/04 23:21:54 - mmengine - WARNING - backbone.stages.2.blocks.0.norm2.weight is skipped since its requires_grad=False
2026/02/04 23:21:54 - mmengine - WARNING - backbone.stages.2.blocks.0.norm2.bias is skipped since its requires_grad=False
2026/02/04 23:21:54 - mmengine - WARNING - backbone.stages.2.blocks.0.ffn.layers.0.0.weight is skipped since its requires_grad=False
2026/02/04 23:21:54 - mmengine - WARNING - backbone.stages.2.blocks.0.ffn.layers.0.0.bias is skipped since its requires_grad=False
2026/02/04 23:21:54 - mmengine - WARNING - backbone.stages.2.blocks.0.ffn.layers.1.weight is skipped since its requires_grad=False
2026/02/04 23:21:54 - mmengine - WARNING - backbone.stages.2.blocks.0.ffn.layers.1.bias is skipped since its requires_grad=False
2026/02/04 23:21:54 - mmengine - WARNING - backbone.stages.2.blocks.1.norm1.weight is skipped since its requires_grad=False
2026/02/04 23:21:54 - mmengine - WARNING - backbone.stages.2.blocks.1.norm1.bias is skipped since its requires_grad=False
2026/02/04 23:21:54 - mmengine - WARNING - backbone.stages.2.blocks.1.attn.w_msa.relative_position_bias_table is skipped since its requires_grad=False
2026/02/04 23:21:54 - mmengine - WARNING - backbone.stages.2.blocks.1.attn.w_msa.qkv.weight is skipped since its requires_grad=False
2026/02/04 23:21:54 - mmengine - WARNING - backbone.stages.2.blocks.1.attn.w_msa.qkv.bias is skipped since its requires_grad=False
2026/02/04 23:21:54 - mmengine - WARNING - backbone.stages.2.blocks.1.attn.w_msa.proj.weight is skipped since its requires_grad=False
2026/02/04 23:21:54 - mmengine - WARNING - backbone.stages.2.blocks.1.attn.w_msa.proj.bias is skipped since its requires_grad=False
2026/02/04 23:21:54 - mmengine - WARNING - backbone.stages.2.blocks.1.norm2.weight is skipped since its requires_grad=False
2026/02/04 23:21:54 - mmengine - WARNING - backbone.stages.2.blocks.1.norm2.bias is skipped since its requires_grad=False
2026/02/04 23:21:54 - mmengine - WARNING - backbone.stages.2.blocks.1.ffn.layers.0.0.weight is skipped since its requires_grad=False
2026/02/04 23:21:54 - mmengine - WARNING - backbone.stages.2.blocks.1.ffn.layers.0.0.bias is skipped since its requires_grad=False
2026/02/04 23:21:54 - mmengine - WARNING - backbone.stages.2.blocks.1.ffn.layers.1.weight is skipped since its requires_grad=False
2026/02/04 23:21:54 - mmengine - WARNING - backbone.stages.2.blocks.1.ffn.layers.1.bias is skipped since its requires_grad=False
2026/02/04 23:21:54 - mmengine - WARNING - backbone.stages.2.blocks.2.norm1.weight is skipped since its requires_grad=False
2026/02/04 23:21:54 - mmengine - WARNING - backbone.stages.2.blocks.2.norm1.bias is skipped since its requires_grad=False
2026/02/04 23:21:54 - mmengine - WARNING - backbone.stages.2.blocks.2.attn.w_msa.relative_position_bias_table is skipped since its requires_grad=False
2026/02/04 23:21:54 - mmengine - WARNING - backbone.stages.2.blocks.2.attn.w_msa.qkv.weight is skipped since its requires_grad=False
2026/02/04 23:21:54 - mmengine - WARNING - backbone.stages.2.blocks.2.attn.w_msa.qkv.bias is skipped since its requires_grad=False
2026/02/04 23:21:54 - mmengine - WARNING - backbone.stages.2.blocks.2.attn.w_msa.proj.weight is skipped since its requires_grad=False
2026/02/04 23:21:54 - mmengine - WARNING - backbone.stages.2.blocks.2.attn.w_msa.proj.bias is skipped since its requires_grad=False
2026/02/04 23:21:54 - mmengine - WARNING - backbone.stages.2.blocks.2.norm2.weight is skipped since its requires_grad=False
2026/02/04 23:21:54 - mmengine - WARNING - backbone.stages.2.blocks.2.norm2.bias is skipped since its requires_grad=False
2026/02/04 23:21:54 - mmengine - WARNING - backbone.stages.2.blocks.2.ffn.layers.0.0.weight is skipped since its requires_grad=False
2026/02/04 23:21:54 - mmengine - WARNING - backbone.stages.2.blocks.2.ffn.layers.0.0.bias is skipped since its requires_grad=False
2026/02/04 23:21:54 - mmengine - WARNING - backbone.stages.2.blocks.2.ffn.layers.1.weight is skipped since its requires_grad=False
2026/02/04 23:21:54 - mmengine - WARNING - backbone.stages.2.blocks.2.ffn.layers.1.bias is skipped since its requires_grad=False
2026/02/04 23:21:54 - mmengine - WARNING - backbone.stages.2.blocks.3.norm1.weight is skipped since its requires_grad=False
2026/02/04 23:21:54 - mmengine - WARNING - backbone.stages.2.blocks.3.norm1.bias is skipped since its requires_grad=False
2026/02/04 23:21:54 - mmengine - WARNING - backbone.stages.2.blocks.3.attn.w_msa.relative_position_bias_table is skipped since its requires_grad=False
2026/02/04 23:21:54 - mmengine - WARNING - backbone.stages.2.blocks.3.attn.w_msa.qkv.weight is skipped since its requires_grad=False
2026/02/04 23:21:54 - mmengine - WARNING - backbone.stages.2.blocks.3.attn.w_msa.qkv.bias is skipped since its requires_grad=False
2026/02/04 23:21:54 - mmengine - WARNING - backbone.stages.2.blocks.3.attn.w_msa.proj.weight is skipped since its requires_grad=False
2026/02/04 23:21:54 - mmengine - WARNING - backbone.stages.2.blocks.3.attn.w_msa.proj.bias is skipped since its requires_grad=False
2026/02/04 23:21:54 - mmengine - WARNING - backbone.stages.2.blocks.3.norm2.weight is skipped since its requires_grad=False
2026/02/04 23:21:54 - mmengine - WARNING - backbone.stages.2.blocks.3.norm2.bias is skipped since its requires_grad=False
2026/02/04 23:21:54 - mmengine - WARNING - backbone.stages.2.blocks.3.ffn.layers.0.0.weight is skipped since its requires_grad=False
2026/02/04 23:21:54 - mmengine - WARNING - backbone.stages.2.blocks.3.ffn.layers.0.0.bias is skipped since its requires_grad=False
2026/02/04 23:21:54 - mmengine - WARNING - backbone.stages.2.blocks.3.ffn.layers.1.weight is skipped since its requires_grad=False
2026/02/04 23:21:54 - mmengine - WARNING - backbone.stages.2.blocks.3.ffn.layers.1.bias is skipped since its requires_grad=False
2026/02/04 23:21:54 - mmengine - WARNING - backbone.stages.2.blocks.4.norm1.weight is skipped since its requires_grad=False
2026/02/04 23:21:54 - mmengine - WARNING - backbone.stages.2.blocks.4.norm1.bias is skipped since its requires_grad=False
2026/02/04 23:21:54 - mmengine - WARNING - backbone.stages.2.blocks.4.attn.w_msa.relative_position_bias_table is skipped since its requires_grad=False
2026/02/04 23:21:54 - mmengine - WARNING - backbone.stages.2.blocks.4.attn.w_msa.qkv.weight is skipped since its requires_grad=False
2026/02/04 23:21:54 - mmengine - WARNING - backbone.stages.2.blocks.4.attn.w_msa.qkv.bias is skipped since its requires_grad=False
2026/02/04 23:21:54 - mmengine - WARNING - backbone.stages.2.blocks.4.attn.w_msa.proj.weight is skipped since its requires_grad=False
2026/02/04 23:21:54 - mmengine - WARNING - backbone.stages.2.blocks.4.attn.w_msa.proj.bias is skipped since its requires_grad=False
2026/02/04 23:21:54 - mmengine - WARNING - backbone.stages.2.blocks.4.norm2.weight is skipped since its requires_grad=False
2026/02/04 23:21:54 - mmengine - WARNING - backbone.stages.2.blocks.4.norm2.bias is skipped since its requires_grad=False
2026/02/04 23:21:54 - mmengine - WARNING - backbone.stages.2.blocks.4.ffn.layers.0.0.weight is skipped since its requires_grad=False
2026/02/04 23:21:54 - mmengine - WARNING - backbone.stages.2.blocks.4.ffn.layers.0.0.bias is skipped since its requires_grad=False
2026/02/04 23:21:54 - mmengine - WARNING - backbone.stages.2.blocks.4.ffn.layers.1.weight is skipped since its requires_grad=False
2026/02/04 23:21:54 - mmengine - WARNING - backbone.stages.2.blocks.4.ffn.layers.1.bias is skipped since its requires_grad=False
2026/02/04 23:21:54 - mmengine - WARNING - backbone.stages.2.blocks.5.norm1.weight is skipped since its requires_grad=False
2026/02/04 23:21:54 - mmengine - WARNING - backbone.stages.2.blocks.5.norm1.bias is skipped since its requires_grad=False
2026/02/04 23:21:54 - mmengine - WARNING - backbone.stages.2.blocks.5.attn.w_msa.relative_position_bias_table is skipped since its requires_grad=False
2026/02/04 23:21:54 - mmengine - WARNING - backbone.stages.2.blocks.5.attn.w_msa.qkv.weight is skipped since its requires_grad=False
2026/02/04 23:21:54 - mmengine - WARNING - backbone.stages.2.blocks.5.attn.w_msa.qkv.bias is skipped since its requires_grad=False
2026/02/04 23:21:54 - mmengine - WARNING - backbone.stages.2.blocks.5.attn.w_msa.proj.weight is skipped since its requires_grad=False
2026/02/04 23:21:54 - mmengine - WARNING - backbone.stages.2.blocks.5.attn.w_msa.proj.bias is skipped since its requires_grad=False
2026/02/04 23:21:54 - mmengine - WARNING - backbone.stages.2.blocks.5.norm2.weight is skipped since its requires_grad=False
2026/02/04 23:21:54 - mmengine - WARNING - backbone.stages.2.blocks.5.norm2.bias is skipped since its requires_grad=False
2026/02/04 23:21:54 - mmengine - WARNING - backbone.stages.2.blocks.5.ffn.layers.0.0.weight is skipped since its requires_grad=False
2026/02/04 23:21:54 - mmengine - WARNING - backbone.stages.2.blocks.5.ffn.layers.0.0.bias is skipped since its requires_grad=False
2026/02/04 23:21:54 - mmengine - WARNING - backbone.stages.2.blocks.5.ffn.layers.1.weight is skipped since its requires_grad=False
2026/02/04 23:21:54 - mmengine - WARNING - backbone.stages.2.blocks.5.ffn.layers.1.bias is skipped since its requires_grad=False
2026/02/04 23:21:54 - mmengine - WARNING - backbone.stages.2.downsample.norm.weight is skipped since its requires_grad=False
2026/02/04 23:21:54 - mmengine - WARNING - backbone.stages.2.downsample.norm.bias is skipped since its requires_grad=False
2026/02/04 23:21:54 - mmengine - WARNING - backbone.stages.2.downsample.reduction.weight is skipped since its requires_grad=False
2026/02/04 23:21:54 - mmengine - WARNING - backbone.stages.3.blocks.0.norm1.weight is skipped since its requires_grad=False
2026/02/04 23:21:54 - mmengine - WARNING - backbone.stages.3.blocks.0.norm1.bias is skipped since its requires_grad=False
2026/02/04 23:21:54 - mmengine - WARNING - backbone.stages.3.blocks.0.attn.w_msa.relative_position_bias_table is skipped since its requires_grad=False
2026/02/04 23:21:54 - mmengine - WARNING - backbone.stages.3.blocks.0.attn.w_msa.qkv.weight is skipped since its requires_grad=False
2026/02/04 23:21:54 - mmengine - WARNING - backbone.stages.3.blocks.0.attn.w_msa.qkv.bias is skipped since its requires_grad=False
2026/02/04 23:21:54 - mmengine - WARNING - backbone.stages.3.blocks.0.attn.w_msa.proj.weight is skipped since its requires_grad=False
2026/02/04 23:21:54 - mmengine - WARNING - backbone.stages.3.blocks.0.attn.w_msa.proj.bias is skipped since its requires_grad=False
2026/02/04 23:21:54 - mmengine - WARNING - backbone.stages.3.blocks.0.norm2.weight is skipped since its requires_grad=False
2026/02/04 23:21:54 - mmengine - WARNING - backbone.stages.3.blocks.0.norm2.bias is skipped since its requires_grad=False
2026/02/04 23:21:54 - mmengine - WARNING - backbone.stages.3.blocks.0.ffn.layers.0.0.weight is skipped since its requires_grad=False
2026/02/04 23:21:54 - mmengine - WARNING - backbone.stages.3.blocks.0.ffn.layers.0.0.bias is skipped since its requires_grad=False
2026/02/04 23:21:54 - mmengine - WARNING - backbone.stages.3.blocks.0.ffn.layers.1.weight is skipped since its requires_grad=False
2026/02/04 23:21:54 - mmengine - WARNING - backbone.stages.3.blocks.0.ffn.layers.1.bias is skipped since its requires_grad=False
2026/02/04 23:21:54 - mmengine - WARNING - backbone.stages.3.blocks.1.norm1.weight is skipped since its requires_grad=False
2026/02/04 23:21:54 - mmengine - WARNING - backbone.stages.3.blocks.1.norm1.bias is skipped since its requires_grad=False
2026/02/04 23:21:54 - mmengine - WARNING - backbone.stages.3.blocks.1.attn.w_msa.relative_position_bias_table is skipped since its requires_grad=False
2026/02/04 23:21:54 - mmengine - WARNING - backbone.stages.3.blocks.1.attn.w_msa.qkv.weight is skipped since its requires_grad=False
2026/02/04 23:21:54 - mmengine - WARNING - backbone.stages.3.blocks.1.attn.w_msa.qkv.bias is skipped since its requires_grad=False
2026/02/04 23:21:54 - mmengine - WARNING - backbone.stages.3.blocks.1.attn.w_msa.proj.weight is skipped since its requires_grad=False
2026/02/04 23:21:54 - mmengine - WARNING - backbone.stages.3.blocks.1.attn.w_msa.proj.bias is skipped since its requires_grad=False
2026/02/04 23:21:54 - mmengine - WARNING - backbone.stages.3.blocks.1.norm2.weight is skipped since its requires_grad=False
2026/02/04 23:21:54 - mmengine - WARNING - backbone.stages.3.blocks.1.norm2.bias is skipped since its requires_grad=False
2026/02/04 23:21:54 - mmengine - WARNING - backbone.stages.3.blocks.1.ffn.layers.0.0.weight is skipped since its requires_grad=False
2026/02/04 23:21:54 - mmengine - WARNING - backbone.stages.3.blocks.1.ffn.layers.0.0.bias is skipped since its requires_grad=False
2026/02/04 23:21:54 - mmengine - WARNING - backbone.stages.3.blocks.1.ffn.layers.1.weight is skipped since its requires_grad=False
2026/02/04 23:21:54 - mmengine - WARNING - backbone.stages.3.blocks.1.ffn.layers.1.bias is skipped since its requires_grad=False
2026/02/04 23:21:54 - mmengine - WARNING - backbone.norm1.weight is skipped since its requires_grad=False
2026/02/04 23:21:54 - mmengine - WARNING - backbone.norm1.bias is skipped since its requires_grad=False
2026/02/04 23:21:54 - mmengine - WARNING - backbone.norm2.weight is skipped since its requires_grad=False
2026/02/04 23:21:54 - mmengine - WARNING - backbone.norm2.bias is skipped since its requires_grad=False
2026/02/04 23:21:54 - mmengine - WARNING - backbone.norm3.weight is skipped since its requires_grad=False
2026/02/04 23:21:54 - mmengine - WARNING - backbone.norm3.bias is skipped since its requires_grad=False
2026/02/04 23:21:54 - mmengine - WARNING - neck.convs.0.conv.weight is skipped since its requires_grad=False
2026/02/04 23:21:54 - mmengine - WARNING - neck.convs.0.conv.bias is skipped since its requires_grad=False
2026/02/04 23:21:54 - mmengine - WARNING - neck.convs.0.gn.weight is skipped since its requires_grad=False
2026/02/04 23:21:54 - mmengine - WARNING - neck.convs.0.gn.bias is skipped since its requires_grad=False
2026/02/04 23:21:54 - mmengine - WARNING - neck.convs.1.conv.weight is skipped since its requires_grad=False
2026/02/04 23:21:54 - mmengine - WARNING - neck.convs.1.conv.bias is skipped since its requires_grad=False
2026/02/04 23:21:54 - mmengine - WARNING - neck.convs.1.gn.weight is skipped since its requires_grad=False
2026/02/04 23:21:54 - mmengine - WARNING - neck.convs.1.gn.bias is skipped since its requires_grad=False
2026/02/04 23:21:54 - mmengine - WARNING - neck.convs.2.conv.weight is skipped since its requires_grad=False
2026/02/04 23:21:54 - mmengine - WARNING - neck.convs.2.conv.bias is skipped since its requires_grad=False
2026/02/04 23:21:54 - mmengine - WARNING - neck.convs.2.gn.weight is skipped since its requires_grad=False
2026/02/04 23:21:54 - mmengine - WARNING - neck.convs.2.gn.bias is skipped since its requires_grad=False
2026/02/04 23:21:54 - mmengine - WARNING - neck.extra_convs.0.conv.weight is skipped since its requires_grad=False
2026/02/04 23:21:54 - mmengine - WARNING - neck.extra_convs.0.conv.bias is skipped since its requires_grad=False
2026/02/04 23:21:54 - mmengine - WARNING - neck.extra_convs.0.gn.weight is skipped since its requires_grad=False
2026/02/04 23:21:54 - mmengine - WARNING - neck.extra_convs.0.gn.bias is skipped since its requires_grad=False
2026/02/04 23:21:54 - mmengine - INFO - paramwise_options -- language_model.language_backbone.body.model.embeddings.word_embeddings.weight:lr=1e-05
2026/02/04 23:21:54 - mmengine - INFO - paramwise_options -- language_model.language_backbone.body.model.embeddings.word_embeddings.weight:weight_decay=0.0001
2026/02/04 23:21:54 - mmengine - INFO - paramwise_options -- language_model.language_backbone.body.model.embeddings.word_embeddings.weight:lr_mult=0.1
2026/02/04 23:21:54 - mmengine - INFO - paramwise_options -- language_model.language_backbone.body.model.embeddings.position_embeddings.weight:lr=1e-05
2026/02/04 23:21:54 - mmengine - INFO - paramwise_options -- language_model.language_backbone.body.model.embeddings.position_embeddings.weight:weight_decay=0.0001
2026/02/04 23:21:54 - mmengine - INFO - paramwise_options -- language_model.language_backbone.body.model.embeddings.position_embeddings.weight:lr_mult=0.1
2026/02/04 23:21:54 - mmengine - INFO - paramwise_options -- language_model.language_backbone.body.model.embeddings.token_type_embeddings.weight:lr=1e-05
2026/02/04 23:21:54 - mmengine - INFO - paramwise_options -- language_model.language_backbone.body.model.embeddings.token_type_embeddings.weight:weight_decay=0.0001
2026/02/04 23:21:54 - mmengine - INFO - paramwise_options -- language_model.language_backbone.body.model.embeddings.token_type_embeddings.weight:lr_mult=0.1
2026/02/04 23:21:54 - mmengine - INFO - paramwise_options -- language_model.language_backbone.body.model.embeddings.LayerNorm.weight:lr=1e-05
2026/02/04 23:21:54 - mmengine - INFO - paramwise_options -- language_model.language_backbone.body.model.embeddings.LayerNorm.weight:weight_decay=0.0001
2026/02/04 23:21:54 - mmengine - INFO - paramwise_options -- language_model.language_backbone.body.model.embeddings.LayerNorm.weight:lr_mult=0.1
2026/02/04 23:21:54 - mmengine - INFO - paramwise_options -- language_model.language_backbone.body.model.embeddings.LayerNorm.bias:lr=1e-05
2026/02/04 23:21:54 - mmengine - INFO - paramwise_options -- language_model.language_backbone.body.model.embeddings.LayerNorm.bias:weight_decay=0.0001
2026/02/04 23:21:54 - mmengine - INFO - paramwise_options -- language_model.language_backbone.body.model.embeddings.LayerNorm.bias:lr_mult=0.1
2026/02/04 23:21:54 - mmengine - INFO - paramwise_options -- language_model.language_backbone.body.model.encoder.layer.0.attention.self.query.weight:lr=1e-05
2026/02/04 23:21:54 - mmengine - INFO - paramwise_options -- language_model.language_backbone.body.model.encoder.layer.0.attention.self.query.weight:weight_decay=0.0001
2026/02/04 23:21:54 - mmengine - INFO - paramwise_options -- language_model.language_backbone.body.model.encoder.layer.0.attention.self.query.weight:lr_mult=0.1
2026/02/04 23:21:54 - mmengine - INFO - paramwise_options -- language_model.language_backbone.body.model.encoder.layer.0.attention.self.query.bias:lr=1e-05
2026/02/04 23:21:54 - mmengine - INFO - paramwise_options -- language_model.language_backbone.body.model.encoder.layer.0.attention.self.query.bias:weight_decay=0.0001
2026/02/04 23:21:54 - mmengine - INFO - paramwise_options -- language_model.language_backbone.body.model.encoder.layer.0.attention.self.query.bias:lr_mult=0.1
2026/02/04 23:21:54 - mmengine - INFO - paramwise_options -- language_model.language_backbone.body.model.encoder.layer.0.attention.self.key.weight:lr=1e-05
2026/02/04 23:21:54 - mmengine - INFO - paramwise_options -- language_model.language_backbone.body.model.encoder.layer.0.attention.self.key.weight:weight_decay=0.0001
2026/02/04 23:21:54 - mmengine - INFO - paramwise_options -- language_model.language_backbone.body.model.encoder.layer.0.attention.self.key.weight:lr_mult=0.1
2026/02/04 23:21:54 - mmengine - INFO - paramwise_options -- language_model.language_backbone.body.model.encoder.layer.0.attention.self.key.bias:lr=1e-05
2026/02/04 23:21:54 - mmengine - INFO - paramwise_options -- language_model.language_backbone.body.model.encoder.layer.0.attention.self.key.bias:weight_decay=0.0001
2026/02/04 23:21:54 - mmengine - INFO - paramwise_options -- language_model.language_backbone.body.model.encoder.layer.0.attention.self.key.bias:lr_mult=0.1
2026/02/04 23:21:54 - mmengine - INFO - paramwise_options -- language_model.language_backbone.body.model.encoder.layer.0.attention.self.value.weight:lr=1e-05
2026/02/04 23:21:54 - mmengine - INFO - paramwise_options -- language_model.language_backbone.body.model.encoder.layer.0.attention.self.value.weight:weight_decay=0.0001
2026/02/04 23:21:54 - mmengine - INFO - paramwise_options -- language_model.language_backbone.body.model.encoder.layer.0.attention.self.value.weight:lr_mult=0.1
2026/02/04 23:21:54 - mmengine - INFO - paramwise_options -- language_model.language_backbone.body.model.encoder.layer.0.attention.self.value.bias:lr=1e-05
2026/02/04 23:21:54 - mmengine - INFO - paramwise_options -- language_model.language_backbone.body.model.encoder.layer.0.attention.self.value.bias:weight_decay=0.0001
2026/02/04 23:21:54 - mmengine - INFO - paramwise_options -- language_model.language_backbone.body.model.encoder.layer.0.attention.self.value.bias:lr_mult=0.1
2026/02/04 23:21:54 - mmengine - INFO - paramwise_options -- language_model.language_backbone.body.model.encoder.layer.0.attention.output.dense.weight:lr=1e-05
2026/02/04 23:21:54 - mmengine - INFO - paramwise_options -- language_model.language_backbone.body.model.encoder.layer.0.attention.output.dense.weight:weight_decay=0.0001
2026/02/04 23:21:54 - mmengine - INFO - paramwise_options -- language_model.language_backbone.body.model.encoder.layer.0.attention.output.dense.weight:lr_mult=0.1
2026/02/04 23:21:54 - mmengine - INFO - paramwise_options -- language_model.language_backbone.body.model.encoder.layer.0.attention.output.dense.bias:lr=1e-05
2026/02/04 23:21:54 - mmengine - INFO - paramwise_options -- language_model.language_backbone.body.model.encoder.layer.0.attention.output.dense.bias:weight_decay=0.0001
2026/02/04 23:21:54 - mmengine - INFO - paramwise_options -- language_model.language_backbone.body.model.encoder.layer.0.attention.output.dense.bias:lr_mult=0.1
2026/02/04 23:21:54 - mmengine - INFO - paramwise_options -- language_model.language_backbone.body.model.encoder.layer.0.attention.output.LayerNorm.weight:lr=1e-05
2026/02/04 23:21:54 - mmengine - INFO - paramwise_options -- language_model.language_backbone.body.model.encoder.layer.0.attention.output.LayerNorm.weight:weight_decay=0.0001
2026/02/04 23:21:54 - mmengine - INFO - paramwise_options -- language_model.language_backbone.body.model.encoder.layer.0.attention.output.LayerNorm.weight:lr_mult=0.1
2026/02/04 23:21:54 - mmengine - INFO - paramwise_options -- language_model.language_backbone.body.model.encoder.layer.0.attention.output.LayerNorm.bias:lr=1e-05
2026/02/04 23:21:54 - mmengine - INFO - paramwise_options -- language_model.language_backbone.body.model.encoder.layer.0.attention.output.LayerNorm.bias:weight_decay=0.0001
2026/02/04 23:21:54 - mmengine - INFO - paramwise_options -- language_model.language_backbone.body.model.encoder.layer.0.attention.output.LayerNorm.bias:lr_mult=0.1
2026/02/04 23:21:54 - mmengine - INFO - paramwise_options -- language_model.language_backbone.body.model.encoder.layer.0.intermediate.dense.weight:lr=1e-05
2026/02/04 23:21:54 - mmengine - INFO - paramwise_options -- language_model.language_backbone.body.model.encoder.layer.0.intermediate.dense.weight:weight_decay=0.0001
2026/02/04 23:21:54 - mmengine - INFO - paramwise_options -- language_model.language_backbone.body.model.encoder.layer.0.intermediate.dense.weight:lr_mult=0.1
2026/02/04 23:21:54 - mmengine - INFO - paramwise_options -- language_model.language_backbone.body.model.encoder.layer.0.intermediate.dense.bias:lr=1e-05
2026/02/04 23:21:54 - mmengine - INFO - paramwise_options -- language_model.language_backbone.body.model.encoder.layer.0.intermediate.dense.bias:weight_decay=0.0001
2026/02/04 23:21:54 - mmengine - INFO - paramwise_options -- language_model.language_backbone.body.model.encoder.layer.0.intermediate.dense.bias:lr_mult=0.1
2026/02/04 23:21:54 - mmengine - INFO - paramwise_options -- language_model.language_backbone.body.model.encoder.layer.0.output.dense.weight:lr=1e-05
2026/02/04 23:21:54 - mmengine - INFO - paramwise_options -- language_model.language_backbone.body.model.encoder.layer.0.output.dense.weight:weight_decay=0.0001
2026/02/04 23:21:54 - mmengine - INFO - paramwise_options -- language_model.language_backbone.body.model.encoder.layer.0.output.dense.weight:lr_mult=0.1
2026/02/04 23:21:54 - mmengine - INFO - paramwise_options -- language_model.language_backbone.body.model.encoder.layer.0.output.dense.bias:lr=1e-05
2026/02/04 23:21:54 - mmengine - INFO - paramwise_options -- language_model.language_backbone.body.model.encoder.layer.0.output.dense.bias:weight_decay=0.0001
2026/02/04 23:21:54 - mmengine - INFO - paramwise_options -- language_model.language_backbone.body.model.encoder.layer.0.output.dense.bias:lr_mult=0.1
2026/02/04 23:21:54 - mmengine - INFO - paramwise_options -- language_model.language_backbone.body.model.encoder.layer.0.output.LayerNorm.weight:lr=1e-05
2026/02/04 23:21:54 - mmengine - INFO - paramwise_options -- language_model.language_backbone.body.model.encoder.layer.0.output.LayerNorm.weight:weight_decay=0.0001
2026/02/04 23:21:54 - mmengine - INFO - paramwise_options -- language_model.language_backbone.body.model.encoder.layer.0.output.LayerNorm.weight:lr_mult=0.1
2026/02/04 23:21:54 - mmengine - INFO - paramwise_options -- language_model.language_backbone.body.model.encoder.layer.0.output.LayerNorm.bias:lr=1e-05
2026/02/04 23:21:54 - mmengine - INFO - paramwise_options -- language_model.language_backbone.body.model.encoder.layer.0.output.LayerNorm.bias:weight_decay=0.0001
2026/02/04 23:21:54 - mmengine - INFO - paramwise_options -- language_model.language_backbone.body.model.encoder.layer.0.output.LayerNorm.bias:lr_mult=0.1
2026/02/04 23:21:54 - mmengine - INFO - paramwise_options -- language_model.language_backbone.body.model.encoder.layer.1.attention.self.query.weight:lr=1e-05
2026/02/04 23:21:54 - mmengine - INFO - paramwise_options -- language_model.language_backbone.body.model.encoder.layer.1.attention.self.query.weight:weight_decay=0.0001
2026/02/04 23:21:54 - mmengine - INFO - paramwise_options -- language_model.language_backbone.body.model.encoder.layer.1.attention.self.query.weight:lr_mult=0.1
2026/02/04 23:21:54 - mmengine - INFO - paramwise_options -- language_model.language_backbone.body.model.encoder.layer.1.attention.self.query.bias:lr=1e-05
2026/02/04 23:21:54 - mmengine - INFO - paramwise_options -- language_model.language_backbone.body.model.encoder.layer.1.attention.self.query.bias:weight_decay=0.0001
2026/02/04 23:21:54 - mmengine - INFO - paramwise_options -- language_model.language_backbone.body.model.encoder.layer.1.attention.self.query.bias:lr_mult=0.1
2026/02/04 23:21:54 - mmengine - INFO - paramwise_options -- language_model.language_backbone.body.model.encoder.layer.1.attention.self.key.weight:lr=1e-05
2026/02/04 23:21:54 - mmengine - INFO - paramwise_options -- language_model.language_backbone.body.model.encoder.layer.1.attention.self.key.weight:weight_decay=0.0001
2026/02/04 23:21:54 - mmengine - INFO - paramwise_options -- language_model.language_backbone.body.model.encoder.layer.1.attention.self.key.weight:lr_mult=0.1
2026/02/04 23:21:54 - mmengine - INFO - paramwise_options -- language_model.language_backbone.body.model.encoder.layer.1.attention.self.key.bias:lr=1e-05
2026/02/04 23:21:54 - mmengine - INFO - paramwise_options -- language_model.language_backbone.body.model.encoder.layer.1.attention.self.key.bias:weight_decay=0.0001
2026/02/04 23:21:54 - mmengine - INFO - paramwise_options -- language_model.language_backbone.body.model.encoder.layer.1.attention.self.key.bias:lr_mult=0.1
2026/02/04 23:21:54 - mmengine - INFO - paramwise_options -- language_model.language_backbone.body.model.encoder.layer.1.attention.self.value.weight:lr=1e-05
2026/02/04 23:21:54 - mmengine - INFO - paramwise_options -- language_model.language_backbone.body.model.encoder.layer.1.attention.self.value.weight:weight_decay=0.0001
2026/02/04 23:21:54 - mmengine - INFO - paramwise_options -- language_model.language_backbone.body.model.encoder.layer.1.attention.self.value.weight:lr_mult=0.1
2026/02/04 23:21:54 - mmengine - INFO - paramwise_options -- language_model.language_backbone.body.model.encoder.layer.1.attention.self.value.bias:lr=1e-05
2026/02/04 23:21:54 - mmengine - INFO - paramwise_options -- language_model.language_backbone.body.model.encoder.layer.1.attention.self.value.bias:weight_decay=0.0001
2026/02/04 23:21:54 - mmengine - INFO - paramwise_options -- language_model.language_backbone.body.model.encoder.layer.1.attention.self.value.bias:lr_mult=0.1
2026/02/04 23:21:54 - mmengine - INFO - paramwise_options -- language_model.language_backbone.body.model.encoder.layer.1.attention.output.dense.weight:lr=1e-05
2026/02/04 23:21:54 - mmengine - INFO - paramwise_options -- language_model.language_backbone.body.model.encoder.layer.1.attention.output.dense.weight:weight_decay=0.0001
2026/02/04 23:21:54 - mmengine - INFO - paramwise_options -- language_model.language_backbone.body.model.encoder.layer.1.attention.output.dense.weight:lr_mult=0.1
2026/02/04 23:21:54 - mmengine - INFO - paramwise_options -- language_model.language_backbone.body.model.encoder.layer.1.attention.output.dense.bias:lr=1e-05
2026/02/04 23:21:54 - mmengine - INFO - paramwise_options -- language_model.language_backbone.body.model.encoder.layer.1.attention.output.dense.bias:weight_decay=0.0001
2026/02/04 23:21:54 - mmengine - INFO - paramwise_options -- language_model.language_backbone.body.model.encoder.layer.1.attention.output.dense.bias:lr_mult=0.1
2026/02/04 23:21:54 - mmengine - INFO - paramwise_options -- language_model.language_backbone.body.model.encoder.layer.1.attention.output.LayerNorm.weight:lr=1e-05
2026/02/04 23:21:54 - mmengine - INFO - paramwise_options -- language_model.language_backbone.body.model.encoder.layer.1.attention.output.LayerNorm.weight:weight_decay=0.0001
2026/02/04 23:21:54 - mmengine - INFO - paramwise_options -- language_model.language_backbone.body.model.encoder.layer.1.attention.output.LayerNorm.weight:lr_mult=0.1
2026/02/04 23:21:54 - mmengine - INFO - paramwise_options -- language_model.language_backbone.body.model.encoder.layer.1.attention.output.LayerNorm.bias:lr=1e-05
2026/02/04 23:21:54 - mmengine - INFO - paramwise_options -- language_model.language_backbone.body.model.encoder.layer.1.attention.output.LayerNorm.bias:weight_decay=0.0001
2026/02/04 23:21:54 - mmengine - INFO - paramwise_options -- language_model.language_backbone.body.model.encoder.layer.1.attention.output.LayerNorm.bias:lr_mult=0.1
2026/02/04 23:21:54 - mmengine - INFO - paramwise_options -- language_model.language_backbone.body.model.encoder.layer.1.intermediate.dense.weight:lr=1e-05
2026/02/04 23:21:54 - mmengine - INFO - paramwise_options -- language_model.language_backbone.body.model.encoder.layer.1.intermediate.dense.weight:weight_decay=0.0001
2026/02/04 23:21:54 - mmengine - INFO - paramwise_options -- language_model.language_backbone.body.model.encoder.layer.1.intermediate.dense.weight:lr_mult=0.1
2026/02/04 23:21:54 - mmengine - INFO - paramwise_options -- language_model.language_backbone.body.model.encoder.layer.1.intermediate.dense.bias:lr=1e-05
2026/02/04 23:21:54 - mmengine - INFO - paramwise_options -- language_model.language_backbone.body.model.encoder.layer.1.intermediate.dense.bias:weight_decay=0.0001
2026/02/04 23:21:54 - mmengine - INFO - paramwise_options -- language_model.language_backbone.body.model.encoder.layer.1.intermediate.dense.bias:lr_mult=0.1
2026/02/04 23:21:54 - mmengine - INFO - paramwise_options -- language_model.language_backbone.body.model.encoder.layer.1.output.dense.weight:lr=1e-05
2026/02/04 23:21:54 - mmengine - INFO - paramwise_options -- language_model.language_backbone.body.model.encoder.layer.1.output.dense.weight:weight_decay=0.0001
2026/02/04 23:21:54 - mmengine - INFO - paramwise_options -- language_model.language_backbone.body.model.encoder.layer.1.output.dense.weight:lr_mult=0.1
2026/02/04 23:21:54 - mmengine - INFO - paramwise_options -- language_model.language_backbone.body.model.encoder.layer.1.output.dense.bias:lr=1e-05
2026/02/04 23:21:54 - mmengine - INFO - paramwise_options -- language_model.language_backbone.body.model.encoder.layer.1.output.dense.bias:weight_decay=0.0001
2026/02/04 23:21:54 - mmengine - INFO - paramwise_options -- language_model.language_backbone.body.model.encoder.layer.1.output.dense.bias:lr_mult=0.1
2026/02/04 23:21:54 - mmengine - INFO - paramwise_options -- language_model.language_backbone.body.model.encoder.layer.1.output.LayerNorm.weight:lr=1e-05
2026/02/04 23:21:54 - mmengine - INFO - paramwise_options -- language_model.language_backbone.body.model.encoder.layer.1.output.LayerNorm.weight:weight_decay=0.0001
2026/02/04 23:21:54 - mmengine - INFO - paramwise_options -- language_model.language_backbone.body.model.encoder.layer.1.output.LayerNorm.weight:lr_mult=0.1
2026/02/04 23:21:54 - mmengine - INFO - paramwise_options -- language_model.language_backbone.body.model.encoder.layer.1.output.LayerNorm.bias:lr=1e-05
2026/02/04 23:21:54 - mmengine - INFO - paramwise_options -- language_model.language_backbone.body.model.encoder.layer.1.output.LayerNorm.bias:weight_decay=0.0001
2026/02/04 23:21:54 - mmengine - INFO - paramwise_options -- language_model.language_backbone.body.model.encoder.layer.1.output.LayerNorm.bias:lr_mult=0.1
2026/02/04 23:21:54 - mmengine - INFO - paramwise_options -- language_model.language_backbone.body.model.encoder.layer.2.attention.self.query.weight:lr=1e-05
2026/02/04 23:21:54 - mmengine - INFO - paramwise_options -- language_model.language_backbone.body.model.encoder.layer.2.attention.self.query.weight:weight_decay=0.0001
2026/02/04 23:21:54 - mmengine - INFO - paramwise_options -- language_model.language_backbone.body.model.encoder.layer.2.attention.self.query.weight:lr_mult=0.1
2026/02/04 23:21:54 - mmengine - INFO - paramwise_options -- language_model.language_backbone.body.model.encoder.layer.2.attention.self.query.bias:lr=1e-05
2026/02/04 23:21:54 - mmengine - INFO - paramwise_options -- language_model.language_backbone.body.model.encoder.layer.2.attention.self.query.bias:weight_decay=0.0001
2026/02/04 23:21:54 - mmengine - INFO - paramwise_options -- language_model.language_backbone.body.model.encoder.layer.2.attention.self.query.bias:lr_mult=0.1
2026/02/04 23:21:54 - mmengine - INFO - paramwise_options -- language_model.language_backbone.body.model.encoder.layer.2.attention.self.key.weight:lr=1e-05
2026/02/04 23:21:54 - mmengine - INFO - paramwise_options -- language_model.language_backbone.body.model.encoder.layer.2.attention.self.key.weight:weight_decay=0.0001
2026/02/04 23:21:54 - mmengine - INFO - paramwise_options -- language_model.language_backbone.body.model.encoder.layer.2.attention.self.key.weight:lr_mult=0.1
2026/02/04 23:21:54 - mmengine - INFO - paramwise_options -- language_model.language_backbone.body.model.encoder.layer.2.attention.self.key.bias:lr=1e-05
2026/02/04 23:21:54 - mmengine - INFO - paramwise_options -- language_model.language_backbone.body.model.encoder.layer.2.attention.self.key.bias:weight_decay=0.0001
2026/02/04 23:21:54 - mmengine - INFO - paramwise_options -- language_model.language_backbone.body.model.encoder.layer.2.attention.self.key.bias:lr_mult=0.1
2026/02/04 23:21:54 - mmengine - INFO - paramwise_options -- language_model.language_backbone.body.model.encoder.layer.2.attention.self.value.weight:lr=1e-05
2026/02/04 23:21:54 - mmengine - INFO - paramwise_options -- language_model.language_backbone.body.model.encoder.layer.2.attention.self.value.weight:weight_decay=0.0001
2026/02/04 23:21:54 - mmengine - INFO - paramwise_options -- language_model.language_backbone.body.model.encoder.layer.2.attention.self.value.weight:lr_mult=0.1
2026/02/04 23:21:54 - mmengine - INFO - paramwise_options -- language_model.language_backbone.body.model.encoder.layer.2.attention.self.value.bias:lr=1e-05
2026/02/04 23:21:54 - mmengine - INFO - paramwise_options -- language_model.language_backbone.body.model.encoder.layer.2.attention.self.value.bias:weight_decay=0.0001
2026/02/04 23:21:54 - mmengine - INFO - paramwise_options -- language_model.language_backbone.body.model.encoder.layer.2.attention.self.value.bias:lr_mult=0.1
2026/02/04 23:21:54 - mmengine - INFO - paramwise_options -- language_model.language_backbone.body.model.encoder.layer.2.attention.output.dense.weight:lr=1e-05
2026/02/04 23:21:54 - mmengine - INFO - paramwise_options -- language_model.language_backbone.body.model.encoder.layer.2.attention.output.dense.weight:weight_decay=0.0001
2026/02/04 23:21:54 - mmengine - INFO - paramwise_options -- language_model.language_backbone.body.model.encoder.layer.2.attention.output.dense.weight:lr_mult=0.1
2026/02/04 23:21:54 - mmengine - INFO - paramwise_options -- language_model.language_backbone.body.model.encoder.layer.2.attention.output.dense.bias:lr=1e-05
2026/02/04 23:21:54 - mmengine - INFO - paramwise_options -- language_model.language_backbone.body.model.encoder.layer.2.attention.output.dense.bias:weight_decay=0.0001
2026/02/04 23:21:54 - mmengine - INFO - paramwise_options -- language_model.language_backbone.body.model.encoder.layer.2.attention.output.dense.bias:lr_mult=0.1
2026/02/04 23:21:54 - mmengine - INFO - paramwise_options -- language_model.language_backbone.body.model.encoder.layer.2.attention.output.LayerNorm.weight:lr=1e-05
2026/02/04 23:21:54 - mmengine - INFO - paramwise_options -- language_model.language_backbone.body.model.encoder.layer.2.attention.output.LayerNorm.weight:weight_decay=0.0001
2026/02/04 23:21:54 - mmengine - INFO - paramwise_options -- language_model.language_backbone.body.model.encoder.layer.2.attention.output.LayerNorm.weight:lr_mult=0.1
2026/02/04 23:21:54 - mmengine - INFO - paramwise_options -- language_model.language_backbone.body.model.encoder.layer.2.attention.output.LayerNorm.bias:lr=1e-05
2026/02/04 23:21:54 - mmengine - INFO - paramwise_options -- language_model.language_backbone.body.model.encoder.layer.2.attention.output.LayerNorm.bias:weight_decay=0.0001
2026/02/04 23:21:54 - mmengine - INFO - paramwise_options -- language_model.language_backbone.body.model.encoder.layer.2.attention.output.LayerNorm.bias:lr_mult=0.1
2026/02/04 23:21:54 - mmengine - INFO - paramwise_options -- language_model.language_backbone.body.model.encoder.layer.2.intermediate.dense.weight:lr=1e-05
2026/02/04 23:21:54 - mmengine - INFO - paramwise_options -- language_model.language_backbone.body.model.encoder.layer.2.intermediate.dense.weight:weight_decay=0.0001
2026/02/04 23:21:54 - mmengine - INFO - paramwise_options -- language_model.language_backbone.body.model.encoder.layer.2.intermediate.dense.weight:lr_mult=0.1
2026/02/04 23:21:54 - mmengine - INFO - paramwise_options -- language_model.language_backbone.body.model.encoder.layer.2.intermediate.dense.bias:lr=1e-05
2026/02/04 23:21:54 - mmengine - INFO - paramwise_options -- language_model.language_backbone.body.model.encoder.layer.2.intermediate.dense.bias:weight_decay=0.0001
2026/02/04 23:21:54 - mmengine - INFO - paramwise_options -- language_model.language_backbone.body.model.encoder.layer.2.intermediate.dense.bias:lr_mult=0.1
2026/02/04 23:21:54 - mmengine - INFO - paramwise_options -- language_model.language_backbone.body.model.encoder.layer.2.output.dense.weight:lr=1e-05
2026/02/04 23:21:54 - mmengine - INFO - paramwise_options -- language_model.language_backbone.body.model.encoder.layer.2.output.dense.weight:weight_decay=0.0001
2026/02/04 23:21:54 - mmengine - INFO - paramwise_options -- language_model.language_backbone.body.model.encoder.layer.2.output.dense.weight:lr_mult=0.1
2026/02/04 23:21:54 - mmengine - INFO - paramwise_options -- language_model.language_backbone.body.model.encoder.layer.2.output.dense.bias:lr=1e-05
2026/02/04 23:21:54 - mmengine - INFO - paramwise_options -- language_model.language_backbone.body.model.encoder.layer.2.output.dense.bias:weight_decay=0.0001
2026/02/04 23:21:54 - mmengine - INFO - paramwise_options -- language_model.language_backbone.body.model.encoder.layer.2.output.dense.bias:lr_mult=0.1
2026/02/04 23:21:54 - mmengine - INFO - paramwise_options -- language_model.language_backbone.body.model.encoder.layer.2.output.LayerNorm.weight:lr=1e-05
2026/02/04 23:21:54 - mmengine - INFO - paramwise_options -- language_model.language_backbone.body.model.encoder.layer.2.output.LayerNorm.weight:weight_decay=0.0001
2026/02/04 23:21:54 - mmengine - INFO - paramwise_options -- language_model.language_backbone.body.model.encoder.layer.2.output.LayerNorm.weight:lr_mult=0.1
2026/02/04 23:21:54 - mmengine - INFO - paramwise_options -- language_model.language_backbone.body.model.encoder.layer.2.output.LayerNorm.bias:lr=1e-05
2026/02/04 23:21:54 - mmengine - INFO - paramwise_options -- language_model.language_backbone.body.model.encoder.layer.2.output.LayerNorm.bias:weight_decay=0.0001
2026/02/04 23:21:54 - mmengine - INFO - paramwise_options -- language_model.language_backbone.body.model.encoder.layer.2.output.LayerNorm.bias:lr_mult=0.1
2026/02/04 23:21:54 - mmengine - INFO - paramwise_options -- language_model.language_backbone.body.model.encoder.layer.3.attention.self.query.weight:lr=1e-05
2026/02/04 23:21:54 - mmengine - INFO - paramwise_options -- language_model.language_backbone.body.model.encoder.layer.3.attention.self.query.weight:weight_decay=0.0001
2026/02/04 23:21:54 - mmengine - INFO - paramwise_options -- language_model.language_backbone.body.model.encoder.layer.3.attention.self.query.weight:lr_mult=0.1
2026/02/04 23:21:54 - mmengine - INFO - paramwise_options -- language_model.language_backbone.body.model.encoder.layer.3.attention.self.query.bias:lr=1e-05
2026/02/04 23:21:54 - mmengine - INFO - paramwise_options -- language_model.language_backbone.body.model.encoder.layer.3.attention.self.query.bias:weight_decay=0.0001
2026/02/04 23:21:54 - mmengine - INFO - paramwise_options -- language_model.language_backbone.body.model.encoder.layer.3.attention.self.query.bias:lr_mult=0.1
2026/02/04 23:21:54 - mmengine - INFO - paramwise_options -- language_model.language_backbone.body.model.encoder.layer.3.attention.self.key.weight:lr=1e-05
2026/02/04 23:21:54 - mmengine - INFO - paramwise_options -- language_model.language_backbone.body.model.encoder.layer.3.attention.self.key.weight:weight_decay=0.0001
2026/02/04 23:21:54 - mmengine - INFO - paramwise_options -- language_model.language_backbone.body.model.encoder.layer.3.attention.self.key.weight:lr_mult=0.1
2026/02/04 23:21:54 - mmengine - INFO - paramwise_options -- language_model.language_backbone.body.model.encoder.layer.3.attention.self.key.bias:lr=1e-05
2026/02/04 23:21:54 - mmengine - INFO - paramwise_options -- language_model.language_backbone.body.model.encoder.layer.3.attention.self.key.bias:weight_decay=0.0001
2026/02/04 23:21:54 - mmengine - INFO - paramwise_options -- language_model.language_backbone.body.model.encoder.layer.3.attention.self.key.bias:lr_mult=0.1
2026/02/04 23:21:54 - mmengine - INFO - paramwise_options -- language_model.language_backbone.body.model.encoder.layer.3.attention.self.value.weight:lr=1e-05
2026/02/04 23:21:54 - mmengine - INFO - paramwise_options -- language_model.language_backbone.body.model.encoder.layer.3.attention.self.value.weight:weight_decay=0.0001
2026/02/04 23:21:54 - mmengine - INFO - paramwise_options -- language_model.language_backbone.body.model.encoder.layer.3.attention.self.value.weight:lr_mult=0.1
2026/02/04 23:21:54 - mmengine - INFO - paramwise_options -- language_model.language_backbone.body.model.encoder.layer.3.attention.self.value.bias:lr=1e-05
2026/02/04 23:21:54 - mmengine - INFO - paramwise_options -- language_model.language_backbone.body.model.encoder.layer.3.attention.self.value.bias:weight_decay=0.0001
2026/02/04 23:21:54 - mmengine - INFO - paramwise_options -- language_model.language_backbone.body.model.encoder.layer.3.attention.self.value.bias:lr_mult=0.1
2026/02/04 23:21:54 - mmengine - INFO - paramwise_options -- language_model.language_backbone.body.model.encoder.layer.3.attention.output.dense.weight:lr=1e-05
2026/02/04 23:21:54 - mmengine - INFO - paramwise_options -- language_model.language_backbone.body.model.encoder.layer.3.attention.output.dense.weight:weight_decay=0.0001
2026/02/04 23:21:54 - mmengine - INFO - paramwise_options -- language_model.language_backbone.body.model.encoder.layer.3.attention.output.dense.weight:lr_mult=0.1
2026/02/04 23:21:54 - mmengine - INFO - paramwise_options -- language_model.language_backbone.body.model.encoder.layer.3.attention.output.dense.bias:lr=1e-05
2026/02/04 23:21:54 - mmengine - INFO - paramwise_options -- language_model.language_backbone.body.model.encoder.layer.3.attention.output.dense.bias:weight_decay=0.0001
2026/02/04 23:21:54 - mmengine - INFO - paramwise_options -- language_model.language_backbone.body.model.encoder.layer.3.attention.output.dense.bias:lr_mult=0.1
2026/02/04 23:21:54 - mmengine - INFO - paramwise_options -- language_model.language_backbone.body.model.encoder.layer.3.attention.output.LayerNorm.weight:lr=1e-05
2026/02/04 23:21:54 - mmengine - INFO - paramwise_options -- language_model.language_backbone.body.model.encoder.layer.3.attention.output.LayerNorm.weight:weight_decay=0.0001
2026/02/04 23:21:54 - mmengine - INFO - paramwise_options -- language_model.language_backbone.body.model.encoder.layer.3.attention.output.LayerNorm.weight:lr_mult=0.1
2026/02/04 23:21:54 - mmengine - INFO - paramwise_options -- language_model.language_backbone.body.model.encoder.layer.3.attention.output.LayerNorm.bias:lr=1e-05
2026/02/04 23:21:54 - mmengine - INFO - paramwise_options -- language_model.language_backbone.body.model.encoder.layer.3.attention.output.LayerNorm.bias:weight_decay=0.0001
2026/02/04 23:21:54 - mmengine - INFO - paramwise_options -- language_model.language_backbone.body.model.encoder.layer.3.attention.output.LayerNorm.bias:lr_mult=0.1
2026/02/04 23:21:54 - mmengine - INFO - paramwise_options -- language_model.language_backbone.body.model.encoder.layer.3.intermediate.dense.weight:lr=1e-05
2026/02/04 23:21:54 - mmengine - INFO - paramwise_options -- language_model.language_backbone.body.model.encoder.layer.3.intermediate.dense.weight:weight_decay=0.0001
2026/02/04 23:21:54 - mmengine - INFO - paramwise_options -- language_model.language_backbone.body.model.encoder.layer.3.intermediate.dense.weight:lr_mult=0.1
2026/02/04 23:21:54 - mmengine - INFO - paramwise_options -- language_model.language_backbone.body.model.encoder.layer.3.intermediate.dense.bias:lr=1e-05
2026/02/04 23:21:54 - mmengine - INFO - paramwise_options -- language_model.language_backbone.body.model.encoder.layer.3.intermediate.dense.bias:weight_decay=0.0001
2026/02/04 23:21:54 - mmengine - INFO - paramwise_options -- language_model.language_backbone.body.model.encoder.layer.3.intermediate.dense.bias:lr_mult=0.1
2026/02/04 23:21:54 - mmengine - INFO - paramwise_options -- language_model.language_backbone.body.model.encoder.layer.3.output.dense.weight:lr=1e-05
2026/02/04 23:21:54 - mmengine - INFO - paramwise_options -- language_model.language_backbone.body.model.encoder.layer.3.output.dense.weight:weight_decay=0.0001
2026/02/04 23:21:54 - mmengine - INFO - paramwise_options -- language_model.language_backbone.body.model.encoder.layer.3.output.dense.weight:lr_mult=0.1
2026/02/04 23:21:54 - mmengine - INFO - paramwise_options -- language_model.language_backbone.body.model.encoder.layer.3.output.dense.bias:lr=1e-05
2026/02/04 23:21:54 - mmengine - INFO - paramwise_options -- language_model.language_backbone.body.model.encoder.layer.3.output.dense.bias:weight_decay=0.0001
2026/02/04 23:21:54 - mmengine - INFO - paramwise_options -- language_model.language_backbone.body.model.encoder.layer.3.output.dense.bias:lr_mult=0.1
2026/02/04 23:21:54 - mmengine - INFO - paramwise_options -- language_model.language_backbone.body.model.encoder.layer.3.output.LayerNorm.weight:lr=1e-05
2026/02/04 23:21:54 - mmengine - INFO - paramwise_options -- language_model.language_backbone.body.model.encoder.layer.3.output.LayerNorm.weight:weight_decay=0.0001
2026/02/04 23:21:54 - mmengine - INFO - paramwise_options -- language_model.language_backbone.body.model.encoder.layer.3.output.LayerNorm.weight:lr_mult=0.1
2026/02/04 23:21:54 - mmengine - INFO - paramwise_options -- language_model.language_backbone.body.model.encoder.layer.3.output.LayerNorm.bias:lr=1e-05
2026/02/04 23:21:54 - mmengine - INFO - paramwise_options -- language_model.language_backbone.body.model.encoder.layer.3.output.LayerNorm.bias:weight_decay=0.0001
2026/02/04 23:21:54 - mmengine - INFO - paramwise_options -- language_model.language_backbone.body.model.encoder.layer.3.output.LayerNorm.bias:lr_mult=0.1
2026/02/04 23:21:54 - mmengine - INFO - paramwise_options -- language_model.language_backbone.body.model.encoder.layer.4.attention.self.query.weight:lr=1e-05
2026/02/04 23:21:54 - mmengine - INFO - paramwise_options -- language_model.language_backbone.body.model.encoder.layer.4.attention.self.query.weight:weight_decay=0.0001
2026/02/04 23:21:54 - mmengine - INFO - paramwise_options -- language_model.language_backbone.body.model.encoder.layer.4.attention.self.query.weight:lr_mult=0.1
2026/02/04 23:21:54 - mmengine - INFO - paramwise_options -- language_model.language_backbone.body.model.encoder.layer.4.attention.self.query.bias:lr=1e-05
2026/02/04 23:21:54 - mmengine - INFO - paramwise_options -- language_model.language_backbone.body.model.encoder.layer.4.attention.self.query.bias:weight_decay=0.0001
2026/02/04 23:21:54 - mmengine - INFO - paramwise_options -- language_model.language_backbone.body.model.encoder.layer.4.attention.self.query.bias:lr_mult=0.1
2026/02/04 23:21:54 - mmengine - INFO - paramwise_options -- language_model.language_backbone.body.model.encoder.layer.4.attention.self.key.weight:lr=1e-05
2026/02/04 23:21:54 - mmengine - INFO - paramwise_options -- language_model.language_backbone.body.model.encoder.layer.4.attention.self.key.weight:weight_decay=0.0001
2026/02/04 23:21:54 - mmengine - INFO - paramwise_options -- language_model.language_backbone.body.model.encoder.layer.4.attention.self.key.weight:lr_mult=0.1
2026/02/04 23:21:54 - mmengine - INFO - paramwise_options -- language_model.language_backbone.body.model.encoder.layer.4.attention.self.key.bias:lr=1e-05
2026/02/04 23:21:54 - mmengine - INFO - paramwise_options -- language_model.language_backbone.body.model.encoder.layer.4.attention.self.key.bias:weight_decay=0.0001
2026/02/04 23:21:54 - mmengine - INFO - paramwise_options -- language_model.language_backbone.body.model.encoder.layer.4.attention.self.key.bias:lr_mult=0.1
2026/02/04 23:21:54 - mmengine - INFO - paramwise_options -- language_model.language_backbone.body.model.encoder.layer.4.attention.self.value.weight:lr=1e-05
2026/02/04 23:21:54 - mmengine - INFO - paramwise_options -- language_model.language_backbone.body.model.encoder.layer.4.attention.self.value.weight:weight_decay=0.0001
2026/02/04 23:21:54 - mmengine - INFO - paramwise_options -- language_model.language_backbone.body.model.encoder.layer.4.attention.self.value.weight:lr_mult=0.1
2026/02/04 23:21:54 - mmengine - INFO - paramwise_options -- language_model.language_backbone.body.model.encoder.layer.4.attention.self.value.bias:lr=1e-05
2026/02/04 23:21:54 - mmengine - INFO - paramwise_options -- language_model.language_backbone.body.model.encoder.layer.4.attention.self.value.bias:weight_decay=0.0001
2026/02/04 23:21:54 - mmengine - INFO - paramwise_options -- language_model.language_backbone.body.model.encoder.layer.4.attention.self.value.bias:lr_mult=0.1
2026/02/04 23:21:54 - mmengine - INFO - paramwise_options -- language_model.language_backbone.body.model.encoder.layer.4.attention.output.dense.weight:lr=1e-05
2026/02/04 23:21:54 - mmengine - INFO - paramwise_options -- language_model.language_backbone.body.model.encoder.layer.4.attention.output.dense.weight:weight_decay=0.0001
2026/02/04 23:21:54 - mmengine - INFO - paramwise_options -- language_model.language_backbone.body.model.encoder.layer.4.attention.output.dense.weight:lr_mult=0.1
2026/02/04 23:21:54 - mmengine - INFO - paramwise_options -- language_model.language_backbone.body.model.encoder.layer.4.attention.output.dense.bias:lr=1e-05
2026/02/04 23:21:54 - mmengine - INFO - paramwise_options -- language_model.language_backbone.body.model.encoder.layer.4.attention.output.dense.bias:weight_decay=0.0001
2026/02/04 23:21:54 - mmengine - INFO - paramwise_options -- language_model.language_backbone.body.model.encoder.layer.4.attention.output.dense.bias:lr_mult=0.1
2026/02/04 23:21:54 - mmengine - INFO - paramwise_options -- language_model.language_backbone.body.model.encoder.layer.4.attention.output.LayerNorm.weight:lr=1e-05
2026/02/04 23:21:54 - mmengine - INFO - paramwise_options -- language_model.language_backbone.body.model.encoder.layer.4.attention.output.LayerNorm.weight:weight_decay=0.0001
2026/02/04 23:21:54 - mmengine - INFO - paramwise_options -- language_model.language_backbone.body.model.encoder.layer.4.attention.output.LayerNorm.weight:lr_mult=0.1
2026/02/04 23:21:54 - mmengine - INFO - paramwise_options -- language_model.language_backbone.body.model.encoder.layer.4.attention.output.LayerNorm.bias:lr=1e-05
2026/02/04 23:21:54 - mmengine - INFO - paramwise_options -- language_model.language_backbone.body.model.encoder.layer.4.attention.output.LayerNorm.bias:weight_decay=0.0001
2026/02/04 23:21:54 - mmengine - INFO - paramwise_options -- language_model.language_backbone.body.model.encoder.layer.4.attention.output.LayerNorm.bias:lr_mult=0.1
2026/02/04 23:21:54 - mmengine - INFO - paramwise_options -- language_model.language_backbone.body.model.encoder.layer.4.intermediate.dense.weight:lr=1e-05
2026/02/04 23:21:54 - mmengine - INFO - paramwise_options -- language_model.language_backbone.body.model.encoder.layer.4.intermediate.dense.weight:weight_decay=0.0001
2026/02/04 23:21:54 - mmengine - INFO - paramwise_options -- language_model.language_backbone.body.model.encoder.layer.4.intermediate.dense.weight:lr_mult=0.1
2026/02/04 23:21:54 - mmengine - INFO - paramwise_options -- language_model.language_backbone.body.model.encoder.layer.4.intermediate.dense.bias:lr=1e-05
2026/02/04 23:21:54 - mmengine - INFO - paramwise_options -- language_model.language_backbone.body.model.encoder.layer.4.intermediate.dense.bias:weight_decay=0.0001
2026/02/04 23:21:54 - mmengine - INFO - paramwise_options -- language_model.language_backbone.body.model.encoder.layer.4.intermediate.dense.bias:lr_mult=0.1
2026/02/04 23:21:54 - mmengine - INFO - paramwise_options -- language_model.language_backbone.body.model.encoder.layer.4.output.dense.weight:lr=1e-05
2026/02/04 23:21:54 - mmengine - INFO - paramwise_options -- language_model.language_backbone.body.model.encoder.layer.4.output.dense.weight:weight_decay=0.0001
2026/02/04 23:21:54 - mmengine - INFO - paramwise_options -- language_model.language_backbone.body.model.encoder.layer.4.output.dense.weight:lr_mult=0.1
2026/02/04 23:21:54 - mmengine - INFO - paramwise_options -- language_model.language_backbone.body.model.encoder.layer.4.output.dense.bias:lr=1e-05
2026/02/04 23:21:54 - mmengine - INFO - paramwise_options -- language_model.language_backbone.body.model.encoder.layer.4.output.dense.bias:weight_decay=0.0001
2026/02/04 23:21:54 - mmengine - INFO - paramwise_options -- language_model.language_backbone.body.model.encoder.layer.4.output.dense.bias:lr_mult=0.1
2026/02/04 23:21:54 - mmengine - INFO - paramwise_options -- language_model.language_backbone.body.model.encoder.layer.4.output.LayerNorm.weight:lr=1e-05
2026/02/04 23:21:54 - mmengine - INFO - paramwise_options -- language_model.language_backbone.body.model.encoder.layer.4.output.LayerNorm.weight:weight_decay=0.0001
2026/02/04 23:21:54 - mmengine - INFO - paramwise_options -- language_model.language_backbone.body.model.encoder.layer.4.output.LayerNorm.weight:lr_mult=0.1
2026/02/04 23:21:54 - mmengine - INFO - paramwise_options -- language_model.language_backbone.body.model.encoder.layer.4.output.LayerNorm.bias:lr=1e-05
2026/02/04 23:21:54 - mmengine - INFO - paramwise_options -- language_model.language_backbone.body.model.encoder.layer.4.output.LayerNorm.bias:weight_decay=0.0001
2026/02/04 23:21:54 - mmengine - INFO - paramwise_options -- language_model.language_backbone.body.model.encoder.layer.4.output.LayerNorm.bias:lr_mult=0.1
2026/02/04 23:21:54 - mmengine - INFO - paramwise_options -- language_model.language_backbone.body.model.encoder.layer.5.attention.self.query.weight:lr=1e-05
2026/02/04 23:21:54 - mmengine - INFO - paramwise_options -- language_model.language_backbone.body.model.encoder.layer.5.attention.self.query.weight:weight_decay=0.0001
2026/02/04 23:21:54 - mmengine - INFO - paramwise_options -- language_model.language_backbone.body.model.encoder.layer.5.attention.self.query.weight:lr_mult=0.1
2026/02/04 23:21:54 - mmengine - INFO - paramwise_options -- language_model.language_backbone.body.model.encoder.layer.5.attention.self.query.bias:lr=1e-05
2026/02/04 23:21:54 - mmengine - INFO - paramwise_options -- language_model.language_backbone.body.model.encoder.layer.5.attention.self.query.bias:weight_decay=0.0001
2026/02/04 23:21:54 - mmengine - INFO - paramwise_options -- language_model.language_backbone.body.model.encoder.layer.5.attention.self.query.bias:lr_mult=0.1
2026/02/04 23:21:54 - mmengine - INFO - paramwise_options -- language_model.language_backbone.body.model.encoder.layer.5.attention.self.key.weight:lr=1e-05
2026/02/04 23:21:54 - mmengine - INFO - paramwise_options -- language_model.language_backbone.body.model.encoder.layer.5.attention.self.key.weight:weight_decay=0.0001
2026/02/04 23:21:54 - mmengine - INFO - paramwise_options -- language_model.language_backbone.body.model.encoder.layer.5.attention.self.key.weight:lr_mult=0.1
2026/02/04 23:21:54 - mmengine - INFO - paramwise_options -- language_model.language_backbone.body.model.encoder.layer.5.attention.self.key.bias:lr=1e-05
2026/02/04 23:21:54 - mmengine - INFO - paramwise_options -- language_model.language_backbone.body.model.encoder.layer.5.attention.self.key.bias:weight_decay=0.0001
2026/02/04 23:21:54 - mmengine - INFO - paramwise_options -- language_model.language_backbone.body.model.encoder.layer.5.attention.self.key.bias:lr_mult=0.1
2026/02/04 23:21:54 - mmengine - INFO - paramwise_options -- language_model.language_backbone.body.model.encoder.layer.5.attention.self.value.weight:lr=1e-05
2026/02/04 23:21:54 - mmengine - INFO - paramwise_options -- language_model.language_backbone.body.model.encoder.layer.5.attention.self.value.weight:weight_decay=0.0001
2026/02/04 23:21:54 - mmengine - INFO - paramwise_options -- language_model.language_backbone.body.model.encoder.layer.5.attention.self.value.weight:lr_mult=0.1
2026/02/04 23:21:54 - mmengine - INFO - paramwise_options -- language_model.language_backbone.body.model.encoder.layer.5.attention.self.value.bias:lr=1e-05
2026/02/04 23:21:54 - mmengine - INFO - paramwise_options -- language_model.language_backbone.body.model.encoder.layer.5.attention.self.value.bias:weight_decay=0.0001
2026/02/04 23:21:54 - mmengine - INFO - paramwise_options -- language_model.language_backbone.body.model.encoder.layer.5.attention.self.value.bias:lr_mult=0.1
2026/02/04 23:21:54 - mmengine - INFO - paramwise_options -- language_model.language_backbone.body.model.encoder.layer.5.attention.output.dense.weight:lr=1e-05
2026/02/04 23:21:54 - mmengine - INFO - paramwise_options -- language_model.language_backbone.body.model.encoder.layer.5.attention.output.dense.weight:weight_decay=0.0001
2026/02/04 23:21:54 - mmengine - INFO - paramwise_options -- language_model.language_backbone.body.model.encoder.layer.5.attention.output.dense.weight:lr_mult=0.1
2026/02/04 23:21:54 - mmengine - INFO - paramwise_options -- language_model.language_backbone.body.model.encoder.layer.5.attention.output.dense.bias:lr=1e-05
2026/02/04 23:21:54 - mmengine - INFO - paramwise_options -- language_model.language_backbone.body.model.encoder.layer.5.attention.output.dense.bias:weight_decay=0.0001
2026/02/04 23:21:54 - mmengine - INFO - paramwise_options -- language_model.language_backbone.body.model.encoder.layer.5.attention.output.dense.bias:lr_mult=0.1
2026/02/04 23:21:54 - mmengine - INFO - paramwise_options -- language_model.language_backbone.body.model.encoder.layer.5.attention.output.LayerNorm.weight:lr=1e-05
2026/02/04 23:21:54 - mmengine - INFO - paramwise_options -- language_model.language_backbone.body.model.encoder.layer.5.attention.output.LayerNorm.weight:weight_decay=0.0001
2026/02/04 23:21:54 - mmengine - INFO - paramwise_options -- language_model.language_backbone.body.model.encoder.layer.5.attention.output.LayerNorm.weight:lr_mult=0.1
2026/02/04 23:21:54 - mmengine - INFO - paramwise_options -- language_model.language_backbone.body.model.encoder.layer.5.attention.output.LayerNorm.bias:lr=1e-05
2026/02/04 23:21:54 - mmengine - INFO - paramwise_options -- language_model.language_backbone.body.model.encoder.layer.5.attention.output.LayerNorm.bias:weight_decay=0.0001
2026/02/04 23:21:54 - mmengine - INFO - paramwise_options -- language_model.language_backbone.body.model.encoder.layer.5.attention.output.LayerNorm.bias:lr_mult=0.1
2026/02/04 23:21:54 - mmengine - INFO - paramwise_options -- language_model.language_backbone.body.model.encoder.layer.5.intermediate.dense.weight:lr=1e-05
2026/02/04 23:21:54 - mmengine - INFO - paramwise_options -- language_model.language_backbone.body.model.encoder.layer.5.intermediate.dense.weight:weight_decay=0.0001
2026/02/04 23:21:54 - mmengine - INFO - paramwise_options -- language_model.language_backbone.body.model.encoder.layer.5.intermediate.dense.weight:lr_mult=0.1
2026/02/04 23:21:54 - mmengine - INFO - paramwise_options -- language_model.language_backbone.body.model.encoder.layer.5.intermediate.dense.bias:lr=1e-05
2026/02/04 23:21:54 - mmengine - INFO - paramwise_options -- language_model.language_backbone.body.model.encoder.layer.5.intermediate.dense.bias:weight_decay=0.0001
2026/02/04 23:21:54 - mmengine - INFO - paramwise_options -- language_model.language_backbone.body.model.encoder.layer.5.intermediate.dense.bias:lr_mult=0.1
2026/02/04 23:21:54 - mmengine - INFO - paramwise_options -- language_model.language_backbone.body.model.encoder.layer.5.output.dense.weight:lr=1e-05
2026/02/04 23:21:54 - mmengine - INFO - paramwise_options -- language_model.language_backbone.body.model.encoder.layer.5.output.dense.weight:weight_decay=0.0001
2026/02/04 23:21:54 - mmengine - INFO - paramwise_options -- language_model.language_backbone.body.model.encoder.layer.5.output.dense.weight:lr_mult=0.1
2026/02/04 23:21:54 - mmengine - INFO - paramwise_options -- language_model.language_backbone.body.model.encoder.layer.5.output.dense.bias:lr=1e-05
2026/02/04 23:21:54 - mmengine - INFO - paramwise_options -- language_model.language_backbone.body.model.encoder.layer.5.output.dense.bias:weight_decay=0.0001
2026/02/04 23:21:54 - mmengine - INFO - paramwise_options -- language_model.language_backbone.body.model.encoder.layer.5.output.dense.bias:lr_mult=0.1
2026/02/04 23:21:54 - mmengine - INFO - paramwise_options -- language_model.language_backbone.body.model.encoder.layer.5.output.LayerNorm.weight:lr=1e-05
2026/02/04 23:21:54 - mmengine - INFO - paramwise_options -- language_model.language_backbone.body.model.encoder.layer.5.output.LayerNorm.weight:weight_decay=0.0001
2026/02/04 23:21:54 - mmengine - INFO - paramwise_options -- language_model.language_backbone.body.model.encoder.layer.5.output.LayerNorm.weight:lr_mult=0.1
2026/02/04 23:21:54 - mmengine - INFO - paramwise_options -- language_model.language_backbone.body.model.encoder.layer.5.output.LayerNorm.bias:lr=1e-05
2026/02/04 23:21:54 - mmengine - INFO - paramwise_options -- language_model.language_backbone.body.model.encoder.layer.5.output.LayerNorm.bias:weight_decay=0.0001
2026/02/04 23:21:54 - mmengine - INFO - paramwise_options -- language_model.language_backbone.body.model.encoder.layer.5.output.LayerNorm.bias:lr_mult=0.1
2026/02/04 23:21:54 - mmengine - INFO - paramwise_options -- language_model.language_backbone.body.model.encoder.layer.6.attention.self.query.weight:lr=1e-05
2026/02/04 23:21:54 - mmengine - INFO - paramwise_options -- language_model.language_backbone.body.model.encoder.layer.6.attention.self.query.weight:weight_decay=0.0001
2026/02/04 23:21:54 - mmengine - INFO - paramwise_options -- language_model.language_backbone.body.model.encoder.layer.6.attention.self.query.weight:lr_mult=0.1
2026/02/04 23:21:54 - mmengine - INFO - paramwise_options -- language_model.language_backbone.body.model.encoder.layer.6.attention.self.query.bias:lr=1e-05
2026/02/04 23:21:54 - mmengine - INFO - paramwise_options -- language_model.language_backbone.body.model.encoder.layer.6.attention.self.query.bias:weight_decay=0.0001
2026/02/04 23:21:54 - mmengine - INFO - paramwise_options -- language_model.language_backbone.body.model.encoder.layer.6.attention.self.query.bias:lr_mult=0.1
2026/02/04 23:21:54 - mmengine - INFO - paramwise_options -- language_model.language_backbone.body.model.encoder.layer.6.attention.self.key.weight:lr=1e-05
2026/02/04 23:21:54 - mmengine - INFO - paramwise_options -- language_model.language_backbone.body.model.encoder.layer.6.attention.self.key.weight:weight_decay=0.0001
2026/02/04 23:21:54 - mmengine - INFO - paramwise_options -- language_model.language_backbone.body.model.encoder.layer.6.attention.self.key.weight:lr_mult=0.1
2026/02/04 23:21:54 - mmengine - INFO - paramwise_options -- language_model.language_backbone.body.model.encoder.layer.6.attention.self.key.bias:lr=1e-05
2026/02/04 23:21:54 - mmengine - INFO - paramwise_options -- language_model.language_backbone.body.model.encoder.layer.6.attention.self.key.bias:weight_decay=0.0001
2026/02/04 23:21:54 - mmengine - INFO - paramwise_options -- language_model.language_backbone.body.model.encoder.layer.6.attention.self.key.bias:lr_mult=0.1
2026/02/04 23:21:54 - mmengine - INFO - paramwise_options -- language_model.language_backbone.body.model.encoder.layer.6.attention.self.value.weight:lr=1e-05
2026/02/04 23:21:54 - mmengine - INFO - paramwise_options -- language_model.language_backbone.body.model.encoder.layer.6.attention.self.value.weight:weight_decay=0.0001
2026/02/04 23:21:54 - mmengine - INFO - paramwise_options -- language_model.language_backbone.body.model.encoder.layer.6.attention.self.value.weight:lr_mult=0.1
2026/02/04 23:21:54 - mmengine - INFO - paramwise_options -- language_model.language_backbone.body.model.encoder.layer.6.attention.self.value.bias:lr=1e-05
2026/02/04 23:21:54 - mmengine - INFO - paramwise_options -- language_model.language_backbone.body.model.encoder.layer.6.attention.self.value.bias:weight_decay=0.0001
2026/02/04 23:21:54 - mmengine - INFO - paramwise_options -- language_model.language_backbone.body.model.encoder.layer.6.attention.self.value.bias:lr_mult=0.1
2026/02/04 23:21:54 - mmengine - INFO - paramwise_options -- language_model.language_backbone.body.model.encoder.layer.6.attention.output.dense.weight:lr=1e-05
2026/02/04 23:21:54 - mmengine - INFO - paramwise_options -- language_model.language_backbone.body.model.encoder.layer.6.attention.output.dense.weight:weight_decay=0.0001
2026/02/04 23:21:54 - mmengine - INFO - paramwise_options -- language_model.language_backbone.body.model.encoder.layer.6.attention.output.dense.weight:lr_mult=0.1
2026/02/04 23:21:54 - mmengine - INFO - paramwise_options -- language_model.language_backbone.body.model.encoder.layer.6.attention.output.dense.bias:lr=1e-05
2026/02/04 23:21:54 - mmengine - INFO - paramwise_options -- language_model.language_backbone.body.model.encoder.layer.6.attention.output.dense.bias:weight_decay=0.0001
2026/02/04 23:21:54 - mmengine - INFO - paramwise_options -- language_model.language_backbone.body.model.encoder.layer.6.attention.output.dense.bias:lr_mult=0.1
2026/02/04 23:21:54 - mmengine - INFO - paramwise_options -- language_model.language_backbone.body.model.encoder.layer.6.attention.output.LayerNorm.weight:lr=1e-05
2026/02/04 23:21:54 - mmengine - INFO - paramwise_options -- language_model.language_backbone.body.model.encoder.layer.6.attention.output.LayerNorm.weight:weight_decay=0.0001
2026/02/04 23:21:54 - mmengine - INFO - paramwise_options -- language_model.language_backbone.body.model.encoder.layer.6.attention.output.LayerNorm.weight:lr_mult=0.1
2026/02/04 23:21:54 - mmengine - INFO - paramwise_options -- language_model.language_backbone.body.model.encoder.layer.6.attention.output.LayerNorm.bias:lr=1e-05
2026/02/04 23:21:54 - mmengine - INFO - paramwise_options -- language_model.language_backbone.body.model.encoder.layer.6.attention.output.LayerNorm.bias:weight_decay=0.0001
2026/02/04 23:21:54 - mmengine - INFO - paramwise_options -- language_model.language_backbone.body.model.encoder.layer.6.attention.output.LayerNorm.bias:lr_mult=0.1
2026/02/04 23:21:54 - mmengine - INFO - paramwise_options -- language_model.language_backbone.body.model.encoder.layer.6.intermediate.dense.weight:lr=1e-05
2026/02/04 23:21:54 - mmengine - INFO - paramwise_options -- language_model.language_backbone.body.model.encoder.layer.6.intermediate.dense.weight:weight_decay=0.0001
2026/02/04 23:21:54 - mmengine - INFO - paramwise_options -- language_model.language_backbone.body.model.encoder.layer.6.intermediate.dense.weight:lr_mult=0.1
2026/02/04 23:21:54 - mmengine - INFO - paramwise_options -- language_model.language_backbone.body.model.encoder.layer.6.intermediate.dense.bias:lr=1e-05
2026/02/04 23:21:54 - mmengine - INFO - paramwise_options -- language_model.language_backbone.body.model.encoder.layer.6.intermediate.dense.bias:weight_decay=0.0001
2026/02/04 23:21:54 - mmengine - INFO - paramwise_options -- language_model.language_backbone.body.model.encoder.layer.6.intermediate.dense.bias:lr_mult=0.1
2026/02/04 23:21:54 - mmengine - INFO - paramwise_options -- language_model.language_backbone.body.model.encoder.layer.6.output.dense.weight:lr=1e-05
2026/02/04 23:21:54 - mmengine - INFO - paramwise_options -- language_model.language_backbone.body.model.encoder.layer.6.output.dense.weight:weight_decay=0.0001
2026/02/04 23:21:54 - mmengine - INFO - paramwise_options -- language_model.language_backbone.body.model.encoder.layer.6.output.dense.weight:lr_mult=0.1
2026/02/04 23:21:54 - mmengine - INFO - paramwise_options -- language_model.language_backbone.body.model.encoder.layer.6.output.dense.bias:lr=1e-05
2026/02/04 23:21:54 - mmengine - INFO - paramwise_options -- language_model.language_backbone.body.model.encoder.layer.6.output.dense.bias:weight_decay=0.0001
2026/02/04 23:21:54 - mmengine - INFO - paramwise_options -- language_model.language_backbone.body.model.encoder.layer.6.output.dense.bias:lr_mult=0.1
2026/02/04 23:21:54 - mmengine - INFO - paramwise_options -- language_model.language_backbone.body.model.encoder.layer.6.output.LayerNorm.weight:lr=1e-05
2026/02/04 23:21:54 - mmengine - INFO - paramwise_options -- language_model.language_backbone.body.model.encoder.layer.6.output.LayerNorm.weight:weight_decay=0.0001
2026/02/04 23:21:54 - mmengine - INFO - paramwise_options -- language_model.language_backbone.body.model.encoder.layer.6.output.LayerNorm.weight:lr_mult=0.1
2026/02/04 23:21:54 - mmengine - INFO - paramwise_options -- language_model.language_backbone.body.model.encoder.layer.6.output.LayerNorm.bias:lr=1e-05
2026/02/04 23:21:54 - mmengine - INFO - paramwise_options -- language_model.language_backbone.body.model.encoder.layer.6.output.LayerNorm.bias:weight_decay=0.0001
2026/02/04 23:21:54 - mmengine - INFO - paramwise_options -- language_model.language_backbone.body.model.encoder.layer.6.output.LayerNorm.bias:lr_mult=0.1
2026/02/04 23:21:54 - mmengine - INFO - paramwise_options -- language_model.language_backbone.body.model.encoder.layer.7.attention.self.query.weight:lr=1e-05
2026/02/04 23:21:54 - mmengine - INFO - paramwise_options -- language_model.language_backbone.body.model.encoder.layer.7.attention.self.query.weight:weight_decay=0.0001
2026/02/04 23:21:54 - mmengine - INFO - paramwise_options -- language_model.language_backbone.body.model.encoder.layer.7.attention.self.query.weight:lr_mult=0.1
2026/02/04 23:21:54 - mmengine - INFO - paramwise_options -- language_model.language_backbone.body.model.encoder.layer.7.attention.self.query.bias:lr=1e-05
2026/02/04 23:21:54 - mmengine - INFO - paramwise_options -- language_model.language_backbone.body.model.encoder.layer.7.attention.self.query.bias:weight_decay=0.0001
2026/02/04 23:21:54 - mmengine - INFO - paramwise_options -- language_model.language_backbone.body.model.encoder.layer.7.attention.self.query.bias:lr_mult=0.1
2026/02/04 23:21:54 - mmengine - INFO - paramwise_options -- language_model.language_backbone.body.model.encoder.layer.7.attention.self.key.weight:lr=1e-05
2026/02/04 23:21:54 - mmengine - INFO - paramwise_options -- language_model.language_backbone.body.model.encoder.layer.7.attention.self.key.weight:weight_decay=0.0001
2026/02/04 23:21:54 - mmengine - INFO - paramwise_options -- language_model.language_backbone.body.model.encoder.layer.7.attention.self.key.weight:lr_mult=0.1
2026/02/04 23:21:54 - mmengine - INFO - paramwise_options -- language_model.language_backbone.body.model.encoder.layer.7.attention.self.key.bias:lr=1e-05
2026/02/04 23:21:54 - mmengine - INFO - paramwise_options -- language_model.language_backbone.body.model.encoder.layer.7.attention.self.key.bias:weight_decay=0.0001
2026/02/04 23:21:54 - mmengine - INFO - paramwise_options -- language_model.language_backbone.body.model.encoder.layer.7.attention.self.key.bias:lr_mult=0.1
2026/02/04 23:21:54 - mmengine - INFO - paramwise_options -- language_model.language_backbone.body.model.encoder.layer.7.attention.self.value.weight:lr=1e-05
2026/02/04 23:21:54 - mmengine - INFO - paramwise_options -- language_model.language_backbone.body.model.encoder.layer.7.attention.self.value.weight:weight_decay=0.0001
2026/02/04 23:21:54 - mmengine - INFO - paramwise_options -- language_model.language_backbone.body.model.encoder.layer.7.attention.self.value.weight:lr_mult=0.1
2026/02/04 23:21:54 - mmengine - INFO - paramwise_options -- language_model.language_backbone.body.model.encoder.layer.7.attention.self.value.bias:lr=1e-05
2026/02/04 23:21:54 - mmengine - INFO - paramwise_options -- language_model.language_backbone.body.model.encoder.layer.7.attention.self.value.bias:weight_decay=0.0001
2026/02/04 23:21:54 - mmengine - INFO - paramwise_options -- language_model.language_backbone.body.model.encoder.layer.7.attention.self.value.bias:lr_mult=0.1
2026/02/04 23:21:54 - mmengine - INFO - paramwise_options -- language_model.language_backbone.body.model.encoder.layer.7.attention.output.dense.weight:lr=1e-05
2026/02/04 23:21:54 - mmengine - INFO - paramwise_options -- language_model.language_backbone.body.model.encoder.layer.7.attention.output.dense.weight:weight_decay=0.0001
2026/02/04 23:21:54 - mmengine - INFO - paramwise_options -- language_model.language_backbone.body.model.encoder.layer.7.attention.output.dense.weight:lr_mult=0.1
2026/02/04 23:21:54 - mmengine - INFO - paramwise_options -- language_model.language_backbone.body.model.encoder.layer.7.attention.output.dense.bias:lr=1e-05
2026/02/04 23:21:54 - mmengine - INFO - paramwise_options -- language_model.language_backbone.body.model.encoder.layer.7.attention.output.dense.bias:weight_decay=0.0001
2026/02/04 23:21:54 - mmengine - INFO - paramwise_options -- language_model.language_backbone.body.model.encoder.layer.7.attention.output.dense.bias:lr_mult=0.1
2026/02/04 23:21:54 - mmengine - INFO - paramwise_options -- language_model.language_backbone.body.model.encoder.layer.7.attention.output.LayerNorm.weight:lr=1e-05
2026/02/04 23:21:54 - mmengine - INFO - paramwise_options -- language_model.language_backbone.body.model.encoder.layer.7.attention.output.LayerNorm.weight:weight_decay=0.0001
2026/02/04 23:21:54 - mmengine - INFO - paramwise_options -- language_model.language_backbone.body.model.encoder.layer.7.attention.output.LayerNorm.weight:lr_mult=0.1
2026/02/04 23:21:54 - mmengine - INFO - paramwise_options -- language_model.language_backbone.body.model.encoder.layer.7.attention.output.LayerNorm.bias:lr=1e-05
2026/02/04 23:21:54 - mmengine - INFO - paramwise_options -- language_model.language_backbone.body.model.encoder.layer.7.attention.output.LayerNorm.bias:weight_decay=0.0001
2026/02/04 23:21:54 - mmengine - INFO - paramwise_options -- language_model.language_backbone.body.model.encoder.layer.7.attention.output.LayerNorm.bias:lr_mult=0.1
2026/02/04 23:21:54 - mmengine - INFO - paramwise_options -- language_model.language_backbone.body.model.encoder.layer.7.intermediate.dense.weight:lr=1e-05
2026/02/04 23:21:54 - mmengine - INFO - paramwise_options -- language_model.language_backbone.body.model.encoder.layer.7.intermediate.dense.weight:weight_decay=0.0001
2026/02/04 23:21:54 - mmengine - INFO - paramwise_options -- language_model.language_backbone.body.model.encoder.layer.7.intermediate.dense.weight:lr_mult=0.1
2026/02/04 23:21:54 - mmengine - INFO - paramwise_options -- language_model.language_backbone.body.model.encoder.layer.7.intermediate.dense.bias:lr=1e-05
2026/02/04 23:21:54 - mmengine - INFO - paramwise_options -- language_model.language_backbone.body.model.encoder.layer.7.intermediate.dense.bias:weight_decay=0.0001
2026/02/04 23:21:54 - mmengine - INFO - paramwise_options -- language_model.language_backbone.body.model.encoder.layer.7.intermediate.dense.bias:lr_mult=0.1
2026/02/04 23:21:54 - mmengine - INFO - paramwise_options -- language_model.language_backbone.body.model.encoder.layer.7.output.dense.weight:lr=1e-05
2026/02/04 23:21:54 - mmengine - INFO - paramwise_options -- language_model.language_backbone.body.model.encoder.layer.7.output.dense.weight:weight_decay=0.0001
2026/02/04 23:21:54 - mmengine - INFO - paramwise_options -- language_model.language_backbone.body.model.encoder.layer.7.output.dense.weight:lr_mult=0.1
2026/02/04 23:21:54 - mmengine - INFO - paramwise_options -- language_model.language_backbone.body.model.encoder.layer.7.output.dense.bias:lr=1e-05
2026/02/04 23:21:54 - mmengine - INFO - paramwise_options -- language_model.language_backbone.body.model.encoder.layer.7.output.dense.bias:weight_decay=0.0001
2026/02/04 23:21:54 - mmengine - INFO - paramwise_options -- language_model.language_backbone.body.model.encoder.layer.7.output.dense.bias:lr_mult=0.1
2026/02/04 23:21:54 - mmengine - INFO - paramwise_options -- language_model.language_backbone.body.model.encoder.layer.7.output.LayerNorm.weight:lr=1e-05
2026/02/04 23:21:54 - mmengine - INFO - paramwise_options -- language_model.language_backbone.body.model.encoder.layer.7.output.LayerNorm.weight:weight_decay=0.0001
2026/02/04 23:21:54 - mmengine - INFO - paramwise_options -- language_model.language_backbone.body.model.encoder.layer.7.output.LayerNorm.weight:lr_mult=0.1
2026/02/04 23:21:54 - mmengine - INFO - paramwise_options -- language_model.language_backbone.body.model.encoder.layer.7.output.LayerNorm.bias:lr=1e-05
2026/02/04 23:21:54 - mmengine - INFO - paramwise_options -- language_model.language_backbone.body.model.encoder.layer.7.output.LayerNorm.bias:weight_decay=0.0001
2026/02/04 23:21:54 - mmengine - INFO - paramwise_options -- language_model.language_backbone.body.model.encoder.layer.7.output.LayerNorm.bias:lr_mult=0.1
2026/02/04 23:21:54 - mmengine - INFO - paramwise_options -- language_model.language_backbone.body.model.encoder.layer.8.attention.self.query.weight:lr=1e-05
2026/02/04 23:21:54 - mmengine - INFO - paramwise_options -- language_model.language_backbone.body.model.encoder.layer.8.attention.self.query.weight:weight_decay=0.0001
2026/02/04 23:21:54 - mmengine - INFO - paramwise_options -- language_model.language_backbone.body.model.encoder.layer.8.attention.self.query.weight:lr_mult=0.1
2026/02/04 23:21:54 - mmengine - INFO - paramwise_options -- language_model.language_backbone.body.model.encoder.layer.8.attention.self.query.bias:lr=1e-05
2026/02/04 23:21:54 - mmengine - INFO - paramwise_options -- language_model.language_backbone.body.model.encoder.layer.8.attention.self.query.bias:weight_decay=0.0001
2026/02/04 23:21:54 - mmengine - INFO - paramwise_options -- language_model.language_backbone.body.model.encoder.layer.8.attention.self.query.bias:lr_mult=0.1
2026/02/04 23:21:54 - mmengine - INFO - paramwise_options -- language_model.language_backbone.body.model.encoder.layer.8.attention.self.key.weight:lr=1e-05
2026/02/04 23:21:54 - mmengine - INFO - paramwise_options -- language_model.language_backbone.body.model.encoder.layer.8.attention.self.key.weight:weight_decay=0.0001
2026/02/04 23:21:54 - mmengine - INFO - paramwise_options -- language_model.language_backbone.body.model.encoder.layer.8.attention.self.key.weight:lr_mult=0.1
2026/02/04 23:21:54 - mmengine - INFO - paramwise_options -- language_model.language_backbone.body.model.encoder.layer.8.attention.self.key.bias:lr=1e-05
2026/02/04 23:21:54 - mmengine - INFO - paramwise_options -- language_model.language_backbone.body.model.encoder.layer.8.attention.self.key.bias:weight_decay=0.0001
2026/02/04 23:21:54 - mmengine - INFO - paramwise_options -- language_model.language_backbone.body.model.encoder.layer.8.attention.self.key.bias:lr_mult=0.1
2026/02/04 23:21:54 - mmengine - INFO - paramwise_options -- language_model.language_backbone.body.model.encoder.layer.8.attention.self.value.weight:lr=1e-05
2026/02/04 23:21:54 - mmengine - INFO - paramwise_options -- language_model.language_backbone.body.model.encoder.layer.8.attention.self.value.weight:weight_decay=0.0001
2026/02/04 23:21:54 - mmengine - INFO - paramwise_options -- language_model.language_backbone.body.model.encoder.layer.8.attention.self.value.weight:lr_mult=0.1
2026/02/04 23:21:54 - mmengine - INFO - paramwise_options -- language_model.language_backbone.body.model.encoder.layer.8.attention.self.value.bias:lr=1e-05
2026/02/04 23:21:54 - mmengine - INFO - paramwise_options -- language_model.language_backbone.body.model.encoder.layer.8.attention.self.value.bias:weight_decay=0.0001
2026/02/04 23:21:54 - mmengine - INFO - paramwise_options -- language_model.language_backbone.body.model.encoder.layer.8.attention.self.value.bias:lr_mult=0.1
2026/02/04 23:21:54 - mmengine - INFO - paramwise_options -- language_model.language_backbone.body.model.encoder.layer.8.attention.output.dense.weight:lr=1e-05
2026/02/04 23:21:54 - mmengine - INFO - paramwise_options -- language_model.language_backbone.body.model.encoder.layer.8.attention.output.dense.weight:weight_decay=0.0001
2026/02/04 23:21:54 - mmengine - INFO - paramwise_options -- language_model.language_backbone.body.model.encoder.layer.8.attention.output.dense.weight:lr_mult=0.1
2026/02/04 23:21:54 - mmengine - INFO - paramwise_options -- language_model.language_backbone.body.model.encoder.layer.8.attention.output.dense.bias:lr=1e-05
2026/02/04 23:21:54 - mmengine - INFO - paramwise_options -- language_model.language_backbone.body.model.encoder.layer.8.attention.output.dense.bias:weight_decay=0.0001
2026/02/04 23:21:54 - mmengine - INFO - paramwise_options -- language_model.language_backbone.body.model.encoder.layer.8.attention.output.dense.bias:lr_mult=0.1
2026/02/04 23:21:54 - mmengine - INFO - paramwise_options -- language_model.language_backbone.body.model.encoder.layer.8.attention.output.LayerNorm.weight:lr=1e-05
2026/02/04 23:21:54 - mmengine - INFO - paramwise_options -- language_model.language_backbone.body.model.encoder.layer.8.attention.output.LayerNorm.weight:weight_decay=0.0001
2026/02/04 23:21:54 - mmengine - INFO - paramwise_options -- language_model.language_backbone.body.model.encoder.layer.8.attention.output.LayerNorm.weight:lr_mult=0.1
2026/02/04 23:21:54 - mmengine - INFO - paramwise_options -- language_model.language_backbone.body.model.encoder.layer.8.attention.output.LayerNorm.bias:lr=1e-05
2026/02/04 23:21:54 - mmengine - INFO - paramwise_options -- language_model.language_backbone.body.model.encoder.layer.8.attention.output.LayerNorm.bias:weight_decay=0.0001
2026/02/04 23:21:54 - mmengine - INFO - paramwise_options -- language_model.language_backbone.body.model.encoder.layer.8.attention.output.LayerNorm.bias:lr_mult=0.1
2026/02/04 23:21:54 - mmengine - INFO - paramwise_options -- language_model.language_backbone.body.model.encoder.layer.8.intermediate.dense.weight:lr=1e-05
2026/02/04 23:21:54 - mmengine - INFO - paramwise_options -- language_model.language_backbone.body.model.encoder.layer.8.intermediate.dense.weight:weight_decay=0.0001
2026/02/04 23:21:54 - mmengine - INFO - paramwise_options -- language_model.language_backbone.body.model.encoder.layer.8.intermediate.dense.weight:lr_mult=0.1
2026/02/04 23:21:54 - mmengine - INFO - paramwise_options -- language_model.language_backbone.body.model.encoder.layer.8.intermediate.dense.bias:lr=1e-05
2026/02/04 23:21:54 - mmengine - INFO - paramwise_options -- language_model.language_backbone.body.model.encoder.layer.8.intermediate.dense.bias:weight_decay=0.0001
2026/02/04 23:21:54 - mmengine - INFO - paramwise_options -- language_model.language_backbone.body.model.encoder.layer.8.intermediate.dense.bias:lr_mult=0.1
2026/02/04 23:21:54 - mmengine - INFO - paramwise_options -- language_model.language_backbone.body.model.encoder.layer.8.output.dense.weight:lr=1e-05
2026/02/04 23:21:54 - mmengine - INFO - paramwise_options -- language_model.language_backbone.body.model.encoder.layer.8.output.dense.weight:weight_decay=0.0001
2026/02/04 23:21:54 - mmengine - INFO - paramwise_options -- language_model.language_backbone.body.model.encoder.layer.8.output.dense.weight:lr_mult=0.1
2026/02/04 23:21:54 - mmengine - INFO - paramwise_options -- language_model.language_backbone.body.model.encoder.layer.8.output.dense.bias:lr=1e-05
2026/02/04 23:21:54 - mmengine - INFO - paramwise_options -- language_model.language_backbone.body.model.encoder.layer.8.output.dense.bias:weight_decay=0.0001
2026/02/04 23:21:54 - mmengine - INFO - paramwise_options -- language_model.language_backbone.body.model.encoder.layer.8.output.dense.bias:lr_mult=0.1
2026/02/04 23:21:54 - mmengine - INFO - paramwise_options -- language_model.language_backbone.body.model.encoder.layer.8.output.LayerNorm.weight:lr=1e-05
2026/02/04 23:21:54 - mmengine - INFO - paramwise_options -- language_model.language_backbone.body.model.encoder.layer.8.output.LayerNorm.weight:weight_decay=0.0001
2026/02/04 23:21:54 - mmengine - INFO - paramwise_options -- language_model.language_backbone.body.model.encoder.layer.8.output.LayerNorm.weight:lr_mult=0.1
2026/02/04 23:21:54 - mmengine - INFO - paramwise_options -- language_model.language_backbone.body.model.encoder.layer.8.output.LayerNorm.bias:lr=1e-05
2026/02/04 23:21:54 - mmengine - INFO - paramwise_options -- language_model.language_backbone.body.model.encoder.layer.8.output.LayerNorm.bias:weight_decay=0.0001
2026/02/04 23:21:54 - mmengine - INFO - paramwise_options -- language_model.language_backbone.body.model.encoder.layer.8.output.LayerNorm.bias:lr_mult=0.1
2026/02/04 23:21:54 - mmengine - INFO - paramwise_options -- language_model.language_backbone.body.model.encoder.layer.9.attention.self.query.weight:lr=1e-05
2026/02/04 23:21:54 - mmengine - INFO - paramwise_options -- language_model.language_backbone.body.model.encoder.layer.9.attention.self.query.weight:weight_decay=0.0001
2026/02/04 23:21:54 - mmengine - INFO - paramwise_options -- language_model.language_backbone.body.model.encoder.layer.9.attention.self.query.weight:lr_mult=0.1
2026/02/04 23:21:54 - mmengine - INFO - paramwise_options -- language_model.language_backbone.body.model.encoder.layer.9.attention.self.query.bias:lr=1e-05
2026/02/04 23:21:54 - mmengine - INFO - paramwise_options -- language_model.language_backbone.body.model.encoder.layer.9.attention.self.query.bias:weight_decay=0.0001
2026/02/04 23:21:54 - mmengine - INFO - paramwise_options -- language_model.language_backbone.body.model.encoder.layer.9.attention.self.query.bias:lr_mult=0.1
2026/02/04 23:21:54 - mmengine - INFO - paramwise_options -- language_model.language_backbone.body.model.encoder.layer.9.attention.self.key.weight:lr=1e-05
2026/02/04 23:21:54 - mmengine - INFO - paramwise_options -- language_model.language_backbone.body.model.encoder.layer.9.attention.self.key.weight:weight_decay=0.0001
2026/02/04 23:21:54 - mmengine - INFO - paramwise_options -- language_model.language_backbone.body.model.encoder.layer.9.attention.self.key.weight:lr_mult=0.1
2026/02/04 23:21:54 - mmengine - INFO - paramwise_options -- language_model.language_backbone.body.model.encoder.layer.9.attention.self.key.bias:lr=1e-05
2026/02/04 23:21:54 - mmengine - INFO - paramwise_options -- language_model.language_backbone.body.model.encoder.layer.9.attention.self.key.bias:weight_decay=0.0001
2026/02/04 23:21:54 - mmengine - INFO - paramwise_options -- language_model.language_backbone.body.model.encoder.layer.9.attention.self.key.bias:lr_mult=0.1
2026/02/04 23:21:54 - mmengine - INFO - paramwise_options -- language_model.language_backbone.body.model.encoder.layer.9.attention.self.value.weight:lr=1e-05
2026/02/04 23:21:54 - mmengine - INFO - paramwise_options -- language_model.language_backbone.body.model.encoder.layer.9.attention.self.value.weight:weight_decay=0.0001
2026/02/04 23:21:54 - mmengine - INFO - paramwise_options -- language_model.language_backbone.body.model.encoder.layer.9.attention.self.value.weight:lr_mult=0.1
2026/02/04 23:21:54 - mmengine - INFO - paramwise_options -- language_model.language_backbone.body.model.encoder.layer.9.attention.self.value.bias:lr=1e-05
2026/02/04 23:21:54 - mmengine - INFO - paramwise_options -- language_model.language_backbone.body.model.encoder.layer.9.attention.self.value.bias:weight_decay=0.0001
2026/02/04 23:21:54 - mmengine - INFO - paramwise_options -- language_model.language_backbone.body.model.encoder.layer.9.attention.self.value.bias:lr_mult=0.1
2026/02/04 23:21:54 - mmengine - INFO - paramwise_options -- language_model.language_backbone.body.model.encoder.layer.9.attention.output.dense.weight:lr=1e-05
2026/02/04 23:21:54 - mmengine - INFO - paramwise_options -- language_model.language_backbone.body.model.encoder.layer.9.attention.output.dense.weight:weight_decay=0.0001
2026/02/04 23:21:54 - mmengine - INFO - paramwise_options -- language_model.language_backbone.body.model.encoder.layer.9.attention.output.dense.weight:lr_mult=0.1
2026/02/04 23:21:54 - mmengine - INFO - paramwise_options -- language_model.language_backbone.body.model.encoder.layer.9.attention.output.dense.bias:lr=1e-05
2026/02/04 23:21:54 - mmengine - INFO - paramwise_options -- language_model.language_backbone.body.model.encoder.layer.9.attention.output.dense.bias:weight_decay=0.0001
2026/02/04 23:21:54 - mmengine - INFO - paramwise_options -- language_model.language_backbone.body.model.encoder.layer.9.attention.output.dense.bias:lr_mult=0.1
2026/02/04 23:21:54 - mmengine - INFO - paramwise_options -- language_model.language_backbone.body.model.encoder.layer.9.attention.output.LayerNorm.weight:lr=1e-05
2026/02/04 23:21:54 - mmengine - INFO - paramwise_options -- language_model.language_backbone.body.model.encoder.layer.9.attention.output.LayerNorm.weight:weight_decay=0.0001
2026/02/04 23:21:54 - mmengine - INFO - paramwise_options -- language_model.language_backbone.body.model.encoder.layer.9.attention.output.LayerNorm.weight:lr_mult=0.1
2026/02/04 23:21:54 - mmengine - INFO - paramwise_options -- language_model.language_backbone.body.model.encoder.layer.9.attention.output.LayerNorm.bias:lr=1e-05
2026/02/04 23:21:54 - mmengine - INFO - paramwise_options -- language_model.language_backbone.body.model.encoder.layer.9.attention.output.LayerNorm.bias:weight_decay=0.0001
2026/02/04 23:21:54 - mmengine - INFO - paramwise_options -- language_model.language_backbone.body.model.encoder.layer.9.attention.output.LayerNorm.bias:lr_mult=0.1
2026/02/04 23:21:54 - mmengine - INFO - paramwise_options -- language_model.language_backbone.body.model.encoder.layer.9.intermediate.dense.weight:lr=1e-05
2026/02/04 23:21:54 - mmengine - INFO - paramwise_options -- language_model.language_backbone.body.model.encoder.layer.9.intermediate.dense.weight:weight_decay=0.0001
2026/02/04 23:21:54 - mmengine - INFO - paramwise_options -- language_model.language_backbone.body.model.encoder.layer.9.intermediate.dense.weight:lr_mult=0.1
2026/02/04 23:21:54 - mmengine - INFO - paramwise_options -- language_model.language_backbone.body.model.encoder.layer.9.intermediate.dense.bias:lr=1e-05
2026/02/04 23:21:54 - mmengine - INFO - paramwise_options -- language_model.language_backbone.body.model.encoder.layer.9.intermediate.dense.bias:weight_decay=0.0001
2026/02/04 23:21:54 - mmengine - INFO - paramwise_options -- language_model.language_backbone.body.model.encoder.layer.9.intermediate.dense.bias:lr_mult=0.1
2026/02/04 23:21:54 - mmengine - INFO - paramwise_options -- language_model.language_backbone.body.model.encoder.layer.9.output.dense.weight:lr=1e-05
2026/02/04 23:21:54 - mmengine - INFO - paramwise_options -- language_model.language_backbone.body.model.encoder.layer.9.output.dense.weight:weight_decay=0.0001
2026/02/04 23:21:54 - mmengine - INFO - paramwise_options -- language_model.language_backbone.body.model.encoder.layer.9.output.dense.weight:lr_mult=0.1
2026/02/04 23:21:54 - mmengine - INFO - paramwise_options -- language_model.language_backbone.body.model.encoder.layer.9.output.dense.bias:lr=1e-05
2026/02/04 23:21:54 - mmengine - INFO - paramwise_options -- language_model.language_backbone.body.model.encoder.layer.9.output.dense.bias:weight_decay=0.0001
2026/02/04 23:21:54 - mmengine - INFO - paramwise_options -- language_model.language_backbone.body.model.encoder.layer.9.output.dense.bias:lr_mult=0.1
2026/02/04 23:21:54 - mmengine - INFO - paramwise_options -- language_model.language_backbone.body.model.encoder.layer.9.output.LayerNorm.weight:lr=1e-05
2026/02/04 23:21:54 - mmengine - INFO - paramwise_options -- language_model.language_backbone.body.model.encoder.layer.9.output.LayerNorm.weight:weight_decay=0.0001
2026/02/04 23:21:54 - mmengine - INFO - paramwise_options -- language_model.language_backbone.body.model.encoder.layer.9.output.LayerNorm.weight:lr_mult=0.1
2026/02/04 23:21:54 - mmengine - INFO - paramwise_options -- language_model.language_backbone.body.model.encoder.layer.9.output.LayerNorm.bias:lr=1e-05
2026/02/04 23:21:54 - mmengine - INFO - paramwise_options -- language_model.language_backbone.body.model.encoder.layer.9.output.LayerNorm.bias:weight_decay=0.0001
2026/02/04 23:21:54 - mmengine - INFO - paramwise_options -- language_model.language_backbone.body.model.encoder.layer.9.output.LayerNorm.bias:lr_mult=0.1
2026/02/04 23:21:54 - mmengine - INFO - paramwise_options -- language_model.language_backbone.body.model.encoder.layer.10.attention.self.query.weight:lr=1e-05
2026/02/04 23:21:54 - mmengine - INFO - paramwise_options -- language_model.language_backbone.body.model.encoder.layer.10.attention.self.query.weight:weight_decay=0.0001
2026/02/04 23:21:54 - mmengine - INFO - paramwise_options -- language_model.language_backbone.body.model.encoder.layer.10.attention.self.query.weight:lr_mult=0.1
2026/02/04 23:21:54 - mmengine - INFO - paramwise_options -- language_model.language_backbone.body.model.encoder.layer.10.attention.self.query.bias:lr=1e-05
2026/02/04 23:21:54 - mmengine - INFO - paramwise_options -- language_model.language_backbone.body.model.encoder.layer.10.attention.self.query.bias:weight_decay=0.0001
2026/02/04 23:21:54 - mmengine - INFO - paramwise_options -- language_model.language_backbone.body.model.encoder.layer.10.attention.self.query.bias:lr_mult=0.1
2026/02/04 23:21:54 - mmengine - INFO - paramwise_options -- language_model.language_backbone.body.model.encoder.layer.10.attention.self.key.weight:lr=1e-05
2026/02/04 23:21:54 - mmengine - INFO - paramwise_options -- language_model.language_backbone.body.model.encoder.layer.10.attention.self.key.weight:weight_decay=0.0001
2026/02/04 23:21:54 - mmengine - INFO - paramwise_options -- language_model.language_backbone.body.model.encoder.layer.10.attention.self.key.weight:lr_mult=0.1
2026/02/04 23:21:54 - mmengine - INFO - paramwise_options -- language_model.language_backbone.body.model.encoder.layer.10.attention.self.key.bias:lr=1e-05
2026/02/04 23:21:54 - mmengine - INFO - paramwise_options -- language_model.language_backbone.body.model.encoder.layer.10.attention.self.key.bias:weight_decay=0.0001
2026/02/04 23:21:54 - mmengine - INFO - paramwise_options -- language_model.language_backbone.body.model.encoder.layer.10.attention.self.key.bias:lr_mult=0.1
2026/02/04 23:21:54 - mmengine - INFO - paramwise_options -- language_model.language_backbone.body.model.encoder.layer.10.attention.self.value.weight:lr=1e-05
2026/02/04 23:21:54 - mmengine - INFO - paramwise_options -- language_model.language_backbone.body.model.encoder.layer.10.attention.self.value.weight:weight_decay=0.0001
2026/02/04 23:21:54 - mmengine - INFO - paramwise_options -- language_model.language_backbone.body.model.encoder.layer.10.attention.self.value.weight:lr_mult=0.1
2026/02/04 23:21:54 - mmengine - INFO - paramwise_options -- language_model.language_backbone.body.model.encoder.layer.10.attention.self.value.bias:lr=1e-05
2026/02/04 23:21:54 - mmengine - INFO - paramwise_options -- language_model.language_backbone.body.model.encoder.layer.10.attention.self.value.bias:weight_decay=0.0001
2026/02/04 23:21:54 - mmengine - INFO - paramwise_options -- language_model.language_backbone.body.model.encoder.layer.10.attention.self.value.bias:lr_mult=0.1
2026/02/04 23:21:54 - mmengine - INFO - paramwise_options -- language_model.language_backbone.body.model.encoder.layer.10.attention.output.dense.weight:lr=1e-05
2026/02/04 23:21:54 - mmengine - INFO - paramwise_options -- language_model.language_backbone.body.model.encoder.layer.10.attention.output.dense.weight:weight_decay=0.0001
2026/02/04 23:21:54 - mmengine - INFO - paramwise_options -- language_model.language_backbone.body.model.encoder.layer.10.attention.output.dense.weight:lr_mult=0.1
2026/02/04 23:21:54 - mmengine - INFO - paramwise_options -- language_model.language_backbone.body.model.encoder.layer.10.attention.output.dense.bias:lr=1e-05
2026/02/04 23:21:54 - mmengine - INFO - paramwise_options -- language_model.language_backbone.body.model.encoder.layer.10.attention.output.dense.bias:weight_decay=0.0001
2026/02/04 23:21:54 - mmengine - INFO - paramwise_options -- language_model.language_backbone.body.model.encoder.layer.10.attention.output.dense.bias:lr_mult=0.1
2026/02/04 23:21:54 - mmengine - INFO - paramwise_options -- language_model.language_backbone.body.model.encoder.layer.10.attention.output.LayerNorm.weight:lr=1e-05
2026/02/04 23:21:54 - mmengine - INFO - paramwise_options -- language_model.language_backbone.body.model.encoder.layer.10.attention.output.LayerNorm.weight:weight_decay=0.0001
2026/02/04 23:21:54 - mmengine - INFO - paramwise_options -- language_model.language_backbone.body.model.encoder.layer.10.attention.output.LayerNorm.weight:lr_mult=0.1
2026/02/04 23:21:54 - mmengine - INFO - paramwise_options -- language_model.language_backbone.body.model.encoder.layer.10.attention.output.LayerNorm.bias:lr=1e-05
2026/02/04 23:21:54 - mmengine - INFO - paramwise_options -- language_model.language_backbone.body.model.encoder.layer.10.attention.output.LayerNorm.bias:weight_decay=0.0001
2026/02/04 23:21:54 - mmengine - INFO - paramwise_options -- language_model.language_backbone.body.model.encoder.layer.10.attention.output.LayerNorm.bias:lr_mult=0.1
2026/02/04 23:21:54 - mmengine - INFO - paramwise_options -- language_model.language_backbone.body.model.encoder.layer.10.intermediate.dense.weight:lr=1e-05
2026/02/04 23:21:54 - mmengine - INFO - paramwise_options -- language_model.language_backbone.body.model.encoder.layer.10.intermediate.dense.weight:weight_decay=0.0001
2026/02/04 23:21:54 - mmengine - INFO - paramwise_options -- language_model.language_backbone.body.model.encoder.layer.10.intermediate.dense.weight:lr_mult=0.1
2026/02/04 23:21:54 - mmengine - INFO - paramwise_options -- language_model.language_backbone.body.model.encoder.layer.10.intermediate.dense.bias:lr=1e-05
2026/02/04 23:21:54 - mmengine - INFO - paramwise_options -- language_model.language_backbone.body.model.encoder.layer.10.intermediate.dense.bias:weight_decay=0.0001
2026/02/04 23:21:54 - mmengine - INFO - paramwise_options -- language_model.language_backbone.body.model.encoder.layer.10.intermediate.dense.bias:lr_mult=0.1
2026/02/04 23:21:54 - mmengine - INFO - paramwise_options -- language_model.language_backbone.body.model.encoder.layer.10.output.dense.weight:lr=1e-05
2026/02/04 23:21:54 - mmengine - INFO - paramwise_options -- language_model.language_backbone.body.model.encoder.layer.10.output.dense.weight:weight_decay=0.0001
2026/02/04 23:21:54 - mmengine - INFO - paramwise_options -- language_model.language_backbone.body.model.encoder.layer.10.output.dense.weight:lr_mult=0.1
2026/02/04 23:21:54 - mmengine - INFO - paramwise_options -- language_model.language_backbone.body.model.encoder.layer.10.output.dense.bias:lr=1e-05
2026/02/04 23:21:54 - mmengine - INFO - paramwise_options -- language_model.language_backbone.body.model.encoder.layer.10.output.dense.bias:weight_decay=0.0001
2026/02/04 23:21:54 - mmengine - INFO - paramwise_options -- language_model.language_backbone.body.model.encoder.layer.10.output.dense.bias:lr_mult=0.1
2026/02/04 23:21:54 - mmengine - INFO - paramwise_options -- language_model.language_backbone.body.model.encoder.layer.10.output.LayerNorm.weight:lr=1e-05
2026/02/04 23:21:54 - mmengine - INFO - paramwise_options -- language_model.language_backbone.body.model.encoder.layer.10.output.LayerNorm.weight:weight_decay=0.0001
2026/02/04 23:21:54 - mmengine - INFO - paramwise_options -- language_model.language_backbone.body.model.encoder.layer.10.output.LayerNorm.weight:lr_mult=0.1
2026/02/04 23:21:54 - mmengine - INFO - paramwise_options -- language_model.language_backbone.body.model.encoder.layer.10.output.LayerNorm.bias:lr=1e-05
2026/02/04 23:21:54 - mmengine - INFO - paramwise_options -- language_model.language_backbone.body.model.encoder.layer.10.output.LayerNorm.bias:weight_decay=0.0001
2026/02/04 23:21:54 - mmengine - INFO - paramwise_options -- language_model.language_backbone.body.model.encoder.layer.10.output.LayerNorm.bias:lr_mult=0.1
2026/02/04 23:21:54 - mmengine - INFO - paramwise_options -- language_model.language_backbone.body.model.encoder.layer.11.attention.self.query.weight:lr=1e-05
2026/02/04 23:21:54 - mmengine - INFO - paramwise_options -- language_model.language_backbone.body.model.encoder.layer.11.attention.self.query.weight:weight_decay=0.0001
2026/02/04 23:21:54 - mmengine - INFO - paramwise_options -- language_model.language_backbone.body.model.encoder.layer.11.attention.self.query.weight:lr_mult=0.1
2026/02/04 23:21:54 - mmengine - INFO - paramwise_options -- language_model.language_backbone.body.model.encoder.layer.11.attention.self.query.bias:lr=1e-05
2026/02/04 23:21:54 - mmengine - INFO - paramwise_options -- language_model.language_backbone.body.model.encoder.layer.11.attention.self.query.bias:weight_decay=0.0001
2026/02/04 23:21:54 - mmengine - INFO - paramwise_options -- language_model.language_backbone.body.model.encoder.layer.11.attention.self.query.bias:lr_mult=0.1
2026/02/04 23:21:54 - mmengine - INFO - paramwise_options -- language_model.language_backbone.body.model.encoder.layer.11.attention.self.key.weight:lr=1e-05
2026/02/04 23:21:54 - mmengine - INFO - paramwise_options -- language_model.language_backbone.body.model.encoder.layer.11.attention.self.key.weight:weight_decay=0.0001
2026/02/04 23:21:54 - mmengine - INFO - paramwise_options -- language_model.language_backbone.body.model.encoder.layer.11.attention.self.key.weight:lr_mult=0.1
2026/02/04 23:21:54 - mmengine - INFO - paramwise_options -- language_model.language_backbone.body.model.encoder.layer.11.attention.self.key.bias:lr=1e-05
2026/02/04 23:21:54 - mmengine - INFO - paramwise_options -- language_model.language_backbone.body.model.encoder.layer.11.attention.self.key.bias:weight_decay=0.0001
2026/02/04 23:21:54 - mmengine - INFO - paramwise_options -- language_model.language_backbone.body.model.encoder.layer.11.attention.self.key.bias:lr_mult=0.1
2026/02/04 23:21:54 - mmengine - INFO - paramwise_options -- language_model.language_backbone.body.model.encoder.layer.11.attention.self.value.weight:lr=1e-05
2026/02/04 23:21:54 - mmengine - INFO - paramwise_options -- language_model.language_backbone.body.model.encoder.layer.11.attention.self.value.weight:weight_decay=0.0001
2026/02/04 23:21:54 - mmengine - INFO - paramwise_options -- language_model.language_backbone.body.model.encoder.layer.11.attention.self.value.weight:lr_mult=0.1
2026/02/04 23:21:54 - mmengine - INFO - paramwise_options -- language_model.language_backbone.body.model.encoder.layer.11.attention.self.value.bias:lr=1e-05
2026/02/04 23:21:54 - mmengine - INFO - paramwise_options -- language_model.language_backbone.body.model.encoder.layer.11.attention.self.value.bias:weight_decay=0.0001
2026/02/04 23:21:54 - mmengine - INFO - paramwise_options -- language_model.language_backbone.body.model.encoder.layer.11.attention.self.value.bias:lr_mult=0.1
2026/02/04 23:21:54 - mmengine - INFO - paramwise_options -- language_model.language_backbone.body.model.encoder.layer.11.attention.output.dense.weight:lr=1e-05
2026/02/04 23:21:54 - mmengine - INFO - paramwise_options -- language_model.language_backbone.body.model.encoder.layer.11.attention.output.dense.weight:weight_decay=0.0001
2026/02/04 23:21:54 - mmengine - INFO - paramwise_options -- language_model.language_backbone.body.model.encoder.layer.11.attention.output.dense.weight:lr_mult=0.1
2026/02/04 23:21:54 - mmengine - INFO - paramwise_options -- language_model.language_backbone.body.model.encoder.layer.11.attention.output.dense.bias:lr=1e-05
2026/02/04 23:21:54 - mmengine - INFO - paramwise_options -- language_model.language_backbone.body.model.encoder.layer.11.attention.output.dense.bias:weight_decay=0.0001
2026/02/04 23:21:54 - mmengine - INFO - paramwise_options -- language_model.language_backbone.body.model.encoder.layer.11.attention.output.dense.bias:lr_mult=0.1
2026/02/04 23:21:54 - mmengine - INFO - paramwise_options -- language_model.language_backbone.body.model.encoder.layer.11.attention.output.LayerNorm.weight:lr=1e-05
2026/02/04 23:21:54 - mmengine - INFO - paramwise_options -- language_model.language_backbone.body.model.encoder.layer.11.attention.output.LayerNorm.weight:weight_decay=0.0001
2026/02/04 23:21:54 - mmengine - INFO - paramwise_options -- language_model.language_backbone.body.model.encoder.layer.11.attention.output.LayerNorm.weight:lr_mult=0.1
2026/02/04 23:21:54 - mmengine - INFO - paramwise_options -- language_model.language_backbone.body.model.encoder.layer.11.attention.output.LayerNorm.bias:lr=1e-05
2026/02/04 23:21:54 - mmengine - INFO - paramwise_options -- language_model.language_backbone.body.model.encoder.layer.11.attention.output.LayerNorm.bias:weight_decay=0.0001
2026/02/04 23:21:54 - mmengine - INFO - paramwise_options -- language_model.language_backbone.body.model.encoder.layer.11.attention.output.LayerNorm.bias:lr_mult=0.1
2026/02/04 23:21:54 - mmengine - INFO - paramwise_options -- language_model.language_backbone.body.model.encoder.layer.11.intermediate.dense.weight:lr=1e-05
2026/02/04 23:21:54 - mmengine - INFO - paramwise_options -- language_model.language_backbone.body.model.encoder.layer.11.intermediate.dense.weight:weight_decay=0.0001
2026/02/04 23:21:54 - mmengine - INFO - paramwise_options -- language_model.language_backbone.body.model.encoder.layer.11.intermediate.dense.weight:lr_mult=0.1
2026/02/04 23:21:54 - mmengine - INFO - paramwise_options -- language_model.language_backbone.body.model.encoder.layer.11.intermediate.dense.bias:lr=1e-05
2026/02/04 23:21:54 - mmengine - INFO - paramwise_options -- language_model.language_backbone.body.model.encoder.layer.11.intermediate.dense.bias:weight_decay=0.0001
2026/02/04 23:21:54 - mmengine - INFO - paramwise_options -- language_model.language_backbone.body.model.encoder.layer.11.intermediate.dense.bias:lr_mult=0.1
2026/02/04 23:21:54 - mmengine - INFO - paramwise_options -- language_model.language_backbone.body.model.encoder.layer.11.output.dense.weight:lr=1e-05
2026/02/04 23:21:54 - mmengine - INFO - paramwise_options -- language_model.language_backbone.body.model.encoder.layer.11.output.dense.weight:weight_decay=0.0001
2026/02/04 23:21:54 - mmengine - INFO - paramwise_options -- language_model.language_backbone.body.model.encoder.layer.11.output.dense.weight:lr_mult=0.1
2026/02/04 23:21:54 - mmengine - INFO - paramwise_options -- language_model.language_backbone.body.model.encoder.layer.11.output.dense.bias:lr=1e-05
2026/02/04 23:21:54 - mmengine - INFO - paramwise_options -- language_model.language_backbone.body.model.encoder.layer.11.output.dense.bias:weight_decay=0.0001
2026/02/04 23:21:54 - mmengine - INFO - paramwise_options -- language_model.language_backbone.body.model.encoder.layer.11.output.dense.bias:lr_mult=0.1
2026/02/04 23:21:54 - mmengine - INFO - paramwise_options -- language_model.language_backbone.body.model.encoder.layer.11.output.LayerNorm.weight:lr=1e-05
2026/02/04 23:21:54 - mmengine - INFO - paramwise_options -- language_model.language_backbone.body.model.encoder.layer.11.output.LayerNorm.weight:weight_decay=0.0001
2026/02/04 23:21:54 - mmengine - INFO - paramwise_options -- language_model.language_backbone.body.model.encoder.layer.11.output.LayerNorm.weight:lr_mult=0.1
2026/02/04 23:21:54 - mmengine - INFO - paramwise_options -- language_model.language_backbone.body.model.encoder.layer.11.output.LayerNorm.bias:lr=1e-05
2026/02/04 23:21:54 - mmengine - INFO - paramwise_options -- language_model.language_backbone.body.model.encoder.layer.11.output.LayerNorm.bias:weight_decay=0.0001
2026/02/04 23:21:54 - mmengine - INFO - paramwise_options -- language_model.language_backbone.body.model.encoder.layer.11.output.LayerNorm.bias:lr_mult=0.1
2026/02/04 23:21:54 - mmengine - WARNING - lmm.model.embed_tokens.weight is skipped since its requires_grad=False
2026/02/04 23:21:54 - mmengine - WARNING - lmm.model.layers.0.self_attn.q_proj.ori_model.weight is skipped since its requires_grad=False
2026/02/04 23:21:54 - mmengine - WARNING - lmm.model.layers.0.self_attn.q_proj.ori_model.bias is skipped since its requires_grad=False
2026/02/04 23:21:54 - mmengine - WARNING - lmm.model.layers.0.self_attn.k_proj.ori_model.weight is skipped since its requires_grad=False
2026/02/04 23:21:54 - mmengine - WARNING - lmm.model.layers.0.self_attn.k_proj.ori_model.bias is skipped since its requires_grad=False
2026/02/04 23:21:54 - mmengine - WARNING - lmm.model.layers.0.self_attn.v_proj.ori_model.weight is skipped since its requires_grad=False
2026/02/04 23:21:54 - mmengine - WARNING - lmm.model.layers.0.self_attn.v_proj.ori_model.bias is skipped since its requires_grad=False
2026/02/04 23:21:54 - mmengine - WARNING - lmm.model.layers.0.self_attn.o_proj.ori_model.weight is skipped since its requires_grad=False
2026/02/04 23:21:54 - mmengine - WARNING - lmm.model.layers.0.mlp.gate_proj.ori_model.weight is skipped since its requires_grad=False
2026/02/04 23:21:54 - mmengine - WARNING - lmm.model.layers.0.mlp.up_proj.ori_model.weight is skipped since its requires_grad=False
2026/02/04 23:21:54 - mmengine - WARNING - lmm.model.layers.0.mlp.down_proj.ori_model.weight is skipped since its requires_grad=False
2026/02/04 23:21:54 - mmengine - WARNING - lmm.model.layers.0.input_layernorm.weight is skipped since its requires_grad=False
2026/02/04 23:21:54 - mmengine - WARNING - lmm.model.layers.0.post_attention_layernorm.weight is skipped since its requires_grad=False
2026/02/04 23:21:54 - mmengine - WARNING - lmm.model.layers.1.self_attn.q_proj.ori_model.weight is skipped since its requires_grad=False
2026/02/04 23:21:54 - mmengine - WARNING - lmm.model.layers.1.self_attn.q_proj.ori_model.bias is skipped since its requires_grad=False
2026/02/04 23:21:54 - mmengine - WARNING - lmm.model.layers.1.self_attn.k_proj.ori_model.weight is skipped since its requires_grad=False
2026/02/04 23:21:54 - mmengine - WARNING - lmm.model.layers.1.self_attn.k_proj.ori_model.bias is skipped since its requires_grad=False
2026/02/04 23:21:54 - mmengine - WARNING - lmm.model.layers.1.self_attn.v_proj.ori_model.weight is skipped since its requires_grad=False
2026/02/04 23:21:54 - mmengine - WARNING - lmm.model.layers.1.self_attn.v_proj.ori_model.bias is skipped since its requires_grad=False
2026/02/04 23:21:54 - mmengine - WARNING - lmm.model.layers.1.self_attn.o_proj.ori_model.weight is skipped since its requires_grad=False
2026/02/04 23:21:54 - mmengine - WARNING - lmm.model.layers.1.mlp.gate_proj.ori_model.weight is skipped since its requires_grad=False
2026/02/04 23:21:54 - mmengine - WARNING - lmm.model.layers.1.mlp.up_proj.ori_model.weight is skipped since its requires_grad=False
2026/02/04 23:21:54 - mmengine - WARNING - lmm.model.layers.1.mlp.down_proj.ori_model.weight is skipped since its requires_grad=False
2026/02/04 23:21:54 - mmengine - WARNING - lmm.model.layers.1.input_layernorm.weight is skipped since its requires_grad=False
2026/02/04 23:21:54 - mmengine - WARNING - lmm.model.layers.1.post_attention_layernorm.weight is skipped since its requires_grad=False
2026/02/04 23:21:54 - mmengine - WARNING - lmm.model.layers.2.self_attn.q_proj.ori_model.weight is skipped since its requires_grad=False
2026/02/04 23:21:54 - mmengine - WARNING - lmm.model.layers.2.self_attn.q_proj.ori_model.bias is skipped since its requires_grad=False
2026/02/04 23:21:54 - mmengine - WARNING - lmm.model.layers.2.self_attn.k_proj.ori_model.weight is skipped since its requires_grad=False
2026/02/04 23:21:54 - mmengine - WARNING - lmm.model.layers.2.self_attn.k_proj.ori_model.bias is skipped since its requires_grad=False
2026/02/04 23:21:54 - mmengine - WARNING - lmm.model.layers.2.self_attn.v_proj.ori_model.weight is skipped since its requires_grad=False
2026/02/04 23:21:54 - mmengine - WARNING - lmm.model.layers.2.self_attn.v_proj.ori_model.bias is skipped since its requires_grad=False
2026/02/04 23:21:54 - mmengine - WARNING - lmm.model.layers.2.self_attn.o_proj.ori_model.weight is skipped since its requires_grad=False
2026/02/04 23:21:54 - mmengine - WARNING - lmm.model.layers.2.mlp.gate_proj.ori_model.weight is skipped since its requires_grad=False
2026/02/04 23:21:54 - mmengine - WARNING - lmm.model.layers.2.mlp.up_proj.ori_model.weight is skipped since its requires_grad=False
2026/02/04 23:21:54 - mmengine - WARNING - lmm.model.layers.2.mlp.down_proj.ori_model.weight is skipped since its requires_grad=False
2026/02/04 23:21:54 - mmengine - WARNING - lmm.model.layers.2.input_layernorm.weight is skipped since its requires_grad=False
2026/02/04 23:21:54 - mmengine - WARNING - lmm.model.layers.2.post_attention_layernorm.weight is skipped since its requires_grad=False
2026/02/04 23:21:54 - mmengine - WARNING - lmm.model.layers.3.self_attn.q_proj.ori_model.weight is skipped since its requires_grad=False
2026/02/04 23:21:54 - mmengine - WARNING - lmm.model.layers.3.self_attn.q_proj.ori_model.bias is skipped since its requires_grad=False
2026/02/04 23:21:54 - mmengine - WARNING - lmm.model.layers.3.self_attn.k_proj.ori_model.weight is skipped since its requires_grad=False
2026/02/04 23:21:54 - mmengine - WARNING - lmm.model.layers.3.self_attn.k_proj.ori_model.bias is skipped since its requires_grad=False
2026/02/04 23:21:54 - mmengine - WARNING - lmm.model.layers.3.self_attn.v_proj.ori_model.weight is skipped since its requires_grad=False
2026/02/04 23:21:54 - mmengine - WARNING - lmm.model.layers.3.self_attn.v_proj.ori_model.bias is skipped since its requires_grad=False
2026/02/04 23:21:54 - mmengine - WARNING - lmm.model.layers.3.self_attn.o_proj.ori_model.weight is skipped since its requires_grad=False
2026/02/04 23:21:54 - mmengine - WARNING - lmm.model.layers.3.mlp.gate_proj.ori_model.weight is skipped since its requires_grad=False
2026/02/04 23:21:54 - mmengine - WARNING - lmm.model.layers.3.mlp.up_proj.ori_model.weight is skipped since its requires_grad=False
2026/02/04 23:21:54 - mmengine - WARNING - lmm.model.layers.3.mlp.down_proj.ori_model.weight is skipped since its requires_grad=False
2026/02/04 23:21:54 - mmengine - WARNING - lmm.model.layers.3.input_layernorm.weight is skipped since its requires_grad=False
2026/02/04 23:21:54 - mmengine - WARNING - lmm.model.layers.3.post_attention_layernorm.weight is skipped since its requires_grad=False
2026/02/04 23:21:54 - mmengine - WARNING - lmm.model.layers.4.self_attn.q_proj.ori_model.weight is skipped since its requires_grad=False
2026/02/04 23:21:54 - mmengine - WARNING - lmm.model.layers.4.self_attn.q_proj.ori_model.bias is skipped since its requires_grad=False
2026/02/04 23:21:54 - mmengine - WARNING - lmm.model.layers.4.self_attn.k_proj.ori_model.weight is skipped since its requires_grad=False
2026/02/04 23:21:54 - mmengine - WARNING - lmm.model.layers.4.self_attn.k_proj.ori_model.bias is skipped since its requires_grad=False
2026/02/04 23:21:54 - mmengine - WARNING - lmm.model.layers.4.self_attn.v_proj.ori_model.weight is skipped since its requires_grad=False
2026/02/04 23:21:54 - mmengine - WARNING - lmm.model.layers.4.self_attn.v_proj.ori_model.bias is skipped since its requires_grad=False
2026/02/04 23:21:54 - mmengine - WARNING - lmm.model.layers.4.self_attn.o_proj.ori_model.weight is skipped since its requires_grad=False
2026/02/04 23:21:54 - mmengine - WARNING - lmm.model.layers.4.mlp.gate_proj.ori_model.weight is skipped since its requires_grad=False
2026/02/04 23:21:54 - mmengine - WARNING - lmm.model.layers.4.mlp.up_proj.ori_model.weight is skipped since its requires_grad=False
2026/02/04 23:21:54 - mmengine - WARNING - lmm.model.layers.4.mlp.down_proj.ori_model.weight is skipped since its requires_grad=False
2026/02/04 23:21:54 - mmengine - WARNING - lmm.model.layers.4.input_layernorm.weight is skipped since its requires_grad=False
2026/02/04 23:21:54 - mmengine - WARNING - lmm.model.layers.4.post_attention_layernorm.weight is skipped since its requires_grad=False
2026/02/04 23:21:54 - mmengine - WARNING - lmm.model.layers.5.self_attn.q_proj.ori_model.weight is skipped since its requires_grad=False
2026/02/04 23:21:54 - mmengine - WARNING - lmm.model.layers.5.self_attn.q_proj.ori_model.bias is skipped since its requires_grad=False
2026/02/04 23:21:54 - mmengine - WARNING - lmm.model.layers.5.self_attn.k_proj.ori_model.weight is skipped since its requires_grad=False
2026/02/04 23:21:54 - mmengine - WARNING - lmm.model.layers.5.self_attn.k_proj.ori_model.bias is skipped since its requires_grad=False
2026/02/04 23:21:54 - mmengine - WARNING - lmm.model.layers.5.self_attn.v_proj.ori_model.weight is skipped since its requires_grad=False
2026/02/04 23:21:54 - mmengine - WARNING - lmm.model.layers.5.self_attn.v_proj.ori_model.bias is skipped since its requires_grad=False
2026/02/04 23:21:54 - mmengine - WARNING - lmm.model.layers.5.self_attn.o_proj.ori_model.weight is skipped since its requires_grad=False
2026/02/04 23:21:54 - mmengine - WARNING - lmm.model.layers.5.mlp.gate_proj.ori_model.weight is skipped since its requires_grad=False
2026/02/04 23:21:54 - mmengine - WARNING - lmm.model.layers.5.mlp.up_proj.ori_model.weight is skipped since its requires_grad=False
2026/02/04 23:21:54 - mmengine - WARNING - lmm.model.layers.5.mlp.down_proj.ori_model.weight is skipped since its requires_grad=False
2026/02/04 23:21:54 - mmengine - WARNING - lmm.model.layers.5.input_layernorm.weight is skipped since its requires_grad=False
2026/02/04 23:21:54 - mmengine - WARNING - lmm.model.layers.5.post_attention_layernorm.weight is skipped since its requires_grad=False
2026/02/04 23:21:54 - mmengine - WARNING - lmm.model.layers.6.self_attn.q_proj.ori_model.weight is skipped since its requires_grad=False
2026/02/04 23:21:54 - mmengine - WARNING - lmm.model.layers.6.self_attn.q_proj.ori_model.bias is skipped since its requires_grad=False
2026/02/04 23:21:54 - mmengine - WARNING - lmm.model.layers.6.self_attn.k_proj.ori_model.weight is skipped since its requires_grad=False
2026/02/04 23:21:54 - mmengine - WARNING - lmm.model.layers.6.self_attn.k_proj.ori_model.bias is skipped since its requires_grad=False
2026/02/04 23:21:54 - mmengine - WARNING - lmm.model.layers.6.self_attn.v_proj.ori_model.weight is skipped since its requires_grad=False
2026/02/04 23:21:54 - mmengine - WARNING - lmm.model.layers.6.self_attn.v_proj.ori_model.bias is skipped since its requires_grad=False
2026/02/04 23:21:54 - mmengine - WARNING - lmm.model.layers.6.self_attn.o_proj.ori_model.weight is skipped since its requires_grad=False
2026/02/04 23:21:54 - mmengine - WARNING - lmm.model.layers.6.mlp.gate_proj.ori_model.weight is skipped since its requires_grad=False
2026/02/04 23:21:54 - mmengine - WARNING - lmm.model.layers.6.mlp.up_proj.ori_model.weight is skipped since its requires_grad=False
2026/02/04 23:21:54 - mmengine - WARNING - lmm.model.layers.6.mlp.down_proj.ori_model.weight is skipped since its requires_grad=False
2026/02/04 23:21:54 - mmengine - WARNING - lmm.model.layers.6.input_layernorm.weight is skipped since its requires_grad=False
2026/02/04 23:21:54 - mmengine - WARNING - lmm.model.layers.6.post_attention_layernorm.weight is skipped since its requires_grad=False
2026/02/04 23:21:54 - mmengine - WARNING - lmm.model.layers.7.self_attn.q_proj.ori_model.weight is skipped since its requires_grad=False
2026/02/04 23:21:54 - mmengine - WARNING - lmm.model.layers.7.self_attn.q_proj.ori_model.bias is skipped since its requires_grad=False
2026/02/04 23:21:54 - mmengine - WARNING - lmm.model.layers.7.self_attn.k_proj.ori_model.weight is skipped since its requires_grad=False
2026/02/04 23:21:54 - mmengine - WARNING - lmm.model.layers.7.self_attn.k_proj.ori_model.bias is skipped since its requires_grad=False
2026/02/04 23:21:54 - mmengine - WARNING - lmm.model.layers.7.self_attn.v_proj.ori_model.weight is skipped since its requires_grad=False
2026/02/04 23:21:54 - mmengine - WARNING - lmm.model.layers.7.self_attn.v_proj.ori_model.bias is skipped since its requires_grad=False
2026/02/04 23:21:54 - mmengine - WARNING - lmm.model.layers.7.self_attn.o_proj.ori_model.weight is skipped since its requires_grad=False
2026/02/04 23:21:54 - mmengine - WARNING - lmm.model.layers.7.mlp.gate_proj.ori_model.weight is skipped since its requires_grad=False
2026/02/04 23:21:54 - mmengine - WARNING - lmm.model.layers.7.mlp.up_proj.ori_model.weight is skipped since its requires_grad=False
2026/02/04 23:21:54 - mmengine - WARNING - lmm.model.layers.7.mlp.down_proj.ori_model.weight is skipped since its requires_grad=False
2026/02/04 23:21:54 - mmengine - WARNING - lmm.model.layers.7.input_layernorm.weight is skipped since its requires_grad=False
2026/02/04 23:21:54 - mmengine - WARNING - lmm.model.layers.7.post_attention_layernorm.weight is skipped since its requires_grad=False
2026/02/04 23:21:54 - mmengine - WARNING - lmm.model.layers.8.self_attn.q_proj.ori_model.weight is skipped since its requires_grad=False
2026/02/04 23:21:54 - mmengine - WARNING - lmm.model.layers.8.self_attn.q_proj.ori_model.bias is skipped since its requires_grad=False
2026/02/04 23:21:54 - mmengine - WARNING - lmm.model.layers.8.self_attn.k_proj.ori_model.weight is skipped since its requires_grad=False
2026/02/04 23:21:54 - mmengine - WARNING - lmm.model.layers.8.self_attn.k_proj.ori_model.bias is skipped since its requires_grad=False
2026/02/04 23:21:54 - mmengine - WARNING - lmm.model.layers.8.self_attn.v_proj.ori_model.weight is skipped since its requires_grad=False
2026/02/04 23:21:54 - mmengine - WARNING - lmm.model.layers.8.self_attn.v_proj.ori_model.bias is skipped since its requires_grad=False
2026/02/04 23:21:54 - mmengine - WARNING - lmm.model.layers.8.self_attn.o_proj.ori_model.weight is skipped since its requires_grad=False
2026/02/04 23:21:54 - mmengine - WARNING - lmm.model.layers.8.mlp.gate_proj.ori_model.weight is skipped since its requires_grad=False
2026/02/04 23:21:54 - mmengine - WARNING - lmm.model.layers.8.mlp.up_proj.ori_model.weight is skipped since its requires_grad=False
2026/02/04 23:21:54 - mmengine - WARNING - lmm.model.layers.8.mlp.down_proj.ori_model.weight is skipped since its requires_grad=False
2026/02/04 23:21:54 - mmengine - WARNING - lmm.model.layers.8.input_layernorm.weight is skipped since its requires_grad=False
2026/02/04 23:21:54 - mmengine - WARNING - lmm.model.layers.8.post_attention_layernorm.weight is skipped since its requires_grad=False
2026/02/04 23:21:54 - mmengine - WARNING - lmm.model.layers.9.self_attn.q_proj.ori_model.weight is skipped since its requires_grad=False
2026/02/04 23:21:54 - mmengine - WARNING - lmm.model.layers.9.self_attn.q_proj.ori_model.bias is skipped since its requires_grad=False
2026/02/04 23:21:54 - mmengine - WARNING - lmm.model.layers.9.self_attn.k_proj.ori_model.weight is skipped since its requires_grad=False
2026/02/04 23:21:54 - mmengine - WARNING - lmm.model.layers.9.self_attn.k_proj.ori_model.bias is skipped since its requires_grad=False
2026/02/04 23:21:54 - mmengine - WARNING - lmm.model.layers.9.self_attn.v_proj.ori_model.weight is skipped since its requires_grad=False
2026/02/04 23:21:54 - mmengine - WARNING - lmm.model.layers.9.self_attn.v_proj.ori_model.bias is skipped since its requires_grad=False
2026/02/04 23:21:54 - mmengine - WARNING - lmm.model.layers.9.self_attn.o_proj.ori_model.weight is skipped since its requires_grad=False
2026/02/04 23:21:54 - mmengine - WARNING - lmm.model.layers.9.mlp.gate_proj.ori_model.weight is skipped since its requires_grad=False
2026/02/04 23:21:54 - mmengine - WARNING - lmm.model.layers.9.mlp.up_proj.ori_model.weight is skipped since its requires_grad=False
2026/02/04 23:21:54 - mmengine - WARNING - lmm.model.layers.9.mlp.down_proj.ori_model.weight is skipped since its requires_grad=False
2026/02/04 23:21:54 - mmengine - WARNING - lmm.model.layers.9.input_layernorm.weight is skipped since its requires_grad=False
2026/02/04 23:21:54 - mmengine - WARNING - lmm.model.layers.9.post_attention_layernorm.weight is skipped since its requires_grad=False
2026/02/04 23:21:54 - mmengine - WARNING - lmm.model.layers.10.self_attn.q_proj.ori_model.weight is skipped since its requires_grad=False
2026/02/04 23:21:54 - mmengine - WARNING - lmm.model.layers.10.self_attn.q_proj.ori_model.bias is skipped since its requires_grad=False
2026/02/04 23:21:54 - mmengine - WARNING - lmm.model.layers.10.self_attn.k_proj.ori_model.weight is skipped since its requires_grad=False
2026/02/04 23:21:54 - mmengine - WARNING - lmm.model.layers.10.self_attn.k_proj.ori_model.bias is skipped since its requires_grad=False
2026/02/04 23:21:54 - mmengine - WARNING - lmm.model.layers.10.self_attn.v_proj.ori_model.weight is skipped since its requires_grad=False
2026/02/04 23:21:54 - mmengine - WARNING - lmm.model.layers.10.self_attn.v_proj.ori_model.bias is skipped since its requires_grad=False
2026/02/04 23:21:54 - mmengine - WARNING - lmm.model.layers.10.self_attn.o_proj.ori_model.weight is skipped since its requires_grad=False
2026/02/04 23:21:54 - mmengine - WARNING - lmm.model.layers.10.mlp.gate_proj.ori_model.weight is skipped since its requires_grad=False
2026/02/04 23:21:54 - mmengine - WARNING - lmm.model.layers.10.mlp.up_proj.ori_model.weight is skipped since its requires_grad=False
2026/02/04 23:21:54 - mmengine - WARNING - lmm.model.layers.10.mlp.down_proj.ori_model.weight is skipped since its requires_grad=False
2026/02/04 23:21:54 - mmengine - WARNING - lmm.model.layers.10.input_layernorm.weight is skipped since its requires_grad=False
2026/02/04 23:21:54 - mmengine - WARNING - lmm.model.layers.10.post_attention_layernorm.weight is skipped since its requires_grad=False
2026/02/04 23:21:54 - mmengine - WARNING - lmm.model.layers.11.self_attn.q_proj.ori_model.weight is skipped since its requires_grad=False
2026/02/04 23:21:54 - mmengine - WARNING - lmm.model.layers.11.self_attn.q_proj.ori_model.bias is skipped since its requires_grad=False
2026/02/04 23:21:54 - mmengine - WARNING - lmm.model.layers.11.self_attn.k_proj.ori_model.weight is skipped since its requires_grad=False
2026/02/04 23:21:54 - mmengine - WARNING - lmm.model.layers.11.self_attn.k_proj.ori_model.bias is skipped since its requires_grad=False
2026/02/04 23:21:54 - mmengine - WARNING - lmm.model.layers.11.self_attn.v_proj.ori_model.weight is skipped since its requires_grad=False
2026/02/04 23:21:54 - mmengine - WARNING - lmm.model.layers.11.self_attn.v_proj.ori_model.bias is skipped since its requires_grad=False
2026/02/04 23:21:54 - mmengine - WARNING - lmm.model.layers.11.self_attn.o_proj.ori_model.weight is skipped since its requires_grad=False
2026/02/04 23:21:54 - mmengine - WARNING - lmm.model.layers.11.mlp.gate_proj.ori_model.weight is skipped since its requires_grad=False
2026/02/04 23:21:54 - mmengine - WARNING - lmm.model.layers.11.mlp.up_proj.ori_model.weight is skipped since its requires_grad=False
2026/02/04 23:21:54 - mmengine - WARNING - lmm.model.layers.11.mlp.down_proj.ori_model.weight is skipped since its requires_grad=False
2026/02/04 23:21:54 - mmengine - WARNING - lmm.model.layers.11.input_layernorm.weight is skipped since its requires_grad=False
2026/02/04 23:21:54 - mmengine - WARNING - lmm.model.layers.11.post_attention_layernorm.weight is skipped since its requires_grad=False
2026/02/04 23:21:54 - mmengine - WARNING - lmm.model.layers.12.self_attn.q_proj.ori_model.weight is skipped since its requires_grad=False
2026/02/04 23:21:54 - mmengine - WARNING - lmm.model.layers.12.self_attn.q_proj.ori_model.bias is skipped since its requires_grad=False
2026/02/04 23:21:54 - mmengine - WARNING - lmm.model.layers.12.self_attn.k_proj.ori_model.weight is skipped since its requires_grad=False
2026/02/04 23:21:54 - mmengine - WARNING - lmm.model.layers.12.self_attn.k_proj.ori_model.bias is skipped since its requires_grad=False
2026/02/04 23:21:54 - mmengine - WARNING - lmm.model.layers.12.self_attn.v_proj.ori_model.weight is skipped since its requires_grad=False
2026/02/04 23:21:54 - mmengine - WARNING - lmm.model.layers.12.self_attn.v_proj.ori_model.bias is skipped since its requires_grad=False
2026/02/04 23:21:54 - mmengine - WARNING - lmm.model.layers.12.self_attn.o_proj.ori_model.weight is skipped since its requires_grad=False
2026/02/04 23:21:54 - mmengine - WARNING - lmm.model.layers.12.mlp.gate_proj.ori_model.weight is skipped since its requires_grad=False
2026/02/04 23:21:54 - mmengine - WARNING - lmm.model.layers.12.mlp.up_proj.ori_model.weight is skipped since its requires_grad=False
2026/02/04 23:21:54 - mmengine - WARNING - lmm.model.layers.12.mlp.down_proj.ori_model.weight is skipped since its requires_grad=False
2026/02/04 23:21:54 - mmengine - WARNING - lmm.model.layers.12.input_layernorm.weight is skipped since its requires_grad=False
2026/02/04 23:21:54 - mmengine - WARNING - lmm.model.layers.12.post_attention_layernorm.weight is skipped since its requires_grad=False
2026/02/04 23:21:54 - mmengine - WARNING - lmm.model.layers.13.self_attn.q_proj.ori_model.weight is skipped since its requires_grad=False
2026/02/04 23:21:54 - mmengine - WARNING - lmm.model.layers.13.self_attn.q_proj.ori_model.bias is skipped since its requires_grad=False
2026/02/04 23:21:54 - mmengine - WARNING - lmm.model.layers.13.self_attn.k_proj.ori_model.weight is skipped since its requires_grad=False
2026/02/04 23:21:54 - mmengine - WARNING - lmm.model.layers.13.self_attn.k_proj.ori_model.bias is skipped since its requires_grad=False
2026/02/04 23:21:54 - mmengine - WARNING - lmm.model.layers.13.self_attn.v_proj.ori_model.weight is skipped since its requires_grad=False
2026/02/04 23:21:54 - mmengine - WARNING - lmm.model.layers.13.self_attn.v_proj.ori_model.bias is skipped since its requires_grad=False
2026/02/04 23:21:54 - mmengine - WARNING - lmm.model.layers.13.self_attn.o_proj.ori_model.weight is skipped since its requires_grad=False
2026/02/04 23:21:54 - mmengine - WARNING - lmm.model.layers.13.mlp.gate_proj.ori_model.weight is skipped since its requires_grad=False
2026/02/04 23:21:54 - mmengine - WARNING - lmm.model.layers.13.mlp.up_proj.ori_model.weight is skipped since its requires_grad=False
2026/02/04 23:21:54 - mmengine - WARNING - lmm.model.layers.13.mlp.down_proj.ori_model.weight is skipped since its requires_grad=False
2026/02/04 23:21:54 - mmengine - WARNING - lmm.model.layers.13.input_layernorm.weight is skipped since its requires_grad=False
2026/02/04 23:21:54 - mmengine - WARNING - lmm.model.layers.13.post_attention_layernorm.weight is skipped since its requires_grad=False
2026/02/04 23:21:54 - mmengine - WARNING - lmm.model.layers.14.self_attn.q_proj.ori_model.weight is skipped since its requires_grad=False
2026/02/04 23:21:54 - mmengine - WARNING - lmm.model.layers.14.self_attn.q_proj.ori_model.bias is skipped since its requires_grad=False
2026/02/04 23:21:54 - mmengine - WARNING - lmm.model.layers.14.self_attn.k_proj.ori_model.weight is skipped since its requires_grad=False
2026/02/04 23:21:54 - mmengine - WARNING - lmm.model.layers.14.self_attn.k_proj.ori_model.bias is skipped since its requires_grad=False
2026/02/04 23:21:54 - mmengine - WARNING - lmm.model.layers.14.self_attn.v_proj.ori_model.weight is skipped since its requires_grad=False
2026/02/04 23:21:54 - mmengine - WARNING - lmm.model.layers.14.self_attn.v_proj.ori_model.bias is skipped since its requires_grad=False
2026/02/04 23:21:54 - mmengine - WARNING - lmm.model.layers.14.self_attn.o_proj.ori_model.weight is skipped since its requires_grad=False
2026/02/04 23:21:54 - mmengine - WARNING - lmm.model.layers.14.mlp.gate_proj.ori_model.weight is skipped since its requires_grad=False
2026/02/04 23:21:54 - mmengine - WARNING - lmm.model.layers.14.mlp.up_proj.ori_model.weight is skipped since its requires_grad=False
2026/02/04 23:21:54 - mmengine - WARNING - lmm.model.layers.14.mlp.down_proj.ori_model.weight is skipped since its requires_grad=False
2026/02/04 23:21:54 - mmengine - WARNING - lmm.model.layers.14.input_layernorm.weight is skipped since its requires_grad=False
2026/02/04 23:21:54 - mmengine - WARNING - lmm.model.layers.14.post_attention_layernorm.weight is skipped since its requires_grad=False
2026/02/04 23:21:54 - mmengine - WARNING - lmm.model.layers.15.self_attn.q_proj.ori_model.weight is skipped since its requires_grad=False
2026/02/04 23:21:54 - mmengine - WARNING - lmm.model.layers.15.self_attn.q_proj.ori_model.bias is skipped since its requires_grad=False
2026/02/04 23:21:54 - mmengine - WARNING - lmm.model.layers.15.self_attn.k_proj.ori_model.weight is skipped since its requires_grad=False
2026/02/04 23:21:54 - mmengine - WARNING - lmm.model.layers.15.self_attn.k_proj.ori_model.bias is skipped since its requires_grad=False
2026/02/04 23:21:54 - mmengine - WARNING - lmm.model.layers.15.self_attn.v_proj.ori_model.weight is skipped since its requires_grad=False
2026/02/04 23:21:54 - mmengine - WARNING - lmm.model.layers.15.self_attn.v_proj.ori_model.bias is skipped since its requires_grad=False
2026/02/04 23:21:54 - mmengine - WARNING - lmm.model.layers.15.self_attn.o_proj.ori_model.weight is skipped since its requires_grad=False
2026/02/04 23:21:54 - mmengine - WARNING - lmm.model.layers.15.mlp.gate_proj.ori_model.weight is skipped since its requires_grad=False
2026/02/04 23:21:54 - mmengine - WARNING - lmm.model.layers.15.mlp.up_proj.ori_model.weight is skipped since its requires_grad=False
2026/02/04 23:21:54 - mmengine - WARNING - lmm.model.layers.15.mlp.down_proj.ori_model.weight is skipped since its requires_grad=False
2026/02/04 23:21:54 - mmengine - WARNING - lmm.model.layers.15.input_layernorm.weight is skipped since its requires_grad=False
2026/02/04 23:21:54 - mmengine - WARNING - lmm.model.layers.15.post_attention_layernorm.weight is skipped since its requires_grad=False
2026/02/04 23:21:54 - mmengine - WARNING - lmm.model.layers.16.self_attn.q_proj.ori_model.weight is skipped since its requires_grad=False
2026/02/04 23:21:54 - mmengine - WARNING - lmm.model.layers.16.self_attn.q_proj.ori_model.bias is skipped since its requires_grad=False
2026/02/04 23:21:54 - mmengine - WARNING - lmm.model.layers.16.self_attn.k_proj.ori_model.weight is skipped since its requires_grad=False
2026/02/04 23:21:54 - mmengine - WARNING - lmm.model.layers.16.self_attn.k_proj.ori_model.bias is skipped since its requires_grad=False
2026/02/04 23:21:54 - mmengine - WARNING - lmm.model.layers.16.self_attn.v_proj.ori_model.weight is skipped since its requires_grad=False
2026/02/04 23:21:54 - mmengine - WARNING - lmm.model.layers.16.self_attn.v_proj.ori_model.bias is skipped since its requires_grad=False
2026/02/04 23:21:54 - mmengine - WARNING - lmm.model.layers.16.self_attn.o_proj.ori_model.weight is skipped since its requires_grad=False
2026/02/04 23:21:54 - mmengine - WARNING - lmm.model.layers.16.mlp.gate_proj.ori_model.weight is skipped since its requires_grad=False
2026/02/04 23:21:54 - mmengine - WARNING - lmm.model.layers.16.mlp.up_proj.ori_model.weight is skipped since its requires_grad=False
2026/02/04 23:21:54 - mmengine - WARNING - lmm.model.layers.16.mlp.down_proj.ori_model.weight is skipped since its requires_grad=False
2026/02/04 23:21:54 - mmengine - WARNING - lmm.model.layers.16.input_layernorm.weight is skipped since its requires_grad=False
2026/02/04 23:21:54 - mmengine - WARNING - lmm.model.layers.16.post_attention_layernorm.weight is skipped since its requires_grad=False
2026/02/04 23:21:54 - mmengine - WARNING - lmm.model.layers.17.self_attn.q_proj.ori_model.weight is skipped since its requires_grad=False
2026/02/04 23:21:54 - mmengine - WARNING - lmm.model.layers.17.self_attn.q_proj.ori_model.bias is skipped since its requires_grad=False
2026/02/04 23:21:54 - mmengine - WARNING - lmm.model.layers.17.self_attn.k_proj.ori_model.weight is skipped since its requires_grad=False
2026/02/04 23:21:54 - mmengine - WARNING - lmm.model.layers.17.self_attn.k_proj.ori_model.bias is skipped since its requires_grad=False
2026/02/04 23:21:54 - mmengine - WARNING - lmm.model.layers.17.self_attn.v_proj.ori_model.weight is skipped since its requires_grad=False
2026/02/04 23:21:54 - mmengine - WARNING - lmm.model.layers.17.self_attn.v_proj.ori_model.bias is skipped since its requires_grad=False
2026/02/04 23:21:54 - mmengine - WARNING - lmm.model.layers.17.self_attn.o_proj.ori_model.weight is skipped since its requires_grad=False
2026/02/04 23:21:54 - mmengine - WARNING - lmm.model.layers.17.mlp.gate_proj.ori_model.weight is skipped since its requires_grad=False
2026/02/04 23:21:54 - mmengine - WARNING - lmm.model.layers.17.mlp.up_proj.ori_model.weight is skipped since its requires_grad=False
2026/02/04 23:21:54 - mmengine - WARNING - lmm.model.layers.17.mlp.down_proj.ori_model.weight is skipped since its requires_grad=False
2026/02/04 23:21:54 - mmengine - WARNING - lmm.model.layers.17.input_layernorm.weight is skipped since its requires_grad=False
2026/02/04 23:21:54 - mmengine - WARNING - lmm.model.layers.17.post_attention_layernorm.weight is skipped since its requires_grad=False
2026/02/04 23:21:54 - mmengine - WARNING - lmm.model.layers.18.self_attn.q_proj.ori_model.weight is skipped since its requires_grad=False
2026/02/04 23:21:54 - mmengine - WARNING - lmm.model.layers.18.self_attn.q_proj.ori_model.bias is skipped since its requires_grad=False
2026/02/04 23:21:54 - mmengine - WARNING - lmm.model.layers.18.self_attn.k_proj.ori_model.weight is skipped since its requires_grad=False
2026/02/04 23:21:54 - mmengine - WARNING - lmm.model.layers.18.self_attn.k_proj.ori_model.bias is skipped since its requires_grad=False
2026/02/04 23:21:54 - mmengine - WARNING - lmm.model.layers.18.self_attn.v_proj.ori_model.weight is skipped since its requires_grad=False
2026/02/04 23:21:54 - mmengine - WARNING - lmm.model.layers.18.self_attn.v_proj.ori_model.bias is skipped since its requires_grad=False
2026/02/04 23:21:54 - mmengine - WARNING - lmm.model.layers.18.self_attn.o_proj.ori_model.weight is skipped since its requires_grad=False
2026/02/04 23:21:54 - mmengine - WARNING - lmm.model.layers.18.mlp.gate_proj.ori_model.weight is skipped since its requires_grad=False
2026/02/04 23:21:54 - mmengine - WARNING - lmm.model.layers.18.mlp.up_proj.ori_model.weight is skipped since its requires_grad=False
2026/02/04 23:21:54 - mmengine - WARNING - lmm.model.layers.18.mlp.down_proj.ori_model.weight is skipped since its requires_grad=False
2026/02/04 23:21:54 - mmengine - WARNING - lmm.model.layers.18.input_layernorm.weight is skipped since its requires_grad=False
2026/02/04 23:21:54 - mmengine - WARNING - lmm.model.layers.18.post_attention_layernorm.weight is skipped since its requires_grad=False
2026/02/04 23:21:54 - mmengine - WARNING - lmm.model.layers.19.self_attn.q_proj.ori_model.weight is skipped since its requires_grad=False
2026/02/04 23:21:54 - mmengine - WARNING - lmm.model.layers.19.self_attn.q_proj.ori_model.bias is skipped since its requires_grad=False
2026/02/04 23:21:54 - mmengine - WARNING - lmm.model.layers.19.self_attn.k_proj.ori_model.weight is skipped since its requires_grad=False
2026/02/04 23:21:54 - mmengine - WARNING - lmm.model.layers.19.self_attn.k_proj.ori_model.bias is skipped since its requires_grad=False
2026/02/04 23:21:54 - mmengine - WARNING - lmm.model.layers.19.self_attn.v_proj.ori_model.weight is skipped since its requires_grad=False
2026/02/04 23:21:54 - mmengine - WARNING - lmm.model.layers.19.self_attn.v_proj.ori_model.bias is skipped since its requires_grad=False
2026/02/04 23:21:54 - mmengine - WARNING - lmm.model.layers.19.self_attn.o_proj.ori_model.weight is skipped since its requires_grad=False
2026/02/04 23:21:54 - mmengine - WARNING - lmm.model.layers.19.mlp.gate_proj.ori_model.weight is skipped since its requires_grad=False
2026/02/04 23:21:54 - mmengine - WARNING - lmm.model.layers.19.mlp.up_proj.ori_model.weight is skipped since its requires_grad=False
2026/02/04 23:21:54 - mmengine - WARNING - lmm.model.layers.19.mlp.down_proj.ori_model.weight is skipped since its requires_grad=False
2026/02/04 23:21:54 - mmengine - WARNING - lmm.model.layers.19.input_layernorm.weight is skipped since its requires_grad=False
2026/02/04 23:21:54 - mmengine - WARNING - lmm.model.layers.19.post_attention_layernorm.weight is skipped since its requires_grad=False
2026/02/04 23:21:54 - mmengine - WARNING - lmm.model.layers.20.self_attn.q_proj.ori_model.weight is skipped since its requires_grad=False
2026/02/04 23:21:54 - mmengine - WARNING - lmm.model.layers.20.self_attn.q_proj.ori_model.bias is skipped since its requires_grad=False
2026/02/04 23:21:54 - mmengine - WARNING - lmm.model.layers.20.self_attn.k_proj.ori_model.weight is skipped since its requires_grad=False
2026/02/04 23:21:54 - mmengine - WARNING - lmm.model.layers.20.self_attn.k_proj.ori_model.bias is skipped since its requires_grad=False
2026/02/04 23:21:54 - mmengine - WARNING - lmm.model.layers.20.self_attn.v_proj.ori_model.weight is skipped since its requires_grad=False
2026/02/04 23:21:54 - mmengine - WARNING - lmm.model.layers.20.self_attn.v_proj.ori_model.bias is skipped since its requires_grad=False
2026/02/04 23:21:54 - mmengine - WARNING - lmm.model.layers.20.self_attn.o_proj.ori_model.weight is skipped since its requires_grad=False
2026/02/04 23:21:54 - mmengine - WARNING - lmm.model.layers.20.mlp.gate_proj.ori_model.weight is skipped since its requires_grad=False
2026/02/04 23:21:54 - mmengine - WARNING - lmm.model.layers.20.mlp.up_proj.ori_model.weight is skipped since its requires_grad=False
2026/02/04 23:21:54 - mmengine - WARNING - lmm.model.layers.20.mlp.down_proj.ori_model.weight is skipped since its requires_grad=False
2026/02/04 23:21:54 - mmengine - WARNING - lmm.model.layers.20.input_layernorm.weight is skipped since its requires_grad=False
2026/02/04 23:21:54 - mmengine - WARNING - lmm.model.layers.20.post_attention_layernorm.weight is skipped since its requires_grad=False
2026/02/04 23:21:54 - mmengine - WARNING - lmm.model.layers.21.self_attn.q_proj.ori_model.weight is skipped since its requires_grad=False
2026/02/04 23:21:54 - mmengine - WARNING - lmm.model.layers.21.self_attn.q_proj.ori_model.bias is skipped since its requires_grad=False
2026/02/04 23:21:54 - mmengine - WARNING - lmm.model.layers.21.self_attn.k_proj.ori_model.weight is skipped since its requires_grad=False
2026/02/04 23:21:54 - mmengine - WARNING - lmm.model.layers.21.self_attn.k_proj.ori_model.bias is skipped since its requires_grad=False
2026/02/04 23:21:54 - mmengine - WARNING - lmm.model.layers.21.self_attn.v_proj.ori_model.weight is skipped since its requires_grad=False
2026/02/04 23:21:54 - mmengine - WARNING - lmm.model.layers.21.self_attn.v_proj.ori_model.bias is skipped since its requires_grad=False
2026/02/04 23:21:54 - mmengine - WARNING - lmm.model.layers.21.self_attn.o_proj.ori_model.weight is skipped since its requires_grad=False
2026/02/04 23:21:54 - mmengine - WARNING - lmm.model.layers.21.mlp.gate_proj.ori_model.weight is skipped since its requires_grad=False
2026/02/04 23:21:54 - mmengine - WARNING - lmm.model.layers.21.mlp.up_proj.ori_model.weight is skipped since its requires_grad=False
2026/02/04 23:21:54 - mmengine - WARNING - lmm.model.layers.21.mlp.down_proj.ori_model.weight is skipped since its requires_grad=False
2026/02/04 23:21:54 - mmengine - WARNING - lmm.model.layers.21.input_layernorm.weight is skipped since its requires_grad=False
2026/02/04 23:21:54 - mmengine - WARNING - lmm.model.layers.21.post_attention_layernorm.weight is skipped since its requires_grad=False
2026/02/04 23:21:54 - mmengine - WARNING - lmm.model.layers.22.self_attn.q_proj.ori_model.weight is skipped since its requires_grad=False
2026/02/04 23:21:54 - mmengine - WARNING - lmm.model.layers.22.self_attn.q_proj.ori_model.bias is skipped since its requires_grad=False
2026/02/04 23:21:54 - mmengine - WARNING - lmm.model.layers.22.self_attn.k_proj.ori_model.weight is skipped since its requires_grad=False
2026/02/04 23:21:54 - mmengine - WARNING - lmm.model.layers.22.self_attn.k_proj.ori_model.bias is skipped since its requires_grad=False
2026/02/04 23:21:54 - mmengine - WARNING - lmm.model.layers.22.self_attn.v_proj.ori_model.weight is skipped since its requires_grad=False
2026/02/04 23:21:54 - mmengine - WARNING - lmm.model.layers.22.self_attn.v_proj.ori_model.bias is skipped since its requires_grad=False
2026/02/04 23:21:54 - mmengine - WARNING - lmm.model.layers.22.self_attn.o_proj.ori_model.weight is skipped since its requires_grad=False
2026/02/04 23:21:54 - mmengine - WARNING - lmm.model.layers.22.mlp.gate_proj.ori_model.weight is skipped since its requires_grad=False
2026/02/04 23:21:54 - mmengine - WARNING - lmm.model.layers.22.mlp.up_proj.ori_model.weight is skipped since its requires_grad=False
2026/02/04 23:21:54 - mmengine - WARNING - lmm.model.layers.22.mlp.down_proj.ori_model.weight is skipped since its requires_grad=False
2026/02/04 23:21:54 - mmengine - WARNING - lmm.model.layers.22.input_layernorm.weight is skipped since its requires_grad=False
2026/02/04 23:21:54 - mmengine - WARNING - lmm.model.layers.22.post_attention_layernorm.weight is skipped since its requires_grad=False
2026/02/04 23:21:54 - mmengine - WARNING - lmm.model.layers.23.self_attn.q_proj.ori_model.weight is skipped since its requires_grad=False
2026/02/04 23:21:54 - mmengine - WARNING - lmm.model.layers.23.self_attn.q_proj.ori_model.bias is skipped since its requires_grad=False
2026/02/04 23:21:54 - mmengine - WARNING - lmm.model.layers.23.self_attn.k_proj.ori_model.weight is skipped since its requires_grad=False
2026/02/04 23:21:54 - mmengine - WARNING - lmm.model.layers.23.self_attn.k_proj.ori_model.bias is skipped since its requires_grad=False
2026/02/04 23:21:54 - mmengine - WARNING - lmm.model.layers.23.self_attn.v_proj.ori_model.weight is skipped since its requires_grad=False
2026/02/04 23:21:54 - mmengine - WARNING - lmm.model.layers.23.self_attn.v_proj.ori_model.bias is skipped since its requires_grad=False
2026/02/04 23:21:54 - mmengine - WARNING - lmm.model.layers.23.self_attn.o_proj.ori_model.weight is skipped since its requires_grad=False
2026/02/04 23:21:54 - mmengine - WARNING - lmm.model.layers.23.mlp.gate_proj.ori_model.weight is skipped since its requires_grad=False
2026/02/04 23:21:54 - mmengine - WARNING - lmm.model.layers.23.mlp.up_proj.ori_model.weight is skipped since its requires_grad=False
2026/02/04 23:21:54 - mmengine - WARNING - lmm.model.layers.23.mlp.down_proj.ori_model.weight is skipped since its requires_grad=False
2026/02/04 23:21:54 - mmengine - WARNING - lmm.model.layers.23.input_layernorm.weight is skipped since its requires_grad=False
2026/02/04 23:21:54 - mmengine - WARNING - lmm.model.layers.23.post_attention_layernorm.weight is skipped since its requires_grad=False
2026/02/04 23:21:54 - mmengine - WARNING - lmm.model.norm.weight is skipped since its requires_grad=False
2026/02/04 23:21:54 - mmengine - WARNING - lmm.lm_head.weight is skipped since its requires_grad=False
2026/02/04 23:21:55 - mmengine - INFO - LR is set based on batch size of 16 and the current batch size is 16. Scaling the original LR by 1.0.
Name of parameter - Initialization information

level_embed - torch.Size([4, 256]): 
The value is the same before and after calling `init_weights` of GroundingDINO  

backbone.patch_embed.projection.weight - torch.Size([96, 3, 4, 4]): 
The value is the same before and after calling `init_weights` of GroundingDINO  

backbone.patch_embed.projection.bias - torch.Size([96]): 
The value is the same before and after calling `init_weights` of GroundingDINO  

backbone.patch_embed.norm.weight - torch.Size([96]): 
The value is the same before and after calling `init_weights` of GroundingDINO  

backbone.patch_embed.norm.bias - torch.Size([96]): 
The value is the same before and after calling `init_weights` of GroundingDINO  

backbone.stages.0.blocks.0.norm1.weight - torch.Size([96]): 
The value is the same before and after calling `init_weights` of GroundingDINO  

backbone.stages.0.blocks.0.norm1.bias - torch.Size([96]): 
The value is the same before and after calling `init_weights` of GroundingDINO  

backbone.stages.0.blocks.0.attn.w_msa.relative_position_bias_table - torch.Size([169, 3]): 
The value is the same before and after calling `init_weights` of GroundingDINO  

backbone.stages.0.blocks.0.attn.w_msa.qkv.weight - torch.Size([288, 96]): 
The value is the same before and after calling `init_weights` of GroundingDINO  

backbone.stages.0.blocks.0.attn.w_msa.qkv.bias - torch.Size([288]): 
The value is the same before and after calling `init_weights` of GroundingDINO  

backbone.stages.0.blocks.0.attn.w_msa.proj.weight - torch.Size([96, 96]): 
The value is the same before and after calling `init_weights` of GroundingDINO  

backbone.stages.0.blocks.0.attn.w_msa.proj.bias - torch.Size([96]): 
The value is the same before and after calling `init_weights` of GroundingDINO  

backbone.stages.0.blocks.0.norm2.weight - torch.Size([96]): 
The value is the same before and after calling `init_weights` of GroundingDINO  

backbone.stages.0.blocks.0.norm2.bias - torch.Size([96]): 
The value is the same before and after calling `init_weights` of GroundingDINO  

backbone.stages.0.blocks.0.ffn.layers.0.0.weight - torch.Size([384, 96]): 
The value is the same before and after calling `init_weights` of GroundingDINO  

backbone.stages.0.blocks.0.ffn.layers.0.0.bias - torch.Size([384]): 
The value is the same before and after calling `init_weights` of GroundingDINO  

backbone.stages.0.blocks.0.ffn.layers.1.weight - torch.Size([96, 384]): 
The value is the same before and after calling `init_weights` of GroundingDINO  

backbone.stages.0.blocks.0.ffn.layers.1.bias - torch.Size([96]): 
The value is the same before and after calling `init_weights` of GroundingDINO  

backbone.stages.0.blocks.1.norm1.weight - torch.Size([96]): 
The value is the same before and after calling `init_weights` of GroundingDINO  

backbone.stages.0.blocks.1.norm1.bias - torch.Size([96]): 
The value is the same before and after calling `init_weights` of GroundingDINO  

backbone.stages.0.blocks.1.attn.w_msa.relative_position_bias_table - torch.Size([169, 3]): 
The value is the same before and after calling `init_weights` of GroundingDINO  

backbone.stages.0.blocks.1.attn.w_msa.qkv.weight - torch.Size([288, 96]): 
The value is the same before and after calling `init_weights` of GroundingDINO  

backbone.stages.0.blocks.1.attn.w_msa.qkv.bias - torch.Size([288]): 
The value is the same before and after calling `init_weights` of GroundingDINO  

backbone.stages.0.blocks.1.attn.w_msa.proj.weight - torch.Size([96, 96]): 
The value is the same before and after calling `init_weights` of GroundingDINO  

backbone.stages.0.blocks.1.attn.w_msa.proj.bias - torch.Size([96]): 
The value is the same before and after calling `init_weights` of GroundingDINO  

backbone.stages.0.blocks.1.norm2.weight - torch.Size([96]): 
The value is the same before and after calling `init_weights` of GroundingDINO  

backbone.stages.0.blocks.1.norm2.bias - torch.Size([96]): 
The value is the same before and after calling `init_weights` of GroundingDINO  

backbone.stages.0.blocks.1.ffn.layers.0.0.weight - torch.Size([384, 96]): 
The value is the same before and after calling `init_weights` of GroundingDINO  

backbone.stages.0.blocks.1.ffn.layers.0.0.bias - torch.Size([384]): 
The value is the same before and after calling `init_weights` of GroundingDINO  

backbone.stages.0.blocks.1.ffn.layers.1.weight - torch.Size([96, 384]): 
The value is the same before and after calling `init_weights` of GroundingDINO  

backbone.stages.0.blocks.1.ffn.layers.1.bias - torch.Size([96]): 
The value is the same before and after calling `init_weights` of GroundingDINO  

backbone.stages.0.downsample.norm.weight - torch.Size([384]): 
The value is the same before and after calling `init_weights` of GroundingDINO  

backbone.stages.0.downsample.norm.bias - torch.Size([384]): 
The value is the same before and after calling `init_weights` of GroundingDINO  

backbone.stages.0.downsample.reduction.weight - torch.Size([192, 384]): 
The value is the same before and after calling `init_weights` of GroundingDINO  

backbone.stages.1.blocks.0.norm1.weight - torch.Size([192]): 
The value is the same before and after calling `init_weights` of GroundingDINO  

backbone.stages.1.blocks.0.norm1.bias - torch.Size([192]): 
The value is the same before and after calling `init_weights` of GroundingDINO  

backbone.stages.1.blocks.0.attn.w_msa.relative_position_bias_table - torch.Size([169, 6]): 
The value is the same before and after calling `init_weights` of GroundingDINO  

backbone.stages.1.blocks.0.attn.w_msa.qkv.weight - torch.Size([576, 192]): 
The value is the same before and after calling `init_weights` of GroundingDINO  

backbone.stages.1.blocks.0.attn.w_msa.qkv.bias - torch.Size([576]): 
The value is the same before and after calling `init_weights` of GroundingDINO  

backbone.stages.1.blocks.0.attn.w_msa.proj.weight - torch.Size([192, 192]): 
The value is the same before and after calling `init_weights` of GroundingDINO  

backbone.stages.1.blocks.0.attn.w_msa.proj.bias - torch.Size([192]): 
The value is the same before and after calling `init_weights` of GroundingDINO  

backbone.stages.1.blocks.0.norm2.weight - torch.Size([192]): 
The value is the same before and after calling `init_weights` of GroundingDINO  

backbone.stages.1.blocks.0.norm2.bias - torch.Size([192]): 
The value is the same before and after calling `init_weights` of GroundingDINO  

backbone.stages.1.blocks.0.ffn.layers.0.0.weight - torch.Size([768, 192]): 
The value is the same before and after calling `init_weights` of GroundingDINO  

backbone.stages.1.blocks.0.ffn.layers.0.0.bias - torch.Size([768]): 
The value is the same before and after calling `init_weights` of GroundingDINO  

backbone.stages.1.blocks.0.ffn.layers.1.weight - torch.Size([192, 768]): 
The value is the same before and after calling `init_weights` of GroundingDINO  

backbone.stages.1.blocks.0.ffn.layers.1.bias - torch.Size([192]): 
The value is the same before and after calling `init_weights` of GroundingDINO  

backbone.stages.1.blocks.1.norm1.weight - torch.Size([192]): 
The value is the same before and after calling `init_weights` of GroundingDINO  

backbone.stages.1.blocks.1.norm1.bias - torch.Size([192]): 
The value is the same before and after calling `init_weights` of GroundingDINO  

backbone.stages.1.blocks.1.attn.w_msa.relative_position_bias_table - torch.Size([169, 6]): 
The value is the same before and after calling `init_weights` of GroundingDINO  

backbone.stages.1.blocks.1.attn.w_msa.qkv.weight - torch.Size([576, 192]): 
The value is the same before and after calling `init_weights` of GroundingDINO  

backbone.stages.1.blocks.1.attn.w_msa.qkv.bias - torch.Size([576]): 
The value is the same before and after calling `init_weights` of GroundingDINO  

backbone.stages.1.blocks.1.attn.w_msa.proj.weight - torch.Size([192, 192]): 
The value is the same before and after calling `init_weights` of GroundingDINO  

backbone.stages.1.blocks.1.attn.w_msa.proj.bias - torch.Size([192]): 
The value is the same before and after calling `init_weights` of GroundingDINO  

backbone.stages.1.blocks.1.norm2.weight - torch.Size([192]): 
The value is the same before and after calling `init_weights` of GroundingDINO  

backbone.stages.1.blocks.1.norm2.bias - torch.Size([192]): 
The value is the same before and after calling `init_weights` of GroundingDINO  

backbone.stages.1.blocks.1.ffn.layers.0.0.weight - torch.Size([768, 192]): 
The value is the same before and after calling `init_weights` of GroundingDINO  

backbone.stages.1.blocks.1.ffn.layers.0.0.bias - torch.Size([768]): 
The value is the same before and after calling `init_weights` of GroundingDINO  

backbone.stages.1.blocks.1.ffn.layers.1.weight - torch.Size([192, 768]): 
The value is the same before and after calling `init_weights` of GroundingDINO  

backbone.stages.1.blocks.1.ffn.layers.1.bias - torch.Size([192]): 
The value is the same before and after calling `init_weights` of GroundingDINO  

backbone.stages.1.downsample.norm.weight - torch.Size([768]): 
The value is the same before and after calling `init_weights` of GroundingDINO  

backbone.stages.1.downsample.norm.bias - torch.Size([768]): 
The value is the same before and after calling `init_weights` of GroundingDINO  

backbone.stages.1.downsample.reduction.weight - torch.Size([384, 768]): 
The value is the same before and after calling `init_weights` of GroundingDINO  

backbone.stages.2.blocks.0.norm1.weight - torch.Size([384]): 
The value is the same before and after calling `init_weights` of GroundingDINO  

backbone.stages.2.blocks.0.norm1.bias - torch.Size([384]): 
The value is the same before and after calling `init_weights` of GroundingDINO  

backbone.stages.2.blocks.0.attn.w_msa.relative_position_bias_table - torch.Size([169, 12]): 
The value is the same before and after calling `init_weights` of GroundingDINO  

backbone.stages.2.blocks.0.attn.w_msa.qkv.weight - torch.Size([1152, 384]): 
The value is the same before and after calling `init_weights` of GroundingDINO  

backbone.stages.2.blocks.0.attn.w_msa.qkv.bias - torch.Size([1152]): 
The value is the same before and after calling `init_weights` of GroundingDINO  

backbone.stages.2.blocks.0.attn.w_msa.proj.weight - torch.Size([384, 384]): 
The value is the same before and after calling `init_weights` of GroundingDINO  

backbone.stages.2.blocks.0.attn.w_msa.proj.bias - torch.Size([384]): 
The value is the same before and after calling `init_weights` of GroundingDINO  

backbone.stages.2.blocks.0.norm2.weight - torch.Size([384]): 
The value is the same before and after calling `init_weights` of GroundingDINO  

backbone.stages.2.blocks.0.norm2.bias - torch.Size([384]): 
The value is the same before and after calling `init_weights` of GroundingDINO  

backbone.stages.2.blocks.0.ffn.layers.0.0.weight - torch.Size([1536, 384]): 
The value is the same before and after calling `init_weights` of GroundingDINO  

backbone.stages.2.blocks.0.ffn.layers.0.0.bias - torch.Size([1536]): 
The value is the same before and after calling `init_weights` of GroundingDINO  

backbone.stages.2.blocks.0.ffn.layers.1.weight - torch.Size([384, 1536]): 
The value is the same before and after calling `init_weights` of GroundingDINO  

backbone.stages.2.blocks.0.ffn.layers.1.bias - torch.Size([384]): 
The value is the same before and after calling `init_weights` of GroundingDINO  

backbone.stages.2.blocks.1.norm1.weight - torch.Size([384]): 
The value is the same before and after calling `init_weights` of GroundingDINO  

backbone.stages.2.blocks.1.norm1.bias - torch.Size([384]): 
The value is the same before and after calling `init_weights` of GroundingDINO  

backbone.stages.2.blocks.1.attn.w_msa.relative_position_bias_table - torch.Size([169, 12]): 
The value is the same before and after calling `init_weights` of GroundingDINO  

backbone.stages.2.blocks.1.attn.w_msa.qkv.weight - torch.Size([1152, 384]): 
The value is the same before and after calling `init_weights` of GroundingDINO  

backbone.stages.2.blocks.1.attn.w_msa.qkv.bias - torch.Size([1152]): 
The value is the same before and after calling `init_weights` of GroundingDINO  

backbone.stages.2.blocks.1.attn.w_msa.proj.weight - torch.Size([384, 384]): 
The value is the same before and after calling `init_weights` of GroundingDINO  

backbone.stages.2.blocks.1.attn.w_msa.proj.bias - torch.Size([384]): 
The value is the same before and after calling `init_weights` of GroundingDINO  

backbone.stages.2.blocks.1.norm2.weight - torch.Size([384]): 
The value is the same before and after calling `init_weights` of GroundingDINO  

backbone.stages.2.blocks.1.norm2.bias - torch.Size([384]): 
The value is the same before and after calling `init_weights` of GroundingDINO  

backbone.stages.2.blocks.1.ffn.layers.0.0.weight - torch.Size([1536, 384]): 
The value is the same before and after calling `init_weights` of GroundingDINO  

backbone.stages.2.blocks.1.ffn.layers.0.0.bias - torch.Size([1536]): 
The value is the same before and after calling `init_weights` of GroundingDINO  

backbone.stages.2.blocks.1.ffn.layers.1.weight - torch.Size([384, 1536]): 
The value is the same before and after calling `init_weights` of GroundingDINO  

backbone.stages.2.blocks.1.ffn.layers.1.bias - torch.Size([384]): 
The value is the same before and after calling `init_weights` of GroundingDINO  

backbone.stages.2.blocks.2.norm1.weight - torch.Size([384]): 
The value is the same before and after calling `init_weights` of GroundingDINO  

backbone.stages.2.blocks.2.norm1.bias - torch.Size([384]): 
The value is the same before and after calling `init_weights` of GroundingDINO  

backbone.stages.2.blocks.2.attn.w_msa.relative_position_bias_table - torch.Size([169, 12]): 
The value is the same before and after calling `init_weights` of GroundingDINO  

backbone.stages.2.blocks.2.attn.w_msa.qkv.weight - torch.Size([1152, 384]): 
The value is the same before and after calling `init_weights` of GroundingDINO  

backbone.stages.2.blocks.2.attn.w_msa.qkv.bias - torch.Size([1152]): 
The value is the same before and after calling `init_weights` of GroundingDINO  

backbone.stages.2.blocks.2.attn.w_msa.proj.weight - torch.Size([384, 384]): 
The value is the same before and after calling `init_weights` of GroundingDINO  

backbone.stages.2.blocks.2.attn.w_msa.proj.bias - torch.Size([384]): 
The value is the same before and after calling `init_weights` of GroundingDINO  

backbone.stages.2.blocks.2.norm2.weight - torch.Size([384]): 
The value is the same before and after calling `init_weights` of GroundingDINO  

backbone.stages.2.blocks.2.norm2.bias - torch.Size([384]): 
The value is the same before and after calling `init_weights` of GroundingDINO  

backbone.stages.2.blocks.2.ffn.layers.0.0.weight - torch.Size([1536, 384]): 
The value is the same before and after calling `init_weights` of GroundingDINO  

backbone.stages.2.blocks.2.ffn.layers.0.0.bias - torch.Size([1536]): 
The value is the same before and after calling `init_weights` of GroundingDINO  

backbone.stages.2.blocks.2.ffn.layers.1.weight - torch.Size([384, 1536]): 
The value is the same before and after calling `init_weights` of GroundingDINO  

backbone.stages.2.blocks.2.ffn.layers.1.bias - torch.Size([384]): 
The value is the same before and after calling `init_weights` of GroundingDINO  

backbone.stages.2.blocks.3.norm1.weight - torch.Size([384]): 
The value is the same before and after calling `init_weights` of GroundingDINO  

backbone.stages.2.blocks.3.norm1.bias - torch.Size([384]): 
The value is the same before and after calling `init_weights` of GroundingDINO  

backbone.stages.2.blocks.3.attn.w_msa.relative_position_bias_table - torch.Size([169, 12]): 
The value is the same before and after calling `init_weights` of GroundingDINO  

backbone.stages.2.blocks.3.attn.w_msa.qkv.weight - torch.Size([1152, 384]): 
The value is the same before and after calling `init_weights` of GroundingDINO  

backbone.stages.2.blocks.3.attn.w_msa.qkv.bias - torch.Size([1152]): 
The value is the same before and after calling `init_weights` of GroundingDINO  

backbone.stages.2.blocks.3.attn.w_msa.proj.weight - torch.Size([384, 384]): 
The value is the same before and after calling `init_weights` of GroundingDINO  

backbone.stages.2.blocks.3.attn.w_msa.proj.bias - torch.Size([384]): 
The value is the same before and after calling `init_weights` of GroundingDINO  

backbone.stages.2.blocks.3.norm2.weight - torch.Size([384]): 
The value is the same before and after calling `init_weights` of GroundingDINO  

backbone.stages.2.blocks.3.norm2.bias - torch.Size([384]): 
The value is the same before and after calling `init_weights` of GroundingDINO  

backbone.stages.2.blocks.3.ffn.layers.0.0.weight - torch.Size([1536, 384]): 
The value is the same before and after calling `init_weights` of GroundingDINO  

backbone.stages.2.blocks.3.ffn.layers.0.0.bias - torch.Size([1536]): 
The value is the same before and after calling `init_weights` of GroundingDINO  

backbone.stages.2.blocks.3.ffn.layers.1.weight - torch.Size([384, 1536]): 
The value is the same before and after calling `init_weights` of GroundingDINO  

backbone.stages.2.blocks.3.ffn.layers.1.bias - torch.Size([384]): 
The value is the same before and after calling `init_weights` of GroundingDINO  

backbone.stages.2.blocks.4.norm1.weight - torch.Size([384]): 
The value is the same before and after calling `init_weights` of GroundingDINO  

backbone.stages.2.blocks.4.norm1.bias - torch.Size([384]): 
The value is the same before and after calling `init_weights` of GroundingDINO  

backbone.stages.2.blocks.4.attn.w_msa.relative_position_bias_table - torch.Size([169, 12]): 
The value is the same before and after calling `init_weights` of GroundingDINO  

backbone.stages.2.blocks.4.attn.w_msa.qkv.weight - torch.Size([1152, 384]): 
The value is the same before and after calling `init_weights` of GroundingDINO  

backbone.stages.2.blocks.4.attn.w_msa.qkv.bias - torch.Size([1152]): 
The value is the same before and after calling `init_weights` of GroundingDINO  

backbone.stages.2.blocks.4.attn.w_msa.proj.weight - torch.Size([384, 384]): 
The value is the same before and after calling `init_weights` of GroundingDINO  

backbone.stages.2.blocks.4.attn.w_msa.proj.bias - torch.Size([384]): 
The value is the same before and after calling `init_weights` of GroundingDINO  

backbone.stages.2.blocks.4.norm2.weight - torch.Size([384]): 
The value is the same before and after calling `init_weights` of GroundingDINO  

backbone.stages.2.blocks.4.norm2.bias - torch.Size([384]): 
The value is the same before and after calling `init_weights` of GroundingDINO  

backbone.stages.2.blocks.4.ffn.layers.0.0.weight - torch.Size([1536, 384]): 
The value is the same before and after calling `init_weights` of GroundingDINO  

backbone.stages.2.blocks.4.ffn.layers.0.0.bias - torch.Size([1536]): 
The value is the same before and after calling `init_weights` of GroundingDINO  

backbone.stages.2.blocks.4.ffn.layers.1.weight - torch.Size([384, 1536]): 
The value is the same before and after calling `init_weights` of GroundingDINO  

backbone.stages.2.blocks.4.ffn.layers.1.bias - torch.Size([384]): 
The value is the same before and after calling `init_weights` of GroundingDINO  

backbone.stages.2.blocks.5.norm1.weight - torch.Size([384]): 
The value is the same before and after calling `init_weights` of GroundingDINO  

backbone.stages.2.blocks.5.norm1.bias - torch.Size([384]): 
The value is the same before and after calling `init_weights` of GroundingDINO  

backbone.stages.2.blocks.5.attn.w_msa.relative_position_bias_table - torch.Size([169, 12]): 
The value is the same before and after calling `init_weights` of GroundingDINO  

backbone.stages.2.blocks.5.attn.w_msa.qkv.weight - torch.Size([1152, 384]): 
The value is the same before and after calling `init_weights` of GroundingDINO  

backbone.stages.2.blocks.5.attn.w_msa.qkv.bias - torch.Size([1152]): 
The value is the same before and after calling `init_weights` of GroundingDINO  

backbone.stages.2.blocks.5.attn.w_msa.proj.weight - torch.Size([384, 384]): 
The value is the same before and after calling `init_weights` of GroundingDINO  

backbone.stages.2.blocks.5.attn.w_msa.proj.bias - torch.Size([384]): 
The value is the same before and after calling `init_weights` of GroundingDINO  

backbone.stages.2.blocks.5.norm2.weight - torch.Size([384]): 
The value is the same before and after calling `init_weights` of GroundingDINO  

backbone.stages.2.blocks.5.norm2.bias - torch.Size([384]): 
The value is the same before and after calling `init_weights` of GroundingDINO  

backbone.stages.2.blocks.5.ffn.layers.0.0.weight - torch.Size([1536, 384]): 
The value is the same before and after calling `init_weights` of GroundingDINO  

backbone.stages.2.blocks.5.ffn.layers.0.0.bias - torch.Size([1536]): 
The value is the same before and after calling `init_weights` of GroundingDINO  

backbone.stages.2.blocks.5.ffn.layers.1.weight - torch.Size([384, 1536]): 
The value is the same before and after calling `init_weights` of GroundingDINO  

backbone.stages.2.blocks.5.ffn.layers.1.bias - torch.Size([384]): 
The value is the same before and after calling `init_weights` of GroundingDINO  

backbone.stages.2.downsample.norm.weight - torch.Size([1536]): 
The value is the same before and after calling `init_weights` of GroundingDINO  

backbone.stages.2.downsample.norm.bias - torch.Size([1536]): 
The value is the same before and after calling `init_weights` of GroundingDINO  

backbone.stages.2.downsample.reduction.weight - torch.Size([768, 1536]): 
The value is the same before and after calling `init_weights` of GroundingDINO  

backbone.stages.3.blocks.0.norm1.weight - torch.Size([768]): 
The value is the same before and after calling `init_weights` of GroundingDINO  

backbone.stages.3.blocks.0.norm1.bias - torch.Size([768]): 
The value is the same before and after calling `init_weights` of GroundingDINO  

backbone.stages.3.blocks.0.attn.w_msa.relative_position_bias_table - torch.Size([169, 24]): 
The value is the same before and after calling `init_weights` of GroundingDINO  

backbone.stages.3.blocks.0.attn.w_msa.qkv.weight - torch.Size([2304, 768]): 
The value is the same before and after calling `init_weights` of GroundingDINO  

backbone.stages.3.blocks.0.attn.w_msa.qkv.bias - torch.Size([2304]): 
The value is the same before and after calling `init_weights` of GroundingDINO  

backbone.stages.3.blocks.0.attn.w_msa.proj.weight - torch.Size([768, 768]): 
The value is the same before and after calling `init_weights` of GroundingDINO  

backbone.stages.3.blocks.0.attn.w_msa.proj.bias - torch.Size([768]): 
The value is the same before and after calling `init_weights` of GroundingDINO  

backbone.stages.3.blocks.0.norm2.weight - torch.Size([768]): 
The value is the same before and after calling `init_weights` of GroundingDINO  

backbone.stages.3.blocks.0.norm2.bias - torch.Size([768]): 
The value is the same before and after calling `init_weights` of GroundingDINO  

backbone.stages.3.blocks.0.ffn.layers.0.0.weight - torch.Size([3072, 768]): 
The value is the same before and after calling `init_weights` of GroundingDINO  

backbone.stages.3.blocks.0.ffn.layers.0.0.bias - torch.Size([3072]): 
The value is the same before and after calling `init_weights` of GroundingDINO  

backbone.stages.3.blocks.0.ffn.layers.1.weight - torch.Size([768, 3072]): 
The value is the same before and after calling `init_weights` of GroundingDINO  

backbone.stages.3.blocks.0.ffn.layers.1.bias - torch.Size([768]): 
The value is the same before and after calling `init_weights` of GroundingDINO  

backbone.stages.3.blocks.1.norm1.weight - torch.Size([768]): 
The value is the same before and after calling `init_weights` of GroundingDINO  

backbone.stages.3.blocks.1.norm1.bias - torch.Size([768]): 
The value is the same before and after calling `init_weights` of GroundingDINO  

backbone.stages.3.blocks.1.attn.w_msa.relative_position_bias_table - torch.Size([169, 24]): 
The value is the same before and after calling `init_weights` of GroundingDINO  

backbone.stages.3.blocks.1.attn.w_msa.qkv.weight - torch.Size([2304, 768]): 
The value is the same before and after calling `init_weights` of GroundingDINO  

backbone.stages.3.blocks.1.attn.w_msa.qkv.bias - torch.Size([2304]): 
The value is the same before and after calling `init_weights` of GroundingDINO  

backbone.stages.3.blocks.1.attn.w_msa.proj.weight - torch.Size([768, 768]): 
The value is the same before and after calling `init_weights` of GroundingDINO  

backbone.stages.3.blocks.1.attn.w_msa.proj.bias - torch.Size([768]): 
The value is the same before and after calling `init_weights` of GroundingDINO  

backbone.stages.3.blocks.1.norm2.weight - torch.Size([768]): 
The value is the same before and after calling `init_weights` of GroundingDINO  

backbone.stages.3.blocks.1.norm2.bias - torch.Size([768]): 
The value is the same before and after calling `init_weights` of GroundingDINO  

backbone.stages.3.blocks.1.ffn.layers.0.0.weight - torch.Size([3072, 768]): 
The value is the same before and after calling `init_weights` of GroundingDINO  

backbone.stages.3.blocks.1.ffn.layers.0.0.bias - torch.Size([3072]): 
The value is the same before and after calling `init_weights` of GroundingDINO  

backbone.stages.3.blocks.1.ffn.layers.1.weight - torch.Size([768, 3072]): 
The value is the same before and after calling `init_weights` of GroundingDINO  

backbone.stages.3.blocks.1.ffn.layers.1.bias - torch.Size([768]): 
The value is the same before and after calling `init_weights` of GroundingDINO  

backbone.norm1.weight - torch.Size([192]): 
The value is the same before and after calling `init_weights` of GroundingDINO  

backbone.norm1.bias - torch.Size([192]): 
The value is the same before and after calling `init_weights` of GroundingDINO  

backbone.norm2.weight - torch.Size([384]): 
The value is the same before and after calling `init_weights` of GroundingDINO  

backbone.norm2.bias - torch.Size([384]): 
The value is the same before and after calling `init_weights` of GroundingDINO  

backbone.norm3.weight - torch.Size([768]): 
The value is the same before and after calling `init_weights` of GroundingDINO  

backbone.norm3.bias - torch.Size([768]): 
The value is the same before and after calling `init_weights` of GroundingDINO  

neck.convs.0.conv.weight - torch.Size([256, 192, 1, 1]): 
XavierInit: gain=1, distribution=uniform, bias=0 

neck.convs.0.conv.bias - torch.Size([256]): 
The value is the same before and after calling `init_weights` of GroundingDINO  

neck.convs.0.gn.weight - torch.Size([256]): 
The value is the same before and after calling `init_weights` of GroundingDINO  

neck.convs.0.gn.bias - torch.Size([256]): 
The value is the same before and after calling `init_weights` of GroundingDINO  

neck.convs.1.conv.weight - torch.Size([256, 384, 1, 1]): 
XavierInit: gain=1, distribution=uniform, bias=0 

neck.convs.1.conv.bias - torch.Size([256]): 
The value is the same before and after calling `init_weights` of GroundingDINO  

neck.convs.1.gn.weight - torch.Size([256]): 
The value is the same before and after calling `init_weights` of GroundingDINO  

neck.convs.1.gn.bias - torch.Size([256]): 
The value is the same before and after calling `init_weights` of GroundingDINO  

neck.convs.2.conv.weight - torch.Size([256, 768, 1, 1]): 
XavierInit: gain=1, distribution=uniform, bias=0 

neck.convs.2.conv.bias - torch.Size([256]): 
The value is the same before and after calling `init_weights` of GroundingDINO  

neck.convs.2.gn.weight - torch.Size([256]): 
The value is the same before and after calling `init_weights` of GroundingDINO  

neck.convs.2.gn.bias - torch.Size([256]): 
The value is the same before and after calling `init_weights` of GroundingDINO  

neck.extra_convs.0.conv.weight - torch.Size([256, 768, 3, 3]): 
XavierInit: gain=1, distribution=uniform, bias=0 

neck.extra_convs.0.conv.bias - torch.Size([256]): 
The value is the same before and after calling `init_weights` of GroundingDINO  

neck.extra_convs.0.gn.weight - torch.Size([256]): 
The value is the same before and after calling `init_weights` of GroundingDINO  

neck.extra_convs.0.gn.bias - torch.Size([256]): 
The value is the same before and after calling `init_weights` of GroundingDINO  

bbox_head.cls_branches.0.bias - torch.Size([1]): 
The value is the same before and after calling `init_weights` of GroundingDINO  

bbox_head.cls_branches.1.bias - torch.Size([1]): 
The value is the same before and after calling `init_weights` of GroundingDINO  

bbox_head.cls_branches.2.bias - torch.Size([1]): 
The value is the same before and after calling `init_weights` of GroundingDINO  

bbox_head.cls_branches.3.bias - torch.Size([1]): 
The value is the same before and after calling `init_weights` of GroundingDINO  

bbox_head.cls_branches.4.bias - torch.Size([1]): 
The value is the same before and after calling `init_weights` of GroundingDINO  

bbox_head.cls_branches.5.bias - torch.Size([1]): 
The value is the same before and after calling `init_weights` of GroundingDINO  

bbox_head.cls_branches.6.bias - torch.Size([1]): 
The value is the same before and after calling `init_weights` of GroundingDINO  

bbox_head.reg_branches.0.0.weight - torch.Size([256, 256]): 
The value is the same before and after calling `init_weights` of GroundingDINO  

bbox_head.reg_branches.0.0.bias - torch.Size([256]): 
The value is the same before and after calling `init_weights` of GroundingDINO  

bbox_head.reg_branches.0.2.weight - torch.Size([256, 256]): 
The value is the same before and after calling `init_weights` of GroundingDINO  

bbox_head.reg_branches.0.2.bias - torch.Size([256]): 
The value is the same before and after calling `init_weights` of GroundingDINO  

bbox_head.reg_branches.0.4.weight - torch.Size([4, 256]): 
Initialized by user-defined `init_weights` in GroundingDINOHead  

bbox_head.reg_branches.0.4.bias - torch.Size([4]): 
Initialized by user-defined `init_weights` in GroundingDINOHead  

bbox_head.reg_branches.1.0.weight - torch.Size([256, 256]): 
The value is the same before and after calling `init_weights` of GroundingDINO  

bbox_head.reg_branches.1.0.bias - torch.Size([256]): 
The value is the same before and after calling `init_weights` of GroundingDINO  

bbox_head.reg_branches.1.2.weight - torch.Size([256, 256]): 
The value is the same before and after calling `init_weights` of GroundingDINO  

bbox_head.reg_branches.1.2.bias - torch.Size([256]): 
The value is the same before and after calling `init_weights` of GroundingDINO  

bbox_head.reg_branches.1.4.weight - torch.Size([4, 256]): 
Initialized by user-defined `init_weights` in GroundingDINOHead  

bbox_head.reg_branches.1.4.bias - torch.Size([4]): 
Initialized by user-defined `init_weights` in GroundingDINOHead  

bbox_head.reg_branches.2.0.weight - torch.Size([256, 256]): 
The value is the same before and after calling `init_weights` of GroundingDINO  

bbox_head.reg_branches.2.0.bias - torch.Size([256]): 
The value is the same before and after calling `init_weights` of GroundingDINO  

bbox_head.reg_branches.2.2.weight - torch.Size([256, 256]): 
The value is the same before and after calling `init_weights` of GroundingDINO  

bbox_head.reg_branches.2.2.bias - torch.Size([256]): 
The value is the same before and after calling `init_weights` of GroundingDINO  

bbox_head.reg_branches.2.4.weight - torch.Size([4, 256]): 
Initialized by user-defined `init_weights` in GroundingDINOHead  

bbox_head.reg_branches.2.4.bias - torch.Size([4]): 
Initialized by user-defined `init_weights` in GroundingDINOHead  

bbox_head.reg_branches.3.0.weight - torch.Size([256, 256]): 
The value is the same before and after calling `init_weights` of GroundingDINO  

bbox_head.reg_branches.3.0.bias - torch.Size([256]): 
The value is the same before and after calling `init_weights` of GroundingDINO  

bbox_head.reg_branches.3.2.weight - torch.Size([256, 256]): 
The value is the same before and after calling `init_weights` of GroundingDINO  

bbox_head.reg_branches.3.2.bias - torch.Size([256]): 
The value is the same before and after calling `init_weights` of GroundingDINO  

bbox_head.reg_branches.3.4.weight - torch.Size([4, 256]): 
Initialized by user-defined `init_weights` in GroundingDINOHead  

bbox_head.reg_branches.3.4.bias - torch.Size([4]): 
Initialized by user-defined `init_weights` in GroundingDINOHead  

bbox_head.reg_branches.4.0.weight - torch.Size([256, 256]): 
The value is the same before and after calling `init_weights` of GroundingDINO  

bbox_head.reg_branches.4.0.bias - torch.Size([256]): 
The value is the same before and after calling `init_weights` of GroundingDINO  

bbox_head.reg_branches.4.2.weight - torch.Size([256, 256]): 
The value is the same before and after calling `init_weights` of GroundingDINO  

bbox_head.reg_branches.4.2.bias - torch.Size([256]): 
The value is the same before and after calling `init_weights` of GroundingDINO  

bbox_head.reg_branches.4.4.weight - torch.Size([4, 256]): 
Initialized by user-defined `init_weights` in GroundingDINOHead  

bbox_head.reg_branches.4.4.bias - torch.Size([4]): 
Initialized by user-defined `init_weights` in GroundingDINOHead  

bbox_head.reg_branches.5.0.weight - torch.Size([256, 256]): 
The value is the same before and after calling `init_weights` of GroundingDINO  

bbox_head.reg_branches.5.0.bias - torch.Size([256]): 
The value is the same before and after calling `init_weights` of GroundingDINO  

bbox_head.reg_branches.5.2.weight - torch.Size([256, 256]): 
The value is the same before and after calling `init_weights` of GroundingDINO  

bbox_head.reg_branches.5.2.bias - torch.Size([256]): 
The value is the same before and after calling `init_weights` of GroundingDINO  

bbox_head.reg_branches.5.4.weight - torch.Size([4, 256]): 
Initialized by user-defined `init_weights` in GroundingDINOHead  

bbox_head.reg_branches.5.4.bias - torch.Size([4]): 
Initialized by user-defined `init_weights` in GroundingDINOHead  

bbox_head.reg_branches.6.0.weight - torch.Size([256, 256]): 
The value is the same before and after calling `init_weights` of GroundingDINO  

bbox_head.reg_branches.6.0.bias - torch.Size([256]): 
The value is the same before and after calling `init_weights` of GroundingDINO  

bbox_head.reg_branches.6.2.weight - torch.Size([256, 256]): 
The value is the same before and after calling `init_weights` of GroundingDINO  

bbox_head.reg_branches.6.2.bias - torch.Size([256]): 
The value is the same before and after calling `init_weights` of GroundingDINO  

bbox_head.reg_branches.6.4.weight - torch.Size([4, 256]): 
Initialized by user-defined `init_weights` in GroundingDINOHead  

bbox_head.reg_branches.6.4.bias - torch.Size([4]): 
Initialized by user-defined `init_weights` in GroundingDINOHead  

encoder.layers.0.self_attn.sampling_offsets.weight - torch.Size([256, 256]): 
The value is the same before and after calling `init_weights` of GroundingDINO  

encoder.layers.0.self_attn.sampling_offsets.bias - torch.Size([256]): 
The value is the same before and after calling `init_weights` of GroundingDINO  

encoder.layers.0.self_attn.attention_weights.weight - torch.Size([128, 256]): 
The value is the same before and after calling `init_weights` of GroundingDINO  

encoder.layers.0.self_attn.attention_weights.bias - torch.Size([128]): 
The value is the same before and after calling `init_weights` of GroundingDINO  

encoder.layers.0.self_attn.value_proj.weight - torch.Size([256, 256]): 
The value is the same before and after calling `init_weights` of GroundingDINO  

encoder.layers.0.self_attn.value_proj.bias - torch.Size([256]): 
The value is the same before and after calling `init_weights` of GroundingDINO  

encoder.layers.0.self_attn.output_proj.weight - torch.Size([256, 256]): 
The value is the same before and after calling `init_weights` of GroundingDINO  

encoder.layers.0.self_attn.output_proj.bias - torch.Size([256]): 
The value is the same before and after calling `init_weights` of GroundingDINO  

encoder.layers.0.ffn.layers.0.0.weight - torch.Size([2048, 256]): 
The value is the same before and after calling `init_weights` of GroundingDINO  

encoder.layers.0.ffn.layers.0.0.bias - torch.Size([2048]): 
The value is the same before and after calling `init_weights` of GroundingDINO  

encoder.layers.0.ffn.layers.1.weight - torch.Size([256, 2048]): 
The value is the same before and after calling `init_weights` of GroundingDINO  

encoder.layers.0.ffn.layers.1.bias - torch.Size([256]): 
The value is the same before and after calling `init_weights` of GroundingDINO  

encoder.layers.0.norms.0.weight - torch.Size([256]): 
The value is the same before and after calling `init_weights` of GroundingDINO  

encoder.layers.0.norms.0.bias - torch.Size([256]): 
The value is the same before and after calling `init_weights` of GroundingDINO  

encoder.layers.0.norms.1.weight - torch.Size([256]): 
The value is the same before and after calling `init_weights` of GroundingDINO  

encoder.layers.0.norms.1.bias - torch.Size([256]): 
The value is the same before and after calling `init_weights` of GroundingDINO  

encoder.layers.1.self_attn.sampling_offsets.weight - torch.Size([256, 256]): 
The value is the same before and after calling `init_weights` of GroundingDINO  

encoder.layers.1.self_attn.sampling_offsets.bias - torch.Size([256]): 
The value is the same before and after calling `init_weights` of GroundingDINO  

encoder.layers.1.self_attn.attention_weights.weight - torch.Size([128, 256]): 
The value is the same before and after calling `init_weights` of GroundingDINO  

encoder.layers.1.self_attn.attention_weights.bias - torch.Size([128]): 
The value is the same before and after calling `init_weights` of GroundingDINO  

encoder.layers.1.self_attn.value_proj.weight - torch.Size([256, 256]): 
The value is the same before and after calling `init_weights` of GroundingDINO  

encoder.layers.1.self_attn.value_proj.bias - torch.Size([256]): 
The value is the same before and after calling `init_weights` of GroundingDINO  

encoder.layers.1.self_attn.output_proj.weight - torch.Size([256, 256]): 
The value is the same before and after calling `init_weights` of GroundingDINO  

encoder.layers.1.self_attn.output_proj.bias - torch.Size([256]): 
The value is the same before and after calling `init_weights` of GroundingDINO  

encoder.layers.1.ffn.layers.0.0.weight - torch.Size([2048, 256]): 
The value is the same before and after calling `init_weights` of GroundingDINO  

encoder.layers.1.ffn.layers.0.0.bias - torch.Size([2048]): 
The value is the same before and after calling `init_weights` of GroundingDINO  

encoder.layers.1.ffn.layers.1.weight - torch.Size([256, 2048]): 
The value is the same before and after calling `init_weights` of GroundingDINO  

encoder.layers.1.ffn.layers.1.bias - torch.Size([256]): 
The value is the same before and after calling `init_weights` of GroundingDINO  

encoder.layers.1.norms.0.weight - torch.Size([256]): 
The value is the same before and after calling `init_weights` of GroundingDINO  

encoder.layers.1.norms.0.bias - torch.Size([256]): 
The value is the same before and after calling `init_weights` of GroundingDINO  

encoder.layers.1.norms.1.weight - torch.Size([256]): 
The value is the same before and after calling `init_weights` of GroundingDINO  

encoder.layers.1.norms.1.bias - torch.Size([256]): 
The value is the same before and after calling `init_weights` of GroundingDINO  

encoder.layers.2.self_attn.sampling_offsets.weight - torch.Size([256, 256]): 
The value is the same before and after calling `init_weights` of GroundingDINO  

encoder.layers.2.self_attn.sampling_offsets.bias - torch.Size([256]): 
The value is the same before and after calling `init_weights` of GroundingDINO  

encoder.layers.2.self_attn.attention_weights.weight - torch.Size([128, 256]): 
The value is the same before and after calling `init_weights` of GroundingDINO  

encoder.layers.2.self_attn.attention_weights.bias - torch.Size([128]): 
The value is the same before and after calling `init_weights` of GroundingDINO  

encoder.layers.2.self_attn.value_proj.weight - torch.Size([256, 256]): 
The value is the same before and after calling `init_weights` of GroundingDINO  

encoder.layers.2.self_attn.value_proj.bias - torch.Size([256]): 
The value is the same before and after calling `init_weights` of GroundingDINO  

encoder.layers.2.self_attn.output_proj.weight - torch.Size([256, 256]): 
The value is the same before and after calling `init_weights` of GroundingDINO  

encoder.layers.2.self_attn.output_proj.bias - torch.Size([256]): 
The value is the same before and after calling `init_weights` of GroundingDINO  

encoder.layers.2.ffn.layers.0.0.weight - torch.Size([2048, 256]): 
The value is the same before and after calling `init_weights` of GroundingDINO  

encoder.layers.2.ffn.layers.0.0.bias - torch.Size([2048]): 
The value is the same before and after calling `init_weights` of GroundingDINO  

encoder.layers.2.ffn.layers.1.weight - torch.Size([256, 2048]): 
The value is the same before and after calling `init_weights` of GroundingDINO  

encoder.layers.2.ffn.layers.1.bias - torch.Size([256]): 
The value is the same before and after calling `init_weights` of GroundingDINO  

encoder.layers.2.norms.0.weight - torch.Size([256]): 
The value is the same before and after calling `init_weights` of GroundingDINO  

encoder.layers.2.norms.0.bias - torch.Size([256]): 
The value is the same before and after calling `init_weights` of GroundingDINO  

encoder.layers.2.norms.1.weight - torch.Size([256]): 
The value is the same before and after calling `init_weights` of GroundingDINO  

encoder.layers.2.norms.1.bias - torch.Size([256]): 
The value is the same before and after calling `init_weights` of GroundingDINO  

encoder.layers.3.self_attn.sampling_offsets.weight - torch.Size([256, 256]): 
The value is the same before and after calling `init_weights` of GroundingDINO  

encoder.layers.3.self_attn.sampling_offsets.bias - torch.Size([256]): 
The value is the same before and after calling `init_weights` of GroundingDINO  

encoder.layers.3.self_attn.attention_weights.weight - torch.Size([128, 256]): 
The value is the same before and after calling `init_weights` of GroundingDINO  

encoder.layers.3.self_attn.attention_weights.bias - torch.Size([128]): 
The value is the same before and after calling `init_weights` of GroundingDINO  

encoder.layers.3.self_attn.value_proj.weight - torch.Size([256, 256]): 
The value is the same before and after calling `init_weights` of GroundingDINO  

encoder.layers.3.self_attn.value_proj.bias - torch.Size([256]): 
The value is the same before and after calling `init_weights` of GroundingDINO  

encoder.layers.3.self_attn.output_proj.weight - torch.Size([256, 256]): 
The value is the same before and after calling `init_weights` of GroundingDINO  

encoder.layers.3.self_attn.output_proj.bias - torch.Size([256]): 
The value is the same before and after calling `init_weights` of GroundingDINO  

encoder.layers.3.ffn.layers.0.0.weight - torch.Size([2048, 256]): 
The value is the same before and after calling `init_weights` of GroundingDINO  

encoder.layers.3.ffn.layers.0.0.bias - torch.Size([2048]): 
The value is the same before and after calling `init_weights` of GroundingDINO  

encoder.layers.3.ffn.layers.1.weight - torch.Size([256, 2048]): 
The value is the same before and after calling `init_weights` of GroundingDINO  

encoder.layers.3.ffn.layers.1.bias - torch.Size([256]): 
The value is the same before and after calling `init_weights` of GroundingDINO  

encoder.layers.3.norms.0.weight - torch.Size([256]): 
The value is the same before and after calling `init_weights` of GroundingDINO  

encoder.layers.3.norms.0.bias - torch.Size([256]): 
The value is the same before and after calling `init_weights` of GroundingDINO  

encoder.layers.3.norms.1.weight - torch.Size([256]): 
The value is the same before and after calling `init_weights` of GroundingDINO  

encoder.layers.3.norms.1.bias - torch.Size([256]): 
The value is the same before and after calling `init_weights` of GroundingDINO  

encoder.layers.4.self_attn.sampling_offsets.weight - torch.Size([256, 256]): 
The value is the same before and after calling `init_weights` of GroundingDINO  

encoder.layers.4.self_attn.sampling_offsets.bias - torch.Size([256]): 
The value is the same before and after calling `init_weights` of GroundingDINO  

encoder.layers.4.self_attn.attention_weights.weight - torch.Size([128, 256]): 
The value is the same before and after calling `init_weights` of GroundingDINO  

encoder.layers.4.self_attn.attention_weights.bias - torch.Size([128]): 
The value is the same before and after calling `init_weights` of GroundingDINO  

encoder.layers.4.self_attn.value_proj.weight - torch.Size([256, 256]): 
The value is the same before and after calling `init_weights` of GroundingDINO  

encoder.layers.4.self_attn.value_proj.bias - torch.Size([256]): 
The value is the same before and after calling `init_weights` of GroundingDINO  

encoder.layers.4.self_attn.output_proj.weight - torch.Size([256, 256]): 
The value is the same before and after calling `init_weights` of GroundingDINO  

encoder.layers.4.self_attn.output_proj.bias - torch.Size([256]): 
The value is the same before and after calling `init_weights` of GroundingDINO  

encoder.layers.4.ffn.layers.0.0.weight - torch.Size([2048, 256]): 
The value is the same before and after calling `init_weights` of GroundingDINO  

encoder.layers.4.ffn.layers.0.0.bias - torch.Size([2048]): 
The value is the same before and after calling `init_weights` of GroundingDINO  

encoder.layers.4.ffn.layers.1.weight - torch.Size([256, 2048]): 
The value is the same before and after calling `init_weights` of GroundingDINO  

encoder.layers.4.ffn.layers.1.bias - torch.Size([256]): 
The value is the same before and after calling `init_weights` of GroundingDINO  

encoder.layers.4.norms.0.weight - torch.Size([256]): 
The value is the same before and after calling `init_weights` of GroundingDINO  

encoder.layers.4.norms.0.bias - torch.Size([256]): 
The value is the same before and after calling `init_weights` of GroundingDINO  

encoder.layers.4.norms.1.weight - torch.Size([256]): 
The value is the same before and after calling `init_weights` of GroundingDINO  

encoder.layers.4.norms.1.bias - torch.Size([256]): 
The value is the same before and after calling `init_weights` of GroundingDINO  

encoder.layers.5.self_attn.sampling_offsets.weight - torch.Size([256, 256]): 
The value is the same before and after calling `init_weights` of GroundingDINO  

encoder.layers.5.self_attn.sampling_offsets.bias - torch.Size([256]): 
The value is the same before and after calling `init_weights` of GroundingDINO  

encoder.layers.5.self_attn.attention_weights.weight - torch.Size([128, 256]): 
The value is the same before and after calling `init_weights` of GroundingDINO  

encoder.layers.5.self_attn.attention_weights.bias - torch.Size([128]): 
The value is the same before and after calling `init_weights` of GroundingDINO  

encoder.layers.5.self_attn.value_proj.weight - torch.Size([256, 256]): 
The value is the same before and after calling `init_weights` of GroundingDINO  

encoder.layers.5.self_attn.value_proj.bias - torch.Size([256]): 
The value is the same before and after calling `init_weights` of GroundingDINO  

encoder.layers.5.self_attn.output_proj.weight - torch.Size([256, 256]): 
The value is the same before and after calling `init_weights` of GroundingDINO  

encoder.layers.5.self_attn.output_proj.bias - torch.Size([256]): 
The value is the same before and after calling `init_weights` of GroundingDINO  

encoder.layers.5.ffn.layers.0.0.weight - torch.Size([2048, 256]): 
The value is the same before and after calling `init_weights` of GroundingDINO  

encoder.layers.5.ffn.layers.0.0.bias - torch.Size([2048]): 
The value is the same before and after calling `init_weights` of GroundingDINO  

encoder.layers.5.ffn.layers.1.weight - torch.Size([256, 2048]): 
The value is the same before and after calling `init_weights` of GroundingDINO  

encoder.layers.5.ffn.layers.1.bias - torch.Size([256]): 
The value is the same before and after calling `init_weights` of GroundingDINO  

encoder.layers.5.norms.0.weight - torch.Size([256]): 
The value is the same before and after calling `init_weights` of GroundingDINO  

encoder.layers.5.norms.0.bias - torch.Size([256]): 
The value is the same before and after calling `init_weights` of GroundingDINO  

encoder.layers.5.norms.1.weight - torch.Size([256]): 
The value is the same before and after calling `init_weights` of GroundingDINO  

encoder.layers.5.norms.1.bias - torch.Size([256]): 
The value is the same before and after calling `init_weights` of GroundingDINO  

encoder.text_layers.0.self_attn.attn.in_proj_weight - torch.Size([768, 256]): 
The value is the same before and after calling `init_weights` of GroundingDINO  

encoder.text_layers.0.self_attn.attn.in_proj_bias - torch.Size([768]): 
The value is the same before and after calling `init_weights` of GroundingDINO  

encoder.text_layers.0.self_attn.attn.out_proj.weight - torch.Size([256, 256]): 
The value is the same before and after calling `init_weights` of GroundingDINO  

encoder.text_layers.0.self_attn.attn.out_proj.bias - torch.Size([256]): 
The value is the same before and after calling `init_weights` of GroundingDINO  

encoder.text_layers.0.ffn.layers.0.0.weight - torch.Size([1024, 256]): 
The value is the same before and after calling `init_weights` of GroundingDINO  

encoder.text_layers.0.ffn.layers.0.0.bias - torch.Size([1024]): 
The value is the same before and after calling `init_weights` of GroundingDINO  

encoder.text_layers.0.ffn.layers.1.weight - torch.Size([256, 1024]): 
The value is the same before and after calling `init_weights` of GroundingDINO  

encoder.text_layers.0.ffn.layers.1.bias - torch.Size([256]): 
The value is the same before and after calling `init_weights` of GroundingDINO  

encoder.text_layers.0.norms.0.weight - torch.Size([256]): 
The value is the same before and after calling `init_weights` of GroundingDINO  

encoder.text_layers.0.norms.0.bias - torch.Size([256]): 
The value is the same before and after calling `init_weights` of GroundingDINO  

encoder.text_layers.0.norms.1.weight - torch.Size([256]): 
The value is the same before and after calling `init_weights` of GroundingDINO  

encoder.text_layers.0.norms.1.bias - torch.Size([256]): 
The value is the same before and after calling `init_weights` of GroundingDINO  

encoder.text_layers.1.self_attn.attn.in_proj_weight - torch.Size([768, 256]): 
The value is the same before and after calling `init_weights` of GroundingDINO  

encoder.text_layers.1.self_attn.attn.in_proj_bias - torch.Size([768]): 
The value is the same before and after calling `init_weights` of GroundingDINO  

encoder.text_layers.1.self_attn.attn.out_proj.weight - torch.Size([256, 256]): 
The value is the same before and after calling `init_weights` of GroundingDINO  

encoder.text_layers.1.self_attn.attn.out_proj.bias - torch.Size([256]): 
The value is the same before and after calling `init_weights` of GroundingDINO  

encoder.text_layers.1.ffn.layers.0.0.weight - torch.Size([1024, 256]): 
The value is the same before and after calling `init_weights` of GroundingDINO  

encoder.text_layers.1.ffn.layers.0.0.bias - torch.Size([1024]): 
The value is the same before and after calling `init_weights` of GroundingDINO  

encoder.text_layers.1.ffn.layers.1.weight - torch.Size([256, 1024]): 
The value is the same before and after calling `init_weights` of GroundingDINO  

encoder.text_layers.1.ffn.layers.1.bias - torch.Size([256]): 
The value is the same before and after calling `init_weights` of GroundingDINO  

encoder.text_layers.1.norms.0.weight - torch.Size([256]): 
The value is the same before and after calling `init_weights` of GroundingDINO  

encoder.text_layers.1.norms.0.bias - torch.Size([256]): 
The value is the same before and after calling `init_weights` of GroundingDINO  

encoder.text_layers.1.norms.1.weight - torch.Size([256]): 
The value is the same before and after calling `init_weights` of GroundingDINO  

encoder.text_layers.1.norms.1.bias - torch.Size([256]): 
The value is the same before and after calling `init_weights` of GroundingDINO  

encoder.text_layers.2.self_attn.attn.in_proj_weight - torch.Size([768, 256]): 
The value is the same before and after calling `init_weights` of GroundingDINO  

encoder.text_layers.2.self_attn.attn.in_proj_bias - torch.Size([768]): 
The value is the same before and after calling `init_weights` of GroundingDINO  

encoder.text_layers.2.self_attn.attn.out_proj.weight - torch.Size([256, 256]): 
The value is the same before and after calling `init_weights` of GroundingDINO  

encoder.text_layers.2.self_attn.attn.out_proj.bias - torch.Size([256]): 
The value is the same before and after calling `init_weights` of GroundingDINO  

encoder.text_layers.2.ffn.layers.0.0.weight - torch.Size([1024, 256]): 
The value is the same before and after calling `init_weights` of GroundingDINO  

encoder.text_layers.2.ffn.layers.0.0.bias - torch.Size([1024]): 
The value is the same before and after calling `init_weights` of GroundingDINO  

encoder.text_layers.2.ffn.layers.1.weight - torch.Size([256, 1024]): 
The value is the same before and after calling `init_weights` of GroundingDINO  

encoder.text_layers.2.ffn.layers.1.bias - torch.Size([256]): 
The value is the same before and after calling `init_weights` of GroundingDINO  

encoder.text_layers.2.norms.0.weight - torch.Size([256]): 
The value is the same before and after calling `init_weights` of GroundingDINO  

encoder.text_layers.2.norms.0.bias - torch.Size([256]): 
The value is the same before and after calling `init_weights` of GroundingDINO  

encoder.text_layers.2.norms.1.weight - torch.Size([256]): 
The value is the same before and after calling `init_weights` of GroundingDINO  

encoder.text_layers.2.norms.1.bias - torch.Size([256]): 
The value is the same before and after calling `init_weights` of GroundingDINO  

encoder.text_layers.3.self_attn.attn.in_proj_weight - torch.Size([768, 256]): 
The value is the same before and after calling `init_weights` of GroundingDINO  

encoder.text_layers.3.self_attn.attn.in_proj_bias - torch.Size([768]): 
The value is the same before and after calling `init_weights` of GroundingDINO  

encoder.text_layers.3.self_attn.attn.out_proj.weight - torch.Size([256, 256]): 
The value is the same before and after calling `init_weights` of GroundingDINO  

encoder.text_layers.3.self_attn.attn.out_proj.bias - torch.Size([256]): 
The value is the same before and after calling `init_weights` of GroundingDINO  

encoder.text_layers.3.ffn.layers.0.0.weight - torch.Size([1024, 256]): 
The value is the same before and after calling `init_weights` of GroundingDINO  

encoder.text_layers.3.ffn.layers.0.0.bias - torch.Size([1024]): 
The value is the same before and after calling `init_weights` of GroundingDINO  

encoder.text_layers.3.ffn.layers.1.weight - torch.Size([256, 1024]): 
The value is the same before and after calling `init_weights` of GroundingDINO  

encoder.text_layers.3.ffn.layers.1.bias - torch.Size([256]): 
The value is the same before and after calling `init_weights` of GroundingDINO  

encoder.text_layers.3.norms.0.weight - torch.Size([256]): 
The value is the same before and after calling `init_weights` of GroundingDINO  

encoder.text_layers.3.norms.0.bias - torch.Size([256]): 
The value is the same before and after calling `init_weights` of GroundingDINO  

encoder.text_layers.3.norms.1.weight - torch.Size([256]): 
The value is the same before and after calling `init_weights` of GroundingDINO  

encoder.text_layers.3.norms.1.bias - torch.Size([256]): 
The value is the same before and after calling `init_weights` of GroundingDINO  

encoder.text_layers.4.self_attn.attn.in_proj_weight - torch.Size([768, 256]): 
The value is the same before and after calling `init_weights` of GroundingDINO  

encoder.text_layers.4.self_attn.attn.in_proj_bias - torch.Size([768]): 
The value is the same before and after calling `init_weights` of GroundingDINO  

encoder.text_layers.4.self_attn.attn.out_proj.weight - torch.Size([256, 256]): 
The value is the same before and after calling `init_weights` of GroundingDINO  

encoder.text_layers.4.self_attn.attn.out_proj.bias - torch.Size([256]): 
The value is the same before and after calling `init_weights` of GroundingDINO  

encoder.text_layers.4.ffn.layers.0.0.weight - torch.Size([1024, 256]): 
The value is the same before and after calling `init_weights` of GroundingDINO  

encoder.text_layers.4.ffn.layers.0.0.bias - torch.Size([1024]): 
The value is the same before and after calling `init_weights` of GroundingDINO  

encoder.text_layers.4.ffn.layers.1.weight - torch.Size([256, 1024]): 
The value is the same before and after calling `init_weights` of GroundingDINO  

encoder.text_layers.4.ffn.layers.1.bias - torch.Size([256]): 
The value is the same before and after calling `init_weights` of GroundingDINO  

encoder.text_layers.4.norms.0.weight - torch.Size([256]): 
The value is the same before and after calling `init_weights` of GroundingDINO  

encoder.text_layers.4.norms.0.bias - torch.Size([256]): 
The value is the same before and after calling `init_weights` of GroundingDINO  

encoder.text_layers.4.norms.1.weight - torch.Size([256]): 
The value is the same before and after calling `init_weights` of GroundingDINO  

encoder.text_layers.4.norms.1.bias - torch.Size([256]): 
The value is the same before and after calling `init_weights` of GroundingDINO  

encoder.text_layers.5.self_attn.attn.in_proj_weight - torch.Size([768, 256]): 
The value is the same before and after calling `init_weights` of GroundingDINO  

encoder.text_layers.5.self_attn.attn.in_proj_bias - torch.Size([768]): 
The value is the same before and after calling `init_weights` of GroundingDINO  

encoder.text_layers.5.self_attn.attn.out_proj.weight - torch.Size([256, 256]): 
The value is the same before and after calling `init_weights` of GroundingDINO  

encoder.text_layers.5.self_attn.attn.out_proj.bias - torch.Size([256]): 
The value is the same before and after calling `init_weights` of GroundingDINO  

encoder.text_layers.5.ffn.layers.0.0.weight - torch.Size([1024, 256]): 
The value is the same before and after calling `init_weights` of GroundingDINO  

encoder.text_layers.5.ffn.layers.0.0.bias - torch.Size([1024]): 
The value is the same before and after calling `init_weights` of GroundingDINO  

encoder.text_layers.5.ffn.layers.1.weight - torch.Size([256, 1024]): 
The value is the same before and after calling `init_weights` of GroundingDINO  

encoder.text_layers.5.ffn.layers.1.bias - torch.Size([256]): 
The value is the same before and after calling `init_weights` of GroundingDINO  

encoder.text_layers.5.norms.0.weight - torch.Size([256]): 
The value is the same before and after calling `init_weights` of GroundingDINO  

encoder.text_layers.5.norms.0.bias - torch.Size([256]): 
The value is the same before and after calling `init_weights` of GroundingDINO  

encoder.text_layers.5.norms.1.weight - torch.Size([256]): 
The value is the same before and after calling `init_weights` of GroundingDINO  

encoder.text_layers.5.norms.1.bias - torch.Size([256]): 
The value is the same before and after calling `init_weights` of GroundingDINO  

encoder.fusion_layers.0.gamma_v - torch.Size([256]): 
The value is the same before and after calling `init_weights` of GroundingDINO  

encoder.fusion_layers.0.gamma_l - torch.Size([256]): 
The value is the same before and after calling `init_weights` of GroundingDINO  

encoder.fusion_layers.0.layer_norm_v.weight - torch.Size([256]): 
The value is the same before and after calling `init_weights` of GroundingDINO  

encoder.fusion_layers.0.layer_norm_v.bias - torch.Size([256]): 
The value is the same before and after calling `init_weights` of GroundingDINO  

encoder.fusion_layers.0.layer_norm_l.weight - torch.Size([256]): 
The value is the same before and after calling `init_weights` of GroundingDINO  

encoder.fusion_layers.0.layer_norm_l.bias - torch.Size([256]): 
The value is the same before and after calling `init_weights` of GroundingDINO  

encoder.fusion_layers.0.attn.v_proj.weight - torch.Size([1024, 256]): 
The value is the same before and after calling `init_weights` of GroundingDINO  

encoder.fusion_layers.0.attn.v_proj.bias - torch.Size([1024]): 
The value is the same before and after calling `init_weights` of GroundingDINO  

encoder.fusion_layers.0.attn.l_proj.weight - torch.Size([1024, 256]): 
The value is the same before and after calling `init_weights` of GroundingDINO  

encoder.fusion_layers.0.attn.l_proj.bias - torch.Size([1024]): 
The value is the same before and after calling `init_weights` of GroundingDINO  

encoder.fusion_layers.0.attn.values_v_proj.weight - torch.Size([1024, 256]): 
The value is the same before and after calling `init_weights` of GroundingDINO  

encoder.fusion_layers.0.attn.values_v_proj.bias - torch.Size([1024]): 
The value is the same before and after calling `init_weights` of GroundingDINO  

encoder.fusion_layers.0.attn.values_l_proj.weight - torch.Size([1024, 256]): 
The value is the same before and after calling `init_weights` of GroundingDINO  

encoder.fusion_layers.0.attn.values_l_proj.bias - torch.Size([1024]): 
The value is the same before and after calling `init_weights` of GroundingDINO  

encoder.fusion_layers.0.attn.out_v_proj.weight - torch.Size([256, 1024]): 
The value is the same before and after calling `init_weights` of GroundingDINO  

encoder.fusion_layers.0.attn.out_v_proj.bias - torch.Size([256]): 
The value is the same before and after calling `init_weights` of GroundingDINO  

encoder.fusion_layers.0.attn.out_l_proj.weight - torch.Size([256, 1024]): 
The value is the same before and after calling `init_weights` of GroundingDINO  

encoder.fusion_layers.0.attn.out_l_proj.bias - torch.Size([256]): 
The value is the same before and after calling `init_weights` of GroundingDINO  

encoder.fusion_layers.1.gamma_v - torch.Size([256]): 
The value is the same before and after calling `init_weights` of GroundingDINO  

encoder.fusion_layers.1.gamma_l - torch.Size([256]): 
The value is the same before and after calling `init_weights` of GroundingDINO  

encoder.fusion_layers.1.layer_norm_v.weight - torch.Size([256]): 
The value is the same before and after calling `init_weights` of GroundingDINO  

encoder.fusion_layers.1.layer_norm_v.bias - torch.Size([256]): 
The value is the same before and after calling `init_weights` of GroundingDINO  

encoder.fusion_layers.1.layer_norm_l.weight - torch.Size([256]): 
The value is the same before and after calling `init_weights` of GroundingDINO  

encoder.fusion_layers.1.layer_norm_l.bias - torch.Size([256]): 
The value is the same before and after calling `init_weights` of GroundingDINO  

encoder.fusion_layers.1.attn.v_proj.weight - torch.Size([1024, 256]): 
The value is the same before and after calling `init_weights` of GroundingDINO  

encoder.fusion_layers.1.attn.v_proj.bias - torch.Size([1024]): 
The value is the same before and after calling `init_weights` of GroundingDINO  

encoder.fusion_layers.1.attn.l_proj.weight - torch.Size([1024, 256]): 
The value is the same before and after calling `init_weights` of GroundingDINO  

encoder.fusion_layers.1.attn.l_proj.bias - torch.Size([1024]): 
The value is the same before and after calling `init_weights` of GroundingDINO  

encoder.fusion_layers.1.attn.values_v_proj.weight - torch.Size([1024, 256]): 
The value is the same before and after calling `init_weights` of GroundingDINO  

encoder.fusion_layers.1.attn.values_v_proj.bias - torch.Size([1024]): 
The value is the same before and after calling `init_weights` of GroundingDINO  

encoder.fusion_layers.1.attn.values_l_proj.weight - torch.Size([1024, 256]): 
The value is the same before and after calling `init_weights` of GroundingDINO  

encoder.fusion_layers.1.attn.values_l_proj.bias - torch.Size([1024]): 
The value is the same before and after calling `init_weights` of GroundingDINO  

encoder.fusion_layers.1.attn.out_v_proj.weight - torch.Size([256, 1024]): 
The value is the same before and after calling `init_weights` of GroundingDINO  

encoder.fusion_layers.1.attn.out_v_proj.bias - torch.Size([256]): 
The value is the same before and after calling `init_weights` of GroundingDINO  

encoder.fusion_layers.1.attn.out_l_proj.weight - torch.Size([256, 1024]): 
The value is the same before and after calling `init_weights` of GroundingDINO  

encoder.fusion_layers.1.attn.out_l_proj.bias - torch.Size([256]): 
The value is the same before and after calling `init_weights` of GroundingDINO  

encoder.fusion_layers.2.gamma_v - torch.Size([256]): 
The value is the same before and after calling `init_weights` of GroundingDINO  

encoder.fusion_layers.2.gamma_l - torch.Size([256]): 
The value is the same before and after calling `init_weights` of GroundingDINO  

encoder.fusion_layers.2.layer_norm_v.weight - torch.Size([256]): 
The value is the same before and after calling `init_weights` of GroundingDINO  

encoder.fusion_layers.2.layer_norm_v.bias - torch.Size([256]): 
The value is the same before and after calling `init_weights` of GroundingDINO  

encoder.fusion_layers.2.layer_norm_l.weight - torch.Size([256]): 
The value is the same before and after calling `init_weights` of GroundingDINO  

encoder.fusion_layers.2.layer_norm_l.bias - torch.Size([256]): 
The value is the same before and after calling `init_weights` of GroundingDINO  

encoder.fusion_layers.2.attn.v_proj.weight - torch.Size([1024, 256]): 
The value is the same before and after calling `init_weights` of GroundingDINO  

encoder.fusion_layers.2.attn.v_proj.bias - torch.Size([1024]): 
The value is the same before and after calling `init_weights` of GroundingDINO  

encoder.fusion_layers.2.attn.l_proj.weight - torch.Size([1024, 256]): 
The value is the same before and after calling `init_weights` of GroundingDINO  

encoder.fusion_layers.2.attn.l_proj.bias - torch.Size([1024]): 
The value is the same before and after calling `init_weights` of GroundingDINO  

encoder.fusion_layers.2.attn.values_v_proj.weight - torch.Size([1024, 256]): 
The value is the same before and after calling `init_weights` of GroundingDINO  

encoder.fusion_layers.2.attn.values_v_proj.bias - torch.Size([1024]): 
The value is the same before and after calling `init_weights` of GroundingDINO  

encoder.fusion_layers.2.attn.values_l_proj.weight - torch.Size([1024, 256]): 
The value is the same before and after calling `init_weights` of GroundingDINO  

encoder.fusion_layers.2.attn.values_l_proj.bias - torch.Size([1024]): 
The value is the same before and after calling `init_weights` of GroundingDINO  

encoder.fusion_layers.2.attn.out_v_proj.weight - torch.Size([256, 1024]): 
The value is the same before and after calling `init_weights` of GroundingDINO  

encoder.fusion_layers.2.attn.out_v_proj.bias - torch.Size([256]): 
The value is the same before and after calling `init_weights` of GroundingDINO  

encoder.fusion_layers.2.attn.out_l_proj.weight - torch.Size([256, 1024]): 
The value is the same before and after calling `init_weights` of GroundingDINO  

encoder.fusion_layers.2.attn.out_l_proj.bias - torch.Size([256]): 
The value is the same before and after calling `init_weights` of GroundingDINO  

encoder.fusion_layers.3.gamma_v - torch.Size([256]): 
The value is the same before and after calling `init_weights` of GroundingDINO  

encoder.fusion_layers.3.gamma_l - torch.Size([256]): 
The value is the same before and after calling `init_weights` of GroundingDINO  

encoder.fusion_layers.3.layer_norm_v.weight - torch.Size([256]): 
The value is the same before and after calling `init_weights` of GroundingDINO  

encoder.fusion_layers.3.layer_norm_v.bias - torch.Size([256]): 
The value is the same before and after calling `init_weights` of GroundingDINO  

encoder.fusion_layers.3.layer_norm_l.weight - torch.Size([256]): 
The value is the same before and after calling `init_weights` of GroundingDINO  

encoder.fusion_layers.3.layer_norm_l.bias - torch.Size([256]): 
The value is the same before and after calling `init_weights` of GroundingDINO  

encoder.fusion_layers.3.attn.v_proj.weight - torch.Size([1024, 256]): 
The value is the same before and after calling `init_weights` of GroundingDINO  

encoder.fusion_layers.3.attn.v_proj.bias - torch.Size([1024]): 
The value is the same before and after calling `init_weights` of GroundingDINO  

encoder.fusion_layers.3.attn.l_proj.weight - torch.Size([1024, 256]): 
The value is the same before and after calling `init_weights` of GroundingDINO  

encoder.fusion_layers.3.attn.l_proj.bias - torch.Size([1024]): 
The value is the same before and after calling `init_weights` of GroundingDINO  

encoder.fusion_layers.3.attn.values_v_proj.weight - torch.Size([1024, 256]): 
The value is the same before and after calling `init_weights` of GroundingDINO  

encoder.fusion_layers.3.attn.values_v_proj.bias - torch.Size([1024]): 
The value is the same before and after calling `init_weights` of GroundingDINO  

encoder.fusion_layers.3.attn.values_l_proj.weight - torch.Size([1024, 256]): 
The value is the same before and after calling `init_weights` of GroundingDINO  

encoder.fusion_layers.3.attn.values_l_proj.bias - torch.Size([1024]): 
The value is the same before and after calling `init_weights` of GroundingDINO  

encoder.fusion_layers.3.attn.out_v_proj.weight - torch.Size([256, 1024]): 
The value is the same before and after calling `init_weights` of GroundingDINO  

encoder.fusion_layers.3.attn.out_v_proj.bias - torch.Size([256]): 
The value is the same before and after calling `init_weights` of GroundingDINO  

encoder.fusion_layers.3.attn.out_l_proj.weight - torch.Size([256, 1024]): 
The value is the same before and after calling `init_weights` of GroundingDINO  

encoder.fusion_layers.3.attn.out_l_proj.bias - torch.Size([256]): 
The value is the same before and after calling `init_weights` of GroundingDINO  

encoder.fusion_layers.4.gamma_v - torch.Size([256]): 
The value is the same before and after calling `init_weights` of GroundingDINO  

encoder.fusion_layers.4.gamma_l - torch.Size([256]): 
The value is the same before and after calling `init_weights` of GroundingDINO  

encoder.fusion_layers.4.layer_norm_v.weight - torch.Size([256]): 
The value is the same before and after calling `init_weights` of GroundingDINO  

encoder.fusion_layers.4.layer_norm_v.bias - torch.Size([256]): 
The value is the same before and after calling `init_weights` of GroundingDINO  

encoder.fusion_layers.4.layer_norm_l.weight - torch.Size([256]): 
The value is the same before and after calling `init_weights` of GroundingDINO  

encoder.fusion_layers.4.layer_norm_l.bias - torch.Size([256]): 
The value is the same before and after calling `init_weights` of GroundingDINO  

encoder.fusion_layers.4.attn.v_proj.weight - torch.Size([1024, 256]): 
The value is the same before and after calling `init_weights` of GroundingDINO  

encoder.fusion_layers.4.attn.v_proj.bias - torch.Size([1024]): 
The value is the same before and after calling `init_weights` of GroundingDINO  

encoder.fusion_layers.4.attn.l_proj.weight - torch.Size([1024, 256]): 
The value is the same before and after calling `init_weights` of GroundingDINO  

encoder.fusion_layers.4.attn.l_proj.bias - torch.Size([1024]): 
The value is the same before and after calling `init_weights` of GroundingDINO  

encoder.fusion_layers.4.attn.values_v_proj.weight - torch.Size([1024, 256]): 
The value is the same before and after calling `init_weights` of GroundingDINO  

encoder.fusion_layers.4.attn.values_v_proj.bias - torch.Size([1024]): 
The value is the same before and after calling `init_weights` of GroundingDINO  

encoder.fusion_layers.4.attn.values_l_proj.weight - torch.Size([1024, 256]): 
The value is the same before and after calling `init_weights` of GroundingDINO  

encoder.fusion_layers.4.attn.values_l_proj.bias - torch.Size([1024]): 
The value is the same before and after calling `init_weights` of GroundingDINO  

encoder.fusion_layers.4.attn.out_v_proj.weight - torch.Size([256, 1024]): 
The value is the same before and after calling `init_weights` of GroundingDINO  

encoder.fusion_layers.4.attn.out_v_proj.bias - torch.Size([256]): 
The value is the same before and after calling `init_weights` of GroundingDINO  

encoder.fusion_layers.4.attn.out_l_proj.weight - torch.Size([256, 1024]): 
The value is the same before and after calling `init_weights` of GroundingDINO  

encoder.fusion_layers.4.attn.out_l_proj.bias - torch.Size([256]): 
The value is the same before and after calling `init_weights` of GroundingDINO  

encoder.fusion_layers.5.gamma_v - torch.Size([256]): 
The value is the same before and after calling `init_weights` of GroundingDINO  

encoder.fusion_layers.5.gamma_l - torch.Size([256]): 
The value is the same before and after calling `init_weights` of GroundingDINO  

encoder.fusion_layers.5.layer_norm_v.weight - torch.Size([256]): 
The value is the same before and after calling `init_weights` of GroundingDINO  

encoder.fusion_layers.5.layer_norm_v.bias - torch.Size([256]): 
The value is the same before and after calling `init_weights` of GroundingDINO  

encoder.fusion_layers.5.layer_norm_l.weight - torch.Size([256]): 
The value is the same before and after calling `init_weights` of GroundingDINO  

encoder.fusion_layers.5.layer_norm_l.bias - torch.Size([256]): 
The value is the same before and after calling `init_weights` of GroundingDINO  

encoder.fusion_layers.5.attn.v_proj.weight - torch.Size([1024, 256]): 
The value is the same before and after calling `init_weights` of GroundingDINO  

encoder.fusion_layers.5.attn.v_proj.bias - torch.Size([1024]): 
The value is the same before and after calling `init_weights` of GroundingDINO  

encoder.fusion_layers.5.attn.l_proj.weight - torch.Size([1024, 256]): 
The value is the same before and after calling `init_weights` of GroundingDINO  

encoder.fusion_layers.5.attn.l_proj.bias - torch.Size([1024]): 
The value is the same before and after calling `init_weights` of GroundingDINO  

encoder.fusion_layers.5.attn.values_v_proj.weight - torch.Size([1024, 256]): 
The value is the same before and after calling `init_weights` of GroundingDINO  

encoder.fusion_layers.5.attn.values_v_proj.bias - torch.Size([1024]): 
The value is the same before and after calling `init_weights` of GroundingDINO  

encoder.fusion_layers.5.attn.values_l_proj.weight - torch.Size([1024, 256]): 
The value is the same before and after calling `init_weights` of GroundingDINO  

encoder.fusion_layers.5.attn.values_l_proj.bias - torch.Size([1024]): 
The value is the same before and after calling `init_weights` of GroundingDINO  

encoder.fusion_layers.5.attn.out_v_proj.weight - torch.Size([256, 1024]): 
The value is the same before and after calling `init_weights` of GroundingDINO  

encoder.fusion_layers.5.attn.out_v_proj.bias - torch.Size([256]): 
The value is the same before and after calling `init_weights` of GroundingDINO  

encoder.fusion_layers.5.attn.out_l_proj.weight - torch.Size([256, 1024]): 
The value is the same before and after calling `init_weights` of GroundingDINO  

encoder.fusion_layers.5.attn.out_l_proj.bias - torch.Size([256]): 
The value is the same before and after calling `init_weights` of GroundingDINO  

decoder.layers.0.self_attn.attn.in_proj_weight - torch.Size([768, 256]): 
The value is the same before and after calling `init_weights` of GroundingDINO  

decoder.layers.0.self_attn.attn.in_proj_bias - torch.Size([768]): 
The value is the same before and after calling `init_weights` of GroundingDINO  

decoder.layers.0.self_attn.attn.out_proj.weight - torch.Size([256, 256]): 
The value is the same before and after calling `init_weights` of GroundingDINO  

decoder.layers.0.self_attn.attn.out_proj.bias - torch.Size([256]): 
The value is the same before and after calling `init_weights` of GroundingDINO  

decoder.layers.0.cross_attn_text.attn.in_proj_weight - torch.Size([768, 256]): 
The value is the same before and after calling `init_weights` of GroundingDINO  

decoder.layers.0.cross_attn_text.attn.in_proj_bias - torch.Size([768]): 
The value is the same before and after calling `init_weights` of GroundingDINO  

decoder.layers.0.cross_attn_text.attn.out_proj.weight - torch.Size([256, 256]): 
The value is the same before and after calling `init_weights` of GroundingDINO  

decoder.layers.0.cross_attn_text.attn.out_proj.bias - torch.Size([256]): 
The value is the same before and after calling `init_weights` of GroundingDINO  

decoder.layers.0.cross_attn.sampling_offsets.weight - torch.Size([256, 256]): 
The value is the same before and after calling `init_weights` of GroundingDINO  

decoder.layers.0.cross_attn.sampling_offsets.bias - torch.Size([256]): 
The value is the same before and after calling `init_weights` of GroundingDINO  

decoder.layers.0.cross_attn.attention_weights.weight - torch.Size([128, 256]): 
The value is the same before and after calling `init_weights` of GroundingDINO  

decoder.layers.0.cross_attn.attention_weights.bias - torch.Size([128]): 
The value is the same before and after calling `init_weights` of GroundingDINO  

decoder.layers.0.cross_attn.value_proj.weight - torch.Size([256, 256]): 
The value is the same before and after calling `init_weights` of GroundingDINO  

decoder.layers.0.cross_attn.value_proj.bias - torch.Size([256]): 
The value is the same before and after calling `init_weights` of GroundingDINO  

decoder.layers.0.cross_attn.output_proj.weight - torch.Size([256, 256]): 
The value is the same before and after calling `init_weights` of GroundingDINO  

decoder.layers.0.cross_attn.output_proj.bias - torch.Size([256]): 
The value is the same before and after calling `init_weights` of GroundingDINO  

decoder.layers.0.ffn.layers.0.0.weight - torch.Size([2048, 256]): 
The value is the same before and after calling `init_weights` of GroundingDINO  

decoder.layers.0.ffn.layers.0.0.bias - torch.Size([2048]): 
The value is the same before and after calling `init_weights` of GroundingDINO  

decoder.layers.0.ffn.layers.1.weight - torch.Size([256, 2048]): 
The value is the same before and after calling `init_weights` of GroundingDINO  

decoder.layers.0.ffn.layers.1.bias - torch.Size([256]): 
The value is the same before and after calling `init_weights` of GroundingDINO  

decoder.layers.0.norms.0.weight - torch.Size([256]): 
The value is the same before and after calling `init_weights` of GroundingDINO  

decoder.layers.0.norms.0.bias - torch.Size([256]): 
The value is the same before and after calling `init_weights` of GroundingDINO  

decoder.layers.0.norms.1.weight - torch.Size([256]): 
The value is the same before and after calling `init_weights` of GroundingDINO  

decoder.layers.0.norms.1.bias - torch.Size([256]): 
The value is the same before and after calling `init_weights` of GroundingDINO  

decoder.layers.0.norms.2.weight - torch.Size([256]): 
The value is the same before and after calling `init_weights` of GroundingDINO  

decoder.layers.0.norms.2.bias - torch.Size([256]): 
The value is the same before and after calling `init_weights` of GroundingDINO  

decoder.layers.0.norms.3.weight - torch.Size([256]): 
The value is the same before and after calling `init_weights` of GroundingDINO  

decoder.layers.0.norms.3.bias - torch.Size([256]): 
The value is the same before and after calling `init_weights` of GroundingDINO  

decoder.layers.1.self_attn.attn.in_proj_weight - torch.Size([768, 256]): 
The value is the same before and after calling `init_weights` of GroundingDINO  

decoder.layers.1.self_attn.attn.in_proj_bias - torch.Size([768]): 
The value is the same before and after calling `init_weights` of GroundingDINO  

decoder.layers.1.self_attn.attn.out_proj.weight - torch.Size([256, 256]): 
The value is the same before and after calling `init_weights` of GroundingDINO  

decoder.layers.1.self_attn.attn.out_proj.bias - torch.Size([256]): 
The value is the same before and after calling `init_weights` of GroundingDINO  

decoder.layers.1.cross_attn_text.attn.in_proj_weight - torch.Size([768, 256]): 
The value is the same before and after calling `init_weights` of GroundingDINO  

decoder.layers.1.cross_attn_text.attn.in_proj_bias - torch.Size([768]): 
The value is the same before and after calling `init_weights` of GroundingDINO  

decoder.layers.1.cross_attn_text.attn.out_proj.weight - torch.Size([256, 256]): 
The value is the same before and after calling `init_weights` of GroundingDINO  

decoder.layers.1.cross_attn_text.attn.out_proj.bias - torch.Size([256]): 
The value is the same before and after calling `init_weights` of GroundingDINO  

decoder.layers.1.cross_attn.sampling_offsets.weight - torch.Size([256, 256]): 
The value is the same before and after calling `init_weights` of GroundingDINO  

decoder.layers.1.cross_attn.sampling_offsets.bias - torch.Size([256]): 
The value is the same before and after calling `init_weights` of GroundingDINO  

decoder.layers.1.cross_attn.attention_weights.weight - torch.Size([128, 256]): 
The value is the same before and after calling `init_weights` of GroundingDINO  

decoder.layers.1.cross_attn.attention_weights.bias - torch.Size([128]): 
The value is the same before and after calling `init_weights` of GroundingDINO  

decoder.layers.1.cross_attn.value_proj.weight - torch.Size([256, 256]): 
The value is the same before and after calling `init_weights` of GroundingDINO  

decoder.layers.1.cross_attn.value_proj.bias - torch.Size([256]): 
The value is the same before and after calling `init_weights` of GroundingDINO  

decoder.layers.1.cross_attn.output_proj.weight - torch.Size([256, 256]): 
The value is the same before and after calling `init_weights` of GroundingDINO  

decoder.layers.1.cross_attn.output_proj.bias - torch.Size([256]): 
The value is the same before and after calling `init_weights` of GroundingDINO  

decoder.layers.1.ffn.layers.0.0.weight - torch.Size([2048, 256]): 
The value is the same before and after calling `init_weights` of GroundingDINO  

decoder.layers.1.ffn.layers.0.0.bias - torch.Size([2048]): 
The value is the same before and after calling `init_weights` of GroundingDINO  

decoder.layers.1.ffn.layers.1.weight - torch.Size([256, 2048]): 
The value is the same before and after calling `init_weights` of GroundingDINO  

decoder.layers.1.ffn.layers.1.bias - torch.Size([256]): 
The value is the same before and after calling `init_weights` of GroundingDINO  

decoder.layers.1.norms.0.weight - torch.Size([256]): 
The value is the same before and after calling `init_weights` of GroundingDINO  

decoder.layers.1.norms.0.bias - torch.Size([256]): 
The value is the same before and after calling `init_weights` of GroundingDINO  

decoder.layers.1.norms.1.weight - torch.Size([256]): 
The value is the same before and after calling `init_weights` of GroundingDINO  

decoder.layers.1.norms.1.bias - torch.Size([256]): 
The value is the same before and after calling `init_weights` of GroundingDINO  

decoder.layers.1.norms.2.weight - torch.Size([256]): 
The value is the same before and after calling `init_weights` of GroundingDINO  

decoder.layers.1.norms.2.bias - torch.Size([256]): 
The value is the same before and after calling `init_weights` of GroundingDINO  

decoder.layers.1.norms.3.weight - torch.Size([256]): 
The value is the same before and after calling `init_weights` of GroundingDINO  

decoder.layers.1.norms.3.bias - torch.Size([256]): 
The value is the same before and after calling `init_weights` of GroundingDINO  

decoder.layers.2.self_attn.attn.in_proj_weight - torch.Size([768, 256]): 
The value is the same before and after calling `init_weights` of GroundingDINO  

decoder.layers.2.self_attn.attn.in_proj_bias - torch.Size([768]): 
The value is the same before and after calling `init_weights` of GroundingDINO  

decoder.layers.2.self_attn.attn.out_proj.weight - torch.Size([256, 256]): 
The value is the same before and after calling `init_weights` of GroundingDINO  

decoder.layers.2.self_attn.attn.out_proj.bias - torch.Size([256]): 
The value is the same before and after calling `init_weights` of GroundingDINO  

decoder.layers.2.cross_attn_text.attn.in_proj_weight - torch.Size([768, 256]): 
The value is the same before and after calling `init_weights` of GroundingDINO  

decoder.layers.2.cross_attn_text.attn.in_proj_bias - torch.Size([768]): 
The value is the same before and after calling `init_weights` of GroundingDINO  

decoder.layers.2.cross_attn_text.attn.out_proj.weight - torch.Size([256, 256]): 
The value is the same before and after calling `init_weights` of GroundingDINO  

decoder.layers.2.cross_attn_text.attn.out_proj.bias - torch.Size([256]): 
The value is the same before and after calling `init_weights` of GroundingDINO  

decoder.layers.2.cross_attn.sampling_offsets.weight - torch.Size([256, 256]): 
The value is the same before and after calling `init_weights` of GroundingDINO  

decoder.layers.2.cross_attn.sampling_offsets.bias - torch.Size([256]): 
The value is the same before and after calling `init_weights` of GroundingDINO  

decoder.layers.2.cross_attn.attention_weights.weight - torch.Size([128, 256]): 
The value is the same before and after calling `init_weights` of GroundingDINO  

decoder.layers.2.cross_attn.attention_weights.bias - torch.Size([128]): 
The value is the same before and after calling `init_weights` of GroundingDINO  

decoder.layers.2.cross_attn.value_proj.weight - torch.Size([256, 256]): 
The value is the same before and after calling `init_weights` of GroundingDINO  

decoder.layers.2.cross_attn.value_proj.bias - torch.Size([256]): 
The value is the same before and after calling `init_weights` of GroundingDINO  

decoder.layers.2.cross_attn.output_proj.weight - torch.Size([256, 256]): 
The value is the same before and after calling `init_weights` of GroundingDINO  

decoder.layers.2.cross_attn.output_proj.bias - torch.Size([256]): 
The value is the same before and after calling `init_weights` of GroundingDINO  

decoder.layers.2.ffn.layers.0.0.weight - torch.Size([2048, 256]): 
The value is the same before and after calling `init_weights` of GroundingDINO  

decoder.layers.2.ffn.layers.0.0.bias - torch.Size([2048]): 
The value is the same before and after calling `init_weights` of GroundingDINO  

decoder.layers.2.ffn.layers.1.weight - torch.Size([256, 2048]): 
The value is the same before and after calling `init_weights` of GroundingDINO  

decoder.layers.2.ffn.layers.1.bias - torch.Size([256]): 
The value is the same before and after calling `init_weights` of GroundingDINO  

decoder.layers.2.norms.0.weight - torch.Size([256]): 
The value is the same before and after calling `init_weights` of GroundingDINO  

decoder.layers.2.norms.0.bias - torch.Size([256]): 
The value is the same before and after calling `init_weights` of GroundingDINO  

decoder.layers.2.norms.1.weight - torch.Size([256]): 
The value is the same before and after calling `init_weights` of GroundingDINO  

decoder.layers.2.norms.1.bias - torch.Size([256]): 
The value is the same before and after calling `init_weights` of GroundingDINO  

decoder.layers.2.norms.2.weight - torch.Size([256]): 
The value is the same before and after calling `init_weights` of GroundingDINO  

decoder.layers.2.norms.2.bias - torch.Size([256]): 
The value is the same before and after calling `init_weights` of GroundingDINO  

decoder.layers.2.norms.3.weight - torch.Size([256]): 
The value is the same before and after calling `init_weights` of GroundingDINO  

decoder.layers.2.norms.3.bias - torch.Size([256]): 
The value is the same before and after calling `init_weights` of GroundingDINO  

decoder.layers.3.self_attn.attn.in_proj_weight - torch.Size([768, 256]): 
The value is the same before and after calling `init_weights` of GroundingDINO  

decoder.layers.3.self_attn.attn.in_proj_bias - torch.Size([768]): 
The value is the same before and after calling `init_weights` of GroundingDINO  

decoder.layers.3.self_attn.attn.out_proj.weight - torch.Size([256, 256]): 
The value is the same before and after calling `init_weights` of GroundingDINO  

decoder.layers.3.self_attn.attn.out_proj.bias - torch.Size([256]): 
The value is the same before and after calling `init_weights` of GroundingDINO  

decoder.layers.3.cross_attn_text.attn.in_proj_weight - torch.Size([768, 256]): 
The value is the same before and after calling `init_weights` of GroundingDINO  

decoder.layers.3.cross_attn_text.attn.in_proj_bias - torch.Size([768]): 
The value is the same before and after calling `init_weights` of GroundingDINO  

decoder.layers.3.cross_attn_text.attn.out_proj.weight - torch.Size([256, 256]): 
The value is the same before and after calling `init_weights` of GroundingDINO  

decoder.layers.3.cross_attn_text.attn.out_proj.bias - torch.Size([256]): 
The value is the same before and after calling `init_weights` of GroundingDINO  

decoder.layers.3.cross_attn.sampling_offsets.weight - torch.Size([256, 256]): 
The value is the same before and after calling `init_weights` of GroundingDINO  

decoder.layers.3.cross_attn.sampling_offsets.bias - torch.Size([256]): 
The value is the same before and after calling `init_weights` of GroundingDINO  

decoder.layers.3.cross_attn.attention_weights.weight - torch.Size([128, 256]): 
The value is the same before and after calling `init_weights` of GroundingDINO  

decoder.layers.3.cross_attn.attention_weights.bias - torch.Size([128]): 
The value is the same before and after calling `init_weights` of GroundingDINO  

decoder.layers.3.cross_attn.value_proj.weight - torch.Size([256, 256]): 
The value is the same before and after calling `init_weights` of GroundingDINO  

decoder.layers.3.cross_attn.value_proj.bias - torch.Size([256]): 
The value is the same before and after calling `init_weights` of GroundingDINO  

decoder.layers.3.cross_attn.output_proj.weight - torch.Size([256, 256]): 
The value is the same before and after calling `init_weights` of GroundingDINO  

decoder.layers.3.cross_attn.output_proj.bias - torch.Size([256]): 
The value is the same before and after calling `init_weights` of GroundingDINO  

decoder.layers.3.ffn.layers.0.0.weight - torch.Size([2048, 256]): 
The value is the same before and after calling `init_weights` of GroundingDINO  

decoder.layers.3.ffn.layers.0.0.bias - torch.Size([2048]): 
The value is the same before and after calling `init_weights` of GroundingDINO  

decoder.layers.3.ffn.layers.1.weight - torch.Size([256, 2048]): 
The value is the same before and after calling `init_weights` of GroundingDINO  

decoder.layers.3.ffn.layers.1.bias - torch.Size([256]): 
The value is the same before and after calling `init_weights` of GroundingDINO  

decoder.layers.3.norms.0.weight - torch.Size([256]): 
The value is the same before and after calling `init_weights` of GroundingDINO  

decoder.layers.3.norms.0.bias - torch.Size([256]): 
The value is the same before and after calling `init_weights` of GroundingDINO  

decoder.layers.3.norms.1.weight - torch.Size([256]): 
The value is the same before and after calling `init_weights` of GroundingDINO  

decoder.layers.3.norms.1.bias - torch.Size([256]): 
The value is the same before and after calling `init_weights` of GroundingDINO  

decoder.layers.3.norms.2.weight - torch.Size([256]): 
The value is the same before and after calling `init_weights` of GroundingDINO  

decoder.layers.3.norms.2.bias - torch.Size([256]): 
The value is the same before and after calling `init_weights` of GroundingDINO  

decoder.layers.3.norms.3.weight - torch.Size([256]): 
The value is the same before and after calling `init_weights` of GroundingDINO  

decoder.layers.3.norms.3.bias - torch.Size([256]): 
The value is the same before and after calling `init_weights` of GroundingDINO  

decoder.layers.4.self_attn.attn.in_proj_weight - torch.Size([768, 256]): 
The value is the same before and after calling `init_weights` of GroundingDINO  

decoder.layers.4.self_attn.attn.in_proj_bias - torch.Size([768]): 
The value is the same before and after calling `init_weights` of GroundingDINO  

decoder.layers.4.self_attn.attn.out_proj.weight - torch.Size([256, 256]): 
The value is the same before and after calling `init_weights` of GroundingDINO  

decoder.layers.4.self_attn.attn.out_proj.bias - torch.Size([256]): 
The value is the same before and after calling `init_weights` of GroundingDINO  

decoder.layers.4.cross_attn_text.attn.in_proj_weight - torch.Size([768, 256]): 
The value is the same before and after calling `init_weights` of GroundingDINO  

decoder.layers.4.cross_attn_text.attn.in_proj_bias - torch.Size([768]): 
The value is the same before and after calling `init_weights` of GroundingDINO  

decoder.layers.4.cross_attn_text.attn.out_proj.weight - torch.Size([256, 256]): 
The value is the same before and after calling `init_weights` of GroundingDINO  

decoder.layers.4.cross_attn_text.attn.out_proj.bias - torch.Size([256]): 
The value is the same before and after calling `init_weights` of GroundingDINO  

decoder.layers.4.cross_attn.sampling_offsets.weight - torch.Size([256, 256]): 
The value is the same before and after calling `init_weights` of GroundingDINO  

decoder.layers.4.cross_attn.sampling_offsets.bias - torch.Size([256]): 
The value is the same before and after calling `init_weights` of GroundingDINO  

decoder.layers.4.cross_attn.attention_weights.weight - torch.Size([128, 256]): 
The value is the same before and after calling `init_weights` of GroundingDINO  

decoder.layers.4.cross_attn.attention_weights.bias - torch.Size([128]): 
The value is the same before and after calling `init_weights` of GroundingDINO  

decoder.layers.4.cross_attn.value_proj.weight - torch.Size([256, 256]): 
The value is the same before and after calling `init_weights` of GroundingDINO  

decoder.layers.4.cross_attn.value_proj.bias - torch.Size([256]): 
The value is the same before and after calling `init_weights` of GroundingDINO  

decoder.layers.4.cross_attn.output_proj.weight - torch.Size([256, 256]): 
The value is the same before and after calling `init_weights` of GroundingDINO  

decoder.layers.4.cross_attn.output_proj.bias - torch.Size([256]): 
The value is the same before and after calling `init_weights` of GroundingDINO  

decoder.layers.4.ffn.layers.0.0.weight - torch.Size([2048, 256]): 
The value is the same before and after calling `init_weights` of GroundingDINO  

decoder.layers.4.ffn.layers.0.0.bias - torch.Size([2048]): 
The value is the same before and after calling `init_weights` of GroundingDINO  

decoder.layers.4.ffn.layers.1.weight - torch.Size([256, 2048]): 
The value is the same before and after calling `init_weights` of GroundingDINO  

decoder.layers.4.ffn.layers.1.bias - torch.Size([256]): 
The value is the same before and after calling `init_weights` of GroundingDINO  

decoder.layers.4.norms.0.weight - torch.Size([256]): 
The value is the same before and after calling `init_weights` of GroundingDINO  

decoder.layers.4.norms.0.bias - torch.Size([256]): 
The value is the same before and after calling `init_weights` of GroundingDINO  

decoder.layers.4.norms.1.weight - torch.Size([256]): 
The value is the same before and after calling `init_weights` of GroundingDINO  

decoder.layers.4.norms.1.bias - torch.Size([256]): 
The value is the same before and after calling `init_weights` of GroundingDINO  

decoder.layers.4.norms.2.weight - torch.Size([256]): 
The value is the same before and after calling `init_weights` of GroundingDINO  

decoder.layers.4.norms.2.bias - torch.Size([256]): 
The value is the same before and after calling `init_weights` of GroundingDINO  

decoder.layers.4.norms.3.weight - torch.Size([256]): 
The value is the same before and after calling `init_weights` of GroundingDINO  

decoder.layers.4.norms.3.bias - torch.Size([256]): 
The value is the same before and after calling `init_weights` of GroundingDINO  

decoder.layers.5.self_attn.attn.in_proj_weight - torch.Size([768, 256]): 
The value is the same before and after calling `init_weights` of GroundingDINO  

decoder.layers.5.self_attn.attn.in_proj_bias - torch.Size([768]): 
The value is the same before and after calling `init_weights` of GroundingDINO  

decoder.layers.5.self_attn.attn.out_proj.weight - torch.Size([256, 256]): 
The value is the same before and after calling `init_weights` of GroundingDINO  

decoder.layers.5.self_attn.attn.out_proj.bias - torch.Size([256]): 
The value is the same before and after calling `init_weights` of GroundingDINO  

decoder.layers.5.cross_attn_text.attn.in_proj_weight - torch.Size([768, 256]): 
The value is the same before and after calling `init_weights` of GroundingDINO  

decoder.layers.5.cross_attn_text.attn.in_proj_bias - torch.Size([768]): 
The value is the same before and after calling `init_weights` of GroundingDINO  

decoder.layers.5.cross_attn_text.attn.out_proj.weight - torch.Size([256, 256]): 
The value is the same before and after calling `init_weights` of GroundingDINO  

decoder.layers.5.cross_attn_text.attn.out_proj.bias - torch.Size([256]): 
The value is the same before and after calling `init_weights` of GroundingDINO  

decoder.layers.5.cross_attn.sampling_offsets.weight - torch.Size([256, 256]): 
The value is the same before and after calling `init_weights` of GroundingDINO  

decoder.layers.5.cross_attn.sampling_offsets.bias - torch.Size([256]): 
The value is the same before and after calling `init_weights` of GroundingDINO  

decoder.layers.5.cross_attn.attention_weights.weight - torch.Size([128, 256]): 
The value is the same before and after calling `init_weights` of GroundingDINO  

decoder.layers.5.cross_attn.attention_weights.bias - torch.Size([128]): 
The value is the same before and after calling `init_weights` of GroundingDINO  

decoder.layers.5.cross_attn.value_proj.weight - torch.Size([256, 256]): 
The value is the same before and after calling `init_weights` of GroundingDINO  

decoder.layers.5.cross_attn.value_proj.bias - torch.Size([256]): 
The value is the same before and after calling `init_weights` of GroundingDINO  

decoder.layers.5.cross_attn.output_proj.weight - torch.Size([256, 256]): 
The value is the same before and after calling `init_weights` of GroundingDINO  

decoder.layers.5.cross_attn.output_proj.bias - torch.Size([256]): 
The value is the same before and after calling `init_weights` of GroundingDINO  

decoder.layers.5.ffn.layers.0.0.weight - torch.Size([2048, 256]): 
The value is the same before and after calling `init_weights` of GroundingDINO  

decoder.layers.5.ffn.layers.0.0.bias - torch.Size([2048]): 
The value is the same before and after calling `init_weights` of GroundingDINO  

decoder.layers.5.ffn.layers.1.weight - torch.Size([256, 2048]): 
The value is the same before and after calling `init_weights` of GroundingDINO  

decoder.layers.5.ffn.layers.1.bias - torch.Size([256]): 
The value is the same before and after calling `init_weights` of GroundingDINO  

decoder.layers.5.norms.0.weight - torch.Size([256]): 
The value is the same before and after calling `init_weights` of GroundingDINO  

decoder.layers.5.norms.0.bias - torch.Size([256]): 
The value is the same before and after calling `init_weights` of GroundingDINO  

decoder.layers.5.norms.1.weight - torch.Size([256]): 
The value is the same before and after calling `init_weights` of GroundingDINO  

decoder.layers.5.norms.1.bias - torch.Size([256]): 
The value is the same before and after calling `init_weights` of GroundingDINO  

decoder.layers.5.norms.2.weight - torch.Size([256]): 
The value is the same before and after calling `init_weights` of GroundingDINO  

decoder.layers.5.norms.2.bias - torch.Size([256]): 
The value is the same before and after calling `init_weights` of GroundingDINO  

decoder.layers.5.norms.3.weight - torch.Size([256]): 
The value is the same before and after calling `init_weights` of GroundingDINO  

decoder.layers.5.norms.3.bias - torch.Size([256]): 
The value is the same before and after calling `init_weights` of GroundingDINO  

decoder.ref_point_head.layers.0.weight - torch.Size([256, 512]): 
The value is the same before and after calling `init_weights` of GroundingDINO  

decoder.ref_point_head.layers.0.bias - torch.Size([256]): 
The value is the same before and after calling `init_weights` of GroundingDINO  

decoder.ref_point_head.layers.1.weight - torch.Size([256, 256]): 
The value is the same before and after calling `init_weights` of GroundingDINO  

decoder.ref_point_head.layers.1.bias - torch.Size([256]): 
The value is the same before and after calling `init_weights` of GroundingDINO  

decoder.norm.weight - torch.Size([256]): 
The value is the same before and after calling `init_weights` of GroundingDINO  

decoder.norm.bias - torch.Size([256]): 
The value is the same before and after calling `init_weights` of GroundingDINO  

query_embedding.weight - torch.Size([900, 256]): 
The value is the same before and after calling `init_weights` of GroundingDINO  

memory_trans_fc.weight - torch.Size([256, 256]): 
The value is the same before and after calling `init_weights` of GroundingDINO  

memory_trans_fc.bias - torch.Size([256]): 
The value is the same before and after calling `init_weights` of GroundingDINO  

memory_trans_norm.weight - torch.Size([256]): 
The value is the same before and after calling `init_weights` of GroundingDINO  

memory_trans_norm.bias - torch.Size([256]): 
The value is the same before and after calling `init_weights` of GroundingDINO  

language_model.language_backbone.body.model.embeddings.word_embeddings.weight - torch.Size([30522, 768]): 
The value is the same before and after calling `init_weights` of GroundingDINO  

language_model.language_backbone.body.model.embeddings.position_embeddings.weight - torch.Size([512, 768]): 
The value is the same before and after calling `init_weights` of GroundingDINO  

language_model.language_backbone.body.model.embeddings.token_type_embeddings.weight - torch.Size([2, 768]): 
The value is the same before and after calling `init_weights` of GroundingDINO  

language_model.language_backbone.body.model.embeddings.LayerNorm.weight - torch.Size([768]): 
The value is the same before and after calling `init_weights` of GroundingDINO  

language_model.language_backbone.body.model.embeddings.LayerNorm.bias - torch.Size([768]): 
The value is the same before and after calling `init_weights` of GroundingDINO  

language_model.language_backbone.body.model.encoder.layer.0.attention.self.query.weight - torch.Size([768, 768]): 
The value is the same before and after calling `init_weights` of GroundingDINO  

language_model.language_backbone.body.model.encoder.layer.0.attention.self.query.bias - torch.Size([768]): 
The value is the same before and after calling `init_weights` of GroundingDINO  

language_model.language_backbone.body.model.encoder.layer.0.attention.self.key.weight - torch.Size([768, 768]): 
The value is the same before and after calling `init_weights` of GroundingDINO  

language_model.language_backbone.body.model.encoder.layer.0.attention.self.key.bias - torch.Size([768]): 
The value is the same before and after calling `init_weights` of GroundingDINO  

language_model.language_backbone.body.model.encoder.layer.0.attention.self.value.weight - torch.Size([768, 768]): 
The value is the same before and after calling `init_weights` of GroundingDINO  

language_model.language_backbone.body.model.encoder.layer.0.attention.self.value.bias - torch.Size([768]): 
The value is the same before and after calling `init_weights` of GroundingDINO  

language_model.language_backbone.body.model.encoder.layer.0.attention.output.dense.weight - torch.Size([768, 768]): 
The value is the same before and after calling `init_weights` of GroundingDINO  

language_model.language_backbone.body.model.encoder.layer.0.attention.output.dense.bias - torch.Size([768]): 
The value is the same before and after calling `init_weights` of GroundingDINO  

language_model.language_backbone.body.model.encoder.layer.0.attention.output.LayerNorm.weight - torch.Size([768]): 
The value is the same before and after calling `init_weights` of GroundingDINO  

language_model.language_backbone.body.model.encoder.layer.0.attention.output.LayerNorm.bias - torch.Size([768]): 
The value is the same before and after calling `init_weights` of GroundingDINO  

language_model.language_backbone.body.model.encoder.layer.0.intermediate.dense.weight - torch.Size([3072, 768]): 
The value is the same before and after calling `init_weights` of GroundingDINO  

language_model.language_backbone.body.model.encoder.layer.0.intermediate.dense.bias - torch.Size([3072]): 
The value is the same before and after calling `init_weights` of GroundingDINO  

language_model.language_backbone.body.model.encoder.layer.0.output.dense.weight - torch.Size([768, 3072]): 
The value is the same before and after calling `init_weights` of GroundingDINO  

language_model.language_backbone.body.model.encoder.layer.0.output.dense.bias - torch.Size([768]): 
The value is the same before and after calling `init_weights` of GroundingDINO  

language_model.language_backbone.body.model.encoder.layer.0.output.LayerNorm.weight - torch.Size([768]): 
The value is the same before and after calling `init_weights` of GroundingDINO  

language_model.language_backbone.body.model.encoder.layer.0.output.LayerNorm.bias - torch.Size([768]): 
The value is the same before and after calling `init_weights` of GroundingDINO  

language_model.language_backbone.body.model.encoder.layer.1.attention.self.query.weight - torch.Size([768, 768]): 
The value is the same before and after calling `init_weights` of GroundingDINO  

language_model.language_backbone.body.model.encoder.layer.1.attention.self.query.bias - torch.Size([768]): 
The value is the same before and after calling `init_weights` of GroundingDINO  

language_model.language_backbone.body.model.encoder.layer.1.attention.self.key.weight - torch.Size([768, 768]): 
The value is the same before and after calling `init_weights` of GroundingDINO  

language_model.language_backbone.body.model.encoder.layer.1.attention.self.key.bias - torch.Size([768]): 
The value is the same before and after calling `init_weights` of GroundingDINO  

language_model.language_backbone.body.model.encoder.layer.1.attention.self.value.weight - torch.Size([768, 768]): 
The value is the same before and after calling `init_weights` of GroundingDINO  

language_model.language_backbone.body.model.encoder.layer.1.attention.self.value.bias - torch.Size([768]): 
The value is the same before and after calling `init_weights` of GroundingDINO  

language_model.language_backbone.body.model.encoder.layer.1.attention.output.dense.weight - torch.Size([768, 768]): 
The value is the same before and after calling `init_weights` of GroundingDINO  

language_model.language_backbone.body.model.encoder.layer.1.attention.output.dense.bias - torch.Size([768]): 
The value is the same before and after calling `init_weights` of GroundingDINO  

language_model.language_backbone.body.model.encoder.layer.1.attention.output.LayerNorm.weight - torch.Size([768]): 
The value is the same before and after calling `init_weights` of GroundingDINO  

language_model.language_backbone.body.model.encoder.layer.1.attention.output.LayerNorm.bias - torch.Size([768]): 
The value is the same before and after calling `init_weights` of GroundingDINO  

language_model.language_backbone.body.model.encoder.layer.1.intermediate.dense.weight - torch.Size([3072, 768]): 
The value is the same before and after calling `init_weights` of GroundingDINO  

language_model.language_backbone.body.model.encoder.layer.1.intermediate.dense.bias - torch.Size([3072]): 
The value is the same before and after calling `init_weights` of GroundingDINO  

language_model.language_backbone.body.model.encoder.layer.1.output.dense.weight - torch.Size([768, 3072]): 
The value is the same before and after calling `init_weights` of GroundingDINO  

language_model.language_backbone.body.model.encoder.layer.1.output.dense.bias - torch.Size([768]): 
The value is the same before and after calling `init_weights` of GroundingDINO  

language_model.language_backbone.body.model.encoder.layer.1.output.LayerNorm.weight - torch.Size([768]): 
The value is the same before and after calling `init_weights` of GroundingDINO  

language_model.language_backbone.body.model.encoder.layer.1.output.LayerNorm.bias - torch.Size([768]): 
The value is the same before and after calling `init_weights` of GroundingDINO  

language_model.language_backbone.body.model.encoder.layer.2.attention.self.query.weight - torch.Size([768, 768]): 
The value is the same before and after calling `init_weights` of GroundingDINO  

language_model.language_backbone.body.model.encoder.layer.2.attention.self.query.bias - torch.Size([768]): 
The value is the same before and after calling `init_weights` of GroundingDINO  

language_model.language_backbone.body.model.encoder.layer.2.attention.self.key.weight - torch.Size([768, 768]): 
The value is the same before and after calling `init_weights` of GroundingDINO  

language_model.language_backbone.body.model.encoder.layer.2.attention.self.key.bias - torch.Size([768]): 
The value is the same before and after calling `init_weights` of GroundingDINO  

language_model.language_backbone.body.model.encoder.layer.2.attention.self.value.weight - torch.Size([768, 768]): 
The value is the same before and after calling `init_weights` of GroundingDINO  

language_model.language_backbone.body.model.encoder.layer.2.attention.self.value.bias - torch.Size([768]): 
The value is the same before and after calling `init_weights` of GroundingDINO  

language_model.language_backbone.body.model.encoder.layer.2.attention.output.dense.weight - torch.Size([768, 768]): 
The value is the same before and after calling `init_weights` of GroundingDINO  

language_model.language_backbone.body.model.encoder.layer.2.attention.output.dense.bias - torch.Size([768]): 
The value is the same before and after calling `init_weights` of GroundingDINO  

language_model.language_backbone.body.model.encoder.layer.2.attention.output.LayerNorm.weight - torch.Size([768]): 
The value is the same before and after calling `init_weights` of GroundingDINO  

language_model.language_backbone.body.model.encoder.layer.2.attention.output.LayerNorm.bias - torch.Size([768]): 
The value is the same before and after calling `init_weights` of GroundingDINO  

language_model.language_backbone.body.model.encoder.layer.2.intermediate.dense.weight - torch.Size([3072, 768]): 
The value is the same before and after calling `init_weights` of GroundingDINO  

language_model.language_backbone.body.model.encoder.layer.2.intermediate.dense.bias - torch.Size([3072]): 
The value is the same before and after calling `init_weights` of GroundingDINO  

language_model.language_backbone.body.model.encoder.layer.2.output.dense.weight - torch.Size([768, 3072]): 
The value is the same before and after calling `init_weights` of GroundingDINO  

language_model.language_backbone.body.model.encoder.layer.2.output.dense.bias - torch.Size([768]): 
The value is the same before and after calling `init_weights` of GroundingDINO  

language_model.language_backbone.body.model.encoder.layer.2.output.LayerNorm.weight - torch.Size([768]): 
The value is the same before and after calling `init_weights` of GroundingDINO  

language_model.language_backbone.body.model.encoder.layer.2.output.LayerNorm.bias - torch.Size([768]): 
The value is the same before and after calling `init_weights` of GroundingDINO  

language_model.language_backbone.body.model.encoder.layer.3.attention.self.query.weight - torch.Size([768, 768]): 
The value is the same before and after calling `init_weights` of GroundingDINO  

language_model.language_backbone.body.model.encoder.layer.3.attention.self.query.bias - torch.Size([768]): 
The value is the same before and after calling `init_weights` of GroundingDINO  

language_model.language_backbone.body.model.encoder.layer.3.attention.self.key.weight - torch.Size([768, 768]): 
The value is the same before and after calling `init_weights` of GroundingDINO  

language_model.language_backbone.body.model.encoder.layer.3.attention.self.key.bias - torch.Size([768]): 
The value is the same before and after calling `init_weights` of GroundingDINO  

language_model.language_backbone.body.model.encoder.layer.3.attention.self.value.weight - torch.Size([768, 768]): 
The value is the same before and after calling `init_weights` of GroundingDINO  

language_model.language_backbone.body.model.encoder.layer.3.attention.self.value.bias - torch.Size([768]): 
The value is the same before and after calling `init_weights` of GroundingDINO  

language_model.language_backbone.body.model.encoder.layer.3.attention.output.dense.weight - torch.Size([768, 768]): 
The value is the same before and after calling `init_weights` of GroundingDINO  

language_model.language_backbone.body.model.encoder.layer.3.attention.output.dense.bias - torch.Size([768]): 
The value is the same before and after calling `init_weights` of GroundingDINO  

language_model.language_backbone.body.model.encoder.layer.3.attention.output.LayerNorm.weight - torch.Size([768]): 
The value is the same before and after calling `init_weights` of GroundingDINO  

language_model.language_backbone.body.model.encoder.layer.3.attention.output.LayerNorm.bias - torch.Size([768]): 
The value is the same before and after calling `init_weights` of GroundingDINO  

language_model.language_backbone.body.model.encoder.layer.3.intermediate.dense.weight - torch.Size([3072, 768]): 
The value is the same before and after calling `init_weights` of GroundingDINO  

language_model.language_backbone.body.model.encoder.layer.3.intermediate.dense.bias - torch.Size([3072]): 
The value is the same before and after calling `init_weights` of GroundingDINO  

language_model.language_backbone.body.model.encoder.layer.3.output.dense.weight - torch.Size([768, 3072]): 
The value is the same before and after calling `init_weights` of GroundingDINO  

language_model.language_backbone.body.model.encoder.layer.3.output.dense.bias - torch.Size([768]): 
The value is the same before and after calling `init_weights` of GroundingDINO  

language_model.language_backbone.body.model.encoder.layer.3.output.LayerNorm.weight - torch.Size([768]): 
The value is the same before and after calling `init_weights` of GroundingDINO  

language_model.language_backbone.body.model.encoder.layer.3.output.LayerNorm.bias - torch.Size([768]): 
The value is the same before and after calling `init_weights` of GroundingDINO  

language_model.language_backbone.body.model.encoder.layer.4.attention.self.query.weight - torch.Size([768, 768]): 
The value is the same before and after calling `init_weights` of GroundingDINO  

language_model.language_backbone.body.model.encoder.layer.4.attention.self.query.bias - torch.Size([768]): 
The value is the same before and after calling `init_weights` of GroundingDINO  

language_model.language_backbone.body.model.encoder.layer.4.attention.self.key.weight - torch.Size([768, 768]): 
The value is the same before and after calling `init_weights` of GroundingDINO  

language_model.language_backbone.body.model.encoder.layer.4.attention.self.key.bias - torch.Size([768]): 
The value is the same before and after calling `init_weights` of GroundingDINO  

language_model.language_backbone.body.model.encoder.layer.4.attention.self.value.weight - torch.Size([768, 768]): 
The value is the same before and after calling `init_weights` of GroundingDINO  

language_model.language_backbone.body.model.encoder.layer.4.attention.self.value.bias - torch.Size([768]): 
The value is the same before and after calling `init_weights` of GroundingDINO  

language_model.language_backbone.body.model.encoder.layer.4.attention.output.dense.weight - torch.Size([768, 768]): 
The value is the same before and after calling `init_weights` of GroundingDINO  

language_model.language_backbone.body.model.encoder.layer.4.attention.output.dense.bias - torch.Size([768]): 
The value is the same before and after calling `init_weights` of GroundingDINO  

language_model.language_backbone.body.model.encoder.layer.4.attention.output.LayerNorm.weight - torch.Size([768]): 
The value is the same before and after calling `init_weights` of GroundingDINO  

language_model.language_backbone.body.model.encoder.layer.4.attention.output.LayerNorm.bias - torch.Size([768]): 
The value is the same before and after calling `init_weights` of GroundingDINO  

language_model.language_backbone.body.model.encoder.layer.4.intermediate.dense.weight - torch.Size([3072, 768]): 
The value is the same before and after calling `init_weights` of GroundingDINO  

language_model.language_backbone.body.model.encoder.layer.4.intermediate.dense.bias - torch.Size([3072]): 
The value is the same before and after calling `init_weights` of GroundingDINO  

language_model.language_backbone.body.model.encoder.layer.4.output.dense.weight - torch.Size([768, 3072]): 
The value is the same before and after calling `init_weights` of GroundingDINO  

language_model.language_backbone.body.model.encoder.layer.4.output.dense.bias - torch.Size([768]): 
The value is the same before and after calling `init_weights` of GroundingDINO  

language_model.language_backbone.body.model.encoder.layer.4.output.LayerNorm.weight - torch.Size([768]): 
The value is the same before and after calling `init_weights` of GroundingDINO  

language_model.language_backbone.body.model.encoder.layer.4.output.LayerNorm.bias - torch.Size([768]): 
The value is the same before and after calling `init_weights` of GroundingDINO  

language_model.language_backbone.body.model.encoder.layer.5.attention.self.query.weight - torch.Size([768, 768]): 
The value is the same before and after calling `init_weights` of GroundingDINO  

language_model.language_backbone.body.model.encoder.layer.5.attention.self.query.bias - torch.Size([768]): 
The value is the same before and after calling `init_weights` of GroundingDINO  

language_model.language_backbone.body.model.encoder.layer.5.attention.self.key.weight - torch.Size([768, 768]): 
The value is the same before and after calling `init_weights` of GroundingDINO  

language_model.language_backbone.body.model.encoder.layer.5.attention.self.key.bias - torch.Size([768]): 
The value is the same before and after calling `init_weights` of GroundingDINO  

language_model.language_backbone.body.model.encoder.layer.5.attention.self.value.weight - torch.Size([768, 768]): 
The value is the same before and after calling `init_weights` of GroundingDINO  

language_model.language_backbone.body.model.encoder.layer.5.attention.self.value.bias - torch.Size([768]): 
The value is the same before and after calling `init_weights` of GroundingDINO  

language_model.language_backbone.body.model.encoder.layer.5.attention.output.dense.weight - torch.Size([768, 768]): 
The value is the same before and after calling `init_weights` of GroundingDINO  

language_model.language_backbone.body.model.encoder.layer.5.attention.output.dense.bias - torch.Size([768]): 
The value is the same before and after calling `init_weights` of GroundingDINO  

language_model.language_backbone.body.model.encoder.layer.5.attention.output.LayerNorm.weight - torch.Size([768]): 
The value is the same before and after calling `init_weights` of GroundingDINO  

language_model.language_backbone.body.model.encoder.layer.5.attention.output.LayerNorm.bias - torch.Size([768]): 
The value is the same before and after calling `init_weights` of GroundingDINO  

language_model.language_backbone.body.model.encoder.layer.5.intermediate.dense.weight - torch.Size([3072, 768]): 
The value is the same before and after calling `init_weights` of GroundingDINO  

language_model.language_backbone.body.model.encoder.layer.5.intermediate.dense.bias - torch.Size([3072]): 
The value is the same before and after calling `init_weights` of GroundingDINO  

language_model.language_backbone.body.model.encoder.layer.5.output.dense.weight - torch.Size([768, 3072]): 
The value is the same before and after calling `init_weights` of GroundingDINO  

language_model.language_backbone.body.model.encoder.layer.5.output.dense.bias - torch.Size([768]): 
The value is the same before and after calling `init_weights` of GroundingDINO  

language_model.language_backbone.body.model.encoder.layer.5.output.LayerNorm.weight - torch.Size([768]): 
The value is the same before and after calling `init_weights` of GroundingDINO  

language_model.language_backbone.body.model.encoder.layer.5.output.LayerNorm.bias - torch.Size([768]): 
The value is the same before and after calling `init_weights` of GroundingDINO  

language_model.language_backbone.body.model.encoder.layer.6.attention.self.query.weight - torch.Size([768, 768]): 
The value is the same before and after calling `init_weights` of GroundingDINO  

language_model.language_backbone.body.model.encoder.layer.6.attention.self.query.bias - torch.Size([768]): 
The value is the same before and after calling `init_weights` of GroundingDINO  

language_model.language_backbone.body.model.encoder.layer.6.attention.self.key.weight - torch.Size([768, 768]): 
The value is the same before and after calling `init_weights` of GroundingDINO  

language_model.language_backbone.body.model.encoder.layer.6.attention.self.key.bias - torch.Size([768]): 
The value is the same before and after calling `init_weights` of GroundingDINO  

language_model.language_backbone.body.model.encoder.layer.6.attention.self.value.weight - torch.Size([768, 768]): 
The value is the same before and after calling `init_weights` of GroundingDINO  

language_model.language_backbone.body.model.encoder.layer.6.attention.self.value.bias - torch.Size([768]): 
The value is the same before and after calling `init_weights` of GroundingDINO  

language_model.language_backbone.body.model.encoder.layer.6.attention.output.dense.weight - torch.Size([768, 768]): 
The value is the same before and after calling `init_weights` of GroundingDINO  

language_model.language_backbone.body.model.encoder.layer.6.attention.output.dense.bias - torch.Size([768]): 
The value is the same before and after calling `init_weights` of GroundingDINO  

language_model.language_backbone.body.model.encoder.layer.6.attention.output.LayerNorm.weight - torch.Size([768]): 
The value is the same before and after calling `init_weights` of GroundingDINO  

language_model.language_backbone.body.model.encoder.layer.6.attention.output.LayerNorm.bias - torch.Size([768]): 
The value is the same before and after calling `init_weights` of GroundingDINO  

language_model.language_backbone.body.model.encoder.layer.6.intermediate.dense.weight - torch.Size([3072, 768]): 
The value is the same before and after calling `init_weights` of GroundingDINO  

language_model.language_backbone.body.model.encoder.layer.6.intermediate.dense.bias - torch.Size([3072]): 
The value is the same before and after calling `init_weights` of GroundingDINO  

language_model.language_backbone.body.model.encoder.layer.6.output.dense.weight - torch.Size([768, 3072]): 
The value is the same before and after calling `init_weights` of GroundingDINO  

language_model.language_backbone.body.model.encoder.layer.6.output.dense.bias - torch.Size([768]): 
The value is the same before and after calling `init_weights` of GroundingDINO  

language_model.language_backbone.body.model.encoder.layer.6.output.LayerNorm.weight - torch.Size([768]): 
The value is the same before and after calling `init_weights` of GroundingDINO  

language_model.language_backbone.body.model.encoder.layer.6.output.LayerNorm.bias - torch.Size([768]): 
The value is the same before and after calling `init_weights` of GroundingDINO  

language_model.language_backbone.body.model.encoder.layer.7.attention.self.query.weight - torch.Size([768, 768]): 
The value is the same before and after calling `init_weights` of GroundingDINO  

language_model.language_backbone.body.model.encoder.layer.7.attention.self.query.bias - torch.Size([768]): 
The value is the same before and after calling `init_weights` of GroundingDINO  

language_model.language_backbone.body.model.encoder.layer.7.attention.self.key.weight - torch.Size([768, 768]): 
The value is the same before and after calling `init_weights` of GroundingDINO  

language_model.language_backbone.body.model.encoder.layer.7.attention.self.key.bias - torch.Size([768]): 
The value is the same before and after calling `init_weights` of GroundingDINO  

language_model.language_backbone.body.model.encoder.layer.7.attention.self.value.weight - torch.Size([768, 768]): 
The value is the same before and after calling `init_weights` of GroundingDINO  

language_model.language_backbone.body.model.encoder.layer.7.attention.self.value.bias - torch.Size([768]): 
The value is the same before and after calling `init_weights` of GroundingDINO  

language_model.language_backbone.body.model.encoder.layer.7.attention.output.dense.weight - torch.Size([768, 768]): 
The value is the same before and after calling `init_weights` of GroundingDINO  

language_model.language_backbone.body.model.encoder.layer.7.attention.output.dense.bias - torch.Size([768]): 
The value is the same before and after calling `init_weights` of GroundingDINO  

language_model.language_backbone.body.model.encoder.layer.7.attention.output.LayerNorm.weight - torch.Size([768]): 
The value is the same before and after calling `init_weights` of GroundingDINO  

language_model.language_backbone.body.model.encoder.layer.7.attention.output.LayerNorm.bias - torch.Size([768]): 
The value is the same before and after calling `init_weights` of GroundingDINO  

language_model.language_backbone.body.model.encoder.layer.7.intermediate.dense.weight - torch.Size([3072, 768]): 
The value is the same before and after calling `init_weights` of GroundingDINO  

language_model.language_backbone.body.model.encoder.layer.7.intermediate.dense.bias - torch.Size([3072]): 
The value is the same before and after calling `init_weights` of GroundingDINO  

language_model.language_backbone.body.model.encoder.layer.7.output.dense.weight - torch.Size([768, 3072]): 
The value is the same before and after calling `init_weights` of GroundingDINO  

language_model.language_backbone.body.model.encoder.layer.7.output.dense.bias - torch.Size([768]): 
The value is the same before and after calling `init_weights` of GroundingDINO  

language_model.language_backbone.body.model.encoder.layer.7.output.LayerNorm.weight - torch.Size([768]): 
The value is the same before and after calling `init_weights` of GroundingDINO  

language_model.language_backbone.body.model.encoder.layer.7.output.LayerNorm.bias - torch.Size([768]): 
The value is the same before and after calling `init_weights` of GroundingDINO  

language_model.language_backbone.body.model.encoder.layer.8.attention.self.query.weight - torch.Size([768, 768]): 
The value is the same before and after calling `init_weights` of GroundingDINO  

language_model.language_backbone.body.model.encoder.layer.8.attention.self.query.bias - torch.Size([768]): 
The value is the same before and after calling `init_weights` of GroundingDINO  

language_model.language_backbone.body.model.encoder.layer.8.attention.self.key.weight - torch.Size([768, 768]): 
The value is the same before and after calling `init_weights` of GroundingDINO  

language_model.language_backbone.body.model.encoder.layer.8.attention.self.key.bias - torch.Size([768]): 
The value is the same before and after calling `init_weights` of GroundingDINO  

language_model.language_backbone.body.model.encoder.layer.8.attention.self.value.weight - torch.Size([768, 768]): 
The value is the same before and after calling `init_weights` of GroundingDINO  

language_model.language_backbone.body.model.encoder.layer.8.attention.self.value.bias - torch.Size([768]): 
The value is the same before and after calling `init_weights` of GroundingDINO  

language_model.language_backbone.body.model.encoder.layer.8.attention.output.dense.weight - torch.Size([768, 768]): 
The value is the same before and after calling `init_weights` of GroundingDINO  

language_model.language_backbone.body.model.encoder.layer.8.attention.output.dense.bias - torch.Size([768]): 
The value is the same before and after calling `init_weights` of GroundingDINO  

language_model.language_backbone.body.model.encoder.layer.8.attention.output.LayerNorm.weight - torch.Size([768]): 
The value is the same before and after calling `init_weights` of GroundingDINO  

language_model.language_backbone.body.model.encoder.layer.8.attention.output.LayerNorm.bias - torch.Size([768]): 
The value is the same before and after calling `init_weights` of GroundingDINO  

language_model.language_backbone.body.model.encoder.layer.8.intermediate.dense.weight - torch.Size([3072, 768]): 
The value is the same before and after calling `init_weights` of GroundingDINO  

language_model.language_backbone.body.model.encoder.layer.8.intermediate.dense.bias - torch.Size([3072]): 
The value is the same before and after calling `init_weights` of GroundingDINO  

language_model.language_backbone.body.model.encoder.layer.8.output.dense.weight - torch.Size([768, 3072]): 
The value is the same before and after calling `init_weights` of GroundingDINO  

language_model.language_backbone.body.model.encoder.layer.8.output.dense.bias - torch.Size([768]): 
The value is the same before and after calling `init_weights` of GroundingDINO  

language_model.language_backbone.body.model.encoder.layer.8.output.LayerNorm.weight - torch.Size([768]): 
The value is the same before and after calling `init_weights` of GroundingDINO  

language_model.language_backbone.body.model.encoder.layer.8.output.LayerNorm.bias - torch.Size([768]): 
The value is the same before and after calling `init_weights` of GroundingDINO  

language_model.language_backbone.body.model.encoder.layer.9.attention.self.query.weight - torch.Size([768, 768]): 
The value is the same before and after calling `init_weights` of GroundingDINO  

language_model.language_backbone.body.model.encoder.layer.9.attention.self.query.bias - torch.Size([768]): 
The value is the same before and after calling `init_weights` of GroundingDINO  

language_model.language_backbone.body.model.encoder.layer.9.attention.self.key.weight - torch.Size([768, 768]): 
The value is the same before and after calling `init_weights` of GroundingDINO  

language_model.language_backbone.body.model.encoder.layer.9.attention.self.key.bias - torch.Size([768]): 
The value is the same before and after calling `init_weights` of GroundingDINO  

language_model.language_backbone.body.model.encoder.layer.9.attention.self.value.weight - torch.Size([768, 768]): 
The value is the same before and after calling `init_weights` of GroundingDINO  

language_model.language_backbone.body.model.encoder.layer.9.attention.self.value.bias - torch.Size([768]): 
The value is the same before and after calling `init_weights` of GroundingDINO  

language_model.language_backbone.body.model.encoder.layer.9.attention.output.dense.weight - torch.Size([768, 768]): 
The value is the same before and after calling `init_weights` of GroundingDINO  

language_model.language_backbone.body.model.encoder.layer.9.attention.output.dense.bias - torch.Size([768]): 
The value is the same before and after calling `init_weights` of GroundingDINO  

language_model.language_backbone.body.model.encoder.layer.9.attention.output.LayerNorm.weight - torch.Size([768]): 
The value is the same before and after calling `init_weights` of GroundingDINO  

language_model.language_backbone.body.model.encoder.layer.9.attention.output.LayerNorm.bias - torch.Size([768]): 
The value is the same before and after calling `init_weights` of GroundingDINO  

language_model.language_backbone.body.model.encoder.layer.9.intermediate.dense.weight - torch.Size([3072, 768]): 
The value is the same before and after calling `init_weights` of GroundingDINO  

language_model.language_backbone.body.model.encoder.layer.9.intermediate.dense.bias - torch.Size([3072]): 
The value is the same before and after calling `init_weights` of GroundingDINO  

language_model.language_backbone.body.model.encoder.layer.9.output.dense.weight - torch.Size([768, 3072]): 
The value is the same before and after calling `init_weights` of GroundingDINO  

language_model.language_backbone.body.model.encoder.layer.9.output.dense.bias - torch.Size([768]): 
The value is the same before and after calling `init_weights` of GroundingDINO  

language_model.language_backbone.body.model.encoder.layer.9.output.LayerNorm.weight - torch.Size([768]): 
The value is the same before and after calling `init_weights` of GroundingDINO  

language_model.language_backbone.body.model.encoder.layer.9.output.LayerNorm.bias - torch.Size([768]): 
The value is the same before and after calling `init_weights` of GroundingDINO  

language_model.language_backbone.body.model.encoder.layer.10.attention.self.query.weight - torch.Size([768, 768]): 
The value is the same before and after calling `init_weights` of GroundingDINO  

language_model.language_backbone.body.model.encoder.layer.10.attention.self.query.bias - torch.Size([768]): 
The value is the same before and after calling `init_weights` of GroundingDINO  

language_model.language_backbone.body.model.encoder.layer.10.attention.self.key.weight - torch.Size([768, 768]): 
The value is the same before and after calling `init_weights` of GroundingDINO  

language_model.language_backbone.body.model.encoder.layer.10.attention.self.key.bias - torch.Size([768]): 
The value is the same before and after calling `init_weights` of GroundingDINO  

language_model.language_backbone.body.model.encoder.layer.10.attention.self.value.weight - torch.Size([768, 768]): 
The value is the same before and after calling `init_weights` of GroundingDINO  

language_model.language_backbone.body.model.encoder.layer.10.attention.self.value.bias - torch.Size([768]): 
The value is the same before and after calling `init_weights` of GroundingDINO  

language_model.language_backbone.body.model.encoder.layer.10.attention.output.dense.weight - torch.Size([768, 768]): 
The value is the same before and after calling `init_weights` of GroundingDINO  

language_model.language_backbone.body.model.encoder.layer.10.attention.output.dense.bias - torch.Size([768]): 
The value is the same before and after calling `init_weights` of GroundingDINO  

language_model.language_backbone.body.model.encoder.layer.10.attention.output.LayerNorm.weight - torch.Size([768]): 
The value is the same before and after calling `init_weights` of GroundingDINO  

language_model.language_backbone.body.model.encoder.layer.10.attention.output.LayerNorm.bias - torch.Size([768]): 
The value is the same before and after calling `init_weights` of GroundingDINO  

language_model.language_backbone.body.model.encoder.layer.10.intermediate.dense.weight - torch.Size([3072, 768]): 
The value is the same before and after calling `init_weights` of GroundingDINO  

language_model.language_backbone.body.model.encoder.layer.10.intermediate.dense.bias - torch.Size([3072]): 
The value is the same before and after calling `init_weights` of GroundingDINO  

language_model.language_backbone.body.model.encoder.layer.10.output.dense.weight - torch.Size([768, 3072]): 
The value is the same before and after calling `init_weights` of GroundingDINO  

language_model.language_backbone.body.model.encoder.layer.10.output.dense.bias - torch.Size([768]): 
The value is the same before and after calling `init_weights` of GroundingDINO  

language_model.language_backbone.body.model.encoder.layer.10.output.LayerNorm.weight - torch.Size([768]): 
The value is the same before and after calling `init_weights` of GroundingDINO  

language_model.language_backbone.body.model.encoder.layer.10.output.LayerNorm.bias - torch.Size([768]): 
The value is the same before and after calling `init_weights` of GroundingDINO  

language_model.language_backbone.body.model.encoder.layer.11.attention.self.query.weight - torch.Size([768, 768]): 
The value is the same before and after calling `init_weights` of GroundingDINO  

language_model.language_backbone.body.model.encoder.layer.11.attention.self.query.bias - torch.Size([768]): 
The value is the same before and after calling `init_weights` of GroundingDINO  

language_model.language_backbone.body.model.encoder.layer.11.attention.self.key.weight - torch.Size([768, 768]): 
The value is the same before and after calling `init_weights` of GroundingDINO  

language_model.language_backbone.body.model.encoder.layer.11.attention.self.key.bias - torch.Size([768]): 
The value is the same before and after calling `init_weights` of GroundingDINO  

language_model.language_backbone.body.model.encoder.layer.11.attention.self.value.weight - torch.Size([768, 768]): 
The value is the same before and after calling `init_weights` of GroundingDINO  

language_model.language_backbone.body.model.encoder.layer.11.attention.self.value.bias - torch.Size([768]): 
The value is the same before and after calling `init_weights` of GroundingDINO  

language_model.language_backbone.body.model.encoder.layer.11.attention.output.dense.weight - torch.Size([768, 768]): 
The value is the same before and after calling `init_weights` of GroundingDINO  

language_model.language_backbone.body.model.encoder.layer.11.attention.output.dense.bias - torch.Size([768]): 
The value is the same before and after calling `init_weights` of GroundingDINO  

language_model.language_backbone.body.model.encoder.layer.11.attention.output.LayerNorm.weight - torch.Size([768]): 
The value is the same before and after calling `init_weights` of GroundingDINO  

language_model.language_backbone.body.model.encoder.layer.11.attention.output.LayerNorm.bias - torch.Size([768]): 
The value is the same before and after calling `init_weights` of GroundingDINO  

language_model.language_backbone.body.model.encoder.layer.11.intermediate.dense.weight - torch.Size([3072, 768]): 
The value is the same before and after calling `init_weights` of GroundingDINO  

language_model.language_backbone.body.model.encoder.layer.11.intermediate.dense.bias - torch.Size([3072]): 
The value is the same before and after calling `init_weights` of GroundingDINO  

language_model.language_backbone.body.model.encoder.layer.11.output.dense.weight - torch.Size([768, 3072]): 
The value is the same before and after calling `init_weights` of GroundingDINO  

language_model.language_backbone.body.model.encoder.layer.11.output.dense.bias - torch.Size([768]): 
The value is the same before and after calling `init_weights` of GroundingDINO  

language_model.language_backbone.body.model.encoder.layer.11.output.LayerNorm.weight - torch.Size([768]): 
The value is the same before and after calling `init_weights` of GroundingDINO  

language_model.language_backbone.body.model.encoder.layer.11.output.LayerNorm.bias - torch.Size([768]): 
The value is the same before and after calling `init_weights` of GroundingDINO  

text_feat_map.weight - torch.Size([256, 768]): 
The value is the same before and after calling `init_weights` of GroundingDINO  

text_feat_map.bias - torch.Size([256]): 
The value is the same before and after calling `init_weights` of GroundingDINO  

dn_query_generator.label_embedding.weight - torch.Size([256, 256]): 
The value is the same before and after calling `init_weights` of GroundingDINO  

lmm.model.embed_tokens.weight - torch.Size([151647, 896]): 
The value is the same before and after calling `init_weights` of GroundingDINO  

lmm.model.layers.0.self_attn.q_proj.lora_A.weight - torch.Size([128, 896]): 
The value is the same before and after calling `init_weights` of GroundingDINO  

lmm.model.layers.0.self_attn.q_proj.lora_B.weight - torch.Size([896, 128]): 
The value is the same before and after calling `init_weights` of GroundingDINO  

lmm.model.layers.0.self_attn.q_proj.ori_model.weight - torch.Size([896, 896]): 
The value is the same before and after calling `init_weights` of GroundingDINO  

lmm.model.layers.0.self_attn.q_proj.ori_model.bias - torch.Size([896]): 
The value is the same before and after calling `init_weights` of GroundingDINO  

lmm.model.layers.0.self_attn.k_proj.lora_A.weight - torch.Size([128, 896]): 
The value is the same before and after calling `init_weights` of GroundingDINO  

lmm.model.layers.0.self_attn.k_proj.lora_B.weight - torch.Size([128, 128]): 
The value is the same before and after calling `init_weights` of GroundingDINO  

lmm.model.layers.0.self_attn.k_proj.ori_model.weight - torch.Size([128, 896]): 
The value is the same before and after calling `init_weights` of GroundingDINO  

lmm.model.layers.0.self_attn.k_proj.ori_model.bias - torch.Size([128]): 
The value is the same before and after calling `init_weights` of GroundingDINO  

lmm.model.layers.0.self_attn.v_proj.lora_A.weight - torch.Size([128, 896]): 
The value is the same before and after calling `init_weights` of GroundingDINO  

lmm.model.layers.0.self_attn.v_proj.lora_B.weight - torch.Size([128, 128]): 
The value is the same before and after calling `init_weights` of GroundingDINO  

lmm.model.layers.0.self_attn.v_proj.ori_model.weight - torch.Size([128, 896]): 
The value is the same before and after calling `init_weights` of GroundingDINO  

lmm.model.layers.0.self_attn.v_proj.ori_model.bias - torch.Size([128]): 
The value is the same before and after calling `init_weights` of GroundingDINO  

lmm.model.layers.0.self_attn.o_proj.lora_A.weight - torch.Size([128, 896]): 
The value is the same before and after calling `init_weights` of GroundingDINO  

lmm.model.layers.0.self_attn.o_proj.lora_B.weight - torch.Size([896, 128]): 
The value is the same before and after calling `init_weights` of GroundingDINO  

lmm.model.layers.0.self_attn.o_proj.ori_model.weight - torch.Size([896, 896]): 
The value is the same before and after calling `init_weights` of GroundingDINO  

lmm.model.layers.0.mlp.gate_proj.lora_A.weight - torch.Size([128, 896]): 
The value is the same before and after calling `init_weights` of GroundingDINO  

lmm.model.layers.0.mlp.gate_proj.lora_B.weight - torch.Size([4864, 128]): 
The value is the same before and after calling `init_weights` of GroundingDINO  

lmm.model.layers.0.mlp.gate_proj.ori_model.weight - torch.Size([4864, 896]): 
The value is the same before and after calling `init_weights` of GroundingDINO  

lmm.model.layers.0.mlp.up_proj.lora_A.weight - torch.Size([128, 896]): 
The value is the same before and after calling `init_weights` of GroundingDINO  

lmm.model.layers.0.mlp.up_proj.lora_B.weight - torch.Size([4864, 128]): 
The value is the same before and after calling `init_weights` of GroundingDINO  

lmm.model.layers.0.mlp.up_proj.ori_model.weight - torch.Size([4864, 896]): 
The value is the same before and after calling `init_weights` of GroundingDINO  

lmm.model.layers.0.mlp.down_proj.lora_A.weight - torch.Size([128, 4864]): 
The value is the same before and after calling `init_weights` of GroundingDINO  

lmm.model.layers.0.mlp.down_proj.lora_B.weight - torch.Size([896, 128]): 
The value is the same before and after calling `init_weights` of GroundingDINO  

lmm.model.layers.0.mlp.down_proj.ori_model.weight - torch.Size([896, 4864]): 
The value is the same before and after calling `init_weights` of GroundingDINO  

lmm.model.layers.0.input_layernorm.weight - torch.Size([896]): 
The value is the same before and after calling `init_weights` of GroundingDINO  

lmm.model.layers.0.post_attention_layernorm.weight - torch.Size([896]): 
The value is the same before and after calling `init_weights` of GroundingDINO  

lmm.model.layers.0.down_proj.weight - torch.Size([256, 896]): 
The value is the same before and after calling `init_weights` of GroundingDINO  

lmm.model.layers.0.down_proj.bias - torch.Size([256]): 
The value is the same before and after calling `init_weights` of GroundingDINO  

lmm.model.layers.0.up_proj.weight - torch.Size([896, 256]): 
The value is the same before and after calling `init_weights` of GroundingDINO  

lmm.model.layers.0.up_proj.bias - torch.Size([896]): 
The value is the same before and after calling `init_weights` of GroundingDINO  

lmm.model.layers.0.corss_attn_norm.weight - torch.Size([896]): 
The value is the same before and after calling `init_weights` of GroundingDINO  

lmm.model.layers.0.cross_attn.sampling_offsets.weight - torch.Size([256, 256]): 
The value is the same before and after calling `init_weights` of GroundingDINO  

lmm.model.layers.0.cross_attn.sampling_offsets.bias - torch.Size([256]): 
The value is the same before and after calling `init_weights` of GroundingDINO  

lmm.model.layers.0.cross_attn.attention_weights.weight - torch.Size([128, 256]): 
The value is the same before and after calling `init_weights` of GroundingDINO  

lmm.model.layers.0.cross_attn.attention_weights.bias - torch.Size([128]): 
The value is the same before and after calling `init_weights` of GroundingDINO  

lmm.model.layers.0.cross_attn.value_proj.weight - torch.Size([256, 256]): 
The value is the same before and after calling `init_weights` of GroundingDINO  

lmm.model.layers.0.cross_attn.value_proj.bias - torch.Size([256]): 
The value is the same before and after calling `init_weights` of GroundingDINO  

lmm.model.layers.0.cross_attn.output_proj.weight - torch.Size([256, 256]): 
The value is the same before and after calling `init_weights` of GroundingDINO  

lmm.model.layers.0.cross_attn.output_proj.bias - torch.Size([256]): 
The value is the same before and after calling `init_weights` of GroundingDINO  

lmm.model.layers.1.self_attn.q_proj.lora_A.weight - torch.Size([128, 896]): 
The value is the same before and after calling `init_weights` of GroundingDINO  

lmm.model.layers.1.self_attn.q_proj.lora_B.weight - torch.Size([896, 128]): 
The value is the same before and after calling `init_weights` of GroundingDINO  

lmm.model.layers.1.self_attn.q_proj.ori_model.weight - torch.Size([896, 896]): 
The value is the same before and after calling `init_weights` of GroundingDINO  

lmm.model.layers.1.self_attn.q_proj.ori_model.bias - torch.Size([896]): 
The value is the same before and after calling `init_weights` of GroundingDINO  

lmm.model.layers.1.self_attn.k_proj.lora_A.weight - torch.Size([128, 896]): 
The value is the same before and after calling `init_weights` of GroundingDINO  

lmm.model.layers.1.self_attn.k_proj.lora_B.weight - torch.Size([128, 128]): 
The value is the same before and after calling `init_weights` of GroundingDINO  

lmm.model.layers.1.self_attn.k_proj.ori_model.weight - torch.Size([128, 896]): 
The value is the same before and after calling `init_weights` of GroundingDINO  

lmm.model.layers.1.self_attn.k_proj.ori_model.bias - torch.Size([128]): 
The value is the same before and after calling `init_weights` of GroundingDINO  

lmm.model.layers.1.self_attn.v_proj.lora_A.weight - torch.Size([128, 896]): 
The value is the same before and after calling `init_weights` of GroundingDINO  

lmm.model.layers.1.self_attn.v_proj.lora_B.weight - torch.Size([128, 128]): 
The value is the same before and after calling `init_weights` of GroundingDINO  

lmm.model.layers.1.self_attn.v_proj.ori_model.weight - torch.Size([128, 896]): 
The value is the same before and after calling `init_weights` of GroundingDINO  

lmm.model.layers.1.self_attn.v_proj.ori_model.bias - torch.Size([128]): 
The value is the same before and after calling `init_weights` of GroundingDINO  

lmm.model.layers.1.self_attn.o_proj.lora_A.weight - torch.Size([128, 896]): 
The value is the same before and after calling `init_weights` of GroundingDINO  

lmm.model.layers.1.self_attn.o_proj.lora_B.weight - torch.Size([896, 128]): 
The value is the same before and after calling `init_weights` of GroundingDINO  

lmm.model.layers.1.self_attn.o_proj.ori_model.weight - torch.Size([896, 896]): 
The value is the same before and after calling `init_weights` of GroundingDINO  

lmm.model.layers.1.mlp.gate_proj.lora_A.weight - torch.Size([128, 896]): 
The value is the same before and after calling `init_weights` of GroundingDINO  

lmm.model.layers.1.mlp.gate_proj.lora_B.weight - torch.Size([4864, 128]): 
The value is the same before and after calling `init_weights` of GroundingDINO  

lmm.model.layers.1.mlp.gate_proj.ori_model.weight - torch.Size([4864, 896]): 
The value is the same before and after calling `init_weights` of GroundingDINO  

lmm.model.layers.1.mlp.up_proj.lora_A.weight - torch.Size([128, 896]): 
The value is the same before and after calling `init_weights` of GroundingDINO  

lmm.model.layers.1.mlp.up_proj.lora_B.weight - torch.Size([4864, 128]): 
The value is the same before and after calling `init_weights` of GroundingDINO  

lmm.model.layers.1.mlp.up_proj.ori_model.weight - torch.Size([4864, 896]): 
The value is the same before and after calling `init_weights` of GroundingDINO  

lmm.model.layers.1.mlp.down_proj.lora_A.weight - torch.Size([128, 4864]): 
The value is the same before and after calling `init_weights` of GroundingDINO  

lmm.model.layers.1.mlp.down_proj.lora_B.weight - torch.Size([896, 128]): 
The value is the same before and after calling `init_weights` of GroundingDINO  

lmm.model.layers.1.mlp.down_proj.ori_model.weight - torch.Size([896, 4864]): 
The value is the same before and after calling `init_weights` of GroundingDINO  

lmm.model.layers.1.input_layernorm.weight - torch.Size([896]): 
The value is the same before and after calling `init_weights` of GroundingDINO  

lmm.model.layers.1.post_attention_layernorm.weight - torch.Size([896]): 
The value is the same before and after calling `init_weights` of GroundingDINO  

lmm.model.layers.2.self_attn.q_proj.lora_A.weight - torch.Size([128, 896]): 
The value is the same before and after calling `init_weights` of GroundingDINO  

lmm.model.layers.2.self_attn.q_proj.lora_B.weight - torch.Size([896, 128]): 
The value is the same before and after calling `init_weights` of GroundingDINO  

lmm.model.layers.2.self_attn.q_proj.ori_model.weight - torch.Size([896, 896]): 
The value is the same before and after calling `init_weights` of GroundingDINO  

lmm.model.layers.2.self_attn.q_proj.ori_model.bias - torch.Size([896]): 
The value is the same before and after calling `init_weights` of GroundingDINO  

lmm.model.layers.2.self_attn.k_proj.lora_A.weight - torch.Size([128, 896]): 
The value is the same before and after calling `init_weights` of GroundingDINO  

lmm.model.layers.2.self_attn.k_proj.lora_B.weight - torch.Size([128, 128]): 
The value is the same before and after calling `init_weights` of GroundingDINO  

lmm.model.layers.2.self_attn.k_proj.ori_model.weight - torch.Size([128, 896]): 
The value is the same before and after calling `init_weights` of GroundingDINO  

lmm.model.layers.2.self_attn.k_proj.ori_model.bias - torch.Size([128]): 
The value is the same before and after calling `init_weights` of GroundingDINO  

lmm.model.layers.2.self_attn.v_proj.lora_A.weight - torch.Size([128, 896]): 
The value is the same before and after calling `init_weights` of GroundingDINO  

lmm.model.layers.2.self_attn.v_proj.lora_B.weight - torch.Size([128, 128]): 
The value is the same before and after calling `init_weights` of GroundingDINO  

lmm.model.layers.2.self_attn.v_proj.ori_model.weight - torch.Size([128, 896]): 
The value is the same before and after calling `init_weights` of GroundingDINO  

lmm.model.layers.2.self_attn.v_proj.ori_model.bias - torch.Size([128]): 
The value is the same before and after calling `init_weights` of GroundingDINO  

lmm.model.layers.2.self_attn.o_proj.lora_A.weight - torch.Size([128, 896]): 
The value is the same before and after calling `init_weights` of GroundingDINO  

lmm.model.layers.2.self_attn.o_proj.lora_B.weight - torch.Size([896, 128]): 
The value is the same before and after calling `init_weights` of GroundingDINO  

lmm.model.layers.2.self_attn.o_proj.ori_model.weight - torch.Size([896, 896]): 
The value is the same before and after calling `init_weights` of GroundingDINO  

lmm.model.layers.2.mlp.gate_proj.lora_A.weight - torch.Size([128, 896]): 
The value is the same before and after calling `init_weights` of GroundingDINO  

lmm.model.layers.2.mlp.gate_proj.lora_B.weight - torch.Size([4864, 128]): 
The value is the same before and after calling `init_weights` of GroundingDINO  

lmm.model.layers.2.mlp.gate_proj.ori_model.weight - torch.Size([4864, 896]): 
The value is the same before and after calling `init_weights` of GroundingDINO  

lmm.model.layers.2.mlp.up_proj.lora_A.weight - torch.Size([128, 896]): 
The value is the same before and after calling `init_weights` of GroundingDINO  

lmm.model.layers.2.mlp.up_proj.lora_B.weight - torch.Size([4864, 128]): 
The value is the same before and after calling `init_weights` of GroundingDINO  

lmm.model.layers.2.mlp.up_proj.ori_model.weight - torch.Size([4864, 896]): 
The value is the same before and after calling `init_weights` of GroundingDINO  

lmm.model.layers.2.mlp.down_proj.lora_A.weight - torch.Size([128, 4864]): 
The value is the same before and after calling `init_weights` of GroundingDINO  

lmm.model.layers.2.mlp.down_proj.lora_B.weight - torch.Size([896, 128]): 
The value is the same before and after calling `init_weights` of GroundingDINO  

lmm.model.layers.2.mlp.down_proj.ori_model.weight - torch.Size([896, 4864]): 
The value is the same before and after calling `init_weights` of GroundingDINO  

lmm.model.layers.2.input_layernorm.weight - torch.Size([896]): 
The value is the same before and after calling `init_weights` of GroundingDINO  

lmm.model.layers.2.post_attention_layernorm.weight - torch.Size([896]): 
The value is the same before and after calling `init_weights` of GroundingDINO  

lmm.model.layers.3.self_attn.q_proj.lora_A.weight - torch.Size([128, 896]): 
The value is the same before and after calling `init_weights` of GroundingDINO  

lmm.model.layers.3.self_attn.q_proj.lora_B.weight - torch.Size([896, 128]): 
The value is the same before and after calling `init_weights` of GroundingDINO  

lmm.model.layers.3.self_attn.q_proj.ori_model.weight - torch.Size([896, 896]): 
The value is the same before and after calling `init_weights` of GroundingDINO  

lmm.model.layers.3.self_attn.q_proj.ori_model.bias - torch.Size([896]): 
The value is the same before and after calling `init_weights` of GroundingDINO  

lmm.model.layers.3.self_attn.k_proj.lora_A.weight - torch.Size([128, 896]): 
The value is the same before and after calling `init_weights` of GroundingDINO  

lmm.model.layers.3.self_attn.k_proj.lora_B.weight - torch.Size([128, 128]): 
The value is the same before and after calling `init_weights` of GroundingDINO  

lmm.model.layers.3.self_attn.k_proj.ori_model.weight - torch.Size([128, 896]): 
The value is the same before and after calling `init_weights` of GroundingDINO  

lmm.model.layers.3.self_attn.k_proj.ori_model.bias - torch.Size([128]): 
The value is the same before and after calling `init_weights` of GroundingDINO  

lmm.model.layers.3.self_attn.v_proj.lora_A.weight - torch.Size([128, 896]): 
The value is the same before and after calling `init_weights` of GroundingDINO  

lmm.model.layers.3.self_attn.v_proj.lora_B.weight - torch.Size([128, 128]): 
The value is the same before and after calling `init_weights` of GroundingDINO  

lmm.model.layers.3.self_attn.v_proj.ori_model.weight - torch.Size([128, 896]): 
The value is the same before and after calling `init_weights` of GroundingDINO  

lmm.model.layers.3.self_attn.v_proj.ori_model.bias - torch.Size([128]): 
The value is the same before and after calling `init_weights` of GroundingDINO  

lmm.model.layers.3.self_attn.o_proj.lora_A.weight - torch.Size([128, 896]): 
The value is the same before and after calling `init_weights` of GroundingDINO  

lmm.model.layers.3.self_attn.o_proj.lora_B.weight - torch.Size([896, 128]): 
The value is the same before and after calling `init_weights` of GroundingDINO  

lmm.model.layers.3.self_attn.o_proj.ori_model.weight - torch.Size([896, 896]): 
The value is the same before and after calling `init_weights` of GroundingDINO  

lmm.model.layers.3.mlp.gate_proj.lora_A.weight - torch.Size([128, 896]): 
The value is the same before and after calling `init_weights` of GroundingDINO  

lmm.model.layers.3.mlp.gate_proj.lora_B.weight - torch.Size([4864, 128]): 
The value is the same before and after calling `init_weights` of GroundingDINO  

lmm.model.layers.3.mlp.gate_proj.ori_model.weight - torch.Size([4864, 896]): 
The value is the same before and after calling `init_weights` of GroundingDINO  

lmm.model.layers.3.mlp.up_proj.lora_A.weight - torch.Size([128, 896]): 
The value is the same before and after calling `init_weights` of GroundingDINO  

lmm.model.layers.3.mlp.up_proj.lora_B.weight - torch.Size([4864, 128]): 
The value is the same before and after calling `init_weights` of GroundingDINO  

lmm.model.layers.3.mlp.up_proj.ori_model.weight - torch.Size([4864, 896]): 
The value is the same before and after calling `init_weights` of GroundingDINO  

lmm.model.layers.3.mlp.down_proj.lora_A.weight - torch.Size([128, 4864]): 
The value is the same before and after calling `init_weights` of GroundingDINO  

lmm.model.layers.3.mlp.down_proj.lora_B.weight - torch.Size([896, 128]): 
The value is the same before and after calling `init_weights` of GroundingDINO  

lmm.model.layers.3.mlp.down_proj.ori_model.weight - torch.Size([896, 4864]): 
The value is the same before and after calling `init_weights` of GroundingDINO  

lmm.model.layers.3.input_layernorm.weight - torch.Size([896]): 
The value is the same before and after calling `init_weights` of GroundingDINO  

lmm.model.layers.3.post_attention_layernorm.weight - torch.Size([896]): 
The value is the same before and after calling `init_weights` of GroundingDINO  

lmm.model.layers.4.self_attn.q_proj.lora_A.weight - torch.Size([128, 896]): 
The value is the same before and after calling `init_weights` of GroundingDINO  

lmm.model.layers.4.self_attn.q_proj.lora_B.weight - torch.Size([896, 128]): 
The value is the same before and after calling `init_weights` of GroundingDINO  

lmm.model.layers.4.self_attn.q_proj.ori_model.weight - torch.Size([896, 896]): 
The value is the same before and after calling `init_weights` of GroundingDINO  

lmm.model.layers.4.self_attn.q_proj.ori_model.bias - torch.Size([896]): 
The value is the same before and after calling `init_weights` of GroundingDINO  

lmm.model.layers.4.self_attn.k_proj.lora_A.weight - torch.Size([128, 896]): 
The value is the same before and after calling `init_weights` of GroundingDINO  

lmm.model.layers.4.self_attn.k_proj.lora_B.weight - torch.Size([128, 128]): 
The value is the same before and after calling `init_weights` of GroundingDINO  

lmm.model.layers.4.self_attn.k_proj.ori_model.weight - torch.Size([128, 896]): 
The value is the same before and after calling `init_weights` of GroundingDINO  

lmm.model.layers.4.self_attn.k_proj.ori_model.bias - torch.Size([128]): 
The value is the same before and after calling `init_weights` of GroundingDINO  

lmm.model.layers.4.self_attn.v_proj.lora_A.weight - torch.Size([128, 896]): 
The value is the same before and after calling `init_weights` of GroundingDINO  

lmm.model.layers.4.self_attn.v_proj.lora_B.weight - torch.Size([128, 128]): 
The value is the same before and after calling `init_weights` of GroundingDINO  

lmm.model.layers.4.self_attn.v_proj.ori_model.weight - torch.Size([128, 896]): 
The value is the same before and after calling `init_weights` of GroundingDINO  

lmm.model.layers.4.self_attn.v_proj.ori_model.bias - torch.Size([128]): 
The value is the same before and after calling `init_weights` of GroundingDINO  

lmm.model.layers.4.self_attn.o_proj.lora_A.weight - torch.Size([128, 896]): 
The value is the same before and after calling `init_weights` of GroundingDINO  

lmm.model.layers.4.self_attn.o_proj.lora_B.weight - torch.Size([896, 128]): 
The value is the same before and after calling `init_weights` of GroundingDINO  

lmm.model.layers.4.self_attn.o_proj.ori_model.weight - torch.Size([896, 896]): 
The value is the same before and after calling `init_weights` of GroundingDINO  

lmm.model.layers.4.mlp.gate_proj.lora_A.weight - torch.Size([128, 896]): 
The value is the same before and after calling `init_weights` of GroundingDINO  

lmm.model.layers.4.mlp.gate_proj.lora_B.weight - torch.Size([4864, 128]): 
The value is the same before and after calling `init_weights` of GroundingDINO  

lmm.model.layers.4.mlp.gate_proj.ori_model.weight - torch.Size([4864, 896]): 
The value is the same before and after calling `init_weights` of GroundingDINO  

lmm.model.layers.4.mlp.up_proj.lora_A.weight - torch.Size([128, 896]): 
The value is the same before and after calling `init_weights` of GroundingDINO  

lmm.model.layers.4.mlp.up_proj.lora_B.weight - torch.Size([4864, 128]): 
The value is the same before and after calling `init_weights` of GroundingDINO  

lmm.model.layers.4.mlp.up_proj.ori_model.weight - torch.Size([4864, 896]): 
The value is the same before and after calling `init_weights` of GroundingDINO  

lmm.model.layers.4.mlp.down_proj.lora_A.weight - torch.Size([128, 4864]): 
The value is the same before and after calling `init_weights` of GroundingDINO  

lmm.model.layers.4.mlp.down_proj.lora_B.weight - torch.Size([896, 128]): 
The value is the same before and after calling `init_weights` of GroundingDINO  

lmm.model.layers.4.mlp.down_proj.ori_model.weight - torch.Size([896, 4864]): 
The value is the same before and after calling `init_weights` of GroundingDINO  

lmm.model.layers.4.input_layernorm.weight - torch.Size([896]): 
The value is the same before and after calling `init_weights` of GroundingDINO  

lmm.model.layers.4.post_attention_layernorm.weight - torch.Size([896]): 
The value is the same before and after calling `init_weights` of GroundingDINO  

lmm.model.layers.4.down_proj.weight - torch.Size([256, 896]): 
The value is the same before and after calling `init_weights` of GroundingDINO  

lmm.model.layers.4.down_proj.bias - torch.Size([256]): 
The value is the same before and after calling `init_weights` of GroundingDINO  

lmm.model.layers.4.up_proj.weight - torch.Size([896, 256]): 
The value is the same before and after calling `init_weights` of GroundingDINO  

lmm.model.layers.4.up_proj.bias - torch.Size([896]): 
The value is the same before and after calling `init_weights` of GroundingDINO  

lmm.model.layers.4.corss_attn_norm.weight - torch.Size([896]): 
The value is the same before and after calling `init_weights` of GroundingDINO  

lmm.model.layers.4.cross_attn.sampling_offsets.weight - torch.Size([256, 256]): 
The value is the same before and after calling `init_weights` of GroundingDINO  

lmm.model.layers.4.cross_attn.sampling_offsets.bias - torch.Size([256]): 
The value is the same before and after calling `init_weights` of GroundingDINO  

lmm.model.layers.4.cross_attn.attention_weights.weight - torch.Size([128, 256]): 
The value is the same before and after calling `init_weights` of GroundingDINO  

lmm.model.layers.4.cross_attn.attention_weights.bias - torch.Size([128]): 
The value is the same before and after calling `init_weights` of GroundingDINO  

lmm.model.layers.4.cross_attn.value_proj.weight - torch.Size([256, 256]): 
The value is the same before and after calling `init_weights` of GroundingDINO  

lmm.model.layers.4.cross_attn.value_proj.bias - torch.Size([256]): 
The value is the same before and after calling `init_weights` of GroundingDINO  

lmm.model.layers.4.cross_attn.output_proj.weight - torch.Size([256, 256]): 
The value is the same before and after calling `init_weights` of GroundingDINO  

lmm.model.layers.4.cross_attn.output_proj.bias - torch.Size([256]): 
The value is the same before and after calling `init_weights` of GroundingDINO  

lmm.model.layers.5.self_attn.q_proj.lora_A.weight - torch.Size([128, 896]): 
The value is the same before and after calling `init_weights` of GroundingDINO  

lmm.model.layers.5.self_attn.q_proj.lora_B.weight - torch.Size([896, 128]): 
The value is the same before and after calling `init_weights` of GroundingDINO  

lmm.model.layers.5.self_attn.q_proj.ori_model.weight - torch.Size([896, 896]): 
The value is the same before and after calling `init_weights` of GroundingDINO  

lmm.model.layers.5.self_attn.q_proj.ori_model.bias - torch.Size([896]): 
The value is the same before and after calling `init_weights` of GroundingDINO  

lmm.model.layers.5.self_attn.k_proj.lora_A.weight - torch.Size([128, 896]): 
The value is the same before and after calling `init_weights` of GroundingDINO  

lmm.model.layers.5.self_attn.k_proj.lora_B.weight - torch.Size([128, 128]): 
The value is the same before and after calling `init_weights` of GroundingDINO  

lmm.model.layers.5.self_attn.k_proj.ori_model.weight - torch.Size([128, 896]): 
The value is the same before and after calling `init_weights` of GroundingDINO  

lmm.model.layers.5.self_attn.k_proj.ori_model.bias - torch.Size([128]): 
The value is the same before and after calling `init_weights` of GroundingDINO  

lmm.model.layers.5.self_attn.v_proj.lora_A.weight - torch.Size([128, 896]): 
The value is the same before and after calling `init_weights` of GroundingDINO  

lmm.model.layers.5.self_attn.v_proj.lora_B.weight - torch.Size([128, 128]): 
The value is the same before and after calling `init_weights` of GroundingDINO  

lmm.model.layers.5.self_attn.v_proj.ori_model.weight - torch.Size([128, 896]): 
The value is the same before and after calling `init_weights` of GroundingDINO  

lmm.model.layers.5.self_attn.v_proj.ori_model.bias - torch.Size([128]): 
The value is the same before and after calling `init_weights` of GroundingDINO  

lmm.model.layers.5.self_attn.o_proj.lora_A.weight - torch.Size([128, 896]): 
The value is the same before and after calling `init_weights` of GroundingDINO  

lmm.model.layers.5.self_attn.o_proj.lora_B.weight - torch.Size([896, 128]): 
The value is the same before and after calling `init_weights` of GroundingDINO  

lmm.model.layers.5.self_attn.o_proj.ori_model.weight - torch.Size([896, 896]): 
The value is the same before and after calling `init_weights` of GroundingDINO  

lmm.model.layers.5.mlp.gate_proj.lora_A.weight - torch.Size([128, 896]): 
The value is the same before and after calling `init_weights` of GroundingDINO  

lmm.model.layers.5.mlp.gate_proj.lora_B.weight - torch.Size([4864, 128]): 
The value is the same before and after calling `init_weights` of GroundingDINO  

lmm.model.layers.5.mlp.gate_proj.ori_model.weight - torch.Size([4864, 896]): 
The value is the same before and after calling `init_weights` of GroundingDINO  

lmm.model.layers.5.mlp.up_proj.lora_A.weight - torch.Size([128, 896]): 
The value is the same before and after calling `init_weights` of GroundingDINO  

lmm.model.layers.5.mlp.up_proj.lora_B.weight - torch.Size([4864, 128]): 
The value is the same before and after calling `init_weights` of GroundingDINO  

lmm.model.layers.5.mlp.up_proj.ori_model.weight - torch.Size([4864, 896]): 
The value is the same before and after calling `init_weights` of GroundingDINO  

lmm.model.layers.5.mlp.down_proj.lora_A.weight - torch.Size([128, 4864]): 
The value is the same before and after calling `init_weights` of GroundingDINO  

lmm.model.layers.5.mlp.down_proj.lora_B.weight - torch.Size([896, 128]): 
The value is the same before and after calling `init_weights` of GroundingDINO  

lmm.model.layers.5.mlp.down_proj.ori_model.weight - torch.Size([896, 4864]): 
The value is the same before and after calling `init_weights` of GroundingDINO  

lmm.model.layers.5.input_layernorm.weight - torch.Size([896]): 
The value is the same before and after calling `init_weights` of GroundingDINO  

lmm.model.layers.5.post_attention_layernorm.weight - torch.Size([896]): 
The value is the same before and after calling `init_weights` of GroundingDINO  

lmm.model.layers.6.self_attn.q_proj.lora_A.weight - torch.Size([128, 896]): 
The value is the same before and after calling `init_weights` of GroundingDINO  

lmm.model.layers.6.self_attn.q_proj.lora_B.weight - torch.Size([896, 128]): 
The value is the same before and after calling `init_weights` of GroundingDINO  

lmm.model.layers.6.self_attn.q_proj.ori_model.weight - torch.Size([896, 896]): 
The value is the same before and after calling `init_weights` of GroundingDINO  

lmm.model.layers.6.self_attn.q_proj.ori_model.bias - torch.Size([896]): 
The value is the same before and after calling `init_weights` of GroundingDINO  

lmm.model.layers.6.self_attn.k_proj.lora_A.weight - torch.Size([128, 896]): 
The value is the same before and after calling `init_weights` of GroundingDINO  

lmm.model.layers.6.self_attn.k_proj.lora_B.weight - torch.Size([128, 128]): 
The value is the same before and after calling `init_weights` of GroundingDINO  

lmm.model.layers.6.self_attn.k_proj.ori_model.weight - torch.Size([128, 896]): 
The value is the same before and after calling `init_weights` of GroundingDINO  

lmm.model.layers.6.self_attn.k_proj.ori_model.bias - torch.Size([128]): 
The value is the same before and after calling `init_weights` of GroundingDINO  

lmm.model.layers.6.self_attn.v_proj.lora_A.weight - torch.Size([128, 896]): 
The value is the same before and after calling `init_weights` of GroundingDINO  

lmm.model.layers.6.self_attn.v_proj.lora_B.weight - torch.Size([128, 128]): 
The value is the same before and after calling `init_weights` of GroundingDINO  

lmm.model.layers.6.self_attn.v_proj.ori_model.weight - torch.Size([128, 896]): 
The value is the same before and after calling `init_weights` of GroundingDINO  

lmm.model.layers.6.self_attn.v_proj.ori_model.bias - torch.Size([128]): 
The value is the same before and after calling `init_weights` of GroundingDINO  

lmm.model.layers.6.self_attn.o_proj.lora_A.weight - torch.Size([128, 896]): 
The value is the same before and after calling `init_weights` of GroundingDINO  

lmm.model.layers.6.self_attn.o_proj.lora_B.weight - torch.Size([896, 128]): 
The value is the same before and after calling `init_weights` of GroundingDINO  

lmm.model.layers.6.self_attn.o_proj.ori_model.weight - torch.Size([896, 896]): 
The value is the same before and after calling `init_weights` of GroundingDINO  

lmm.model.layers.6.mlp.gate_proj.lora_A.weight - torch.Size([128, 896]): 
The value is the same before and after calling `init_weights` of GroundingDINO  

lmm.model.layers.6.mlp.gate_proj.lora_B.weight - torch.Size([4864, 128]): 
The value is the same before and after calling `init_weights` of GroundingDINO  

lmm.model.layers.6.mlp.gate_proj.ori_model.weight - torch.Size([4864, 896]): 
The value is the same before and after calling `init_weights` of GroundingDINO  

lmm.model.layers.6.mlp.up_proj.lora_A.weight - torch.Size([128, 896]): 
The value is the same before and after calling `init_weights` of GroundingDINO  

lmm.model.layers.6.mlp.up_proj.lora_B.weight - torch.Size([4864, 128]): 
The value is the same before and after calling `init_weights` of GroundingDINO  

lmm.model.layers.6.mlp.up_proj.ori_model.weight - torch.Size([4864, 896]): 
The value is the same before and after calling `init_weights` of GroundingDINO  

lmm.model.layers.6.mlp.down_proj.lora_A.weight - torch.Size([128, 4864]): 
The value is the same before and after calling `init_weights` of GroundingDINO  

lmm.model.layers.6.mlp.down_proj.lora_B.weight - torch.Size([896, 128]): 
The value is the same before and after calling `init_weights` of GroundingDINO  

lmm.model.layers.6.mlp.down_proj.ori_model.weight - torch.Size([896, 4864]): 
The value is the same before and after calling `init_weights` of GroundingDINO  

lmm.model.layers.6.input_layernorm.weight - torch.Size([896]): 
The value is the same before and after calling `init_weights` of GroundingDINO  

lmm.model.layers.6.post_attention_layernorm.weight - torch.Size([896]): 
The value is the same before and after calling `init_weights` of GroundingDINO  

lmm.model.layers.7.self_attn.q_proj.lora_A.weight - torch.Size([128, 896]): 
The value is the same before and after calling `init_weights` of GroundingDINO  

lmm.model.layers.7.self_attn.q_proj.lora_B.weight - torch.Size([896, 128]): 
The value is the same before and after calling `init_weights` of GroundingDINO  

lmm.model.layers.7.self_attn.q_proj.ori_model.weight - torch.Size([896, 896]): 
The value is the same before and after calling `init_weights` of GroundingDINO  

lmm.model.layers.7.self_attn.q_proj.ori_model.bias - torch.Size([896]): 
The value is the same before and after calling `init_weights` of GroundingDINO  

lmm.model.layers.7.self_attn.k_proj.lora_A.weight - torch.Size([128, 896]): 
The value is the same before and after calling `init_weights` of GroundingDINO  

lmm.model.layers.7.self_attn.k_proj.lora_B.weight - torch.Size([128, 128]): 
The value is the same before and after calling `init_weights` of GroundingDINO  

lmm.model.layers.7.self_attn.k_proj.ori_model.weight - torch.Size([128, 896]): 
The value is the same before and after calling `init_weights` of GroundingDINO  

lmm.model.layers.7.self_attn.k_proj.ori_model.bias - torch.Size([128]): 
The value is the same before and after calling `init_weights` of GroundingDINO  

lmm.model.layers.7.self_attn.v_proj.lora_A.weight - torch.Size([128, 896]): 
The value is the same before and after calling `init_weights` of GroundingDINO  

lmm.model.layers.7.self_attn.v_proj.lora_B.weight - torch.Size([128, 128]): 
The value is the same before and after calling `init_weights` of GroundingDINO  

lmm.model.layers.7.self_attn.v_proj.ori_model.weight - torch.Size([128, 896]): 
The value is the same before and after calling `init_weights` of GroundingDINO  

lmm.model.layers.7.self_attn.v_proj.ori_model.bias - torch.Size([128]): 
The value is the same before and after calling `init_weights` of GroundingDINO  

lmm.model.layers.7.self_attn.o_proj.lora_A.weight - torch.Size([128, 896]): 
The value is the same before and after calling `init_weights` of GroundingDINO  

lmm.model.layers.7.self_attn.o_proj.lora_B.weight - torch.Size([896, 128]): 
The value is the same before and after calling `init_weights` of GroundingDINO  

lmm.model.layers.7.self_attn.o_proj.ori_model.weight - torch.Size([896, 896]): 
The value is the same before and after calling `init_weights` of GroundingDINO  

lmm.model.layers.7.mlp.gate_proj.lora_A.weight - torch.Size([128, 896]): 
The value is the same before and after calling `init_weights` of GroundingDINO  

lmm.model.layers.7.mlp.gate_proj.lora_B.weight - torch.Size([4864, 128]): 
The value is the same before and after calling `init_weights` of GroundingDINO  

lmm.model.layers.7.mlp.gate_proj.ori_model.weight - torch.Size([4864, 896]): 
The value is the same before and after calling `init_weights` of GroundingDINO  

lmm.model.layers.7.mlp.up_proj.lora_A.weight - torch.Size([128, 896]): 
The value is the same before and after calling `init_weights` of GroundingDINO  

lmm.model.layers.7.mlp.up_proj.lora_B.weight - torch.Size([4864, 128]): 
The value is the same before and after calling `init_weights` of GroundingDINO  

lmm.model.layers.7.mlp.up_proj.ori_model.weight - torch.Size([4864, 896]): 
The value is the same before and after calling `init_weights` of GroundingDINO  

lmm.model.layers.7.mlp.down_proj.lora_A.weight - torch.Size([128, 4864]): 
The value is the same before and after calling `init_weights` of GroundingDINO  

lmm.model.layers.7.mlp.down_proj.lora_B.weight - torch.Size([896, 128]): 
The value is the same before and after calling `init_weights` of GroundingDINO  

lmm.model.layers.7.mlp.down_proj.ori_model.weight - torch.Size([896, 4864]): 
The value is the same before and after calling `init_weights` of GroundingDINO  

lmm.model.layers.7.input_layernorm.weight - torch.Size([896]): 
The value is the same before and after calling `init_weights` of GroundingDINO  

lmm.model.layers.7.post_attention_layernorm.weight - torch.Size([896]): 
The value is the same before and after calling `init_weights` of GroundingDINO  

lmm.model.layers.8.self_attn.q_proj.lora_A.weight - torch.Size([128, 896]): 
The value is the same before and after calling `init_weights` of GroundingDINO  

lmm.model.layers.8.self_attn.q_proj.lora_B.weight - torch.Size([896, 128]): 
The value is the same before and after calling `init_weights` of GroundingDINO  

lmm.model.layers.8.self_attn.q_proj.ori_model.weight - torch.Size([896, 896]): 
The value is the same before and after calling `init_weights` of GroundingDINO  

lmm.model.layers.8.self_attn.q_proj.ori_model.bias - torch.Size([896]): 
The value is the same before and after calling `init_weights` of GroundingDINO  

lmm.model.layers.8.self_attn.k_proj.lora_A.weight - torch.Size([128, 896]): 
The value is the same before and after calling `init_weights` of GroundingDINO  

lmm.model.layers.8.self_attn.k_proj.lora_B.weight - torch.Size([128, 128]): 
The value is the same before and after calling `init_weights` of GroundingDINO  

lmm.model.layers.8.self_attn.k_proj.ori_model.weight - torch.Size([128, 896]): 
The value is the same before and after calling `init_weights` of GroundingDINO  

lmm.model.layers.8.self_attn.k_proj.ori_model.bias - torch.Size([128]): 
The value is the same before and after calling `init_weights` of GroundingDINO  

lmm.model.layers.8.self_attn.v_proj.lora_A.weight - torch.Size([128, 896]): 
The value is the same before and after calling `init_weights` of GroundingDINO  

lmm.model.layers.8.self_attn.v_proj.lora_B.weight - torch.Size([128, 128]): 
The value is the same before and after calling `init_weights` of GroundingDINO  

lmm.model.layers.8.self_attn.v_proj.ori_model.weight - torch.Size([128, 896]): 
The value is the same before and after calling `init_weights` of GroundingDINO  

lmm.model.layers.8.self_attn.v_proj.ori_model.bias - torch.Size([128]): 
The value is the same before and after calling `init_weights` of GroundingDINO  

lmm.model.layers.8.self_attn.o_proj.lora_A.weight - torch.Size([128, 896]): 
The value is the same before and after calling `init_weights` of GroundingDINO  

lmm.model.layers.8.self_attn.o_proj.lora_B.weight - torch.Size([896, 128]): 
The value is the same before and after calling `init_weights` of GroundingDINO  

lmm.model.layers.8.self_attn.o_proj.ori_model.weight - torch.Size([896, 896]): 
The value is the same before and after calling `init_weights` of GroundingDINO  

lmm.model.layers.8.mlp.gate_proj.lora_A.weight - torch.Size([128, 896]): 
The value is the same before and after calling `init_weights` of GroundingDINO  

lmm.model.layers.8.mlp.gate_proj.lora_B.weight - torch.Size([4864, 128]): 
The value is the same before and after calling `init_weights` of GroundingDINO  

lmm.model.layers.8.mlp.gate_proj.ori_model.weight - torch.Size([4864, 896]): 
The value is the same before and after calling `init_weights` of GroundingDINO  

lmm.model.layers.8.mlp.up_proj.lora_A.weight - torch.Size([128, 896]): 
The value is the same before and after calling `init_weights` of GroundingDINO  

lmm.model.layers.8.mlp.up_proj.lora_B.weight - torch.Size([4864, 128]): 
The value is the same before and after calling `init_weights` of GroundingDINO  

lmm.model.layers.8.mlp.up_proj.ori_model.weight - torch.Size([4864, 896]): 
The value is the same before and after calling `init_weights` of GroundingDINO  

lmm.model.layers.8.mlp.down_proj.lora_A.weight - torch.Size([128, 4864]): 
The value is the same before and after calling `init_weights` of GroundingDINO  

lmm.model.layers.8.mlp.down_proj.lora_B.weight - torch.Size([896, 128]): 
The value is the same before and after calling `init_weights` of GroundingDINO  

lmm.model.layers.8.mlp.down_proj.ori_model.weight - torch.Size([896, 4864]): 
The value is the same before and after calling `init_weights` of GroundingDINO  

lmm.model.layers.8.input_layernorm.weight - torch.Size([896]): 
The value is the same before and after calling `init_weights` of GroundingDINO  

lmm.model.layers.8.post_attention_layernorm.weight - torch.Size([896]): 
The value is the same before and after calling `init_weights` of GroundingDINO  

lmm.model.layers.8.down_proj.weight - torch.Size([256, 896]): 
The value is the same before and after calling `init_weights` of GroundingDINO  

lmm.model.layers.8.down_proj.bias - torch.Size([256]): 
The value is the same before and after calling `init_weights` of GroundingDINO  

lmm.model.layers.8.up_proj.weight - torch.Size([896, 256]): 
The value is the same before and after calling `init_weights` of GroundingDINO  

lmm.model.layers.8.up_proj.bias - torch.Size([896]): 
The value is the same before and after calling `init_weights` of GroundingDINO  

lmm.model.layers.8.corss_attn_norm.weight - torch.Size([896]): 
The value is the same before and after calling `init_weights` of GroundingDINO  

lmm.model.layers.8.cross_attn.sampling_offsets.weight - torch.Size([256, 256]): 
The value is the same before and after calling `init_weights` of GroundingDINO  

lmm.model.layers.8.cross_attn.sampling_offsets.bias - torch.Size([256]): 
The value is the same before and after calling `init_weights` of GroundingDINO  

lmm.model.layers.8.cross_attn.attention_weights.weight - torch.Size([128, 256]): 
The value is the same before and after calling `init_weights` of GroundingDINO  

lmm.model.layers.8.cross_attn.attention_weights.bias - torch.Size([128]): 
The value is the same before and after calling `init_weights` of GroundingDINO  

lmm.model.layers.8.cross_attn.value_proj.weight - torch.Size([256, 256]): 
The value is the same before and after calling `init_weights` of GroundingDINO  

lmm.model.layers.8.cross_attn.value_proj.bias - torch.Size([256]): 
The value is the same before and after calling `init_weights` of GroundingDINO  

lmm.model.layers.8.cross_attn.output_proj.weight - torch.Size([256, 256]): 
The value is the same before and after calling `init_weights` of GroundingDINO  

lmm.model.layers.8.cross_attn.output_proj.bias - torch.Size([256]): 
The value is the same before and after calling `init_weights` of GroundingDINO  

lmm.model.layers.9.self_attn.q_proj.lora_A.weight - torch.Size([128, 896]): 
The value is the same before and after calling `init_weights` of GroundingDINO  

lmm.model.layers.9.self_attn.q_proj.lora_B.weight - torch.Size([896, 128]): 
The value is the same before and after calling `init_weights` of GroundingDINO  

lmm.model.layers.9.self_attn.q_proj.ori_model.weight - torch.Size([896, 896]): 
The value is the same before and after calling `init_weights` of GroundingDINO  

lmm.model.layers.9.self_attn.q_proj.ori_model.bias - torch.Size([896]): 
The value is the same before and after calling `init_weights` of GroundingDINO  

lmm.model.layers.9.self_attn.k_proj.lora_A.weight - torch.Size([128, 896]): 
The value is the same before and after calling `init_weights` of GroundingDINO  

lmm.model.layers.9.self_attn.k_proj.lora_B.weight - torch.Size([128, 128]): 
The value is the same before and after calling `init_weights` of GroundingDINO  

lmm.model.layers.9.self_attn.k_proj.ori_model.weight - torch.Size([128, 896]): 
The value is the same before and after calling `init_weights` of GroundingDINO  

lmm.model.layers.9.self_attn.k_proj.ori_model.bias - torch.Size([128]): 
The value is the same before and after calling `init_weights` of GroundingDINO  

lmm.model.layers.9.self_attn.v_proj.lora_A.weight - torch.Size([128, 896]): 
The value is the same before and after calling `init_weights` of GroundingDINO  

lmm.model.layers.9.self_attn.v_proj.lora_B.weight - torch.Size([128, 128]): 
The value is the same before and after calling `init_weights` of GroundingDINO  

lmm.model.layers.9.self_attn.v_proj.ori_model.weight - torch.Size([128, 896]): 
The value is the same before and after calling `init_weights` of GroundingDINO  

lmm.model.layers.9.self_attn.v_proj.ori_model.bias - torch.Size([128]): 
The value is the same before and after calling `init_weights` of GroundingDINO  

lmm.model.layers.9.self_attn.o_proj.lora_A.weight - torch.Size([128, 896]): 
The value is the same before and after calling `init_weights` of GroundingDINO  

lmm.model.layers.9.self_attn.o_proj.lora_B.weight - torch.Size([896, 128]): 
The value is the same before and after calling `init_weights` of GroundingDINO  

lmm.model.layers.9.self_attn.o_proj.ori_model.weight - torch.Size([896, 896]): 
The value is the same before and after calling `init_weights` of GroundingDINO  

lmm.model.layers.9.mlp.gate_proj.lora_A.weight - torch.Size([128, 896]): 
The value is the same before and after calling `init_weights` of GroundingDINO  

lmm.model.layers.9.mlp.gate_proj.lora_B.weight - torch.Size([4864, 128]): 
The value is the same before and after calling `init_weights` of GroundingDINO  

lmm.model.layers.9.mlp.gate_proj.ori_model.weight - torch.Size([4864, 896]): 
The value is the same before and after calling `init_weights` of GroundingDINO  

lmm.model.layers.9.mlp.up_proj.lora_A.weight - torch.Size([128, 896]): 
The value is the same before and after calling `init_weights` of GroundingDINO  

lmm.model.layers.9.mlp.up_proj.lora_B.weight - torch.Size([4864, 128]): 
The value is the same before and after calling `init_weights` of GroundingDINO  

lmm.model.layers.9.mlp.up_proj.ori_model.weight - torch.Size([4864, 896]): 
The value is the same before and after calling `init_weights` of GroundingDINO  

lmm.model.layers.9.mlp.down_proj.lora_A.weight - torch.Size([128, 4864]): 
The value is the same before and after calling `init_weights` of GroundingDINO  

lmm.model.layers.9.mlp.down_proj.lora_B.weight - torch.Size([896, 128]): 
The value is the same before and after calling `init_weights` of GroundingDINO  

lmm.model.layers.9.mlp.down_proj.ori_model.weight - torch.Size([896, 4864]): 
The value is the same before and after calling `init_weights` of GroundingDINO  

lmm.model.layers.9.input_layernorm.weight - torch.Size([896]): 
The value is the same before and after calling `init_weights` of GroundingDINO  

lmm.model.layers.9.post_attention_layernorm.weight - torch.Size([896]): 
The value is the same before and after calling `init_weights` of GroundingDINO  

lmm.model.layers.10.self_attn.q_proj.lora_A.weight - torch.Size([128, 896]): 
The value is the same before and after calling `init_weights` of GroundingDINO  

lmm.model.layers.10.self_attn.q_proj.lora_B.weight - torch.Size([896, 128]): 
The value is the same before and after calling `init_weights` of GroundingDINO  

lmm.model.layers.10.self_attn.q_proj.ori_model.weight - torch.Size([896, 896]): 
The value is the same before and after calling `init_weights` of GroundingDINO  

lmm.model.layers.10.self_attn.q_proj.ori_model.bias - torch.Size([896]): 
The value is the same before and after calling `init_weights` of GroundingDINO  

lmm.model.layers.10.self_attn.k_proj.lora_A.weight - torch.Size([128, 896]): 
The value is the same before and after calling `init_weights` of GroundingDINO  

lmm.model.layers.10.self_attn.k_proj.lora_B.weight - torch.Size([128, 128]): 
The value is the same before and after calling `init_weights` of GroundingDINO  

lmm.model.layers.10.self_attn.k_proj.ori_model.weight - torch.Size([128, 896]): 
The value is the same before and after calling `init_weights` of GroundingDINO  

lmm.model.layers.10.self_attn.k_proj.ori_model.bias - torch.Size([128]): 
The value is the same before and after calling `init_weights` of GroundingDINO  

lmm.model.layers.10.self_attn.v_proj.lora_A.weight - torch.Size([128, 896]): 
The value is the same before and after calling `init_weights` of GroundingDINO  

lmm.model.layers.10.self_attn.v_proj.lora_B.weight - torch.Size([128, 128]): 
The value is the same before and after calling `init_weights` of GroundingDINO  

lmm.model.layers.10.self_attn.v_proj.ori_model.weight - torch.Size([128, 896]): 
The value is the same before and after calling `init_weights` of GroundingDINO  

lmm.model.layers.10.self_attn.v_proj.ori_model.bias - torch.Size([128]): 
The value is the same before and after calling `init_weights` of GroundingDINO  

lmm.model.layers.10.self_attn.o_proj.lora_A.weight - torch.Size([128, 896]): 
The value is the same before and after calling `init_weights` of GroundingDINO  

lmm.model.layers.10.self_attn.o_proj.lora_B.weight - torch.Size([896, 128]): 
The value is the same before and after calling `init_weights` of GroundingDINO  

lmm.model.layers.10.self_attn.o_proj.ori_model.weight - torch.Size([896, 896]): 
The value is the same before and after calling `init_weights` of GroundingDINO  

lmm.model.layers.10.mlp.gate_proj.lora_A.weight - torch.Size([128, 896]): 
The value is the same before and after calling `init_weights` of GroundingDINO  

lmm.model.layers.10.mlp.gate_proj.lora_B.weight - torch.Size([4864, 128]): 
The value is the same before and after calling `init_weights` of GroundingDINO  

lmm.model.layers.10.mlp.gate_proj.ori_model.weight - torch.Size([4864, 896]): 
The value is the same before and after calling `init_weights` of GroundingDINO  

lmm.model.layers.10.mlp.up_proj.lora_A.weight - torch.Size([128, 896]): 
The value is the same before and after calling `init_weights` of GroundingDINO  

lmm.model.layers.10.mlp.up_proj.lora_B.weight - torch.Size([4864, 128]): 
The value is the same before and after calling `init_weights` of GroundingDINO  

lmm.model.layers.10.mlp.up_proj.ori_model.weight - torch.Size([4864, 896]): 
The value is the same before and after calling `init_weights` of GroundingDINO  

lmm.model.layers.10.mlp.down_proj.lora_A.weight - torch.Size([128, 4864]): 
The value is the same before and after calling `init_weights` of GroundingDINO  

lmm.model.layers.10.mlp.down_proj.lora_B.weight - torch.Size([896, 128]): 
The value is the same before and after calling `init_weights` of GroundingDINO  

lmm.model.layers.10.mlp.down_proj.ori_model.weight - torch.Size([896, 4864]): 
The value is the same before and after calling `init_weights` of GroundingDINO  

lmm.model.layers.10.input_layernorm.weight - torch.Size([896]): 
The value is the same before and after calling `init_weights` of GroundingDINO  

lmm.model.layers.10.post_attention_layernorm.weight - torch.Size([896]): 
The value is the same before and after calling `init_weights` of GroundingDINO  

lmm.model.layers.11.self_attn.q_proj.lora_A.weight - torch.Size([128, 896]): 
The value is the same before and after calling `init_weights` of GroundingDINO  

lmm.model.layers.11.self_attn.q_proj.lora_B.weight - torch.Size([896, 128]): 
The value is the same before and after calling `init_weights` of GroundingDINO  

lmm.model.layers.11.self_attn.q_proj.ori_model.weight - torch.Size([896, 896]): 
The value is the same before and after calling `init_weights` of GroundingDINO  

lmm.model.layers.11.self_attn.q_proj.ori_model.bias - torch.Size([896]): 
The value is the same before and after calling `init_weights` of GroundingDINO  

lmm.model.layers.11.self_attn.k_proj.lora_A.weight - torch.Size([128, 896]): 
The value is the same before and after calling `init_weights` of GroundingDINO  

lmm.model.layers.11.self_attn.k_proj.lora_B.weight - torch.Size([128, 128]): 
The value is the same before and after calling `init_weights` of GroundingDINO  

lmm.model.layers.11.self_attn.k_proj.ori_model.weight - torch.Size([128, 896]): 
The value is the same before and after calling `init_weights` of GroundingDINO  

lmm.model.layers.11.self_attn.k_proj.ori_model.bias - torch.Size([128]): 
The value is the same before and after calling `init_weights` of GroundingDINO  

lmm.model.layers.11.self_attn.v_proj.lora_A.weight - torch.Size([128, 896]): 
The value is the same before and after calling `init_weights` of GroundingDINO  

lmm.model.layers.11.self_attn.v_proj.lora_B.weight - torch.Size([128, 128]): 
The value is the same before and after calling `init_weights` of GroundingDINO  

lmm.model.layers.11.self_attn.v_proj.ori_model.weight - torch.Size([128, 896]): 
The value is the same before and after calling `init_weights` of GroundingDINO  

lmm.model.layers.11.self_attn.v_proj.ori_model.bias - torch.Size([128]): 
The value is the same before and after calling `init_weights` of GroundingDINO  

lmm.model.layers.11.self_attn.o_proj.lora_A.weight - torch.Size([128, 896]): 
The value is the same before and after calling `init_weights` of GroundingDINO  

lmm.model.layers.11.self_attn.o_proj.lora_B.weight - torch.Size([896, 128]): 
The value is the same before and after calling `init_weights` of GroundingDINO  

lmm.model.layers.11.self_attn.o_proj.ori_model.weight - torch.Size([896, 896]): 
The value is the same before and after calling `init_weights` of GroundingDINO  

lmm.model.layers.11.mlp.gate_proj.lora_A.weight - torch.Size([128, 896]): 
The value is the same before and after calling `init_weights` of GroundingDINO  

lmm.model.layers.11.mlp.gate_proj.lora_B.weight - torch.Size([4864, 128]): 
The value is the same before and after calling `init_weights` of GroundingDINO  

lmm.model.layers.11.mlp.gate_proj.ori_model.weight - torch.Size([4864, 896]): 
The value is the same before and after calling `init_weights` of GroundingDINO  

lmm.model.layers.11.mlp.up_proj.lora_A.weight - torch.Size([128, 896]): 
The value is the same before and after calling `init_weights` of GroundingDINO  

lmm.model.layers.11.mlp.up_proj.lora_B.weight - torch.Size([4864, 128]): 
The value is the same before and after calling `init_weights` of GroundingDINO  

lmm.model.layers.11.mlp.up_proj.ori_model.weight - torch.Size([4864, 896]): 
The value is the same before and after calling `init_weights` of GroundingDINO  

lmm.model.layers.11.mlp.down_proj.lora_A.weight - torch.Size([128, 4864]): 
The value is the same before and after calling `init_weights` of GroundingDINO  

lmm.model.layers.11.mlp.down_proj.lora_B.weight - torch.Size([896, 128]): 
The value is the same before and after calling `init_weights` of GroundingDINO  

lmm.model.layers.11.mlp.down_proj.ori_model.weight - torch.Size([896, 4864]): 
The value is the same before and after calling `init_weights` of GroundingDINO  

lmm.model.layers.11.input_layernorm.weight - torch.Size([896]): 
The value is the same before and after calling `init_weights` of GroundingDINO  

lmm.model.layers.11.post_attention_layernorm.weight - torch.Size([896]): 
The value is the same before and after calling `init_weights` of GroundingDINO  

lmm.model.layers.12.self_attn.q_proj.lora_A.weight - torch.Size([128, 896]): 
The value is the same before and after calling `init_weights` of GroundingDINO  

lmm.model.layers.12.self_attn.q_proj.lora_B.weight - torch.Size([896, 128]): 
The value is the same before and after calling `init_weights` of GroundingDINO  

lmm.model.layers.12.self_attn.q_proj.ori_model.weight - torch.Size([896, 896]): 
The value is the same before and after calling `init_weights` of GroundingDINO  

lmm.model.layers.12.self_attn.q_proj.ori_model.bias - torch.Size([896]): 
The value is the same before and after calling `init_weights` of GroundingDINO  

lmm.model.layers.12.self_attn.k_proj.lora_A.weight - torch.Size([128, 896]): 
The value is the same before and after calling `init_weights` of GroundingDINO  

lmm.model.layers.12.self_attn.k_proj.lora_B.weight - torch.Size([128, 128]): 
The value is the same before and after calling `init_weights` of GroundingDINO  

lmm.model.layers.12.self_attn.k_proj.ori_model.weight - torch.Size([128, 896]): 
The value is the same before and after calling `init_weights` of GroundingDINO  

lmm.model.layers.12.self_attn.k_proj.ori_model.bias - torch.Size([128]): 
The value is the same before and after calling `init_weights` of GroundingDINO  

lmm.model.layers.12.self_attn.v_proj.lora_A.weight - torch.Size([128, 896]): 
The value is the same before and after calling `init_weights` of GroundingDINO  

lmm.model.layers.12.self_attn.v_proj.lora_B.weight - torch.Size([128, 128]): 
The value is the same before and after calling `init_weights` of GroundingDINO  

lmm.model.layers.12.self_attn.v_proj.ori_model.weight - torch.Size([128, 896]): 
The value is the same before and after calling `init_weights` of GroundingDINO  

lmm.model.layers.12.self_attn.v_proj.ori_model.bias - torch.Size([128]): 
The value is the same before and after calling `init_weights` of GroundingDINO  

lmm.model.layers.12.self_attn.o_proj.lora_A.weight - torch.Size([128, 896]): 
The value is the same before and after calling `init_weights` of GroundingDINO  

lmm.model.layers.12.self_attn.o_proj.lora_B.weight - torch.Size([896, 128]): 
The value is the same before and after calling `init_weights` of GroundingDINO  

lmm.model.layers.12.self_attn.o_proj.ori_model.weight - torch.Size([896, 896]): 
The value is the same before and after calling `init_weights` of GroundingDINO  

lmm.model.layers.12.mlp.gate_proj.lora_A.weight - torch.Size([128, 896]): 
The value is the same before and after calling `init_weights` of GroundingDINO  

lmm.model.layers.12.mlp.gate_proj.lora_B.weight - torch.Size([4864, 128]): 
The value is the same before and after calling `init_weights` of GroundingDINO  

lmm.model.layers.12.mlp.gate_proj.ori_model.weight - torch.Size([4864, 896]): 
The value is the same before and after calling `init_weights` of GroundingDINO  

lmm.model.layers.12.mlp.up_proj.lora_A.weight - torch.Size([128, 896]): 
The value is the same before and after calling `init_weights` of GroundingDINO  

lmm.model.layers.12.mlp.up_proj.lora_B.weight - torch.Size([4864, 128]): 
The value is the same before and after calling `init_weights` of GroundingDINO  

lmm.model.layers.12.mlp.up_proj.ori_model.weight - torch.Size([4864, 896]): 
The value is the same before and after calling `init_weights` of GroundingDINO  

lmm.model.layers.12.mlp.down_proj.lora_A.weight - torch.Size([128, 4864]): 
The value is the same before and after calling `init_weights` of GroundingDINO  

lmm.model.layers.12.mlp.down_proj.lora_B.weight - torch.Size([896, 128]): 
The value is the same before and after calling `init_weights` of GroundingDINO  

lmm.model.layers.12.mlp.down_proj.ori_model.weight - torch.Size([896, 4864]): 
The value is the same before and after calling `init_weights` of GroundingDINO  

lmm.model.layers.12.input_layernorm.weight - torch.Size([896]): 
The value is the same before and after calling `init_weights` of GroundingDINO  

lmm.model.layers.12.post_attention_layernorm.weight - torch.Size([896]): 
The value is the same before and after calling `init_weights` of GroundingDINO  

lmm.model.layers.12.down_proj.weight - torch.Size([256, 896]): 
The value is the same before and after calling `init_weights` of GroundingDINO  

lmm.model.layers.12.down_proj.bias - torch.Size([256]): 
The value is the same before and after calling `init_weights` of GroundingDINO  

lmm.model.layers.12.up_proj.weight - torch.Size([896, 256]): 
The value is the same before and after calling `init_weights` of GroundingDINO  

lmm.model.layers.12.up_proj.bias - torch.Size([896]): 
The value is the same before and after calling `init_weights` of GroundingDINO  

lmm.model.layers.12.corss_attn_norm.weight - torch.Size([896]): 
The value is the same before and after calling `init_weights` of GroundingDINO  

lmm.model.layers.12.cross_attn.sampling_offsets.weight - torch.Size([256, 256]): 
The value is the same before and after calling `init_weights` of GroundingDINO  

lmm.model.layers.12.cross_attn.sampling_offsets.bias - torch.Size([256]): 
The value is the same before and after calling `init_weights` of GroundingDINO  

lmm.model.layers.12.cross_attn.attention_weights.weight - torch.Size([128, 256]): 
The value is the same before and after calling `init_weights` of GroundingDINO  

lmm.model.layers.12.cross_attn.attention_weights.bias - torch.Size([128]): 
The value is the same before and after calling `init_weights` of GroundingDINO  

lmm.model.layers.12.cross_attn.value_proj.weight - torch.Size([256, 256]): 
The value is the same before and after calling `init_weights` of GroundingDINO  

lmm.model.layers.12.cross_attn.value_proj.bias - torch.Size([256]): 
The value is the same before and after calling `init_weights` of GroundingDINO  

lmm.model.layers.12.cross_attn.output_proj.weight - torch.Size([256, 256]): 
The value is the same before and after calling `init_weights` of GroundingDINO  

lmm.model.layers.12.cross_attn.output_proj.bias - torch.Size([256]): 
The value is the same before and after calling `init_weights` of GroundingDINO  

lmm.model.layers.13.self_attn.q_proj.lora_A.weight - torch.Size([128, 896]): 
The value is the same before and after calling `init_weights` of GroundingDINO  

lmm.model.layers.13.self_attn.q_proj.lora_B.weight - torch.Size([896, 128]): 
The value is the same before and after calling `init_weights` of GroundingDINO  

lmm.model.layers.13.self_attn.q_proj.ori_model.weight - torch.Size([896, 896]): 
The value is the same before and after calling `init_weights` of GroundingDINO  

lmm.model.layers.13.self_attn.q_proj.ori_model.bias - torch.Size([896]): 
The value is the same before and after calling `init_weights` of GroundingDINO  

lmm.model.layers.13.self_attn.k_proj.lora_A.weight - torch.Size([128, 896]): 
The value is the same before and after calling `init_weights` of GroundingDINO  

lmm.model.layers.13.self_attn.k_proj.lora_B.weight - torch.Size([128, 128]): 
The value is the same before and after calling `init_weights` of GroundingDINO  

lmm.model.layers.13.self_attn.k_proj.ori_model.weight - torch.Size([128, 896]): 
The value is the same before and after calling `init_weights` of GroundingDINO  

lmm.model.layers.13.self_attn.k_proj.ori_model.bias - torch.Size([128]): 
The value is the same before and after calling `init_weights` of GroundingDINO  

lmm.model.layers.13.self_attn.v_proj.lora_A.weight - torch.Size([128, 896]): 
The value is the same before and after calling `init_weights` of GroundingDINO  

lmm.model.layers.13.self_attn.v_proj.lora_B.weight - torch.Size([128, 128]): 
The value is the same before and after calling `init_weights` of GroundingDINO  

lmm.model.layers.13.self_attn.v_proj.ori_model.weight - torch.Size([128, 896]): 
The value is the same before and after calling `init_weights` of GroundingDINO  

lmm.model.layers.13.self_attn.v_proj.ori_model.bias - torch.Size([128]): 
The value is the same before and after calling `init_weights` of GroundingDINO  

lmm.model.layers.13.self_attn.o_proj.lora_A.weight - torch.Size([128, 896]): 
The value is the same before and after calling `init_weights` of GroundingDINO  

lmm.model.layers.13.self_attn.o_proj.lora_B.weight - torch.Size([896, 128]): 
The value is the same before and after calling `init_weights` of GroundingDINO  

lmm.model.layers.13.self_attn.o_proj.ori_model.weight - torch.Size([896, 896]): 
The value is the same before and after calling `init_weights` of GroundingDINO  

lmm.model.layers.13.mlp.gate_proj.lora_A.weight - torch.Size([128, 896]): 
The value is the same before and after calling `init_weights` of GroundingDINO  

lmm.model.layers.13.mlp.gate_proj.lora_B.weight - torch.Size([4864, 128]): 
The value is the same before and after calling `init_weights` of GroundingDINO  

lmm.model.layers.13.mlp.gate_proj.ori_model.weight - torch.Size([4864, 896]): 
The value is the same before and after calling `init_weights` of GroundingDINO  

lmm.model.layers.13.mlp.up_proj.lora_A.weight - torch.Size([128, 896]): 
The value is the same before and after calling `init_weights` of GroundingDINO  

lmm.model.layers.13.mlp.up_proj.lora_B.weight - torch.Size([4864, 128]): 
The value is the same before and after calling `init_weights` of GroundingDINO  

lmm.model.layers.13.mlp.up_proj.ori_model.weight - torch.Size([4864, 896]): 
The value is the same before and after calling `init_weights` of GroundingDINO  

lmm.model.layers.13.mlp.down_proj.lora_A.weight - torch.Size([128, 4864]): 
The value is the same before and after calling `init_weights` of GroundingDINO  

lmm.model.layers.13.mlp.down_proj.lora_B.weight - torch.Size([896, 128]): 
The value is the same before and after calling `init_weights` of GroundingDINO  

lmm.model.layers.13.mlp.down_proj.ori_model.weight - torch.Size([896, 4864]): 
The value is the same before and after calling `init_weights` of GroundingDINO  

lmm.model.layers.13.input_layernorm.weight - torch.Size([896]): 
The value is the same before and after calling `init_weights` of GroundingDINO  

lmm.model.layers.13.post_attention_layernorm.weight - torch.Size([896]): 
The value is the same before and after calling `init_weights` of GroundingDINO  

lmm.model.layers.14.self_attn.q_proj.lora_A.weight - torch.Size([128, 896]): 
The value is the same before and after calling `init_weights` of GroundingDINO  

lmm.model.layers.14.self_attn.q_proj.lora_B.weight - torch.Size([896, 128]): 
The value is the same before and after calling `init_weights` of GroundingDINO  

lmm.model.layers.14.self_attn.q_proj.ori_model.weight - torch.Size([896, 896]): 
The value is the same before and after calling `init_weights` of GroundingDINO  

lmm.model.layers.14.self_attn.q_proj.ori_model.bias - torch.Size([896]): 
The value is the same before and after calling `init_weights` of GroundingDINO  

lmm.model.layers.14.self_attn.k_proj.lora_A.weight - torch.Size([128, 896]): 
The value is the same before and after calling `init_weights` of GroundingDINO  

lmm.model.layers.14.self_attn.k_proj.lora_B.weight - torch.Size([128, 128]): 
The value is the same before and after calling `init_weights` of GroundingDINO  

lmm.model.layers.14.self_attn.k_proj.ori_model.weight - torch.Size([128, 896]): 
The value is the same before and after calling `init_weights` of GroundingDINO  

lmm.model.layers.14.self_attn.k_proj.ori_model.bias - torch.Size([128]): 
The value is the same before and after calling `init_weights` of GroundingDINO  

lmm.model.layers.14.self_attn.v_proj.lora_A.weight - torch.Size([128, 896]): 
The value is the same before and after calling `init_weights` of GroundingDINO  

lmm.model.layers.14.self_attn.v_proj.lora_B.weight - torch.Size([128, 128]): 
The value is the same before and after calling `init_weights` of GroundingDINO  

lmm.model.layers.14.self_attn.v_proj.ori_model.weight - torch.Size([128, 896]): 
The value is the same before and after calling `init_weights` of GroundingDINO  

lmm.model.layers.14.self_attn.v_proj.ori_model.bias - torch.Size([128]): 
The value is the same before and after calling `init_weights` of GroundingDINO  

lmm.model.layers.14.self_attn.o_proj.lora_A.weight - torch.Size([128, 896]): 
The value is the same before and after calling `init_weights` of GroundingDINO  

lmm.model.layers.14.self_attn.o_proj.lora_B.weight - torch.Size([896, 128]): 
The value is the same before and after calling `init_weights` of GroundingDINO  

lmm.model.layers.14.self_attn.o_proj.ori_model.weight - torch.Size([896, 896]): 
The value is the same before and after calling `init_weights` of GroundingDINO  

lmm.model.layers.14.mlp.gate_proj.lora_A.weight - torch.Size([128, 896]): 
The value is the same before and after calling `init_weights` of GroundingDINO  

lmm.model.layers.14.mlp.gate_proj.lora_B.weight - torch.Size([4864, 128]): 
The value is the same before and after calling `init_weights` of GroundingDINO  

lmm.model.layers.14.mlp.gate_proj.ori_model.weight - torch.Size([4864, 896]): 
The value is the same before and after calling `init_weights` of GroundingDINO  

lmm.model.layers.14.mlp.up_proj.lora_A.weight - torch.Size([128, 896]): 
The value is the same before and after calling `init_weights` of GroundingDINO  

lmm.model.layers.14.mlp.up_proj.lora_B.weight - torch.Size([4864, 128]): 
The value is the same before and after calling `init_weights` of GroundingDINO  

lmm.model.layers.14.mlp.up_proj.ori_model.weight - torch.Size([4864, 896]): 
The value is the same before and after calling `init_weights` of GroundingDINO  

lmm.model.layers.14.mlp.down_proj.lora_A.weight - torch.Size([128, 4864]): 
The value is the same before and after calling `init_weights` of GroundingDINO  

lmm.model.layers.14.mlp.down_proj.lora_B.weight - torch.Size([896, 128]): 
The value is the same before and after calling `init_weights` of GroundingDINO  

lmm.model.layers.14.mlp.down_proj.ori_model.weight - torch.Size([896, 4864]): 
The value is the same before and after calling `init_weights` of GroundingDINO  

lmm.model.layers.14.input_layernorm.weight - torch.Size([896]): 
The value is the same before and after calling `init_weights` of GroundingDINO  

lmm.model.layers.14.post_attention_layernorm.weight - torch.Size([896]): 
The value is the same before and after calling `init_weights` of GroundingDINO  

lmm.model.layers.15.self_attn.q_proj.lora_A.weight - torch.Size([128, 896]): 
The value is the same before and after calling `init_weights` of GroundingDINO  

lmm.model.layers.15.self_attn.q_proj.lora_B.weight - torch.Size([896, 128]): 
The value is the same before and after calling `init_weights` of GroundingDINO  

lmm.model.layers.15.self_attn.q_proj.ori_model.weight - torch.Size([896, 896]): 
The value is the same before and after calling `init_weights` of GroundingDINO  

lmm.model.layers.15.self_attn.q_proj.ori_model.bias - torch.Size([896]): 
The value is the same before and after calling `init_weights` of GroundingDINO  

lmm.model.layers.15.self_attn.k_proj.lora_A.weight - torch.Size([128, 896]): 
The value is the same before and after calling `init_weights` of GroundingDINO  

lmm.model.layers.15.self_attn.k_proj.lora_B.weight - torch.Size([128, 128]): 
The value is the same before and after calling `init_weights` of GroundingDINO  

lmm.model.layers.15.self_attn.k_proj.ori_model.weight - torch.Size([128, 896]): 
The value is the same before and after calling `init_weights` of GroundingDINO  

lmm.model.layers.15.self_attn.k_proj.ori_model.bias - torch.Size([128]): 
The value is the same before and after calling `init_weights` of GroundingDINO  

lmm.model.layers.15.self_attn.v_proj.lora_A.weight - torch.Size([128, 896]): 
The value is the same before and after calling `init_weights` of GroundingDINO  

lmm.model.layers.15.self_attn.v_proj.lora_B.weight - torch.Size([128, 128]): 
The value is the same before and after calling `init_weights` of GroundingDINO  

lmm.model.layers.15.self_attn.v_proj.ori_model.weight - torch.Size([128, 896]): 
The value is the same before and after calling `init_weights` of GroundingDINO  

lmm.model.layers.15.self_attn.v_proj.ori_model.bias - torch.Size([128]): 
The value is the same before and after calling `init_weights` of GroundingDINO  

lmm.model.layers.15.self_attn.o_proj.lora_A.weight - torch.Size([128, 896]): 
The value is the same before and after calling `init_weights` of GroundingDINO  

lmm.model.layers.15.self_attn.o_proj.lora_B.weight - torch.Size([896, 128]): 
The value is the same before and after calling `init_weights` of GroundingDINO  

lmm.model.layers.15.self_attn.o_proj.ori_model.weight - torch.Size([896, 896]): 
The value is the same before and after calling `init_weights` of GroundingDINO  

lmm.model.layers.15.mlp.gate_proj.lora_A.weight - torch.Size([128, 896]): 
The value is the same before and after calling `init_weights` of GroundingDINO  

lmm.model.layers.15.mlp.gate_proj.lora_B.weight - torch.Size([4864, 128]): 
The value is the same before and after calling `init_weights` of GroundingDINO  

lmm.model.layers.15.mlp.gate_proj.ori_model.weight - torch.Size([4864, 896]): 
The value is the same before and after calling `init_weights` of GroundingDINO  

lmm.model.layers.15.mlp.up_proj.lora_A.weight - torch.Size([128, 896]): 
The value is the same before and after calling `init_weights` of GroundingDINO  

lmm.model.layers.15.mlp.up_proj.lora_B.weight - torch.Size([4864, 128]): 
The value is the same before and after calling `init_weights` of GroundingDINO  

lmm.model.layers.15.mlp.up_proj.ori_model.weight - torch.Size([4864, 896]): 
The value is the same before and after calling `init_weights` of GroundingDINO  

lmm.model.layers.15.mlp.down_proj.lora_A.weight - torch.Size([128, 4864]): 
The value is the same before and after calling `init_weights` of GroundingDINO  

lmm.model.layers.15.mlp.down_proj.lora_B.weight - torch.Size([896, 128]): 
The value is the same before and after calling `init_weights` of GroundingDINO  

lmm.model.layers.15.mlp.down_proj.ori_model.weight - torch.Size([896, 4864]): 
The value is the same before and after calling `init_weights` of GroundingDINO  

lmm.model.layers.15.input_layernorm.weight - torch.Size([896]): 
The value is the same before and after calling `init_weights` of GroundingDINO  

lmm.model.layers.15.post_attention_layernorm.weight - torch.Size([896]): 
The value is the same before and after calling `init_weights` of GroundingDINO  

lmm.model.layers.16.self_attn.q_proj.lora_A.weight - torch.Size([128, 896]): 
The value is the same before and after calling `init_weights` of GroundingDINO  

lmm.model.layers.16.self_attn.q_proj.lora_B.weight - torch.Size([896, 128]): 
The value is the same before and after calling `init_weights` of GroundingDINO  

lmm.model.layers.16.self_attn.q_proj.ori_model.weight - torch.Size([896, 896]): 
The value is the same before and after calling `init_weights` of GroundingDINO  

lmm.model.layers.16.self_attn.q_proj.ori_model.bias - torch.Size([896]): 
The value is the same before and after calling `init_weights` of GroundingDINO  

lmm.model.layers.16.self_attn.k_proj.lora_A.weight - torch.Size([128, 896]): 
The value is the same before and after calling `init_weights` of GroundingDINO  

lmm.model.layers.16.self_attn.k_proj.lora_B.weight - torch.Size([128, 128]): 
The value is the same before and after calling `init_weights` of GroundingDINO  

lmm.model.layers.16.self_attn.k_proj.ori_model.weight - torch.Size([128, 896]): 
The value is the same before and after calling `init_weights` of GroundingDINO  

lmm.model.layers.16.self_attn.k_proj.ori_model.bias - torch.Size([128]): 
The value is the same before and after calling `init_weights` of GroundingDINO  

lmm.model.layers.16.self_attn.v_proj.lora_A.weight - torch.Size([128, 896]): 
The value is the same before and after calling `init_weights` of GroundingDINO  

lmm.model.layers.16.self_attn.v_proj.lora_B.weight - torch.Size([128, 128]): 
The value is the same before and after calling `init_weights` of GroundingDINO  

lmm.model.layers.16.self_attn.v_proj.ori_model.weight - torch.Size([128, 896]): 
The value is the same before and after calling `init_weights` of GroundingDINO  

lmm.model.layers.16.self_attn.v_proj.ori_model.bias - torch.Size([128]): 
The value is the same before and after calling `init_weights` of GroundingDINO  

lmm.model.layers.16.self_attn.o_proj.lora_A.weight - torch.Size([128, 896]): 
The value is the same before and after calling `init_weights` of GroundingDINO  

lmm.model.layers.16.self_attn.o_proj.lora_B.weight - torch.Size([896, 128]): 
The value is the same before and after calling `init_weights` of GroundingDINO  

lmm.model.layers.16.self_attn.o_proj.ori_model.weight - torch.Size([896, 896]): 
The value is the same before and after calling `init_weights` of GroundingDINO  

lmm.model.layers.16.mlp.gate_proj.lora_A.weight - torch.Size([128, 896]): 
The value is the same before and after calling `init_weights` of GroundingDINO  

lmm.model.layers.16.mlp.gate_proj.lora_B.weight - torch.Size([4864, 128]): 
The value is the same before and after calling `init_weights` of GroundingDINO  

lmm.model.layers.16.mlp.gate_proj.ori_model.weight - torch.Size([4864, 896]): 
The value is the same before and after calling `init_weights` of GroundingDINO  

lmm.model.layers.16.mlp.up_proj.lora_A.weight - torch.Size([128, 896]): 
The value is the same before and after calling `init_weights` of GroundingDINO  

lmm.model.layers.16.mlp.up_proj.lora_B.weight - torch.Size([4864, 128]): 
The value is the same before and after calling `init_weights` of GroundingDINO  

lmm.model.layers.16.mlp.up_proj.ori_model.weight - torch.Size([4864, 896]): 
The value is the same before and after calling `init_weights` of GroundingDINO  

lmm.model.layers.16.mlp.down_proj.lora_A.weight - torch.Size([128, 4864]): 
The value is the same before and after calling `init_weights` of GroundingDINO  

lmm.model.layers.16.mlp.down_proj.lora_B.weight - torch.Size([896, 128]): 
The value is the same before and after calling `init_weights` of GroundingDINO  

lmm.model.layers.16.mlp.down_proj.ori_model.weight - torch.Size([896, 4864]): 
The value is the same before and after calling `init_weights` of GroundingDINO  

lmm.model.layers.16.input_layernorm.weight - torch.Size([896]): 
The value is the same before and after calling `init_weights` of GroundingDINO  

lmm.model.layers.16.post_attention_layernorm.weight - torch.Size([896]): 
The value is the same before and after calling `init_weights` of GroundingDINO  

lmm.model.layers.16.down_proj.weight - torch.Size([256, 896]): 
The value is the same before and after calling `init_weights` of GroundingDINO  

lmm.model.layers.16.down_proj.bias - torch.Size([256]): 
The value is the same before and after calling `init_weights` of GroundingDINO  

lmm.model.layers.16.up_proj.weight - torch.Size([896, 256]): 
The value is the same before and after calling `init_weights` of GroundingDINO  

lmm.model.layers.16.up_proj.bias - torch.Size([896]): 
The value is the same before and after calling `init_weights` of GroundingDINO  

lmm.model.layers.16.corss_attn_norm.weight - torch.Size([896]): 
The value is the same before and after calling `init_weights` of GroundingDINO  

lmm.model.layers.16.cross_attn.sampling_offsets.weight - torch.Size([256, 256]): 
The value is the same before and after calling `init_weights` of GroundingDINO  

lmm.model.layers.16.cross_attn.sampling_offsets.bias - torch.Size([256]): 
The value is the same before and after calling `init_weights` of GroundingDINO  

lmm.model.layers.16.cross_attn.attention_weights.weight - torch.Size([128, 256]): 
The value is the same before and after calling `init_weights` of GroundingDINO  

lmm.model.layers.16.cross_attn.attention_weights.bias - torch.Size([128]): 
The value is the same before and after calling `init_weights` of GroundingDINO  

lmm.model.layers.16.cross_attn.value_proj.weight - torch.Size([256, 256]): 
The value is the same before and after calling `init_weights` of GroundingDINO  

lmm.model.layers.16.cross_attn.value_proj.bias - torch.Size([256]): 
The value is the same before and after calling `init_weights` of GroundingDINO  

lmm.model.layers.16.cross_attn.output_proj.weight - torch.Size([256, 256]): 
The value is the same before and after calling `init_weights` of GroundingDINO  

lmm.model.layers.16.cross_attn.output_proj.bias - torch.Size([256]): 
The value is the same before and after calling `init_weights` of GroundingDINO  

lmm.model.layers.17.self_attn.q_proj.lora_A.weight - torch.Size([128, 896]): 
The value is the same before and after calling `init_weights` of GroundingDINO  

lmm.model.layers.17.self_attn.q_proj.lora_B.weight - torch.Size([896, 128]): 
The value is the same before and after calling `init_weights` of GroundingDINO  

lmm.model.layers.17.self_attn.q_proj.ori_model.weight - torch.Size([896, 896]): 
The value is the same before and after calling `init_weights` of GroundingDINO  

lmm.model.layers.17.self_attn.q_proj.ori_model.bias - torch.Size([896]): 
The value is the same before and after calling `init_weights` of GroundingDINO  

lmm.model.layers.17.self_attn.k_proj.lora_A.weight - torch.Size([128, 896]): 
The value is the same before and after calling `init_weights` of GroundingDINO  

lmm.model.layers.17.self_attn.k_proj.lora_B.weight - torch.Size([128, 128]): 
The value is the same before and after calling `init_weights` of GroundingDINO  

lmm.model.layers.17.self_attn.k_proj.ori_model.weight - torch.Size([128, 896]): 
The value is the same before and after calling `init_weights` of GroundingDINO  

lmm.model.layers.17.self_attn.k_proj.ori_model.bias - torch.Size([128]): 
The value is the same before and after calling `init_weights` of GroundingDINO  

lmm.model.layers.17.self_attn.v_proj.lora_A.weight - torch.Size([128, 896]): 
The value is the same before and after calling `init_weights` of GroundingDINO  

lmm.model.layers.17.self_attn.v_proj.lora_B.weight - torch.Size([128, 128]): 
The value is the same before and after calling `init_weights` of GroundingDINO  

lmm.model.layers.17.self_attn.v_proj.ori_model.weight - torch.Size([128, 896]): 
The value is the same before and after calling `init_weights` of GroundingDINO  

lmm.model.layers.17.self_attn.v_proj.ori_model.bias - torch.Size([128]): 
The value is the same before and after calling `init_weights` of GroundingDINO  

lmm.model.layers.17.self_attn.o_proj.lora_A.weight - torch.Size([128, 896]): 
The value is the same before and after calling `init_weights` of GroundingDINO  

lmm.model.layers.17.self_attn.o_proj.lora_B.weight - torch.Size([896, 128]): 
The value is the same before and after calling `init_weights` of GroundingDINO  

lmm.model.layers.17.self_attn.o_proj.ori_model.weight - torch.Size([896, 896]): 
The value is the same before and after calling `init_weights` of GroundingDINO  

lmm.model.layers.17.mlp.gate_proj.lora_A.weight - torch.Size([128, 896]): 
The value is the same before and after calling `init_weights` of GroundingDINO  

lmm.model.layers.17.mlp.gate_proj.lora_B.weight - torch.Size([4864, 128]): 
The value is the same before and after calling `init_weights` of GroundingDINO  

lmm.model.layers.17.mlp.gate_proj.ori_model.weight - torch.Size([4864, 896]): 
The value is the same before and after calling `init_weights` of GroundingDINO  

lmm.model.layers.17.mlp.up_proj.lora_A.weight - torch.Size([128, 896]): 
The value is the same before and after calling `init_weights` of GroundingDINO  

lmm.model.layers.17.mlp.up_proj.lora_B.weight - torch.Size([4864, 128]): 
The value is the same before and after calling `init_weights` of GroundingDINO  

lmm.model.layers.17.mlp.up_proj.ori_model.weight - torch.Size([4864, 896]): 
The value is the same before and after calling `init_weights` of GroundingDINO  

lmm.model.layers.17.mlp.down_proj.lora_A.weight - torch.Size([128, 4864]): 
The value is the same before and after calling `init_weights` of GroundingDINO  

lmm.model.layers.17.mlp.down_proj.lora_B.weight - torch.Size([896, 128]): 
The value is the same before and after calling `init_weights` of GroundingDINO  

lmm.model.layers.17.mlp.down_proj.ori_model.weight - torch.Size([896, 4864]): 
The value is the same before and after calling `init_weights` of GroundingDINO  

lmm.model.layers.17.input_layernorm.weight - torch.Size([896]): 
The value is the same before and after calling `init_weights` of GroundingDINO  

lmm.model.layers.17.post_attention_layernorm.weight - torch.Size([896]): 
The value is the same before and after calling `init_weights` of GroundingDINO  

lmm.model.layers.18.self_attn.q_proj.lora_A.weight - torch.Size([128, 896]): 
The value is the same before and after calling `init_weights` of GroundingDINO  

lmm.model.layers.18.self_attn.q_proj.lora_B.weight - torch.Size([896, 128]): 
The value is the same before and after calling `init_weights` of GroundingDINO  

lmm.model.layers.18.self_attn.q_proj.ori_model.weight - torch.Size([896, 896]): 
The value is the same before and after calling `init_weights` of GroundingDINO  

lmm.model.layers.18.self_attn.q_proj.ori_model.bias - torch.Size([896]): 
The value is the same before and after calling `init_weights` of GroundingDINO  

lmm.model.layers.18.self_attn.k_proj.lora_A.weight - torch.Size([128, 896]): 
The value is the same before and after calling `init_weights` of GroundingDINO  

lmm.model.layers.18.self_attn.k_proj.lora_B.weight - torch.Size([128, 128]): 
The value is the same before and after calling `init_weights` of GroundingDINO  

lmm.model.layers.18.self_attn.k_proj.ori_model.weight - torch.Size([128, 896]): 
The value is the same before and after calling `init_weights` of GroundingDINO  

lmm.model.layers.18.self_attn.k_proj.ori_model.bias - torch.Size([128]): 
The value is the same before and after calling `init_weights` of GroundingDINO  

lmm.model.layers.18.self_attn.v_proj.lora_A.weight - torch.Size([128, 896]): 
The value is the same before and after calling `init_weights` of GroundingDINO  

lmm.model.layers.18.self_attn.v_proj.lora_B.weight - torch.Size([128, 128]): 
The value is the same before and after calling `init_weights` of GroundingDINO  

lmm.model.layers.18.self_attn.v_proj.ori_model.weight - torch.Size([128, 896]): 
The value is the same before and after calling `init_weights` of GroundingDINO  

lmm.model.layers.18.self_attn.v_proj.ori_model.bias - torch.Size([128]): 
The value is the same before and after calling `init_weights` of GroundingDINO  

lmm.model.layers.18.self_attn.o_proj.lora_A.weight - torch.Size([128, 896]): 
The value is the same before and after calling `init_weights` of GroundingDINO  

lmm.model.layers.18.self_attn.o_proj.lora_B.weight - torch.Size([896, 128]): 
The value is the same before and after calling `init_weights` of GroundingDINO  

lmm.model.layers.18.self_attn.o_proj.ori_model.weight - torch.Size([896, 896]): 
The value is the same before and after calling `init_weights` of GroundingDINO  

lmm.model.layers.18.mlp.gate_proj.lora_A.weight - torch.Size([128, 896]): 
The value is the same before and after calling `init_weights` of GroundingDINO  

lmm.model.layers.18.mlp.gate_proj.lora_B.weight - torch.Size([4864, 128]): 
The value is the same before and after calling `init_weights` of GroundingDINO  

lmm.model.layers.18.mlp.gate_proj.ori_model.weight - torch.Size([4864, 896]): 
The value is the same before and after calling `init_weights` of GroundingDINO  

lmm.model.layers.18.mlp.up_proj.lora_A.weight - torch.Size([128, 896]): 
The value is the same before and after calling `init_weights` of GroundingDINO  

lmm.model.layers.18.mlp.up_proj.lora_B.weight - torch.Size([4864, 128]): 
The value is the same before and after calling `init_weights` of GroundingDINO  

lmm.model.layers.18.mlp.up_proj.ori_model.weight - torch.Size([4864, 896]): 
The value is the same before and after calling `init_weights` of GroundingDINO  

lmm.model.layers.18.mlp.down_proj.lora_A.weight - torch.Size([128, 4864]): 
The value is the same before and after calling `init_weights` of GroundingDINO  

lmm.model.layers.18.mlp.down_proj.lora_B.weight - torch.Size([896, 128]): 
The value is the same before and after calling `init_weights` of GroundingDINO  

lmm.model.layers.18.mlp.down_proj.ori_model.weight - torch.Size([896, 4864]): 
The value is the same before and after calling `init_weights` of GroundingDINO  

lmm.model.layers.18.input_layernorm.weight - torch.Size([896]): 
The value is the same before and after calling `init_weights` of GroundingDINO  

lmm.model.layers.18.post_attention_layernorm.weight - torch.Size([896]): 
The value is the same before and after calling `init_weights` of GroundingDINO  

lmm.model.layers.19.self_attn.q_proj.lora_A.weight - torch.Size([128, 896]): 
The value is the same before and after calling `init_weights` of GroundingDINO  

lmm.model.layers.19.self_attn.q_proj.lora_B.weight - torch.Size([896, 128]): 
The value is the same before and after calling `init_weights` of GroundingDINO  

lmm.model.layers.19.self_attn.q_proj.ori_model.weight - torch.Size([896, 896]): 
The value is the same before and after calling `init_weights` of GroundingDINO  

lmm.model.layers.19.self_attn.q_proj.ori_model.bias - torch.Size([896]): 
The value is the same before and after calling `init_weights` of GroundingDINO  

lmm.model.layers.19.self_attn.k_proj.lora_A.weight - torch.Size([128, 896]): 
The value is the same before and after calling `init_weights` of GroundingDINO  

lmm.model.layers.19.self_attn.k_proj.lora_B.weight - torch.Size([128, 128]): 
The value is the same before and after calling `init_weights` of GroundingDINO  

lmm.model.layers.19.self_attn.k_proj.ori_model.weight - torch.Size([128, 896]): 
The value is the same before and after calling `init_weights` of GroundingDINO  

lmm.model.layers.19.self_attn.k_proj.ori_model.bias - torch.Size([128]): 
The value is the same before and after calling `init_weights` of GroundingDINO  

lmm.model.layers.19.self_attn.v_proj.lora_A.weight - torch.Size([128, 896]): 
The value is the same before and after calling `init_weights` of GroundingDINO  

lmm.model.layers.19.self_attn.v_proj.lora_B.weight - torch.Size([128, 128]): 
The value is the same before and after calling `init_weights` of GroundingDINO  

lmm.model.layers.19.self_attn.v_proj.ori_model.weight - torch.Size([128, 896]): 
The value is the same before and after calling `init_weights` of GroundingDINO  

lmm.model.layers.19.self_attn.v_proj.ori_model.bias - torch.Size([128]): 
The value is the same before and after calling `init_weights` of GroundingDINO  

lmm.model.layers.19.self_attn.o_proj.lora_A.weight - torch.Size([128, 896]): 
The value is the same before and after calling `init_weights` of GroundingDINO  

lmm.model.layers.19.self_attn.o_proj.lora_B.weight - torch.Size([896, 128]): 
The value is the same before and after calling `init_weights` of GroundingDINO  

lmm.model.layers.19.self_attn.o_proj.ori_model.weight - torch.Size([896, 896]): 
The value is the same before and after calling `init_weights` of GroundingDINO  

lmm.model.layers.19.mlp.gate_proj.lora_A.weight - torch.Size([128, 896]): 
The value is the same before and after calling `init_weights` of GroundingDINO  

lmm.model.layers.19.mlp.gate_proj.lora_B.weight - torch.Size([4864, 128]): 
The value is the same before and after calling `init_weights` of GroundingDINO  

lmm.model.layers.19.mlp.gate_proj.ori_model.weight - torch.Size([4864, 896]): 
The value is the same before and after calling `init_weights` of GroundingDINO  

lmm.model.layers.19.mlp.up_proj.lora_A.weight - torch.Size([128, 896]): 
The value is the same before and after calling `init_weights` of GroundingDINO  

lmm.model.layers.19.mlp.up_proj.lora_B.weight - torch.Size([4864, 128]): 
The value is the same before and after calling `init_weights` of GroundingDINO  

lmm.model.layers.19.mlp.up_proj.ori_model.weight - torch.Size([4864, 896]): 
The value is the same before and after calling `init_weights` of GroundingDINO  

lmm.model.layers.19.mlp.down_proj.lora_A.weight - torch.Size([128, 4864]): 
The value is the same before and after calling `init_weights` of GroundingDINO  

lmm.model.layers.19.mlp.down_proj.lora_B.weight - torch.Size([896, 128]): 
The value is the same before and after calling `init_weights` of GroundingDINO  

lmm.model.layers.19.mlp.down_proj.ori_model.weight - torch.Size([896, 4864]): 
The value is the same before and after calling `init_weights` of GroundingDINO  

lmm.model.layers.19.input_layernorm.weight - torch.Size([896]): 
The value is the same before and after calling `init_weights` of GroundingDINO  

lmm.model.layers.19.post_attention_layernorm.weight - torch.Size([896]): 
The value is the same before and after calling `init_weights` of GroundingDINO  

lmm.model.layers.20.self_attn.q_proj.lora_A.weight - torch.Size([128, 896]): 
The value is the same before and after calling `init_weights` of GroundingDINO  

lmm.model.layers.20.self_attn.q_proj.lora_B.weight - torch.Size([896, 128]): 
The value is the same before and after calling `init_weights` of GroundingDINO  

lmm.model.layers.20.self_attn.q_proj.ori_model.weight - torch.Size([896, 896]): 
The value is the same before and after calling `init_weights` of GroundingDINO  

lmm.model.layers.20.self_attn.q_proj.ori_model.bias - torch.Size([896]): 
The value is the same before and after calling `init_weights` of GroundingDINO  

lmm.model.layers.20.self_attn.k_proj.lora_A.weight - torch.Size([128, 896]): 
The value is the same before and after calling `init_weights` of GroundingDINO  

lmm.model.layers.20.self_attn.k_proj.lora_B.weight - torch.Size([128, 128]): 
The value is the same before and after calling `init_weights` of GroundingDINO  

lmm.model.layers.20.self_attn.k_proj.ori_model.weight - torch.Size([128, 896]): 
The value is the same before and after calling `init_weights` of GroundingDINO  

lmm.model.layers.20.self_attn.k_proj.ori_model.bias - torch.Size([128]): 
The value is the same before and after calling `init_weights` of GroundingDINO  

lmm.model.layers.20.self_attn.v_proj.lora_A.weight - torch.Size([128, 896]): 
The value is the same before and after calling `init_weights` of GroundingDINO  

lmm.model.layers.20.self_attn.v_proj.lora_B.weight - torch.Size([128, 128]): 
The value is the same before and after calling `init_weights` of GroundingDINO  

lmm.model.layers.20.self_attn.v_proj.ori_model.weight - torch.Size([128, 896]): 
The value is the same before and after calling `init_weights` of GroundingDINO  

lmm.model.layers.20.self_attn.v_proj.ori_model.bias - torch.Size([128]): 
The value is the same before and after calling `init_weights` of GroundingDINO  

lmm.model.layers.20.self_attn.o_proj.lora_A.weight - torch.Size([128, 896]): 
The value is the same before and after calling `init_weights` of GroundingDINO  

lmm.model.layers.20.self_attn.o_proj.lora_B.weight - torch.Size([896, 128]): 
The value is the same before and after calling `init_weights` of GroundingDINO  

lmm.model.layers.20.self_attn.o_proj.ori_model.weight - torch.Size([896, 896]): 
The value is the same before and after calling `init_weights` of GroundingDINO  

lmm.model.layers.20.mlp.gate_proj.lora_A.weight - torch.Size([128, 896]): 
The value is the same before and after calling `init_weights` of GroundingDINO  

lmm.model.layers.20.mlp.gate_proj.lora_B.weight - torch.Size([4864, 128]): 
The value is the same before and after calling `init_weights` of GroundingDINO  

lmm.model.layers.20.mlp.gate_proj.ori_model.weight - torch.Size([4864, 896]): 
The value is the same before and after calling `init_weights` of GroundingDINO  

lmm.model.layers.20.mlp.up_proj.lora_A.weight - torch.Size([128, 896]): 
The value is the same before and after calling `init_weights` of GroundingDINO  

lmm.model.layers.20.mlp.up_proj.lora_B.weight - torch.Size([4864, 128]): 
The value is the same before and after calling `init_weights` of GroundingDINO  

lmm.model.layers.20.mlp.up_proj.ori_model.weight - torch.Size([4864, 896]): 
The value is the same before and after calling `init_weights` of GroundingDINO  

lmm.model.layers.20.mlp.down_proj.lora_A.weight - torch.Size([128, 4864]): 
The value is the same before and after calling `init_weights` of GroundingDINO  

lmm.model.layers.20.mlp.down_proj.lora_B.weight - torch.Size([896, 128]): 
The value is the same before and after calling `init_weights` of GroundingDINO  

lmm.model.layers.20.mlp.down_proj.ori_model.weight - torch.Size([896, 4864]): 
The value is the same before and after calling `init_weights` of GroundingDINO  

lmm.model.layers.20.input_layernorm.weight - torch.Size([896]): 
The value is the same before and after calling `init_weights` of GroundingDINO  

lmm.model.layers.20.post_attention_layernorm.weight - torch.Size([896]): 
The value is the same before and after calling `init_weights` of GroundingDINO  

lmm.model.layers.20.down_proj.weight - torch.Size([256, 896]): 
The value is the same before and after calling `init_weights` of GroundingDINO  

lmm.model.layers.20.down_proj.bias - torch.Size([256]): 
The value is the same before and after calling `init_weights` of GroundingDINO  

lmm.model.layers.20.up_proj.weight - torch.Size([896, 256]): 
The value is the same before and after calling `init_weights` of GroundingDINO  

lmm.model.layers.20.up_proj.bias - torch.Size([896]): 
The value is the same before and after calling `init_weights` of GroundingDINO  

lmm.model.layers.20.corss_attn_norm.weight - torch.Size([896]): 
The value is the same before and after calling `init_weights` of GroundingDINO  

lmm.model.layers.20.cross_attn.sampling_offsets.weight - torch.Size([256, 256]): 
The value is the same before and after calling `init_weights` of GroundingDINO  

lmm.model.layers.20.cross_attn.sampling_offsets.bias - torch.Size([256]): 
The value is the same before and after calling `init_weights` of GroundingDINO  

lmm.model.layers.20.cross_attn.attention_weights.weight - torch.Size([128, 256]): 
The value is the same before and after calling `init_weights` of GroundingDINO  

lmm.model.layers.20.cross_attn.attention_weights.bias - torch.Size([128]): 
The value is the same before and after calling `init_weights` of GroundingDINO  

lmm.model.layers.20.cross_attn.value_proj.weight - torch.Size([256, 256]): 
The value is the same before and after calling `init_weights` of GroundingDINO  

lmm.model.layers.20.cross_attn.value_proj.bias - torch.Size([256]): 
The value is the same before and after calling `init_weights` of GroundingDINO  

lmm.model.layers.20.cross_attn.output_proj.weight - torch.Size([256, 256]): 
The value is the same before and after calling `init_weights` of GroundingDINO  

lmm.model.layers.20.cross_attn.output_proj.bias - torch.Size([256]): 
The value is the same before and after calling `init_weights` of GroundingDINO  

lmm.model.layers.21.self_attn.q_proj.lora_A.weight - torch.Size([128, 896]): 
The value is the same before and after calling `init_weights` of GroundingDINO  

lmm.model.layers.21.self_attn.q_proj.lora_B.weight - torch.Size([896, 128]): 
The value is the same before and after calling `init_weights` of GroundingDINO  

lmm.model.layers.21.self_attn.q_proj.ori_model.weight - torch.Size([896, 896]): 
The value is the same before and after calling `init_weights` of GroundingDINO  

lmm.model.layers.21.self_attn.q_proj.ori_model.bias - torch.Size([896]): 
The value is the same before and after calling `init_weights` of GroundingDINO  

lmm.model.layers.21.self_attn.k_proj.lora_A.weight - torch.Size([128, 896]): 
The value is the same before and after calling `init_weights` of GroundingDINO  

lmm.model.layers.21.self_attn.k_proj.lora_B.weight - torch.Size([128, 128]): 
The value is the same before and after calling `init_weights` of GroundingDINO  

lmm.model.layers.21.self_attn.k_proj.ori_model.weight - torch.Size([128, 896]): 
The value is the same before and after calling `init_weights` of GroundingDINO  

lmm.model.layers.21.self_attn.k_proj.ori_model.bias - torch.Size([128]): 
The value is the same before and after calling `init_weights` of GroundingDINO  

lmm.model.layers.21.self_attn.v_proj.lora_A.weight - torch.Size([128, 896]): 
The value is the same before and after calling `init_weights` of GroundingDINO  

lmm.model.layers.21.self_attn.v_proj.lora_B.weight - torch.Size([128, 128]): 
The value is the same before and after calling `init_weights` of GroundingDINO  

lmm.model.layers.21.self_attn.v_proj.ori_model.weight - torch.Size([128, 896]): 
The value is the same before and after calling `init_weights` of GroundingDINO  

lmm.model.layers.21.self_attn.v_proj.ori_model.bias - torch.Size([128]): 
The value is the same before and after calling `init_weights` of GroundingDINO  

lmm.model.layers.21.self_attn.o_proj.lora_A.weight - torch.Size([128, 896]): 
The value is the same before and after calling `init_weights` of GroundingDINO  

lmm.model.layers.21.self_attn.o_proj.lora_B.weight - torch.Size([896, 128]): 
The value is the same before and after calling `init_weights` of GroundingDINO  

lmm.model.layers.21.self_attn.o_proj.ori_model.weight - torch.Size([896, 896]): 
The value is the same before and after calling `init_weights` of GroundingDINO  

lmm.model.layers.21.mlp.gate_proj.lora_A.weight - torch.Size([128, 896]): 
The value is the same before and after calling `init_weights` of GroundingDINO  

lmm.model.layers.21.mlp.gate_proj.lora_B.weight - torch.Size([4864, 128]): 
The value is the same before and after calling `init_weights` of GroundingDINO  

lmm.model.layers.21.mlp.gate_proj.ori_model.weight - torch.Size([4864, 896]): 
The value is the same before and after calling `init_weights` of GroundingDINO  

lmm.model.layers.21.mlp.up_proj.lora_A.weight - torch.Size([128, 896]): 
The value is the same before and after calling `init_weights` of GroundingDINO  

lmm.model.layers.21.mlp.up_proj.lora_B.weight - torch.Size([4864, 128]): 
The value is the same before and after calling `init_weights` of GroundingDINO  

lmm.model.layers.21.mlp.up_proj.ori_model.weight - torch.Size([4864, 896]): 
The value is the same before and after calling `init_weights` of GroundingDINO  

lmm.model.layers.21.mlp.down_proj.lora_A.weight - torch.Size([128, 4864]): 
The value is the same before and after calling `init_weights` of GroundingDINO  

lmm.model.layers.21.mlp.down_proj.lora_B.weight - torch.Size([896, 128]): 
The value is the same before and after calling `init_weights` of GroundingDINO  

lmm.model.layers.21.mlp.down_proj.ori_model.weight - torch.Size([896, 4864]): 
The value is the same before and after calling `init_weights` of GroundingDINO  

lmm.model.layers.21.input_layernorm.weight - torch.Size([896]): 
The value is the same before and after calling `init_weights` of GroundingDINO  

lmm.model.layers.21.post_attention_layernorm.weight - torch.Size([896]): 
The value is the same before and after calling `init_weights` of GroundingDINO  

lmm.model.layers.22.self_attn.q_proj.lora_A.weight - torch.Size([128, 896]): 
The value is the same before and after calling `init_weights` of GroundingDINO  

lmm.model.layers.22.self_attn.q_proj.lora_B.weight - torch.Size([896, 128]): 
The value is the same before and after calling `init_weights` of GroundingDINO  

lmm.model.layers.22.self_attn.q_proj.ori_model.weight - torch.Size([896, 896]): 
The value is the same before and after calling `init_weights` of GroundingDINO  

lmm.model.layers.22.self_attn.q_proj.ori_model.bias - torch.Size([896]): 
The value is the same before and after calling `init_weights` of GroundingDINO  

lmm.model.layers.22.self_attn.k_proj.lora_A.weight - torch.Size([128, 896]): 
The value is the same before and after calling `init_weights` of GroundingDINO  

lmm.model.layers.22.self_attn.k_proj.lora_B.weight - torch.Size([128, 128]): 
The value is the same before and after calling `init_weights` of GroundingDINO  

lmm.model.layers.22.self_attn.k_proj.ori_model.weight - torch.Size([128, 896]): 
The value is the same before and after calling `init_weights` of GroundingDINO  

lmm.model.layers.22.self_attn.k_proj.ori_model.bias - torch.Size([128]): 
The value is the same before and after calling `init_weights` of GroundingDINO  

lmm.model.layers.22.self_attn.v_proj.lora_A.weight - torch.Size([128, 896]): 
The value is the same before and after calling `init_weights` of GroundingDINO  

lmm.model.layers.22.self_attn.v_proj.lora_B.weight - torch.Size([128, 128]): 
The value is the same before and after calling `init_weights` of GroundingDINO  

lmm.model.layers.22.self_attn.v_proj.ori_model.weight - torch.Size([128, 896]): 
The value is the same before and after calling `init_weights` of GroundingDINO  

lmm.model.layers.22.self_attn.v_proj.ori_model.bias - torch.Size([128]): 
The value is the same before and after calling `init_weights` of GroundingDINO  

lmm.model.layers.22.self_attn.o_proj.lora_A.weight - torch.Size([128, 896]): 
The value is the same before and after calling `init_weights` of GroundingDINO  

lmm.model.layers.22.self_attn.o_proj.lora_B.weight - torch.Size([896, 128]): 
The value is the same before and after calling `init_weights` of GroundingDINO  

lmm.model.layers.22.self_attn.o_proj.ori_model.weight - torch.Size([896, 896]): 
The value is the same before and after calling `init_weights` of GroundingDINO  

lmm.model.layers.22.mlp.gate_proj.lora_A.weight - torch.Size([128, 896]): 
The value is the same before and after calling `init_weights` of GroundingDINO  

lmm.model.layers.22.mlp.gate_proj.lora_B.weight - torch.Size([4864, 128]): 
The value is the same before and after calling `init_weights` of GroundingDINO  

lmm.model.layers.22.mlp.gate_proj.ori_model.weight - torch.Size([4864, 896]): 
The value is the same before and after calling `init_weights` of GroundingDINO  

lmm.model.layers.22.mlp.up_proj.lora_A.weight - torch.Size([128, 896]): 
The value is the same before and after calling `init_weights` of GroundingDINO  

lmm.model.layers.22.mlp.up_proj.lora_B.weight - torch.Size([4864, 128]): 
The value is the same before and after calling `init_weights` of GroundingDINO  

lmm.model.layers.22.mlp.up_proj.ori_model.weight - torch.Size([4864, 896]): 
The value is the same before and after calling `init_weights` of GroundingDINO  

lmm.model.layers.22.mlp.down_proj.lora_A.weight - torch.Size([128, 4864]): 
The value is the same before and after calling `init_weights` of GroundingDINO  

lmm.model.layers.22.mlp.down_proj.lora_B.weight - torch.Size([896, 128]): 
The value is the same before and after calling `init_weights` of GroundingDINO  

lmm.model.layers.22.mlp.down_proj.ori_model.weight - torch.Size([896, 4864]): 
The value is the same before and after calling `init_weights` of GroundingDINO  

lmm.model.layers.22.input_layernorm.weight - torch.Size([896]): 
The value is the same before and after calling `init_weights` of GroundingDINO  

lmm.model.layers.22.post_attention_layernorm.weight - torch.Size([896]): 
The value is the same before and after calling `init_weights` of GroundingDINO  

lmm.model.layers.23.self_attn.q_proj.lora_A.weight - torch.Size([128, 896]): 
The value is the same before and after calling `init_weights` of GroundingDINO  

lmm.model.layers.23.self_attn.q_proj.lora_B.weight - torch.Size([896, 128]): 
The value is the same before and after calling `init_weights` of GroundingDINO  

lmm.model.layers.23.self_attn.q_proj.ori_model.weight - torch.Size([896, 896]): 
The value is the same before and after calling `init_weights` of GroundingDINO  

lmm.model.layers.23.self_attn.q_proj.ori_model.bias - torch.Size([896]): 
The value is the same before and after calling `init_weights` of GroundingDINO  

lmm.model.layers.23.self_attn.k_proj.lora_A.weight - torch.Size([128, 896]): 
The value is the same before and after calling `init_weights` of GroundingDINO  

lmm.model.layers.23.self_attn.k_proj.lora_B.weight - torch.Size([128, 128]): 
The value is the same before and after calling `init_weights` of GroundingDINO  

lmm.model.layers.23.self_attn.k_proj.ori_model.weight - torch.Size([128, 896]): 
The value is the same before and after calling `init_weights` of GroundingDINO  

lmm.model.layers.23.self_attn.k_proj.ori_model.bias - torch.Size([128]): 
The value is the same before and after calling `init_weights` of GroundingDINO  

lmm.model.layers.23.self_attn.v_proj.lora_A.weight - torch.Size([128, 896]): 
The value is the same before and after calling `init_weights` of GroundingDINO  

lmm.model.layers.23.self_attn.v_proj.lora_B.weight - torch.Size([128, 128]): 
The value is the same before and after calling `init_weights` of GroundingDINO  

lmm.model.layers.23.self_attn.v_proj.ori_model.weight - torch.Size([128, 896]): 
The value is the same before and after calling `init_weights` of GroundingDINO  

lmm.model.layers.23.self_attn.v_proj.ori_model.bias - torch.Size([128]): 
The value is the same before and after calling `init_weights` of GroundingDINO  

lmm.model.layers.23.self_attn.o_proj.lora_A.weight - torch.Size([128, 896]): 
The value is the same before and after calling `init_weights` of GroundingDINO  

lmm.model.layers.23.self_attn.o_proj.lora_B.weight - torch.Size([896, 128]): 
The value is the same before and after calling `init_weights` of GroundingDINO  

lmm.model.layers.23.self_attn.o_proj.ori_model.weight - torch.Size([896, 896]): 
The value is the same before and after calling `init_weights` of GroundingDINO  

lmm.model.layers.23.mlp.gate_proj.lora_A.weight - torch.Size([128, 896]): 
The value is the same before and after calling `init_weights` of GroundingDINO  

lmm.model.layers.23.mlp.gate_proj.lora_B.weight - torch.Size([4864, 128]): 
The value is the same before and after calling `init_weights` of GroundingDINO  

lmm.model.layers.23.mlp.gate_proj.ori_model.weight - torch.Size([4864, 896]): 
The value is the same before and after calling `init_weights` of GroundingDINO  

lmm.model.layers.23.mlp.up_proj.lora_A.weight - torch.Size([128, 896]): 
The value is the same before and after calling `init_weights` of GroundingDINO  

lmm.model.layers.23.mlp.up_proj.lora_B.weight - torch.Size([4864, 128]): 
The value is the same before and after calling `init_weights` of GroundingDINO  

lmm.model.layers.23.mlp.up_proj.ori_model.weight - torch.Size([4864, 896]): 
The value is the same before and after calling `init_weights` of GroundingDINO  

lmm.model.layers.23.mlp.down_proj.lora_A.weight - torch.Size([128, 4864]): 
The value is the same before and after calling `init_weights` of GroundingDINO  

lmm.model.layers.23.mlp.down_proj.lora_B.weight - torch.Size([896, 128]): 
The value is the same before and after calling `init_weights` of GroundingDINO  

lmm.model.layers.23.mlp.down_proj.ori_model.weight - torch.Size([896, 4864]): 
The value is the same before and after calling `init_weights` of GroundingDINO  

lmm.model.layers.23.input_layernorm.weight - torch.Size([896]): 
The value is the same before and after calling `init_weights` of GroundingDINO  

lmm.model.layers.23.post_attention_layernorm.weight - torch.Size([896]): 
The value is the same before and after calling `init_weights` of GroundingDINO  

lmm.model.norm.weight - torch.Size([896]): 
The value is the same before and after calling `init_weights` of GroundingDINO  

ref_point_head.layers.0.weight - torch.Size([256, 512]): 
The value is the same before and after calling `init_weights` of GroundingDINO  

ref_point_head.layers.0.bias - torch.Size([256]): 
The value is the same before and after calling `init_weights` of GroundingDINO  

ref_point_head.layers.1.weight - torch.Size([256, 256]): 
The value is the same before and after calling `init_weights` of GroundingDINO  

ref_point_head.layers.1.bias - torch.Size([256]): 
The value is the same before and after calling `init_weights` of GroundingDINO  

connector.vision_projector.0.0.weight - torch.Size([896, 256]): 
The value is the same before and after calling `init_weights` of GroundingDINO  

connector.vision_projector.0.0.bias - torch.Size([896]): 
The value is the same before and after calling `init_weights` of GroundingDINO  

connector.vision_projector.0.2.weight - torch.Size([896, 896]): 
The value is the same before and after calling `init_weights` of GroundingDINO  

connector.vision_projector.0.2.bias - torch.Size([896]): 
The value is the same before and after calling `init_weights` of GroundingDINO  

connector.pos_proj.weight - torch.Size([896, 512]): 
The value is the same before and after calling `init_weights` of GroundingDINO  

connector.pos_proj.bias - torch.Size([896]): 
The value is the same before and after calling `init_weights` of GroundingDINO  

region_connector.vision_projector.0.0.weight - torch.Size([896, 256]): 
The value is the same before and after calling `init_weights` of GroundingDINO  

region_connector.vision_projector.0.0.bias - torch.Size([896]): 
The value is the same before and after calling `init_weights` of GroundingDINO  

region_connector.vision_projector.0.2.weight - torch.Size([896, 896]): 
The value is the same before and after calling `init_weights` of GroundingDINO  

region_connector.vision_projector.0.2.bias - torch.Size([896]): 
The value is the same before and after calling `init_weights` of GroundingDINO  

region_connector.pos_proj.weight - torch.Size([896, 512]): 
The value is the same before and after calling `init_weights` of GroundingDINO  

region_connector.pos_proj.bias - torch.Size([896]): 
The value is the same before and after calling `init_weights` of GroundingDINO  

image_seperate.weight - torch.Size([1, 896]): 
The value is the same before and after calling `init_weights` of GroundingDINO  
2026/02/04 23:22:09 - mmengine - INFO - Load checkpoint from /home/jovyan/Computer_vision/LLMDet/work_dirs/grounding_dino_swin_t/iter_15000.pth
2026/02/04 23:22:09 - mmengine - WARNING - The dataset metainfo from the resumed checkpoint is different from the current training dataset, please check the correctness of the checkpoint or the training dataset.
2026/02/04 23:22:09 - mmengine - INFO - resumed epoch: 0, iter: 15000
2026/02/04 23:22:09 - mmengine - WARNING - "FileClient" will be deprecated in future. Please use io functions in https://mmengine.readthedocs.io/en/latest/api/fileio.html#file-io
2026/02/04 23:22:09 - mmengine - WARNING - "HardDiskBackend" is the alias of "LocalBackend" and the former will be deprecated in future.
2026/02/04 23:22:09 - mmengine - INFO - Checkpoints will be saved to /home/jovyan/Computer_vision/LLMDet/work_dirs/grounding_dino_swin_t.
2026/02/04 23:22:09 - mmengine - WARNING - Advance dataloader 15000 steps to skip data that has already been trained
2026/02/04 23:22:50 - mmengine - WARNING - Reach the end of the dataloader, it will be restarted and continue to iterate. It is recommended to use `mmengine.dataset.InfiniteSampler` to enable the dataloader to iterate infinitely.
2026/02/04 23:26:12 - mmengine - INFO - Iter(train) [15100/18000]  base_lr: 1.0000e-06 lr: 1.0000e-06  eta: 1:57:03  time: 1.0217  data_time: 0.0149  memory: 25256  grad_norm: 65.1168  loss: 15.9649  loss_cls: 1.0127  loss_bbox: 0.0431  loss_iou: 0.1005  d0.loss_cls: 1.1775  d0.loss_bbox: 0.0499  d0.loss_iou: 0.1078  d1.loss_cls: 1.0771  d1.loss_bbox: 0.0434  d1.loss_iou: 0.1000  d2.loss_cls: 1.0890  d2.loss_bbox: 0.0423  d2.loss_iou: 0.1010  d3.loss_cls: 1.0825  d3.loss_bbox: 0.0425  d3.loss_iou: 0.1013  d4.loss_cls: 1.0123  d4.loss_bbox: 0.0434  d4.loss_iou: 0.1016  enc_loss_cls: 1.0760  enc_loss_bbox: 0.0766  enc_loss_iou: 0.1560  dn_loss_cls: 0.5537  dn_loss_bbox: 0.0977  dn_loss_iou: 0.1543  d0.dn_loss_cls: 0.6405  d0.dn_loss_bbox: 0.1534  d0.dn_loss_iou: 0.2669  d1.dn_loss_cls: 0.6180  d1.dn_loss_bbox: 0.1278  d1.dn_loss_iou: 0.2088  d2.dn_loss_cls: 0.5966  d2.dn_loss_bbox: 0.1042  d2.dn_loss_iou: 0.1689  d3.dn_loss_cls: 0.5852  d3.dn_loss_bbox: 0.0983  d3.dn_loss_iou: 0.1577  d4.dn_loss_cls: 0.5681  d4.dn_loss_bbox: 0.0978  d4.dn_loss_iou: 0.1547  d1.loss_lmm_region: 0.6893  loss_lmm_image: 1.2867
2026/02/04 23:27:54 - mmengine - INFO - Iter(train) [15200/18000]  base_lr: 1.0000e-06 lr: 1.0000e-06  eta: 1:20:29  time: 1.0268  data_time: 0.0144  memory: 25173  grad_norm: 43.9652  loss: 11.0081  loss_cls: 0.7205  loss_bbox: 0.0289  loss_iou: 0.0697  d0.loss_cls: 0.8114  d0.loss_bbox: 0.0371  d0.loss_iou: 0.0855  d1.loss_cls: 0.7529  d1.loss_bbox: 0.0307  d1.loss_iou: 0.0732  d2.loss_cls: 0.7629  d2.loss_bbox: 0.0296  d2.loss_iou: 0.0721  d3.loss_cls: 0.7432  d3.loss_bbox: 0.0284  d3.loss_iou: 0.0693  d4.loss_cls: 0.7187  d4.loss_bbox: 0.0292  d4.loss_iou: 0.0707  enc_loss_cls: 0.7616  enc_loss_bbox: 0.0544  enc_loss_iou: 0.1156  dn_loss_cls: 0.4148  dn_loss_bbox: 0.0503  dn_loss_iou: 0.0919  d0.dn_loss_cls: 0.4778  d0.dn_loss_bbox: 0.1078  d0.dn_loss_iou: 0.1963  d1.dn_loss_cls: 0.4507  d1.dn_loss_bbox: 0.0740  d1.dn_loss_iou: 0.1337  d2.dn_loss_cls: 0.4356  d2.dn_loss_bbox: 0.0582  d2.dn_loss_iou: 0.1046  d3.dn_loss_cls: 0.4368  d3.dn_loss_bbox: 0.0523  d3.dn_loss_iou: 0.0953  d4.dn_loss_cls: 0.4215  d4.dn_loss_bbox: 0.0504  d4.dn_loss_iou: 0.0920  d1.loss_lmm_region: 0.3322  loss_lmm_image: 0.8661
2026/02/04 23:29:39 - mmengine - INFO - Iter(train) [15300/18000]  base_lr: 1.0000e-06 lr: 1.0000e-06  eta: 1:07:27  time: 1.0656  data_time: 0.0149  memory: 25197  grad_norm: 38.7725  loss: 9.0511  loss_cls: 0.5801  loss_bbox: 0.0266  loss_iou: 0.0577  d0.loss_cls: 0.6408  d0.loss_bbox: 0.0319  d0.loss_iou: 0.0691  d1.loss_cls: 0.5979  d1.loss_bbox: 0.0281  d1.loss_iou: 0.0593  d2.loss_cls: 0.6133  d2.loss_bbox: 0.0273  d2.loss_iou: 0.0584  d3.loss_cls: 0.5850  d3.loss_bbox: 0.0270  d3.loss_iou: 0.0581  d4.loss_cls: 0.5730  d4.loss_bbox: 0.0268  d4.loss_iou: 0.0582  enc_loss_cls: 0.6220  enc_loss_bbox: 0.0506  enc_loss_iou: 0.1025  dn_loss_cls: 0.3690  dn_loss_bbox: 0.0343  dn_loss_iou: 0.0641  d0.dn_loss_cls: 0.4126  d0.dn_loss_bbox: 0.0814  d0.dn_loss_iou: 0.1482  d1.dn_loss_cls: 0.3900  d1.dn_loss_bbox: 0.0478  d1.dn_loss_iou: 0.0896  d2.dn_loss_cls: 0.3837  d2.dn_loss_bbox: 0.0386  d2.dn_loss_iou: 0.0717  d3.dn_loss_cls: 0.3814  d3.dn_loss_bbox: 0.0355  d3.dn_loss_iou: 0.0661  d4.dn_loss_cls: 0.3717  d4.dn_loss_bbox: 0.0343  d4.dn_loss_iou: 0.0642  d1.loss_lmm_region: 0.2484  loss_lmm_image: 0.8250
2026/02/04 23:31:22 - mmengine - INFO - Iter(train) [15400/18000]  base_lr: 1.0000e-06 lr: 1.0000e-06  eta: 0:59:49  time: 1.0237  data_time: 0.0143  memory: 25284  grad_norm: 32.0901  loss: 7.9895  loss_cls: 0.4968  loss_bbox: 0.0263  loss_iou: 0.0526  d0.loss_cls: 0.5432  d0.loss_bbox: 0.0323  d0.loss_iou: 0.0644  d1.loss_cls: 0.5139  d1.loss_bbox: 0.0255  d1.loss_iou: 0.0522  d2.loss_cls: 0.5209  d2.loss_bbox: 0.0264  d2.loss_iou: 0.0538  d3.loss_cls: 0.4978  d3.loss_bbox: 0.0267  d3.loss_iou: 0.0531  d4.loss_cls: 0.4888  d4.loss_bbox: 0.0263  d4.loss_iou: 0.0528  enc_loss_cls: 0.5311  enc_loss_bbox: 0.0509  enc_loss_iou: 0.0971  dn_loss_cls: 0.3384  dn_loss_bbox: 0.0311  dn_loss_iou: 0.0548  d0.dn_loss_cls: 0.3710  d0.dn_loss_bbox: 0.0818  d0.dn_loss_iou: 0.1437  d1.dn_loss_cls: 0.3541  d1.dn_loss_bbox: 0.0426  d1.dn_loss_iou: 0.0776  d2.dn_loss_cls: 0.3537  d2.dn_loss_bbox: 0.0339  d2.dn_loss_iou: 0.0605  d3.dn_loss_cls: 0.3483  d3.dn_loss_bbox: 0.0321  d3.dn_loss_iou: 0.0566  d4.dn_loss_cls: 0.3415  d4.dn_loss_bbox: 0.0311  d4.dn_loss_iou: 0.0547  d1.loss_lmm_region: 0.2295  loss_lmm_image: 0.7199
2026/02/04 23:33:06 - mmengine - INFO - Iter(train) [15500/18000]  base_lr: 1.0000e-06 lr: 1.0000e-06  eta: 0:54:40  time: 1.0538  data_time: 0.0148  memory: 25235  grad_norm: 29.3616  loss: 7.2089  loss_cls: 0.4480  loss_bbox: 0.0218  loss_iou: 0.0417  d0.loss_cls: 0.4858  d0.loss_bbox: 0.0290  d0.loss_iou: 0.0559  d1.loss_cls: 0.4626  d1.loss_bbox: 0.0233  d1.loss_iou: 0.0449  d2.loss_cls: 0.4747  d2.loss_bbox: 0.0221  d2.loss_iou: 0.0427  d3.loss_cls: 0.4517  d3.loss_bbox: 0.0220  d3.loss_iou: 0.0419  d4.loss_cls: 0.4432  d4.loss_bbox: 0.0218  d4.loss_iou: 0.0417  enc_loss_cls: 0.4890  enc_loss_bbox: 0.0473  enc_loss_iou: 0.0885  dn_loss_cls: 0.3270  dn_loss_bbox: 0.0249  dn_loss_iou: 0.0456  d0.dn_loss_cls: 0.3574  d0.dn_loss_bbox: 0.0763  d0.dn_loss_iou: 0.1410  d1.dn_loss_cls: 0.3426  d1.dn_loss_bbox: 0.0364  d1.dn_loss_iou: 0.0684  d2.dn_loss_cls: 0.3410  d2.dn_loss_bbox: 0.0279  d2.dn_loss_iou: 0.0516  d3.dn_loss_cls: 0.3378  d3.dn_loss_bbox: 0.0253  d3.dn_loss_iou: 0.0465  d4.dn_loss_cls: 0.3312  d4.dn_loss_bbox: 0.0248  d4.dn_loss_iou: 0.0455  d1.loss_lmm_region: 0.2175  loss_lmm_image: 0.5405
2026/02/04 23:34:48 - mmengine - INFO - Iter(train) [15600/18000]  base_lr: 1.0000e-06 lr: 1.0000e-06  eta: 0:50:35  time: 1.0182  data_time: 0.0145  memory: 25063  grad_norm: 30.6402  loss: 7.7479  loss_cls: 0.4633  loss_bbox: 0.0243  loss_iou: 0.0547  d0.loss_cls: 0.4939  d0.loss_bbox: 0.0295  d0.loss_iou: 0.0666  d1.loss_cls: 0.4768  d1.loss_bbox: 0.0249  d1.loss_iou: 0.0560  d2.loss_cls: 0.4860  d2.loss_bbox: 0.0246  d2.loss_iou: 0.0557  d3.loss_cls: 0.4674  d3.loss_bbox: 0.0244  d3.loss_iou: 0.0550  d4.loss_cls: 0.4573  d4.loss_bbox: 0.0242  d4.loss_iou: 0.0547  enc_loss_cls: 0.4998  enc_loss_bbox: 0.0486  enc_loss_iou: 0.1014  dn_loss_cls: 0.3397  dn_loss_bbox: 0.0259  dn_loss_iou: 0.0548  d0.dn_loss_cls: 0.3606  d0.dn_loss_bbox: 0.0737  d0.dn_loss_iou: 0.1450  d1.dn_loss_cls: 0.3513  d1.dn_loss_bbox: 0.0350  d1.dn_loss_iou: 0.0747  d2.dn_loss_cls: 0.3519  d2.dn_loss_bbox: 0.0277  d2.dn_loss_iou: 0.0581  d3.dn_loss_cls: 0.3505  d3.dn_loss_bbox: 0.0263  d3.dn_loss_iou: 0.0556  d4.dn_loss_cls: 0.3450  d4.dn_loss_bbox: 0.0258  d4.dn_loss_iou: 0.0548  d1.loss_lmm_region: 0.2379  loss_lmm_image: 0.7644
2026/02/04 23:36:31 - mmengine - INFO - Iter(train) [15700/18000]  base_lr: 1.0000e-06 lr: 1.0000e-06  eta: 0:47:11  time: 1.0384  data_time: 0.0146  memory: 25252  grad_norm: 30.8438  loss: 6.6469  loss_cls: 0.3897  loss_bbox: 0.0251  loss_iou: 0.0476  d0.loss_cls: 0.4111  d0.loss_bbox: 0.0319  d0.loss_iou: 0.0597  d1.loss_cls: 0.3944  d1.loss_bbox: 0.0266  d1.loss_iou: 0.0500  d2.loss_cls: 0.4031  d2.loss_bbox: 0.0258  d2.loss_iou: 0.0488  d3.loss_cls: 0.3912  d3.loss_bbox: 0.0252  d3.loss_iou: 0.0476  d4.loss_cls: 0.3861  d4.loss_bbox: 0.0251  d4.loss_iou: 0.0478  enc_loss_cls: 0.4050  enc_loss_bbox: 0.0442  enc_loss_iou: 0.0857  dn_loss_cls: 0.2866  dn_loss_bbox: 0.0268  dn_loss_iou: 0.0494  d0.dn_loss_cls: 0.3083  d0.dn_loss_bbox: 0.0698  d0.dn_loss_iou: 0.1302  d1.dn_loss_cls: 0.2987  d1.dn_loss_bbox: 0.0365  d1.dn_loss_iou: 0.0682  d2.dn_loss_cls: 0.2991  d2.dn_loss_bbox: 0.0291  d2.dn_loss_iou: 0.0539  d3.dn_loss_cls: 0.2941  d3.dn_loss_bbox: 0.0272  d3.dn_loss_iou: 0.0502  d4.dn_loss_cls: 0.2897  d4.dn_loss_bbox: 0.0267  d4.dn_loss_iou: 0.0495  d1.loss_lmm_region: 0.2179  loss_lmm_image: 0.6629
2026/02/04 23:38:15 - mmengine - INFO - Iter(train) [15800/18000]  base_lr: 1.0000e-06 lr: 1.0000e-06  eta: 0:44:15  time: 1.0240  data_time: 0.0149  memory: 25059  grad_norm: 27.0494  loss: 6.4138  loss_cls: 0.3832  loss_bbox: 0.0217  loss_iou: 0.0437  d0.loss_cls: 0.3980  d0.loss_bbox: 0.0275  d0.loss_iou: 0.0562  d1.loss_cls: 0.3855  d1.loss_bbox: 0.0239  d1.loss_iou: 0.0480  d2.loss_cls: 0.3918  d2.loss_bbox: 0.0221  d2.loss_iou: 0.0448  d3.loss_cls: 0.3836  d3.loss_bbox: 0.0222  d3.loss_iou: 0.0447  d4.loss_cls: 0.3810  d4.loss_bbox: 0.0218  d4.loss_iou: 0.0440  enc_loss_cls: 0.4004  enc_loss_bbox: 0.0417  enc_loss_iou: 0.0854  dn_loss_cls: 0.2880  dn_loss_bbox: 0.0233  dn_loss_iou: 0.0468  d0.dn_loss_cls: 0.3087  d0.dn_loss_bbox: 0.0635  d0.dn_loss_iou: 0.1233  d1.dn_loss_cls: 0.2982  d1.dn_loss_bbox: 0.0312  d1.dn_loss_iou: 0.0631  d2.dn_loss_cls: 0.2981  d2.dn_loss_bbox: 0.0243  d2.dn_loss_iou: 0.0496  d3.dn_loss_cls: 0.2937  d3.dn_loss_bbox: 0.0235  d3.dn_loss_iou: 0.0471  d4.dn_loss_cls: 0.2895  d4.dn_loss_bbox: 0.0233  d4.dn_loss_iou: 0.0467  d1.loss_lmm_region: 0.2090  loss_lmm_image: 0.5918
2026/02/04 23:39:58 - mmengine - INFO - Iter(train) [15900/18000]  base_lr: 1.0000e-06 lr: 1.0000e-06  eta: 0:41:32  time: 1.0320  data_time: 0.0150  memory: 25184  grad_norm: 28.8930  loss: 6.9322  loss_cls: 0.4119  loss_bbox: 0.0248  loss_iou: 0.0514  d0.loss_cls: 0.4322  d0.loss_bbox: 0.0314  d0.loss_iou: 0.0643  d1.loss_cls: 0.4206  d1.loss_bbox: 0.0256  d1.loss_iou: 0.0537  d2.loss_cls: 0.4236  d2.loss_bbox: 0.0253  d2.loss_iou: 0.0517  d3.loss_cls: 0.4139  d3.loss_bbox: 0.0252  d3.loss_iou: 0.0520  d4.loss_cls: 0.4105  d4.loss_bbox: 0.0248  d4.loss_iou: 0.0516  enc_loss_cls: 0.4331  enc_loss_bbox: 0.0506  enc_loss_iou: 0.0995  dn_loss_cls: 0.3067  dn_loss_bbox: 0.0260  dn_loss_iou: 0.0517  d0.dn_loss_cls: 0.3258  d0.dn_loss_bbox: 0.0703  d0.dn_loss_iou: 0.1367  d1.dn_loss_cls: 0.3181  d1.dn_loss_bbox: 0.0350  d1.dn_loss_iou: 0.0686  d2.dn_loss_cls: 0.3185  d2.dn_loss_bbox: 0.0278  d2.dn_loss_iou: 0.0552  d3.dn_loss_cls: 0.3144  d3.dn_loss_bbox: 0.0265  d3.dn_loss_iou: 0.0528  d4.dn_loss_cls: 0.3075  d4.dn_loss_bbox: 0.0260  d4.dn_loss_iou: 0.0517  d1.loss_lmm_region: 0.2164  loss_lmm_image: 0.6186
2026/02/04 23:41:42 - mmengine - INFO - Exp name: grounding_dino_swin_t_20260204_232115
2026/02/04 23:41:42 - mmengine - INFO - Iter(train) [16000/18000]  base_lr: 1.0000e-06 lr: 1.0000e-06  eta: 0:39:04  time: 1.0263  data_time: 0.0150  memory: 25372  grad_norm: 30.6362  loss: 6.4927  loss_cls: 0.3816  loss_bbox: 0.0227  loss_iou: 0.0435  d0.loss_cls: 0.4050  d0.loss_bbox: 0.0294  d0.loss_iou: 0.0550  d1.loss_cls: 0.3923  d1.loss_bbox: 0.0249  d1.loss_iou: 0.0463  d2.loss_cls: 0.3975  d2.loss_bbox: 0.0242  d2.loss_iou: 0.0456  d3.loss_cls: 0.3865  d3.loss_bbox: 0.0238  d3.loss_iou: 0.0445  d4.loss_cls: 0.3779  d4.loss_bbox: 0.0237  d4.loss_iou: 0.0442  enc_loss_cls: 0.4103  enc_loss_bbox: 0.0480  enc_loss_iou: 0.0877  dn_loss_cls: 0.2896  dn_loss_bbox: 0.0248  dn_loss_iou: 0.0458  d0.dn_loss_cls: 0.3102  d0.dn_loss_bbox: 0.0681  d0.dn_loss_iou: 0.1271  d1.dn_loss_cls: 0.3021  d1.dn_loss_bbox: 0.0319  d1.dn_loss_iou: 0.0602  d2.dn_loss_cls: 0.2990  d2.dn_loss_bbox: 0.0268  d2.dn_loss_iou: 0.0491  d3.dn_loss_cls: 0.2974  d3.dn_loss_bbox: 0.0252  d3.dn_loss_iou: 0.0463  d4.dn_loss_cls: 0.2912  d4.dn_loss_bbox: 0.0247  d4.dn_loss_iou: 0.0458  d1.loss_lmm_region: 0.2310  loss_lmm_image: 0.5817
2026/02/04 23:48:10 - mmengine - INFO - Iter(val) [ 100/3046]    eta: 3:10:22  time: 3.9789  data_time: 0.0023  memory: 5407  
2026/02/04 23:55:13 - mmengine - INFO - Iter(val) [ 200/3046]    eta: 3:12:21  time: 4.3388  data_time: 0.0023  memory: 5415  
2026/02/05 00:03:03 - mmengine - INFO - Iter(val) [ 300/3046]    eta: 3:15:22  time: 4.7801  data_time: 0.0024  memory: 5409  
2026/02/05 00:11:41 - mmengine - INFO - Iter(val) [ 400/3046]    eta: 3:18:21  time: 5.3053  data_time: 0.0024  memory: 5415  
2026/02/05 00:20:50 - mmengine - INFO - Iter(val) [ 500/3046]    eta: 3:19:16  time: 5.6140  data_time: 0.0024  memory: 5401  
2026/02/05 00:30:40 - mmengine - INFO - Iter(val) [ 600/3046]    eta: 3:19:38  time: 6.0463  data_time: 0.0024  memory: 5415  
