2026/02/05 17:27:41 - mmengine - INFO - 
------------------------------------------------------------
System environment:
    sys.platform: linux
    Python: 3.11.9 | packaged by conda-forge | (main, Apr 19 2024, 18:36:13) [GCC 12.3.0]
    CUDA available: True
    MUSA available: False
    numpy_random_seed: 624982218
    GPU 0,1,2,3,4,5,6,7: NVIDIA A100-SXM4-40GB
    CUDA_HOME: /opt/conda/
    NVCC: Cuda compilation tools, release 12.2, V12.2.140
    GCC: gcc (Ubuntu 11.4.0-1ubuntu1~22.04) 11.4.0
    PyTorch: 2.2.2+cu121
    PyTorch compiling details: PyTorch built with:
  - GCC 9.3
  - C++ Version: 201703
  - Intel(R) oneAPI Math Kernel Library Version 2022.2-Product Build 20220804 for Intel(R) 64 architecture applications
  - Intel(R) MKL-DNN v3.3.2 (Git Hash 2dc95a2ad0841e29db8b22fbccaf3e5da7992b01)
  - OpenMP 201511 (a.k.a. OpenMP 4.5)
  - LAPACK is enabled (usually provided by MKL)
  - NNPACK is enabled
  - CPU capability usage: AVX512
  - CUDA Runtime 12.1
  - NVCC architecture flags: -gencode;arch=compute_50,code=sm_50;-gencode;arch=compute_60,code=sm_60;-gencode;arch=compute_70,code=sm_70;-gencode;arch=compute_75,code=sm_75;-gencode;arch=compute_80,code=sm_80;-gencode;arch=compute_86,code=sm_86;-gencode;arch=compute_90,code=sm_90
  - CuDNN 8.9.2
  - Magma 2.6.1
  - Build settings: BLAS_INFO=mkl, BUILD_TYPE=Release, CUDA_VERSION=12.1, CUDNN_VERSION=8.9.2, CXX_COMPILER=/opt/rh/devtoolset-9/root/usr/bin/c++, CXX_FLAGS= -D_GLIBCXX_USE_CXX11_ABI=0 -fabi-version=11 -fvisibility-inlines-hidden -DUSE_PTHREADPOOL -DNDEBUG -DUSE_KINETO -DLIBKINETO_NOROCTRACER -DUSE_FBGEMM -DUSE_QNNPACK -DUSE_PYTORCH_QNNPACK -DUSE_XNNPACK -DSYMBOLICATE_MOBILE_DEBUG_HANDLE -O2 -fPIC -Wall -Wextra -Werror=return-type -Werror=non-virtual-dtor -Werror=bool-operation -Wnarrowing -Wno-missing-field-initializers -Wno-type-limits -Wno-array-bounds -Wno-unknown-pragmas -Wno-unused-parameter -Wno-unused-function -Wno-unused-result -Wno-strict-overflow -Wno-strict-aliasing -Wno-stringop-overflow -Wsuggest-override -Wno-psabi -Wno-error=pedantic -Wno-error=old-style-cast -Wno-missing-braces -fdiagnostics-color=always -faligned-new -Wno-unused-but-set-variable -Wno-maybe-uninitialized -fno-math-errno -fno-trapping-math -Werror=format -Wno-stringop-overflow, LAPACK_INFO=mkl, PERF_WITH_AVX=1, PERF_WITH_AVX2=1, PERF_WITH_AVX512=1, TORCH_VERSION=2.2.2, USE_CUDA=ON, USE_CUDNN=ON, USE_EXCEPTION_PTR=1, USE_GFLAGS=OFF, USE_GLOG=OFF, USE_MKL=ON, USE_MKLDNN=ON, USE_MPI=OFF, USE_NCCL=1, USE_NNPACK=ON, USE_OPENMP=ON, USE_ROCM=OFF, USE_ROCM_KERNEL_ASSERT=OFF, 

    TorchVision: 0.17.2+cu121
    OpenCV: 4.11.0
    MMEngine: 0.10.7

Runtime environment:
    cudnn_benchmark: False
    mp_cfg: {'mp_start_method': 'fork', 'opencv_num_threads': 0}
    dist_cfg: {'backend': 'nccl', 'timeout': 3600}
    seed: 624982218
    Distributed launcher: pytorch
    Distributed training: True
    GPU number: 8
------------------------------------------------------------

2026/02/05 17:27:42 - mmengine - INFO - Config:
auto_scale_lr = dict(base_batch_size=16, enable=True)
backend_args = None
caption_dataset = dict(
    actual_dataset_mode='OD',
    ann_file='LLaVA-ReCap-558K_tag_box_vg7.jsonl',
    backend_args=None,
    clean_caption=True,
    data_prefix=dict(img='images/'),
    data_root='../grounding_data/llava_cap/',
    filter_cfg=dict(filter_empty_gt=False),
    label_map_file=None,
    pipeline=[
        dict(backend_args=None, type='LoadImageFromFile'),
        dict(type='LoadAnnotations', with_bbox=True),
        dict(
            keep_ratio=True,
            scales=[
                (
                    480,
                    1333,
                ),
                (
                    512,
                    1333,
                ),
                (
                    544,
                    1333,
                ),
                (
                    576,
                    1333,
                ),
                (
                    608,
                    1333,
                ),
                (
                    640,
                    1333,
                ),
                (
                    672,
                    1333,
                ),
                (
                    704,
                    1333,
                ),
                (
                    736,
                    1333,
                ),
                (
                    768,
                    1333,
                ),
                (
                    800,
                    1333,
                ),
            ],
            type='RandomChoiceResize'),
        dict(min_gt_bbox_wh=(
            0.01,
            0.01,
        ), type='FilterAnnotations'),
        dict(
            lmm_max_token_length=1600,
            max_tokens=256,
            num_region_caption=16,
            num_sample_negative=85,
            tokenizer_name='../huggingface/bert-base-uncased/',
            tokenizer_name2=
            '../huggingface/my_llava-onevision-qwen2-0.5b-ov-2/',
            type='RandomSamplingNegPos2'),
        dict(
            meta_keys=(
                'img_id',
                'img_path',
                'ori_shape',
                'img_shape',
                'scale_factor',
                'flip',
                'flip_direction',
                'text',
                'tags',
                'contrast_conv',
                'custom_entities',
                'tokens_positive',
                'dataset_mode',
                'conversations',
                'region_conversations',
            ),
            type='PackDetInputs'),
    ],
    return_classes=True,
    type='ODVGDataset',
    use_short_cap=False,
    use_uniform_prompt=True)
clean_caption = True
coco2017_train_dataset = dict(
    actual_dataset_mode='OD',
    ann_file='annotations/instances_train2017_vg_merged6.jsonl',
    backend_args=None,
    clean_caption=True,
    data_prefix=dict(img='train2017'),
    data_root='../grounding_data/coco/',
    filter_cfg=dict(filter_empty_gt=False),
    pipeline=[
        dict(backend_args=None, type='LoadImageFromFile'),
        dict(type='LoadAnnotations', with_bbox=True),
        dict(
            keep_ratio=True,
            scales=[
                (
                    480,
                    1333,
                ),
                (
                    512,
                    1333,
                ),
                (
                    544,
                    1333,
                ),
                (
                    576,
                    1333,
                ),
                (
                    608,
                    1333,
                ),
                (
                    640,
                    1333,
                ),
                (
                    672,
                    1333,
                ),
                (
                    704,
                    1333,
                ),
                (
                    736,
                    1333,
                ),
                (
                    768,
                    1333,
                ),
                (
                    800,
                    1333,
                ),
            ],
            type='RandomChoiceResize'),
        dict(min_gt_bbox_wh=(
            0.01,
            0.01,
        ), type='FilterAnnotations'),
        dict(
            lmm_max_token_length=1600,
            max_tokens=256,
            num_region_caption=16,
            num_sample_negative=85,
            tokenizer_name='../huggingface/bert-base-uncased/',
            tokenizer_name2=
            '../huggingface/my_llava-onevision-qwen2-0.5b-ov-2/',
            type='RandomSamplingNegPos2'),
        dict(
            meta_keys=(
                'img_id',
                'img_path',
                'ori_shape',
                'img_shape',
                'scale_factor',
                'flip',
                'flip_direction',
                'text',
                'tags',
                'contrast_conv',
                'custom_entities',
                'tokens_positive',
                'dataset_mode',
                'conversations',
                'region_conversations',
            ),
            type='PackDetInputs'),
    ],
    return_classes=True,
    type='ODVGDataset',
    use_short_cap=False,
    use_uniform_prompt=True)
data_root = '../grounding_data/coco/'
dataset_type = 'LVISV1Dataset'
default_hooks = dict(
    checkpoint=dict(
        by_epoch=False,
        interval=1500,
        max_keep_ckpts=30,
        type='CheckpointHook'),
    logger=dict(interval=100, type='LoggerHook'),
    param_scheduler=dict(type='ParamSchedulerHook'),
    sampler_seed=dict(type='DistSamplerSeedHook'),
    timer=dict(type='IterTimerHook'),
    visualization=dict(type='GroundingVisualizationHook'))
default_scope = 'mmdet'
env_cfg = dict(
    cudnn_benchmark=False,
    dist_cfg=dict(backend='nccl', timeout=3600),
    mp_cfg=dict(mp_start_method='fork', opencv_num_threads=0))
flickr30k_dataset = dict(
    actual_dataset_mode='VG',
    ann_file='flickr_train_vg7.jsonl',
    backend_args=None,
    clean_caption=True,
    data_prefix=dict(img='flickr30k_images/'),
    data_root='../grounding_data/flickr30k_entities/',
    filter_cfg=dict(filter_empty_gt=False),
    label_map_file=None,
    pipeline=[
        dict(backend_args=None, type='LoadImageFromFile'),
        dict(type='LoadAnnotations', with_bbox=True),
        dict(
            keep_ratio=True,
            scales=[
                (
                    480,
                    1333,
                ),
                (
                    512,
                    1333,
                ),
                (
                    544,
                    1333,
                ),
                (
                    576,
                    1333,
                ),
                (
                    608,
                    1333,
                ),
                (
                    640,
                    1333,
                ),
                (
                    672,
                    1333,
                ),
                (
                    704,
                    1333,
                ),
                (
                    736,
                    1333,
                ),
                (
                    768,
                    1333,
                ),
                (
                    800,
                    1333,
                ),
            ],
            type='RandomChoiceResize'),
        dict(min_gt_bbox_wh=(
            0.01,
            0.01,
        ), type='FilterAnnotations'),
        dict(
            lmm_max_token_length=1600,
            max_tokens=256,
            num_region_caption=16,
            num_sample_negative=85,
            tokenizer_name='../huggingface/bert-base-uncased/',
            tokenizer_name2=
            '../huggingface/my_llava-onevision-qwen2-0.5b-ov-2/',
            type='RandomSamplingNegPos2'),
        dict(
            meta_keys=(
                'img_id',
                'img_path',
                'ori_shape',
                'img_shape',
                'scale_factor',
                'flip',
                'flip_direction',
                'text',
                'tags',
                'contrast_conv',
                'custom_entities',
                'tokens_positive',
                'dataset_mode',
                'conversations',
                'region_conversations',
            ),
            type='PackDetInputs'),
    ],
    return_classes=True,
    type='ODVGDataset',
    use_short_cap=False,
    use_uniform_prompt=True)
gqa_dataset = dict(
    actual_dataset_mode='VG',
    ann_file='gqa_train_vg7.jsonl',
    backend_args=None,
    clean_caption=True,
    data_prefix=dict(img='images/'),
    data_root='../grounding_data/gqa/',
    filter_cfg=dict(filter_empty_gt=False),
    label_map_file=None,
    pipeline=[
        dict(backend_args=None, type='LoadImageFromFile'),
        dict(type='LoadAnnotations', with_bbox=True),
        dict(
            keep_ratio=True,
            scales=[
                (
                    480,
                    1333,
                ),
                (
                    512,
                    1333,
                ),
                (
                    544,
                    1333,
                ),
                (
                    576,
                    1333,
                ),
                (
                    608,
                    1333,
                ),
                (
                    640,
                    1333,
                ),
                (
                    672,
                    1333,
                ),
                (
                    704,
                    1333,
                ),
                (
                    736,
                    1333,
                ),
                (
                    768,
                    1333,
                ),
                (
                    800,
                    1333,
                ),
            ],
            type='RandomChoiceResize'),
        dict(min_gt_bbox_wh=(
            0.01,
            0.01,
        ), type='FilterAnnotations'),
        dict(
            lmm_max_token_length=1600,
            max_tokens=256,
            num_region_caption=16,
            num_sample_negative=85,
            tokenizer_name='../huggingface/bert-base-uncased/',
            tokenizer_name2=
            '../huggingface/my_llava-onevision-qwen2-0.5b-ov-2/',
            type='RandomSamplingNegPos2'),
        dict(
            meta_keys=(
                'img_id',
                'img_path',
                'ori_shape',
                'img_shape',
                'scale_factor',
                'flip',
                'flip_direction',
                'text',
                'tags',
                'contrast_conv',
                'custom_entities',
                'tokens_positive',
                'dataset_mode',
                'conversations',
                'region_conversations',
            ),
            type='PackDetInputs'),
    ],
    return_classes=True,
    type='ODVGDataset',
    use_short_cap=False,
    use_uniform_prompt=True)
lang_model_name = '../huggingface/bert-base-uncased/'
launcher = 'pytorch'
lmm_max_token_length = 1600
lmm_path = '../huggingface/my_llava-onevision-qwen2-0.5b-ov-2/'
load_from = '/home/jovyan/Computer_vision/LLMDet/work_dirs/grounding_dino_swin_t/iter_15000.pth'
log_level = 'INFO'
log_processor = dict(by_epoch=False, type='LogProcessor', window_size=50)
max_iter = 18000
model = dict(
    as_two_stage=True,
    backbone=dict(
        attn_drop_rate=0.0,
        convert_weights=True,
        depths=[
            2,
            2,
            6,
            2,
        ],
        drop_path_rate=0.2,
        drop_rate=0.0,
        embed_dims=96,
        frozen_stages=-1,
        init_cfg=dict(checkpoint=None, type='Pretrained'),
        mlp_ratio=4,
        num_heads=[
            3,
            6,
            12,
            24,
        ],
        out_indices=(
            1,
            2,
            3,
        ),
        patch_norm=True,
        qk_scale=None,
        qkv_bias=True,
        type='SwinTransformer',
        window_size=7,
        with_cp=True),
    bbox_head=dict(
        contrastive_cfg=dict(bias=True, log_scale='auto', max_text_len=256),
        loss_bbox=dict(loss_weight=5.0, type='L1Loss'),
        loss_cls=dict(
            alpha=0.25,
            gamma=2.0,
            loss_weight=1.0,
            type='FocalLoss',
            use_sigmoid=True),
        num_classes=256,
        sync_cls_avg_factor=True,
        type='GroundingDINOHead'),
    data_preprocessor=dict(
        bgr_to_rgb=True,
        mean=[
            123.675,
            116.28,
            103.53,
        ],
        pad_mask=False,
        std=[
            58.395,
            57.12,
            57.375,
        ],
        type='DetDataPreprocessor'),
    decoder=dict(
        layer_cfg=dict(
            cross_attn_cfg=dict(dropout=0.0, embed_dims=256, num_heads=8),
            cross_attn_text_cfg=dict(dropout=0.0, embed_dims=256, num_heads=8),
            ffn_cfg=dict(
                embed_dims=256, feedforward_channels=2048, ffn_drop=0.0),
            self_attn_cfg=dict(dropout=0.0, embed_dims=256, num_heads=8)),
        num_layers=6,
        post_norm_cfg=None,
        return_intermediate=True),
    dn_cfg=dict(
        box_noise_scale=1.0,
        group_cfg=dict(dynamic=True, num_dn_queries=100, num_groups=None),
        label_noise_scale=0.5),
    encoder=dict(
        fusion_layer_cfg=dict(
            embed_dim=1024,
            init_values=0.0001,
            l_dim=256,
            num_heads=4,
            v_dim=256),
        layer_cfg=dict(
            ffn_cfg=dict(
                embed_dims=256, feedforward_channels=2048, ffn_drop=0.0),
            self_attn_cfg=dict(dropout=0.0, embed_dims=256, num_levels=4)),
        num_cp=0,
        num_layers=6,
        text_layer_cfg=dict(
            ffn_cfg=dict(
                embed_dims=256, feedforward_channels=1024, ffn_drop=0.0),
            self_attn_cfg=dict(dropout=0.0, embed_dims=256, num_heads=4))),
    feature_map_size=27,
    freeze_backbone=True,
    freeze_lm=False,
    language_model=dict(
        add_pooling_layer=False,
        max_tokens=256,
        name='../huggingface/bert-base-uncased/',
        pad_to_max=False,
        special_tokens_list=[
            '[CLS]',
            '[SEP]',
            '.',
            '?',
        ],
        type='BertModel',
        use_sub_sentence_represent=True),
    lmm='../huggingface/my_llava-onevision-qwen2-0.5b-ov-2/',
    lmm_connector=
    '../huggingface/my_llava-onevision-qwen2-0.5b-ov-2/mm_projector2.bin',
    lmm_connector_prefix='mm_projector',
    lmm_image_loss_weight=1.0,
    lmm_max_token_length=1600,
    lmm_new_layer_insert_type='all',
    lmm_region_loss_weight=1.0,
    lora_alpha=256,
    lora_dropout=0,
    lora_r=128,
    mini_query=False,
    neck=dict(
        act_cfg=None,
        bias=True,
        in_channels=[
            192,
            384,
            768,
        ],
        kernel_size=1,
        norm_cfg=dict(num_groups=32, type='GN'),
        num_outs=4,
        out_channels=256,
        type='ChannelMapper'),
    num_lmm_new_layers=6,
    num_queries=900,
    num_region_caption=16,
    positional_encoding=dict(
        normalize=True, num_feats=128, offset=0.0, temperature=20),
    test_cfg=dict(chunked_size=40, max_per_img=300),
    train_cfg=dict(
        assigner=dict(
            match_costs=[
                dict(type='BinaryFocalLossCost', weight=2.0),
                dict(box_format='xywh', type='BBoxL1Cost', weight=5.0),
                dict(iou_mode='giou', type='IoUCost', weight=2.0),
            ],
            type='HungarianAssigner')),
    type='GroundingDINO',
    use_image_level_cross_attn=False,
    use_lmm_cross_attn=True,
    use_lora=True,
    use_p4_input=True,
    use_p5_input=True,
    use_plora=False,
    use_query_input=False,
    with_box_refine=True)
model_wrapper_cfg = dict(
    find_unused_parameters=True, type='MMDistributedDataParallel')
num_region_caption = 16
optim_wrapper = dict(
    clip_grad=dict(max_norm=0.1, norm_type=2),
    optimizer=dict(lr=0.0001, type='AdamW', weight_decay=0.0001),
    paramwise_cfg=dict(
        custom_keys=dict(
            absolute_pos_embed=dict(decay_mult=0.0),
            backbone=dict(lr_mult=0.1),
            language_model=dict(lr_mult=0.1))),
    type='OptimWrapper')
param_scheduler = [
    dict(
        begin=0, by_epoch=False, end=1000, start_factor=0.001,
        type='LinearLR'),
    dict(
        begin=0,
        by_epoch=False,
        end=18000,
        gamma=0.1,
        milestones=[
            18000,
            24000,
        ],
        type='MultiStepLR'),
]
pretrained = None
randomness = dict(seed=624982218)
resume = True
student_behavior_dataset = dict(
    actual_dataset_mode='VG',
    ann_file='student_behavior_emotion_vg7_train.jsonl',
    backend_args=None,
    clean_caption=True,
    data_prefix=dict(img='frames/'),
    data_root='../grounding_data/frames1/',
    filter_cfg=dict(filter_empty_gt=False),
    label_map_file=None,
    pipeline=[
        dict(backend_args=None, type='LoadImageFromFile'),
        dict(type='LoadAnnotations', with_bbox=True),
        dict(
            keep_ratio=True,
            scales=[
                (
                    480,
                    1333,
                ),
                (
                    512,
                    1333,
                ),
                (
                    544,
                    1333,
                ),
                (
                    576,
                    1333,
                ),
                (
                    608,
                    1333,
                ),
                (
                    640,
                    1333,
                ),
                (
                    672,
                    1333,
                ),
                (
                    704,
                    1333,
                ),
                (
                    736,
                    1333,
                ),
                (
                    768,
                    1333,
                ),
                (
                    800,
                    1333,
                ),
            ],
            type='RandomChoiceResize'),
        dict(min_gt_bbox_wh=(
            0.01,
            0.01,
        ), type='FilterAnnotations'),
        dict(
            lmm_max_token_length=1600,
            max_tokens=256,
            num_region_caption=16,
            num_sample_negative=85,
            tokenizer_name='../huggingface/bert-base-uncased/',
            tokenizer_name2=
            '../huggingface/my_llava-onevision-qwen2-0.5b-ov-2/',
            type='RandomSamplingNegPos2'),
        dict(
            meta_keys=(
                'img_id',
                'img_path',
                'ori_shape',
                'img_shape',
                'scale_factor',
                'flip',
                'flip_direction',
                'text',
                'tags',
                'contrast_conv',
                'custom_entities',
                'tokens_positive',
                'dataset_mode',
                'conversations',
                'region_conversations',
            ),
            type='PackDetInputs'),
    ],
    return_classes=True,
    type='ODVGDataset',
    use_short_cap=False,
    use_uniform_prompt=True)
student_behavior_val_dataset = dict(
    actual_dataset_mode='VG',
    ann_file='student_behavior_emotion_vg7_val.jsonl',
    backend_args=None,
    clean_caption=True,
    data_prefix=dict(img='frames'),
    data_root='../grounding_data/frames1/',
    filter_cfg=dict(filter_empty_gt=False),
    label_map_file=None,
    pipeline=[
        dict(
            backend_args=None,
            imdecode_backend='pillow',
            type='LoadImageFromFile'),
        dict(
            backend='pillow',
            keep_ratio=True,
            scale=(
                800,
                1333,
            ),
            type='FixScaleResize'),
        dict(type='LoadAnnotations', with_bbox=True),
        dict(
            meta_keys=(
                'img_id',
                'img_path',
                'ori_shape',
                'img_shape',
                'scale_factor',
                'text',
                'custom_entities',
                'tokens_positive',
                'dataset_mode',
            ),
            type='PackDetInputs'),
    ],
    return_classes=True,
    test_mode=True,
    type='ODVGDataset',
    use_short_cap=False,
    use_uniform_prompt=True)
test_cfg = dict(type='TestLoop')
test_dataloader = dict(
    batch_size=1,
    dataset=dict(
        datasets=[
            dict(
                actual_dataset_mode='VG',
                ann_file='student_behavior_emotion_vg7_val.jsonl',
                backend_args=None,
                clean_caption=True,
                data_prefix=dict(img='frames'),
                data_root='../grounding_data/frames1/',
                filter_cfg=dict(filter_empty_gt=False),
                label_map_file=None,
                pipeline=[
                    dict(
                        backend_args=None,
                        imdecode_backend='pillow',
                        type='LoadImageFromFile'),
                    dict(
                        backend='pillow',
                        keep_ratio=True,
                        scale=(
                            800,
                            1333,
                        ),
                        type='FixScaleResize'),
                    dict(type='LoadAnnotations', with_bbox=True),
                    dict(
                        meta_keys=(
                            'img_id',
                            'img_path',
                            'ori_shape',
                            'img_shape',
                            'scale_factor',
                            'text',
                            'custom_entities',
                            'tokens_positive',
                            'dataset_mode',
                        ),
                        type='PackDetInputs'),
                ],
                return_classes=True,
                test_mode=True,
                type='ODVGDataset',
                use_short_cap=False,
                use_uniform_prompt=True),
        ],
        type='ConcatDataset'),
    drop_last=False,
    num_workers=2,
    persistent_workers=True,
    sampler=dict(shuffle=False, type='DefaultSampler'))
test_evaluator = dict(
    iou_thrs=0.5, topk=(
        1,
        5,
        10,
    ), type='ODVGRecallMetric')
test_pipeline = [
    dict(
        backend_args=None, imdecode_backend='pillow',
        type='LoadImageFromFile'),
    dict(
        backend='pillow',
        keep_ratio=True,
        scale=(
            800,
            1333,
        ),
        type='FixScaleResize'),
    dict(type='LoadAnnotations', with_bbox=True),
    dict(
        meta_keys=(
            'img_id',
            'img_path',
            'ori_shape',
            'img_shape',
            'scale_factor',
            'text',
            'custom_entities',
            'tokens_positive',
            'dataset_mode',
        ),
        type='PackDetInputs'),
]
train_cfg = dict(max_iters=18000, type='IterBasedTrainLoop', val_interval=1000)
train_dataloader = dict(
    batch_sampler=dict(type='AspectRatioBatchSampler'),
    batch_size=2,
    dataset=dict(
        datasets=[
            dict(
                actual_dataset_mode='VG',
                ann_file='student_behavior_emotion_vg7_train.jsonl',
                backend_args=None,
                clean_caption=True,
                data_prefix=dict(img='frames/'),
                data_root='../grounding_data/frames1/',
                filter_cfg=dict(filter_empty_gt=False),
                label_map_file=None,
                pipeline=[
                    dict(backend_args=None, type='LoadImageFromFile'),
                    dict(type='LoadAnnotations', with_bbox=True),
                    dict(
                        keep_ratio=True,
                        scales=[
                            (
                                480,
                                1333,
                            ),
                            (
                                512,
                                1333,
                            ),
                            (
                                544,
                                1333,
                            ),
                            (
                                576,
                                1333,
                            ),
                            (
                                608,
                                1333,
                            ),
                            (
                                640,
                                1333,
                            ),
                            (
                                672,
                                1333,
                            ),
                            (
                                704,
                                1333,
                            ),
                            (
                                736,
                                1333,
                            ),
                            (
                                768,
                                1333,
                            ),
                            (
                                800,
                                1333,
                            ),
                        ],
                        type='RandomChoiceResize'),
                    dict(
                        min_gt_bbox_wh=(
                            0.01,
                            0.01,
                        ),
                        type='FilterAnnotations'),
                    dict(
                        lmm_max_token_length=1600,
                        max_tokens=256,
                        num_region_caption=16,
                        num_sample_negative=85,
                        tokenizer_name='../huggingface/bert-base-uncased/',
                        tokenizer_name2=
                        '../huggingface/my_llava-onevision-qwen2-0.5b-ov-2/',
                        type='RandomSamplingNegPos2'),
                    dict(
                        meta_keys=(
                            'img_id',
                            'img_path',
                            'ori_shape',
                            'img_shape',
                            'scale_factor',
                            'flip',
                            'flip_direction',
                            'text',
                            'tags',
                            'contrast_conv',
                            'custom_entities',
                            'tokens_positive',
                            'dataset_mode',
                            'conversations',
                            'region_conversations',
                        ),
                        type='PackDetInputs'),
                ],
                return_classes=True,
                type='ODVGDataset',
                use_short_cap=False,
                use_uniform_prompt=True),
        ],
        type='ConcatDataset'),
    num_workers=4,
    persistent_workers=True,
    sampler=dict(shuffle=True, type='DefaultSampler'))
train_pipeline = [
    dict(backend_args=None, type='LoadImageFromFile'),
    dict(type='LoadAnnotations', with_bbox=True),
    dict(
        keep_ratio=True,
        scales=[
            (
                480,
                1333,
            ),
            (
                512,
                1333,
            ),
            (
                544,
                1333,
            ),
            (
                576,
                1333,
            ),
            (
                608,
                1333,
            ),
            (
                640,
                1333,
            ),
            (
                672,
                1333,
            ),
            (
                704,
                1333,
            ),
            (
                736,
                1333,
            ),
            (
                768,
                1333,
            ),
            (
                800,
                1333,
            ),
        ],
        type='RandomChoiceResize'),
    dict(min_gt_bbox_wh=(
        0.01,
        0.01,
    ), type='FilterAnnotations'),
    dict(
        lmm_max_token_length=1600,
        max_tokens=256,
        num_region_caption=16,
        num_sample_negative=85,
        tokenizer_name='../huggingface/bert-base-uncased/',
        tokenizer_name2='../huggingface/my_llava-onevision-qwen2-0.5b-ov-2/',
        type='RandomSamplingNegPos2'),
    dict(
        meta_keys=(
            'img_id',
            'img_path',
            'ori_shape',
            'img_shape',
            'scale_factor',
            'flip',
            'flip_direction',
            'text',
            'tags',
            'contrast_conv',
            'custom_entities',
            'tokens_positive',
            'dataset_mode',
            'conversations',
            'region_conversations',
        ),
        type='PackDetInputs'),
]
use_short_cap = False
use_uniform_prompt = True
v3det_dataset = dict(
    actual_dataset_mode='OD',
    ann_file='annotations/v3det_2023_v1_train_vg7.jsonl',
    backend_args=None,
    clean_caption=True,
    data_prefix=dict(img=''),
    data_root='../grounding_data/v3det/',
    filter_cfg=dict(filter_empty_gt=False),
    label_map_file=None,
    pipeline=[
        dict(backend_args=None, type='LoadImageFromFile'),
        dict(type='LoadAnnotations', with_bbox=True),
        dict(
            keep_ratio=True,
            scales=[
                (
                    480,
                    1333,
                ),
                (
                    512,
                    1333,
                ),
                (
                    544,
                    1333,
                ),
                (
                    576,
                    1333,
                ),
                (
                    608,
                    1333,
                ),
                (
                    640,
                    1333,
                ),
                (
                    672,
                    1333,
                ),
                (
                    704,
                    1333,
                ),
                (
                    736,
                    1333,
                ),
                (
                    768,
                    1333,
                ),
                (
                    800,
                    1333,
                ),
            ],
            type='RandomChoiceResize'),
        dict(min_gt_bbox_wh=(
            0.01,
            0.01,
        ), type='FilterAnnotations'),
        dict(
            lmm_max_token_length=1600,
            max_tokens=256,
            num_region_caption=16,
            num_sample_negative=85,
            tokenizer_name='../huggingface/bert-base-uncased/',
            tokenizer_name2=
            '../huggingface/my_llava-onevision-qwen2-0.5b-ov-2/',
            type='RandomSamplingNegPos2'),
        dict(
            meta_keys=(
                'img_id',
                'img_path',
                'ori_shape',
                'img_shape',
                'scale_factor',
                'flip',
                'flip_direction',
                'text',
                'tags',
                'contrast_conv',
                'custom_entities',
                'tokens_positive',
                'dataset_mode',
                'conversations',
                'region_conversations',
            ),
            type='PackDetInputs'),
    ],
    return_classes=True,
    type='ODVGDataset',
    use_short_cap=False,
    use_uniform_prompt=True)
val_cfg = dict(type='ValLoop')
val_dataloader = dict(
    batch_size=1,
    dataset=dict(
        datasets=[
            dict(
                actual_dataset_mode='VG',
                ann_file='student_behavior_emotion_vg7_val.jsonl',
                backend_args=None,
                clean_caption=True,
                data_prefix=dict(img='frames'),
                data_root='../grounding_data/frames1/',
                filter_cfg=dict(filter_empty_gt=False),
                label_map_file=None,
                pipeline=[
                    dict(
                        backend_args=None,
                        imdecode_backend='pillow',
                        type='LoadImageFromFile'),
                    dict(
                        backend='pillow',
                        keep_ratio=True,
                        scale=(
                            800,
                            1333,
                        ),
                        type='FixScaleResize'),
                    dict(type='LoadAnnotations', with_bbox=True),
                    dict(
                        meta_keys=(
                            'img_id',
                            'img_path',
                            'ori_shape',
                            'img_shape',
                            'scale_factor',
                            'text',
                            'custom_entities',
                            'tokens_positive',
                            'dataset_mode',
                        ),
                        type='PackDetInputs'),
                ],
                return_classes=True,
                test_mode=True,
                type='ODVGDataset',
                use_short_cap=False,
                use_uniform_prompt=True),
        ],
        type='ConcatDataset'),
    drop_last=False,
    num_workers=2,
    persistent_workers=True,
    sampler=dict(shuffle=False, type='DefaultSampler'))
val_evaluator = dict(
    iou_thrs=0.5, topk=(
        1,
        5,
        10,
    ), type='ODVGRecallMetric')
vis_backends = [
    dict(type='LocalVisBackend'),
]
visualizer = dict(
    name='visualizer',
    type='DetLocalVisualizer',
    vis_backends=[
        dict(type='LocalVisBackend'),
    ])
work_dir = './work_dirs/grounding_dino_swin_t'

2026/02/05 17:27:50 - mmengine - INFO - Hooks will be executed in the following order:
before_run:
(VERY_HIGH   ) RuntimeInfoHook                    
(BELOW_NORMAL) LoggerHook                         
 -------------------- 
before_train:
(VERY_HIGH   ) RuntimeInfoHook                    
(NORMAL      ) IterTimerHook                      
(VERY_LOW    ) CheckpointHook                     
 -------------------- 
before_train_epoch:
(VERY_HIGH   ) RuntimeInfoHook                    
(NORMAL      ) IterTimerHook                      
(NORMAL      ) DistSamplerSeedHook                
 -------------------- 
before_train_iter:
(VERY_HIGH   ) RuntimeInfoHook                    
(NORMAL      ) IterTimerHook                      
 -------------------- 
after_train_iter:
(VERY_HIGH   ) RuntimeInfoHook                    
(NORMAL      ) IterTimerHook                      
(BELOW_NORMAL) LoggerHook                         
(LOW         ) ParamSchedulerHook                 
(VERY_LOW    ) CheckpointHook                     
 -------------------- 
after_train_epoch:
(NORMAL      ) IterTimerHook                      
(LOW         ) ParamSchedulerHook                 
(VERY_LOW    ) CheckpointHook                     
 -------------------- 
before_val:
(VERY_HIGH   ) RuntimeInfoHook                    
 -------------------- 
before_val_epoch:
(NORMAL      ) IterTimerHook                      
 -------------------- 
before_val_iter:
(NORMAL      ) IterTimerHook                      
 -------------------- 
after_val_iter:
(NORMAL      ) IterTimerHook                      
(NORMAL      ) GroundingVisualizationHook         
(BELOW_NORMAL) LoggerHook                         
 -------------------- 
after_val_epoch:
(VERY_HIGH   ) RuntimeInfoHook                    
(NORMAL      ) IterTimerHook                      
(BELOW_NORMAL) LoggerHook                         
(LOW         ) ParamSchedulerHook                 
(VERY_LOW    ) CheckpointHook                     
 -------------------- 
after_val:
(VERY_HIGH   ) RuntimeInfoHook                    
 -------------------- 
after_train:
(VERY_HIGH   ) RuntimeInfoHook                    
(VERY_LOW    ) CheckpointHook                     
 -------------------- 
before_test:
(VERY_HIGH   ) RuntimeInfoHook                    
 -------------------- 
before_test_epoch:
(NORMAL      ) IterTimerHook                      
 -------------------- 
before_test_iter:
(NORMAL      ) IterTimerHook                      
 -------------------- 
after_test_iter:
(NORMAL      ) IterTimerHook                      
(NORMAL      ) GroundingVisualizationHook         
(BELOW_NORMAL) LoggerHook                         
 -------------------- 
after_test_epoch:
(VERY_HIGH   ) RuntimeInfoHook                    
(NORMAL      ) IterTimerHook                      
(BELOW_NORMAL) LoggerHook                         
 -------------------- 
after_test:
(VERY_HIGH   ) RuntimeInfoHook                    
 -------------------- 
after_run:
(BELOW_NORMAL) LoggerHook                         
 -------------------- 
2026/02/05 17:28:14 - mmengine - WARNING - backbone.patch_embed.projection.weight is skipped since its requires_grad=False
2026/02/05 17:28:14 - mmengine - WARNING - backbone.patch_embed.projection.bias is skipped since its requires_grad=False
2026/02/05 17:28:14 - mmengine - WARNING - backbone.patch_embed.norm.weight is skipped since its requires_grad=False
2026/02/05 17:28:14 - mmengine - WARNING - backbone.patch_embed.norm.bias is skipped since its requires_grad=False
2026/02/05 17:28:14 - mmengine - WARNING - backbone.stages.0.blocks.0.norm1.weight is skipped since its requires_grad=False
2026/02/05 17:28:14 - mmengine - WARNING - backbone.stages.0.blocks.0.norm1.bias is skipped since its requires_grad=False
2026/02/05 17:28:14 - mmengine - WARNING - backbone.stages.0.blocks.0.attn.w_msa.relative_position_bias_table is skipped since its requires_grad=False
2026/02/05 17:28:14 - mmengine - WARNING - backbone.stages.0.blocks.0.attn.w_msa.qkv.weight is skipped since its requires_grad=False
2026/02/05 17:28:14 - mmengine - WARNING - backbone.stages.0.blocks.0.attn.w_msa.qkv.bias is skipped since its requires_grad=False
2026/02/05 17:28:14 - mmengine - WARNING - backbone.stages.0.blocks.0.attn.w_msa.proj.weight is skipped since its requires_grad=False
2026/02/05 17:28:14 - mmengine - WARNING - backbone.stages.0.blocks.0.attn.w_msa.proj.bias is skipped since its requires_grad=False
2026/02/05 17:28:14 - mmengine - WARNING - backbone.stages.0.blocks.0.norm2.weight is skipped since its requires_grad=False
2026/02/05 17:28:14 - mmengine - WARNING - backbone.stages.0.blocks.0.norm2.bias is skipped since its requires_grad=False
2026/02/05 17:28:14 - mmengine - WARNING - backbone.stages.0.blocks.0.ffn.layers.0.0.weight is skipped since its requires_grad=False
2026/02/05 17:28:14 - mmengine - WARNING - backbone.stages.0.blocks.0.ffn.layers.0.0.bias is skipped since its requires_grad=False
2026/02/05 17:28:14 - mmengine - WARNING - backbone.stages.0.blocks.0.ffn.layers.1.weight is skipped since its requires_grad=False
2026/02/05 17:28:14 - mmengine - WARNING - backbone.stages.0.blocks.0.ffn.layers.1.bias is skipped since its requires_grad=False
2026/02/05 17:28:14 - mmengine - WARNING - backbone.stages.0.blocks.1.norm1.weight is skipped since its requires_grad=False
2026/02/05 17:28:14 - mmengine - WARNING - backbone.stages.0.blocks.1.norm1.bias is skipped since its requires_grad=False
2026/02/05 17:28:14 - mmengine - WARNING - backbone.stages.0.blocks.1.attn.w_msa.relative_position_bias_table is skipped since its requires_grad=False
2026/02/05 17:28:14 - mmengine - WARNING - backbone.stages.0.blocks.1.attn.w_msa.qkv.weight is skipped since its requires_grad=False
2026/02/05 17:28:14 - mmengine - WARNING - backbone.stages.0.blocks.1.attn.w_msa.qkv.bias is skipped since its requires_grad=False
2026/02/05 17:28:14 - mmengine - WARNING - backbone.stages.0.blocks.1.attn.w_msa.proj.weight is skipped since its requires_grad=False
2026/02/05 17:28:14 - mmengine - WARNING - backbone.stages.0.blocks.1.attn.w_msa.proj.bias is skipped since its requires_grad=False
2026/02/05 17:28:14 - mmengine - WARNING - backbone.stages.0.blocks.1.norm2.weight is skipped since its requires_grad=False
2026/02/05 17:28:14 - mmengine - WARNING - backbone.stages.0.blocks.1.norm2.bias is skipped since its requires_grad=False
2026/02/05 17:28:14 - mmengine - WARNING - backbone.stages.0.blocks.1.ffn.layers.0.0.weight is skipped since its requires_grad=False
2026/02/05 17:28:14 - mmengine - WARNING - backbone.stages.0.blocks.1.ffn.layers.0.0.bias is skipped since its requires_grad=False
2026/02/05 17:28:14 - mmengine - WARNING - backbone.stages.0.blocks.1.ffn.layers.1.weight is skipped since its requires_grad=False
2026/02/05 17:28:14 - mmengine - WARNING - backbone.stages.0.blocks.1.ffn.layers.1.bias is skipped since its requires_grad=False
2026/02/05 17:28:14 - mmengine - WARNING - backbone.stages.0.downsample.norm.weight is skipped since its requires_grad=False
2026/02/05 17:28:14 - mmengine - WARNING - backbone.stages.0.downsample.norm.bias is skipped since its requires_grad=False
2026/02/05 17:28:14 - mmengine - WARNING - backbone.stages.0.downsample.reduction.weight is skipped since its requires_grad=False
2026/02/05 17:28:14 - mmengine - WARNING - backbone.stages.1.blocks.0.norm1.weight is skipped since its requires_grad=False
2026/02/05 17:28:14 - mmengine - WARNING - backbone.stages.1.blocks.0.norm1.bias is skipped since its requires_grad=False
2026/02/05 17:28:14 - mmengine - WARNING - backbone.stages.1.blocks.0.attn.w_msa.relative_position_bias_table is skipped since its requires_grad=False
2026/02/05 17:28:14 - mmengine - WARNING - backbone.stages.1.blocks.0.attn.w_msa.qkv.weight is skipped since its requires_grad=False
2026/02/05 17:28:14 - mmengine - WARNING - backbone.stages.1.blocks.0.attn.w_msa.qkv.bias is skipped since its requires_grad=False
2026/02/05 17:28:14 - mmengine - WARNING - backbone.stages.1.blocks.0.attn.w_msa.proj.weight is skipped since its requires_grad=False
2026/02/05 17:28:14 - mmengine - WARNING - backbone.stages.1.blocks.0.attn.w_msa.proj.bias is skipped since its requires_grad=False
2026/02/05 17:28:14 - mmengine - WARNING - backbone.stages.1.blocks.0.norm2.weight is skipped since its requires_grad=False
2026/02/05 17:28:14 - mmengine - WARNING - backbone.stages.1.blocks.0.norm2.bias is skipped since its requires_grad=False
2026/02/05 17:28:14 - mmengine - WARNING - backbone.stages.1.blocks.0.ffn.layers.0.0.weight is skipped since its requires_grad=False
2026/02/05 17:28:14 - mmengine - WARNING - backbone.stages.1.blocks.0.ffn.layers.0.0.bias is skipped since its requires_grad=False
2026/02/05 17:28:14 - mmengine - WARNING - backbone.stages.1.blocks.0.ffn.layers.1.weight is skipped since its requires_grad=False
2026/02/05 17:28:14 - mmengine - WARNING - backbone.stages.1.blocks.0.ffn.layers.1.bias is skipped since its requires_grad=False
2026/02/05 17:28:14 - mmengine - WARNING - backbone.stages.1.blocks.1.norm1.weight is skipped since its requires_grad=False
2026/02/05 17:28:14 - mmengine - WARNING - backbone.stages.1.blocks.1.norm1.bias is skipped since its requires_grad=False
2026/02/05 17:28:14 - mmengine - WARNING - backbone.stages.1.blocks.1.attn.w_msa.relative_position_bias_table is skipped since its requires_grad=False
2026/02/05 17:28:14 - mmengine - WARNING - backbone.stages.1.blocks.1.attn.w_msa.qkv.weight is skipped since its requires_grad=False
2026/02/05 17:28:14 - mmengine - WARNING - backbone.stages.1.blocks.1.attn.w_msa.qkv.bias is skipped since its requires_grad=False
2026/02/05 17:28:14 - mmengine - WARNING - backbone.stages.1.blocks.1.attn.w_msa.proj.weight is skipped since its requires_grad=False
2026/02/05 17:28:14 - mmengine - WARNING - backbone.stages.1.blocks.1.attn.w_msa.proj.bias is skipped since its requires_grad=False
2026/02/05 17:28:14 - mmengine - WARNING - backbone.stages.1.blocks.1.norm2.weight is skipped since its requires_grad=False
2026/02/05 17:28:14 - mmengine - WARNING - backbone.stages.1.blocks.1.norm2.bias is skipped since its requires_grad=False
2026/02/05 17:28:14 - mmengine - WARNING - backbone.stages.1.blocks.1.ffn.layers.0.0.weight is skipped since its requires_grad=False
2026/02/05 17:28:14 - mmengine - WARNING - backbone.stages.1.blocks.1.ffn.layers.0.0.bias is skipped since its requires_grad=False
2026/02/05 17:28:14 - mmengine - WARNING - backbone.stages.1.blocks.1.ffn.layers.1.weight is skipped since its requires_grad=False
2026/02/05 17:28:14 - mmengine - WARNING - backbone.stages.1.blocks.1.ffn.layers.1.bias is skipped since its requires_grad=False
2026/02/05 17:28:14 - mmengine - WARNING - backbone.stages.1.downsample.norm.weight is skipped since its requires_grad=False
2026/02/05 17:28:14 - mmengine - WARNING - backbone.stages.1.downsample.norm.bias is skipped since its requires_grad=False
2026/02/05 17:28:14 - mmengine - WARNING - backbone.stages.1.downsample.reduction.weight is skipped since its requires_grad=False
2026/02/05 17:28:14 - mmengine - WARNING - backbone.stages.2.blocks.0.norm1.weight is skipped since its requires_grad=False
2026/02/05 17:28:14 - mmengine - WARNING - backbone.stages.2.blocks.0.norm1.bias is skipped since its requires_grad=False
2026/02/05 17:28:14 - mmengine - WARNING - backbone.stages.2.blocks.0.attn.w_msa.relative_position_bias_table is skipped since its requires_grad=False
2026/02/05 17:28:14 - mmengine - WARNING - backbone.stages.2.blocks.0.attn.w_msa.qkv.weight is skipped since its requires_grad=False
2026/02/05 17:28:14 - mmengine - WARNING - backbone.stages.2.blocks.0.attn.w_msa.qkv.bias is skipped since its requires_grad=False
2026/02/05 17:28:14 - mmengine - WARNING - backbone.stages.2.blocks.0.attn.w_msa.proj.weight is skipped since its requires_grad=False
2026/02/05 17:28:14 - mmengine - WARNING - backbone.stages.2.blocks.0.attn.w_msa.proj.bias is skipped since its requires_grad=False
2026/02/05 17:28:14 - mmengine - WARNING - backbone.stages.2.blocks.0.norm2.weight is skipped since its requires_grad=False
2026/02/05 17:28:14 - mmengine - WARNING - backbone.stages.2.blocks.0.norm2.bias is skipped since its requires_grad=False
2026/02/05 17:28:14 - mmengine - WARNING - backbone.stages.2.blocks.0.ffn.layers.0.0.weight is skipped since its requires_grad=False
2026/02/05 17:28:14 - mmengine - WARNING - backbone.stages.2.blocks.0.ffn.layers.0.0.bias is skipped since its requires_grad=False
2026/02/05 17:28:14 - mmengine - WARNING - backbone.stages.2.blocks.0.ffn.layers.1.weight is skipped since its requires_grad=False
2026/02/05 17:28:14 - mmengine - WARNING - backbone.stages.2.blocks.0.ffn.layers.1.bias is skipped since its requires_grad=False
2026/02/05 17:28:14 - mmengine - WARNING - backbone.stages.2.blocks.1.norm1.weight is skipped since its requires_grad=False
2026/02/05 17:28:14 - mmengine - WARNING - backbone.stages.2.blocks.1.norm1.bias is skipped since its requires_grad=False
2026/02/05 17:28:14 - mmengine - WARNING - backbone.stages.2.blocks.1.attn.w_msa.relative_position_bias_table is skipped since its requires_grad=False
2026/02/05 17:28:14 - mmengine - WARNING - backbone.stages.2.blocks.1.attn.w_msa.qkv.weight is skipped since its requires_grad=False
2026/02/05 17:28:14 - mmengine - WARNING - backbone.stages.2.blocks.1.attn.w_msa.qkv.bias is skipped since its requires_grad=False
2026/02/05 17:28:14 - mmengine - WARNING - backbone.stages.2.blocks.1.attn.w_msa.proj.weight is skipped since its requires_grad=False
2026/02/05 17:28:14 - mmengine - WARNING - backbone.stages.2.blocks.1.attn.w_msa.proj.bias is skipped since its requires_grad=False
2026/02/05 17:28:14 - mmengine - WARNING - backbone.stages.2.blocks.1.norm2.weight is skipped since its requires_grad=False
2026/02/05 17:28:14 - mmengine - WARNING - backbone.stages.2.blocks.1.norm2.bias is skipped since its requires_grad=False
2026/02/05 17:28:14 - mmengine - WARNING - backbone.stages.2.blocks.1.ffn.layers.0.0.weight is skipped since its requires_grad=False
2026/02/05 17:28:14 - mmengine - WARNING - backbone.stages.2.blocks.1.ffn.layers.0.0.bias is skipped since its requires_grad=False
2026/02/05 17:28:14 - mmengine - WARNING - backbone.stages.2.blocks.1.ffn.layers.1.weight is skipped since its requires_grad=False
2026/02/05 17:28:14 - mmengine - WARNING - backbone.stages.2.blocks.1.ffn.layers.1.bias is skipped since its requires_grad=False
2026/02/05 17:28:14 - mmengine - WARNING - backbone.stages.2.blocks.2.norm1.weight is skipped since its requires_grad=False
2026/02/05 17:28:14 - mmengine - WARNING - backbone.stages.2.blocks.2.norm1.bias is skipped since its requires_grad=False
2026/02/05 17:28:14 - mmengine - WARNING - backbone.stages.2.blocks.2.attn.w_msa.relative_position_bias_table is skipped since its requires_grad=False
2026/02/05 17:28:14 - mmengine - WARNING - backbone.stages.2.blocks.2.attn.w_msa.qkv.weight is skipped since its requires_grad=False
2026/02/05 17:28:14 - mmengine - WARNING - backbone.stages.2.blocks.2.attn.w_msa.qkv.bias is skipped since its requires_grad=False
2026/02/05 17:28:14 - mmengine - WARNING - backbone.stages.2.blocks.2.attn.w_msa.proj.weight is skipped since its requires_grad=False
2026/02/05 17:28:14 - mmengine - WARNING - backbone.stages.2.blocks.2.attn.w_msa.proj.bias is skipped since its requires_grad=False
2026/02/05 17:28:14 - mmengine - WARNING - backbone.stages.2.blocks.2.norm2.weight is skipped since its requires_grad=False
2026/02/05 17:28:14 - mmengine - WARNING - backbone.stages.2.blocks.2.norm2.bias is skipped since its requires_grad=False
2026/02/05 17:28:14 - mmengine - WARNING - backbone.stages.2.blocks.2.ffn.layers.0.0.weight is skipped since its requires_grad=False
2026/02/05 17:28:14 - mmengine - WARNING - backbone.stages.2.blocks.2.ffn.layers.0.0.bias is skipped since its requires_grad=False
2026/02/05 17:28:14 - mmengine - WARNING - backbone.stages.2.blocks.2.ffn.layers.1.weight is skipped since its requires_grad=False
2026/02/05 17:28:14 - mmengine - WARNING - backbone.stages.2.blocks.2.ffn.layers.1.bias is skipped since its requires_grad=False
2026/02/05 17:28:14 - mmengine - WARNING - backbone.stages.2.blocks.3.norm1.weight is skipped since its requires_grad=False
2026/02/05 17:28:14 - mmengine - WARNING - backbone.stages.2.blocks.3.norm1.bias is skipped since its requires_grad=False
2026/02/05 17:28:14 - mmengine - WARNING - backbone.stages.2.blocks.3.attn.w_msa.relative_position_bias_table is skipped since its requires_grad=False
2026/02/05 17:28:14 - mmengine - WARNING - backbone.stages.2.blocks.3.attn.w_msa.qkv.weight is skipped since its requires_grad=False
2026/02/05 17:28:14 - mmengine - WARNING - backbone.stages.2.blocks.3.attn.w_msa.qkv.bias is skipped since its requires_grad=False
2026/02/05 17:28:14 - mmengine - WARNING - backbone.stages.2.blocks.3.attn.w_msa.proj.weight is skipped since its requires_grad=False
2026/02/05 17:28:14 - mmengine - WARNING - backbone.stages.2.blocks.3.attn.w_msa.proj.bias is skipped since its requires_grad=False
2026/02/05 17:28:14 - mmengine - WARNING - backbone.stages.2.blocks.3.norm2.weight is skipped since its requires_grad=False
2026/02/05 17:28:14 - mmengine - WARNING - backbone.stages.2.blocks.3.norm2.bias is skipped since its requires_grad=False
2026/02/05 17:28:14 - mmengine - WARNING - backbone.stages.2.blocks.3.ffn.layers.0.0.weight is skipped since its requires_grad=False
2026/02/05 17:28:14 - mmengine - WARNING - backbone.stages.2.blocks.3.ffn.layers.0.0.bias is skipped since its requires_grad=False
2026/02/05 17:28:14 - mmengine - WARNING - backbone.stages.2.blocks.3.ffn.layers.1.weight is skipped since its requires_grad=False
2026/02/05 17:28:14 - mmengine - WARNING - backbone.stages.2.blocks.3.ffn.layers.1.bias is skipped since its requires_grad=False
2026/02/05 17:28:14 - mmengine - WARNING - backbone.stages.2.blocks.4.norm1.weight is skipped since its requires_grad=False
2026/02/05 17:28:14 - mmengine - WARNING - backbone.stages.2.blocks.4.norm1.bias is skipped since its requires_grad=False
2026/02/05 17:28:14 - mmengine - WARNING - backbone.stages.2.blocks.4.attn.w_msa.relative_position_bias_table is skipped since its requires_grad=False
2026/02/05 17:28:14 - mmengine - WARNING - backbone.stages.2.blocks.4.attn.w_msa.qkv.weight is skipped since its requires_grad=False
2026/02/05 17:28:14 - mmengine - WARNING - backbone.stages.2.blocks.4.attn.w_msa.qkv.bias is skipped since its requires_grad=False
2026/02/05 17:28:14 - mmengine - WARNING - backbone.stages.2.blocks.4.attn.w_msa.proj.weight is skipped since its requires_grad=False
2026/02/05 17:28:14 - mmengine - WARNING - backbone.stages.2.blocks.4.attn.w_msa.proj.bias is skipped since its requires_grad=False
2026/02/05 17:28:14 - mmengine - WARNING - backbone.stages.2.blocks.4.norm2.weight is skipped since its requires_grad=False
2026/02/05 17:28:14 - mmengine - WARNING - backbone.stages.2.blocks.4.norm2.bias is skipped since its requires_grad=False
2026/02/05 17:28:14 - mmengine - WARNING - backbone.stages.2.blocks.4.ffn.layers.0.0.weight is skipped since its requires_grad=False
2026/02/05 17:28:14 - mmengine - WARNING - backbone.stages.2.blocks.4.ffn.layers.0.0.bias is skipped since its requires_grad=False
2026/02/05 17:28:14 - mmengine - WARNING - backbone.stages.2.blocks.4.ffn.layers.1.weight is skipped since its requires_grad=False
2026/02/05 17:28:14 - mmengine - WARNING - backbone.stages.2.blocks.4.ffn.layers.1.bias is skipped since its requires_grad=False
2026/02/05 17:28:14 - mmengine - WARNING - backbone.stages.2.blocks.5.norm1.weight is skipped since its requires_grad=False
2026/02/05 17:28:14 - mmengine - WARNING - backbone.stages.2.blocks.5.norm1.bias is skipped since its requires_grad=False
2026/02/05 17:28:14 - mmengine - WARNING - backbone.stages.2.blocks.5.attn.w_msa.relative_position_bias_table is skipped since its requires_grad=False
2026/02/05 17:28:14 - mmengine - WARNING - backbone.stages.2.blocks.5.attn.w_msa.qkv.weight is skipped since its requires_grad=False
2026/02/05 17:28:14 - mmengine - WARNING - backbone.stages.2.blocks.5.attn.w_msa.qkv.bias is skipped since its requires_grad=False
2026/02/05 17:28:14 - mmengine - WARNING - backbone.stages.2.blocks.5.attn.w_msa.proj.weight is skipped since its requires_grad=False
2026/02/05 17:28:14 - mmengine - WARNING - backbone.stages.2.blocks.5.attn.w_msa.proj.bias is skipped since its requires_grad=False
2026/02/05 17:28:14 - mmengine - WARNING - backbone.stages.2.blocks.5.norm2.weight is skipped since its requires_grad=False
2026/02/05 17:28:14 - mmengine - WARNING - backbone.stages.2.blocks.5.norm2.bias is skipped since its requires_grad=False
2026/02/05 17:28:14 - mmengine - WARNING - backbone.stages.2.blocks.5.ffn.layers.0.0.weight is skipped since its requires_grad=False
2026/02/05 17:28:14 - mmengine - WARNING - backbone.stages.2.blocks.5.ffn.layers.0.0.bias is skipped since its requires_grad=False
2026/02/05 17:28:14 - mmengine - WARNING - backbone.stages.2.blocks.5.ffn.layers.1.weight is skipped since its requires_grad=False
2026/02/05 17:28:14 - mmengine - WARNING - backbone.stages.2.blocks.5.ffn.layers.1.bias is skipped since its requires_grad=False
2026/02/05 17:28:14 - mmengine - WARNING - backbone.stages.2.downsample.norm.weight is skipped since its requires_grad=False
2026/02/05 17:28:14 - mmengine - WARNING - backbone.stages.2.downsample.norm.bias is skipped since its requires_grad=False
2026/02/05 17:28:14 - mmengine - WARNING - backbone.stages.2.downsample.reduction.weight is skipped since its requires_grad=False
2026/02/05 17:28:14 - mmengine - WARNING - backbone.stages.3.blocks.0.norm1.weight is skipped since its requires_grad=False
2026/02/05 17:28:14 - mmengine - WARNING - backbone.stages.3.blocks.0.norm1.bias is skipped since its requires_grad=False
2026/02/05 17:28:14 - mmengine - WARNING - backbone.stages.3.blocks.0.attn.w_msa.relative_position_bias_table is skipped since its requires_grad=False
2026/02/05 17:28:14 - mmengine - WARNING - backbone.stages.3.blocks.0.attn.w_msa.qkv.weight is skipped since its requires_grad=False
2026/02/05 17:28:14 - mmengine - WARNING - backbone.stages.3.blocks.0.attn.w_msa.qkv.bias is skipped since its requires_grad=False
2026/02/05 17:28:14 - mmengine - WARNING - backbone.stages.3.blocks.0.attn.w_msa.proj.weight is skipped since its requires_grad=False
2026/02/05 17:28:14 - mmengine - WARNING - backbone.stages.3.blocks.0.attn.w_msa.proj.bias is skipped since its requires_grad=False
2026/02/05 17:28:14 - mmengine - WARNING - backbone.stages.3.blocks.0.norm2.weight is skipped since its requires_grad=False
2026/02/05 17:28:14 - mmengine - WARNING - backbone.stages.3.blocks.0.norm2.bias is skipped since its requires_grad=False
2026/02/05 17:28:14 - mmengine - WARNING - backbone.stages.3.blocks.0.ffn.layers.0.0.weight is skipped since its requires_grad=False
2026/02/05 17:28:14 - mmengine - WARNING - backbone.stages.3.blocks.0.ffn.layers.0.0.bias is skipped since its requires_grad=False
2026/02/05 17:28:14 - mmengine - WARNING - backbone.stages.3.blocks.0.ffn.layers.1.weight is skipped since its requires_grad=False
2026/02/05 17:28:14 - mmengine - WARNING - backbone.stages.3.blocks.0.ffn.layers.1.bias is skipped since its requires_grad=False
2026/02/05 17:28:14 - mmengine - WARNING - backbone.stages.3.blocks.1.norm1.weight is skipped since its requires_grad=False
2026/02/05 17:28:14 - mmengine - WARNING - backbone.stages.3.blocks.1.norm1.bias is skipped since its requires_grad=False
2026/02/05 17:28:14 - mmengine - WARNING - backbone.stages.3.blocks.1.attn.w_msa.relative_position_bias_table is skipped since its requires_grad=False
2026/02/05 17:28:14 - mmengine - WARNING - backbone.stages.3.blocks.1.attn.w_msa.qkv.weight is skipped since its requires_grad=False
2026/02/05 17:28:14 - mmengine - WARNING - backbone.stages.3.blocks.1.attn.w_msa.qkv.bias is skipped since its requires_grad=False
2026/02/05 17:28:14 - mmengine - WARNING - backbone.stages.3.blocks.1.attn.w_msa.proj.weight is skipped since its requires_grad=False
2026/02/05 17:28:14 - mmengine - WARNING - backbone.stages.3.blocks.1.attn.w_msa.proj.bias is skipped since its requires_grad=False
2026/02/05 17:28:14 - mmengine - WARNING - backbone.stages.3.blocks.1.norm2.weight is skipped since its requires_grad=False
2026/02/05 17:28:14 - mmengine - WARNING - backbone.stages.3.blocks.1.norm2.bias is skipped since its requires_grad=False
2026/02/05 17:28:14 - mmengine - WARNING - backbone.stages.3.blocks.1.ffn.layers.0.0.weight is skipped since its requires_grad=False
2026/02/05 17:28:14 - mmengine - WARNING - backbone.stages.3.blocks.1.ffn.layers.0.0.bias is skipped since its requires_grad=False
2026/02/05 17:28:14 - mmengine - WARNING - backbone.stages.3.blocks.1.ffn.layers.1.weight is skipped since its requires_grad=False
2026/02/05 17:28:14 - mmengine - WARNING - backbone.stages.3.blocks.1.ffn.layers.1.bias is skipped since its requires_grad=False
2026/02/05 17:28:14 - mmengine - WARNING - backbone.norm1.weight is skipped since its requires_grad=False
2026/02/05 17:28:14 - mmengine - WARNING - backbone.norm1.bias is skipped since its requires_grad=False
2026/02/05 17:28:14 - mmengine - WARNING - backbone.norm2.weight is skipped since its requires_grad=False
2026/02/05 17:28:14 - mmengine - WARNING - backbone.norm2.bias is skipped since its requires_grad=False
2026/02/05 17:28:14 - mmengine - WARNING - backbone.norm3.weight is skipped since its requires_grad=False
2026/02/05 17:28:14 - mmengine - WARNING - backbone.norm3.bias is skipped since its requires_grad=False
2026/02/05 17:28:14 - mmengine - WARNING - neck.convs.0.conv.weight is skipped since its requires_grad=False
2026/02/05 17:28:14 - mmengine - WARNING - neck.convs.0.conv.bias is skipped since its requires_grad=False
2026/02/05 17:28:14 - mmengine - WARNING - neck.convs.0.gn.weight is skipped since its requires_grad=False
2026/02/05 17:28:14 - mmengine - WARNING - neck.convs.0.gn.bias is skipped since its requires_grad=False
2026/02/05 17:28:14 - mmengine - WARNING - neck.convs.1.conv.weight is skipped since its requires_grad=False
2026/02/05 17:28:14 - mmengine - WARNING - neck.convs.1.conv.bias is skipped since its requires_grad=False
2026/02/05 17:28:14 - mmengine - WARNING - neck.convs.1.gn.weight is skipped since its requires_grad=False
2026/02/05 17:28:14 - mmengine - WARNING - neck.convs.1.gn.bias is skipped since its requires_grad=False
2026/02/05 17:28:14 - mmengine - WARNING - neck.convs.2.conv.weight is skipped since its requires_grad=False
2026/02/05 17:28:14 - mmengine - WARNING - neck.convs.2.conv.bias is skipped since its requires_grad=False
2026/02/05 17:28:14 - mmengine - WARNING - neck.convs.2.gn.weight is skipped since its requires_grad=False
2026/02/05 17:28:14 - mmengine - WARNING - neck.convs.2.gn.bias is skipped since its requires_grad=False
2026/02/05 17:28:14 - mmengine - WARNING - neck.extra_convs.0.conv.weight is skipped since its requires_grad=False
2026/02/05 17:28:14 - mmengine - WARNING - neck.extra_convs.0.conv.bias is skipped since its requires_grad=False
2026/02/05 17:28:14 - mmengine - WARNING - neck.extra_convs.0.gn.weight is skipped since its requires_grad=False
2026/02/05 17:28:14 - mmengine - WARNING - neck.extra_convs.0.gn.bias is skipped since its requires_grad=False
2026/02/05 17:28:14 - mmengine - INFO - paramwise_options -- language_model.language_backbone.body.model.embeddings.word_embeddings.weight:lr=1e-05
2026/02/05 17:28:14 - mmengine - INFO - paramwise_options -- language_model.language_backbone.body.model.embeddings.word_embeddings.weight:weight_decay=0.0001
2026/02/05 17:28:14 - mmengine - INFO - paramwise_options -- language_model.language_backbone.body.model.embeddings.word_embeddings.weight:lr_mult=0.1
2026/02/05 17:28:14 - mmengine - INFO - paramwise_options -- language_model.language_backbone.body.model.embeddings.position_embeddings.weight:lr=1e-05
2026/02/05 17:28:14 - mmengine - INFO - paramwise_options -- language_model.language_backbone.body.model.embeddings.position_embeddings.weight:weight_decay=0.0001
2026/02/05 17:28:14 - mmengine - INFO - paramwise_options -- language_model.language_backbone.body.model.embeddings.position_embeddings.weight:lr_mult=0.1
2026/02/05 17:28:14 - mmengine - INFO - paramwise_options -- language_model.language_backbone.body.model.embeddings.token_type_embeddings.weight:lr=1e-05
2026/02/05 17:28:14 - mmengine - INFO - paramwise_options -- language_model.language_backbone.body.model.embeddings.token_type_embeddings.weight:weight_decay=0.0001
2026/02/05 17:28:14 - mmengine - INFO - paramwise_options -- language_model.language_backbone.body.model.embeddings.token_type_embeddings.weight:lr_mult=0.1
2026/02/05 17:28:14 - mmengine - INFO - paramwise_options -- language_model.language_backbone.body.model.embeddings.LayerNorm.weight:lr=1e-05
2026/02/05 17:28:14 - mmengine - INFO - paramwise_options -- language_model.language_backbone.body.model.embeddings.LayerNorm.weight:weight_decay=0.0001
2026/02/05 17:28:14 - mmengine - INFO - paramwise_options -- language_model.language_backbone.body.model.embeddings.LayerNorm.weight:lr_mult=0.1
2026/02/05 17:28:14 - mmengine - INFO - paramwise_options -- language_model.language_backbone.body.model.embeddings.LayerNorm.bias:lr=1e-05
2026/02/05 17:28:14 - mmengine - INFO - paramwise_options -- language_model.language_backbone.body.model.embeddings.LayerNorm.bias:weight_decay=0.0001
2026/02/05 17:28:14 - mmengine - INFO - paramwise_options -- language_model.language_backbone.body.model.embeddings.LayerNorm.bias:lr_mult=0.1
2026/02/05 17:28:14 - mmengine - INFO - paramwise_options -- language_model.language_backbone.body.model.encoder.layer.0.attention.self.query.weight:lr=1e-05
2026/02/05 17:28:14 - mmengine - INFO - paramwise_options -- language_model.language_backbone.body.model.encoder.layer.0.attention.self.query.weight:weight_decay=0.0001
2026/02/05 17:28:14 - mmengine - INFO - paramwise_options -- language_model.language_backbone.body.model.encoder.layer.0.attention.self.query.weight:lr_mult=0.1
2026/02/05 17:28:14 - mmengine - INFO - paramwise_options -- language_model.language_backbone.body.model.encoder.layer.0.attention.self.query.bias:lr=1e-05
2026/02/05 17:28:14 - mmengine - INFO - paramwise_options -- language_model.language_backbone.body.model.encoder.layer.0.attention.self.query.bias:weight_decay=0.0001
2026/02/05 17:28:14 - mmengine - INFO - paramwise_options -- language_model.language_backbone.body.model.encoder.layer.0.attention.self.query.bias:lr_mult=0.1
2026/02/05 17:28:14 - mmengine - INFO - paramwise_options -- language_model.language_backbone.body.model.encoder.layer.0.attention.self.key.weight:lr=1e-05
2026/02/05 17:28:14 - mmengine - INFO - paramwise_options -- language_model.language_backbone.body.model.encoder.layer.0.attention.self.key.weight:weight_decay=0.0001
2026/02/05 17:28:14 - mmengine - INFO - paramwise_options -- language_model.language_backbone.body.model.encoder.layer.0.attention.self.key.weight:lr_mult=0.1
2026/02/05 17:28:14 - mmengine - INFO - paramwise_options -- language_model.language_backbone.body.model.encoder.layer.0.attention.self.key.bias:lr=1e-05
2026/02/05 17:28:14 - mmengine - INFO - paramwise_options -- language_model.language_backbone.body.model.encoder.layer.0.attention.self.key.bias:weight_decay=0.0001
2026/02/05 17:28:14 - mmengine - INFO - paramwise_options -- language_model.language_backbone.body.model.encoder.layer.0.attention.self.key.bias:lr_mult=0.1
2026/02/05 17:28:14 - mmengine - INFO - paramwise_options -- language_model.language_backbone.body.model.encoder.layer.0.attention.self.value.weight:lr=1e-05
2026/02/05 17:28:14 - mmengine - INFO - paramwise_options -- language_model.language_backbone.body.model.encoder.layer.0.attention.self.value.weight:weight_decay=0.0001
2026/02/05 17:28:14 - mmengine - INFO - paramwise_options -- language_model.language_backbone.body.model.encoder.layer.0.attention.self.value.weight:lr_mult=0.1
2026/02/05 17:28:14 - mmengine - INFO - paramwise_options -- language_model.language_backbone.body.model.encoder.layer.0.attention.self.value.bias:lr=1e-05
2026/02/05 17:28:14 - mmengine - INFO - paramwise_options -- language_model.language_backbone.body.model.encoder.layer.0.attention.self.value.bias:weight_decay=0.0001
2026/02/05 17:28:14 - mmengine - INFO - paramwise_options -- language_model.language_backbone.body.model.encoder.layer.0.attention.self.value.bias:lr_mult=0.1
2026/02/05 17:28:14 - mmengine - INFO - paramwise_options -- language_model.language_backbone.body.model.encoder.layer.0.attention.output.dense.weight:lr=1e-05
2026/02/05 17:28:14 - mmengine - INFO - paramwise_options -- language_model.language_backbone.body.model.encoder.layer.0.attention.output.dense.weight:weight_decay=0.0001
2026/02/05 17:28:14 - mmengine - INFO - paramwise_options -- language_model.language_backbone.body.model.encoder.layer.0.attention.output.dense.weight:lr_mult=0.1
2026/02/05 17:28:14 - mmengine - INFO - paramwise_options -- language_model.language_backbone.body.model.encoder.layer.0.attention.output.dense.bias:lr=1e-05
2026/02/05 17:28:14 - mmengine - INFO - paramwise_options -- language_model.language_backbone.body.model.encoder.layer.0.attention.output.dense.bias:weight_decay=0.0001
2026/02/05 17:28:14 - mmengine - INFO - paramwise_options -- language_model.language_backbone.body.model.encoder.layer.0.attention.output.dense.bias:lr_mult=0.1
2026/02/05 17:28:14 - mmengine - INFO - paramwise_options -- language_model.language_backbone.body.model.encoder.layer.0.attention.output.LayerNorm.weight:lr=1e-05
2026/02/05 17:28:14 - mmengine - INFO - paramwise_options -- language_model.language_backbone.body.model.encoder.layer.0.attention.output.LayerNorm.weight:weight_decay=0.0001
2026/02/05 17:28:14 - mmengine - INFO - paramwise_options -- language_model.language_backbone.body.model.encoder.layer.0.attention.output.LayerNorm.weight:lr_mult=0.1
2026/02/05 17:28:14 - mmengine - INFO - paramwise_options -- language_model.language_backbone.body.model.encoder.layer.0.attention.output.LayerNorm.bias:lr=1e-05
2026/02/05 17:28:14 - mmengine - INFO - paramwise_options -- language_model.language_backbone.body.model.encoder.layer.0.attention.output.LayerNorm.bias:weight_decay=0.0001
2026/02/05 17:28:14 - mmengine - INFO - paramwise_options -- language_model.language_backbone.body.model.encoder.layer.0.attention.output.LayerNorm.bias:lr_mult=0.1
2026/02/05 17:28:14 - mmengine - INFO - paramwise_options -- language_model.language_backbone.body.model.encoder.layer.0.intermediate.dense.weight:lr=1e-05
2026/02/05 17:28:14 - mmengine - INFO - paramwise_options -- language_model.language_backbone.body.model.encoder.layer.0.intermediate.dense.weight:weight_decay=0.0001
2026/02/05 17:28:14 - mmengine - INFO - paramwise_options -- language_model.language_backbone.body.model.encoder.layer.0.intermediate.dense.weight:lr_mult=0.1
2026/02/05 17:28:14 - mmengine - INFO - paramwise_options -- language_model.language_backbone.body.model.encoder.layer.0.intermediate.dense.bias:lr=1e-05
2026/02/05 17:28:14 - mmengine - INFO - paramwise_options -- language_model.language_backbone.body.model.encoder.layer.0.intermediate.dense.bias:weight_decay=0.0001
2026/02/05 17:28:14 - mmengine - INFO - paramwise_options -- language_model.language_backbone.body.model.encoder.layer.0.intermediate.dense.bias:lr_mult=0.1
2026/02/05 17:28:14 - mmengine - INFO - paramwise_options -- language_model.language_backbone.body.model.encoder.layer.0.output.dense.weight:lr=1e-05
2026/02/05 17:28:14 - mmengine - INFO - paramwise_options -- language_model.language_backbone.body.model.encoder.layer.0.output.dense.weight:weight_decay=0.0001
2026/02/05 17:28:14 - mmengine - INFO - paramwise_options -- language_model.language_backbone.body.model.encoder.layer.0.output.dense.weight:lr_mult=0.1
2026/02/05 17:28:14 - mmengine - INFO - paramwise_options -- language_model.language_backbone.body.model.encoder.layer.0.output.dense.bias:lr=1e-05
2026/02/05 17:28:14 - mmengine - INFO - paramwise_options -- language_model.language_backbone.body.model.encoder.layer.0.output.dense.bias:weight_decay=0.0001
2026/02/05 17:28:14 - mmengine - INFO - paramwise_options -- language_model.language_backbone.body.model.encoder.layer.0.output.dense.bias:lr_mult=0.1
2026/02/05 17:28:14 - mmengine - INFO - paramwise_options -- language_model.language_backbone.body.model.encoder.layer.0.output.LayerNorm.weight:lr=1e-05
2026/02/05 17:28:14 - mmengine - INFO - paramwise_options -- language_model.language_backbone.body.model.encoder.layer.0.output.LayerNorm.weight:weight_decay=0.0001
2026/02/05 17:28:14 - mmengine - INFO - paramwise_options -- language_model.language_backbone.body.model.encoder.layer.0.output.LayerNorm.weight:lr_mult=0.1
2026/02/05 17:28:14 - mmengine - INFO - paramwise_options -- language_model.language_backbone.body.model.encoder.layer.0.output.LayerNorm.bias:lr=1e-05
2026/02/05 17:28:14 - mmengine - INFO - paramwise_options -- language_model.language_backbone.body.model.encoder.layer.0.output.LayerNorm.bias:weight_decay=0.0001
2026/02/05 17:28:14 - mmengine - INFO - paramwise_options -- language_model.language_backbone.body.model.encoder.layer.0.output.LayerNorm.bias:lr_mult=0.1
2026/02/05 17:28:14 - mmengine - INFO - paramwise_options -- language_model.language_backbone.body.model.encoder.layer.1.attention.self.query.weight:lr=1e-05
2026/02/05 17:28:14 - mmengine - INFO - paramwise_options -- language_model.language_backbone.body.model.encoder.layer.1.attention.self.query.weight:weight_decay=0.0001
2026/02/05 17:28:14 - mmengine - INFO - paramwise_options -- language_model.language_backbone.body.model.encoder.layer.1.attention.self.query.weight:lr_mult=0.1
2026/02/05 17:28:14 - mmengine - INFO - paramwise_options -- language_model.language_backbone.body.model.encoder.layer.1.attention.self.query.bias:lr=1e-05
2026/02/05 17:28:14 - mmengine - INFO - paramwise_options -- language_model.language_backbone.body.model.encoder.layer.1.attention.self.query.bias:weight_decay=0.0001
2026/02/05 17:28:14 - mmengine - INFO - paramwise_options -- language_model.language_backbone.body.model.encoder.layer.1.attention.self.query.bias:lr_mult=0.1
2026/02/05 17:28:14 - mmengine - INFO - paramwise_options -- language_model.language_backbone.body.model.encoder.layer.1.attention.self.key.weight:lr=1e-05
2026/02/05 17:28:14 - mmengine - INFO - paramwise_options -- language_model.language_backbone.body.model.encoder.layer.1.attention.self.key.weight:weight_decay=0.0001
2026/02/05 17:28:14 - mmengine - INFO - paramwise_options -- language_model.language_backbone.body.model.encoder.layer.1.attention.self.key.weight:lr_mult=0.1
2026/02/05 17:28:14 - mmengine - INFO - paramwise_options -- language_model.language_backbone.body.model.encoder.layer.1.attention.self.key.bias:lr=1e-05
2026/02/05 17:28:14 - mmengine - INFO - paramwise_options -- language_model.language_backbone.body.model.encoder.layer.1.attention.self.key.bias:weight_decay=0.0001
2026/02/05 17:28:14 - mmengine - INFO - paramwise_options -- language_model.language_backbone.body.model.encoder.layer.1.attention.self.key.bias:lr_mult=0.1
2026/02/05 17:28:14 - mmengine - INFO - paramwise_options -- language_model.language_backbone.body.model.encoder.layer.1.attention.self.value.weight:lr=1e-05
2026/02/05 17:28:14 - mmengine - INFO - paramwise_options -- language_model.language_backbone.body.model.encoder.layer.1.attention.self.value.weight:weight_decay=0.0001
2026/02/05 17:28:14 - mmengine - INFO - paramwise_options -- language_model.language_backbone.body.model.encoder.layer.1.attention.self.value.weight:lr_mult=0.1
2026/02/05 17:28:14 - mmengine - INFO - paramwise_options -- language_model.language_backbone.body.model.encoder.layer.1.attention.self.value.bias:lr=1e-05
2026/02/05 17:28:14 - mmengine - INFO - paramwise_options -- language_model.language_backbone.body.model.encoder.layer.1.attention.self.value.bias:weight_decay=0.0001
2026/02/05 17:28:14 - mmengine - INFO - paramwise_options -- language_model.language_backbone.body.model.encoder.layer.1.attention.self.value.bias:lr_mult=0.1
2026/02/05 17:28:14 - mmengine - INFO - paramwise_options -- language_model.language_backbone.body.model.encoder.layer.1.attention.output.dense.weight:lr=1e-05
2026/02/05 17:28:14 - mmengine - INFO - paramwise_options -- language_model.language_backbone.body.model.encoder.layer.1.attention.output.dense.weight:weight_decay=0.0001
2026/02/05 17:28:14 - mmengine - INFO - paramwise_options -- language_model.language_backbone.body.model.encoder.layer.1.attention.output.dense.weight:lr_mult=0.1
2026/02/05 17:28:14 - mmengine - INFO - paramwise_options -- language_model.language_backbone.body.model.encoder.layer.1.attention.output.dense.bias:lr=1e-05
2026/02/05 17:28:14 - mmengine - INFO - paramwise_options -- language_model.language_backbone.body.model.encoder.layer.1.attention.output.dense.bias:weight_decay=0.0001
2026/02/05 17:28:14 - mmengine - INFO - paramwise_options -- language_model.language_backbone.body.model.encoder.layer.1.attention.output.dense.bias:lr_mult=0.1
2026/02/05 17:28:14 - mmengine - INFO - paramwise_options -- language_model.language_backbone.body.model.encoder.layer.1.attention.output.LayerNorm.weight:lr=1e-05
2026/02/05 17:28:14 - mmengine - INFO - paramwise_options -- language_model.language_backbone.body.model.encoder.layer.1.attention.output.LayerNorm.weight:weight_decay=0.0001
2026/02/05 17:28:14 - mmengine - INFO - paramwise_options -- language_model.language_backbone.body.model.encoder.layer.1.attention.output.LayerNorm.weight:lr_mult=0.1
2026/02/05 17:28:14 - mmengine - INFO - paramwise_options -- language_model.language_backbone.body.model.encoder.layer.1.attention.output.LayerNorm.bias:lr=1e-05
2026/02/05 17:28:14 - mmengine - INFO - paramwise_options -- language_model.language_backbone.body.model.encoder.layer.1.attention.output.LayerNorm.bias:weight_decay=0.0001
2026/02/05 17:28:14 - mmengine - INFO - paramwise_options -- language_model.language_backbone.body.model.encoder.layer.1.attention.output.LayerNorm.bias:lr_mult=0.1
2026/02/05 17:28:14 - mmengine - INFO - paramwise_options -- language_model.language_backbone.body.model.encoder.layer.1.intermediate.dense.weight:lr=1e-05
2026/02/05 17:28:14 - mmengine - INFO - paramwise_options -- language_model.language_backbone.body.model.encoder.layer.1.intermediate.dense.weight:weight_decay=0.0001
2026/02/05 17:28:14 - mmengine - INFO - paramwise_options -- language_model.language_backbone.body.model.encoder.layer.1.intermediate.dense.weight:lr_mult=0.1
2026/02/05 17:28:14 - mmengine - INFO - paramwise_options -- language_model.language_backbone.body.model.encoder.layer.1.intermediate.dense.bias:lr=1e-05
2026/02/05 17:28:14 - mmengine - INFO - paramwise_options -- language_model.language_backbone.body.model.encoder.layer.1.intermediate.dense.bias:weight_decay=0.0001
2026/02/05 17:28:14 - mmengine - INFO - paramwise_options -- language_model.language_backbone.body.model.encoder.layer.1.intermediate.dense.bias:lr_mult=0.1
2026/02/05 17:28:14 - mmengine - INFO - paramwise_options -- language_model.language_backbone.body.model.encoder.layer.1.output.dense.weight:lr=1e-05
2026/02/05 17:28:14 - mmengine - INFO - paramwise_options -- language_model.language_backbone.body.model.encoder.layer.1.output.dense.weight:weight_decay=0.0001
2026/02/05 17:28:14 - mmengine - INFO - paramwise_options -- language_model.language_backbone.body.model.encoder.layer.1.output.dense.weight:lr_mult=0.1
2026/02/05 17:28:14 - mmengine - INFO - paramwise_options -- language_model.language_backbone.body.model.encoder.layer.1.output.dense.bias:lr=1e-05
2026/02/05 17:28:14 - mmengine - INFO - paramwise_options -- language_model.language_backbone.body.model.encoder.layer.1.output.dense.bias:weight_decay=0.0001
2026/02/05 17:28:14 - mmengine - INFO - paramwise_options -- language_model.language_backbone.body.model.encoder.layer.1.output.dense.bias:lr_mult=0.1
2026/02/05 17:28:14 - mmengine - INFO - paramwise_options -- language_model.language_backbone.body.model.encoder.layer.1.output.LayerNorm.weight:lr=1e-05
2026/02/05 17:28:14 - mmengine - INFO - paramwise_options -- language_model.language_backbone.body.model.encoder.layer.1.output.LayerNorm.weight:weight_decay=0.0001
2026/02/05 17:28:14 - mmengine - INFO - paramwise_options -- language_model.language_backbone.body.model.encoder.layer.1.output.LayerNorm.weight:lr_mult=0.1
2026/02/05 17:28:14 - mmengine - INFO - paramwise_options -- language_model.language_backbone.body.model.encoder.layer.1.output.LayerNorm.bias:lr=1e-05
2026/02/05 17:28:14 - mmengine - INFO - paramwise_options -- language_model.language_backbone.body.model.encoder.layer.1.output.LayerNorm.bias:weight_decay=0.0001
2026/02/05 17:28:14 - mmengine - INFO - paramwise_options -- language_model.language_backbone.body.model.encoder.layer.1.output.LayerNorm.bias:lr_mult=0.1
2026/02/05 17:28:14 - mmengine - INFO - paramwise_options -- language_model.language_backbone.body.model.encoder.layer.2.attention.self.query.weight:lr=1e-05
2026/02/05 17:28:14 - mmengine - INFO - paramwise_options -- language_model.language_backbone.body.model.encoder.layer.2.attention.self.query.weight:weight_decay=0.0001
2026/02/05 17:28:14 - mmengine - INFO - paramwise_options -- language_model.language_backbone.body.model.encoder.layer.2.attention.self.query.weight:lr_mult=0.1
2026/02/05 17:28:14 - mmengine - INFO - paramwise_options -- language_model.language_backbone.body.model.encoder.layer.2.attention.self.query.bias:lr=1e-05
2026/02/05 17:28:14 - mmengine - INFO - paramwise_options -- language_model.language_backbone.body.model.encoder.layer.2.attention.self.query.bias:weight_decay=0.0001
2026/02/05 17:28:14 - mmengine - INFO - paramwise_options -- language_model.language_backbone.body.model.encoder.layer.2.attention.self.query.bias:lr_mult=0.1
2026/02/05 17:28:14 - mmengine - INFO - paramwise_options -- language_model.language_backbone.body.model.encoder.layer.2.attention.self.key.weight:lr=1e-05
2026/02/05 17:28:14 - mmengine - INFO - paramwise_options -- language_model.language_backbone.body.model.encoder.layer.2.attention.self.key.weight:weight_decay=0.0001
2026/02/05 17:28:14 - mmengine - INFO - paramwise_options -- language_model.language_backbone.body.model.encoder.layer.2.attention.self.key.weight:lr_mult=0.1
2026/02/05 17:28:14 - mmengine - INFO - paramwise_options -- language_model.language_backbone.body.model.encoder.layer.2.attention.self.key.bias:lr=1e-05
2026/02/05 17:28:14 - mmengine - INFO - paramwise_options -- language_model.language_backbone.body.model.encoder.layer.2.attention.self.key.bias:weight_decay=0.0001
2026/02/05 17:28:14 - mmengine - INFO - paramwise_options -- language_model.language_backbone.body.model.encoder.layer.2.attention.self.key.bias:lr_mult=0.1
2026/02/05 17:28:14 - mmengine - INFO - paramwise_options -- language_model.language_backbone.body.model.encoder.layer.2.attention.self.value.weight:lr=1e-05
2026/02/05 17:28:14 - mmengine - INFO - paramwise_options -- language_model.language_backbone.body.model.encoder.layer.2.attention.self.value.weight:weight_decay=0.0001
2026/02/05 17:28:14 - mmengine - INFO - paramwise_options -- language_model.language_backbone.body.model.encoder.layer.2.attention.self.value.weight:lr_mult=0.1
2026/02/05 17:28:14 - mmengine - INFO - paramwise_options -- language_model.language_backbone.body.model.encoder.layer.2.attention.self.value.bias:lr=1e-05
2026/02/05 17:28:14 - mmengine - INFO - paramwise_options -- language_model.language_backbone.body.model.encoder.layer.2.attention.self.value.bias:weight_decay=0.0001
2026/02/05 17:28:14 - mmengine - INFO - paramwise_options -- language_model.language_backbone.body.model.encoder.layer.2.attention.self.value.bias:lr_mult=0.1
2026/02/05 17:28:14 - mmengine - INFO - paramwise_options -- language_model.language_backbone.body.model.encoder.layer.2.attention.output.dense.weight:lr=1e-05
2026/02/05 17:28:14 - mmengine - INFO - paramwise_options -- language_model.language_backbone.body.model.encoder.layer.2.attention.output.dense.weight:weight_decay=0.0001
2026/02/05 17:28:14 - mmengine - INFO - paramwise_options -- language_model.language_backbone.body.model.encoder.layer.2.attention.output.dense.weight:lr_mult=0.1
2026/02/05 17:28:14 - mmengine - INFO - paramwise_options -- language_model.language_backbone.body.model.encoder.layer.2.attention.output.dense.bias:lr=1e-05
2026/02/05 17:28:14 - mmengine - INFO - paramwise_options -- language_model.language_backbone.body.model.encoder.layer.2.attention.output.dense.bias:weight_decay=0.0001
2026/02/05 17:28:14 - mmengine - INFO - paramwise_options -- language_model.language_backbone.body.model.encoder.layer.2.attention.output.dense.bias:lr_mult=0.1
2026/02/05 17:28:14 - mmengine - INFO - paramwise_options -- language_model.language_backbone.body.model.encoder.layer.2.attention.output.LayerNorm.weight:lr=1e-05
2026/02/05 17:28:14 - mmengine - INFO - paramwise_options -- language_model.language_backbone.body.model.encoder.layer.2.attention.output.LayerNorm.weight:weight_decay=0.0001
2026/02/05 17:28:14 - mmengine - INFO - paramwise_options -- language_model.language_backbone.body.model.encoder.layer.2.attention.output.LayerNorm.weight:lr_mult=0.1
2026/02/05 17:28:14 - mmengine - INFO - paramwise_options -- language_model.language_backbone.body.model.encoder.layer.2.attention.output.LayerNorm.bias:lr=1e-05
2026/02/05 17:28:14 - mmengine - INFO - paramwise_options -- language_model.language_backbone.body.model.encoder.layer.2.attention.output.LayerNorm.bias:weight_decay=0.0001
2026/02/05 17:28:14 - mmengine - INFO - paramwise_options -- language_model.language_backbone.body.model.encoder.layer.2.attention.output.LayerNorm.bias:lr_mult=0.1
2026/02/05 17:28:14 - mmengine - INFO - paramwise_options -- language_model.language_backbone.body.model.encoder.layer.2.intermediate.dense.weight:lr=1e-05
2026/02/05 17:28:14 - mmengine - INFO - paramwise_options -- language_model.language_backbone.body.model.encoder.layer.2.intermediate.dense.weight:weight_decay=0.0001
2026/02/05 17:28:14 - mmengine - INFO - paramwise_options -- language_model.language_backbone.body.model.encoder.layer.2.intermediate.dense.weight:lr_mult=0.1
2026/02/05 17:28:14 - mmengine - INFO - paramwise_options -- language_model.language_backbone.body.model.encoder.layer.2.intermediate.dense.bias:lr=1e-05
2026/02/05 17:28:14 - mmengine - INFO - paramwise_options -- language_model.language_backbone.body.model.encoder.layer.2.intermediate.dense.bias:weight_decay=0.0001
2026/02/05 17:28:14 - mmengine - INFO - paramwise_options -- language_model.language_backbone.body.model.encoder.layer.2.intermediate.dense.bias:lr_mult=0.1
2026/02/05 17:28:14 - mmengine - INFO - paramwise_options -- language_model.language_backbone.body.model.encoder.layer.2.output.dense.weight:lr=1e-05
2026/02/05 17:28:14 - mmengine - INFO - paramwise_options -- language_model.language_backbone.body.model.encoder.layer.2.output.dense.weight:weight_decay=0.0001
2026/02/05 17:28:14 - mmengine - INFO - paramwise_options -- language_model.language_backbone.body.model.encoder.layer.2.output.dense.weight:lr_mult=0.1
2026/02/05 17:28:14 - mmengine - INFO - paramwise_options -- language_model.language_backbone.body.model.encoder.layer.2.output.dense.bias:lr=1e-05
2026/02/05 17:28:14 - mmengine - INFO - paramwise_options -- language_model.language_backbone.body.model.encoder.layer.2.output.dense.bias:weight_decay=0.0001
2026/02/05 17:28:14 - mmengine - INFO - paramwise_options -- language_model.language_backbone.body.model.encoder.layer.2.output.dense.bias:lr_mult=0.1
2026/02/05 17:28:14 - mmengine - INFO - paramwise_options -- language_model.language_backbone.body.model.encoder.layer.2.output.LayerNorm.weight:lr=1e-05
2026/02/05 17:28:14 - mmengine - INFO - paramwise_options -- language_model.language_backbone.body.model.encoder.layer.2.output.LayerNorm.weight:weight_decay=0.0001
2026/02/05 17:28:14 - mmengine - INFO - paramwise_options -- language_model.language_backbone.body.model.encoder.layer.2.output.LayerNorm.weight:lr_mult=0.1
2026/02/05 17:28:14 - mmengine - INFO - paramwise_options -- language_model.language_backbone.body.model.encoder.layer.2.output.LayerNorm.bias:lr=1e-05
2026/02/05 17:28:14 - mmengine - INFO - paramwise_options -- language_model.language_backbone.body.model.encoder.layer.2.output.LayerNorm.bias:weight_decay=0.0001
2026/02/05 17:28:14 - mmengine - INFO - paramwise_options -- language_model.language_backbone.body.model.encoder.layer.2.output.LayerNorm.bias:lr_mult=0.1
2026/02/05 17:28:14 - mmengine - INFO - paramwise_options -- language_model.language_backbone.body.model.encoder.layer.3.attention.self.query.weight:lr=1e-05
2026/02/05 17:28:14 - mmengine - INFO - paramwise_options -- language_model.language_backbone.body.model.encoder.layer.3.attention.self.query.weight:weight_decay=0.0001
2026/02/05 17:28:14 - mmengine - INFO - paramwise_options -- language_model.language_backbone.body.model.encoder.layer.3.attention.self.query.weight:lr_mult=0.1
2026/02/05 17:28:14 - mmengine - INFO - paramwise_options -- language_model.language_backbone.body.model.encoder.layer.3.attention.self.query.bias:lr=1e-05
2026/02/05 17:28:14 - mmengine - INFO - paramwise_options -- language_model.language_backbone.body.model.encoder.layer.3.attention.self.query.bias:weight_decay=0.0001
2026/02/05 17:28:14 - mmengine - INFO - paramwise_options -- language_model.language_backbone.body.model.encoder.layer.3.attention.self.query.bias:lr_mult=0.1
2026/02/05 17:28:14 - mmengine - INFO - paramwise_options -- language_model.language_backbone.body.model.encoder.layer.3.attention.self.key.weight:lr=1e-05
2026/02/05 17:28:14 - mmengine - INFO - paramwise_options -- language_model.language_backbone.body.model.encoder.layer.3.attention.self.key.weight:weight_decay=0.0001
2026/02/05 17:28:14 - mmengine - INFO - paramwise_options -- language_model.language_backbone.body.model.encoder.layer.3.attention.self.key.weight:lr_mult=0.1
2026/02/05 17:28:14 - mmengine - INFO - paramwise_options -- language_model.language_backbone.body.model.encoder.layer.3.attention.self.key.bias:lr=1e-05
2026/02/05 17:28:14 - mmengine - INFO - paramwise_options -- language_model.language_backbone.body.model.encoder.layer.3.attention.self.key.bias:weight_decay=0.0001
2026/02/05 17:28:14 - mmengine - INFO - paramwise_options -- language_model.language_backbone.body.model.encoder.layer.3.attention.self.key.bias:lr_mult=0.1
2026/02/05 17:28:14 - mmengine - INFO - paramwise_options -- language_model.language_backbone.body.model.encoder.layer.3.attention.self.value.weight:lr=1e-05
2026/02/05 17:28:14 - mmengine - INFO - paramwise_options -- language_model.language_backbone.body.model.encoder.layer.3.attention.self.value.weight:weight_decay=0.0001
2026/02/05 17:28:14 - mmengine - INFO - paramwise_options -- language_model.language_backbone.body.model.encoder.layer.3.attention.self.value.weight:lr_mult=0.1
2026/02/05 17:28:14 - mmengine - INFO - paramwise_options -- language_model.language_backbone.body.model.encoder.layer.3.attention.self.value.bias:lr=1e-05
2026/02/05 17:28:14 - mmengine - INFO - paramwise_options -- language_model.language_backbone.body.model.encoder.layer.3.attention.self.value.bias:weight_decay=0.0001
2026/02/05 17:28:14 - mmengine - INFO - paramwise_options -- language_model.language_backbone.body.model.encoder.layer.3.attention.self.value.bias:lr_mult=0.1
2026/02/05 17:28:14 - mmengine - INFO - paramwise_options -- language_model.language_backbone.body.model.encoder.layer.3.attention.output.dense.weight:lr=1e-05
2026/02/05 17:28:14 - mmengine - INFO - paramwise_options -- language_model.language_backbone.body.model.encoder.layer.3.attention.output.dense.weight:weight_decay=0.0001
2026/02/05 17:28:14 - mmengine - INFO - paramwise_options -- language_model.language_backbone.body.model.encoder.layer.3.attention.output.dense.weight:lr_mult=0.1
2026/02/05 17:28:14 - mmengine - INFO - paramwise_options -- language_model.language_backbone.body.model.encoder.layer.3.attention.output.dense.bias:lr=1e-05
2026/02/05 17:28:14 - mmengine - INFO - paramwise_options -- language_model.language_backbone.body.model.encoder.layer.3.attention.output.dense.bias:weight_decay=0.0001
2026/02/05 17:28:14 - mmengine - INFO - paramwise_options -- language_model.language_backbone.body.model.encoder.layer.3.attention.output.dense.bias:lr_mult=0.1
2026/02/05 17:28:14 - mmengine - INFO - paramwise_options -- language_model.language_backbone.body.model.encoder.layer.3.attention.output.LayerNorm.weight:lr=1e-05
2026/02/05 17:28:14 - mmengine - INFO - paramwise_options -- language_model.language_backbone.body.model.encoder.layer.3.attention.output.LayerNorm.weight:weight_decay=0.0001
2026/02/05 17:28:14 - mmengine - INFO - paramwise_options -- language_model.language_backbone.body.model.encoder.layer.3.attention.output.LayerNorm.weight:lr_mult=0.1
2026/02/05 17:28:14 - mmengine - INFO - paramwise_options -- language_model.language_backbone.body.model.encoder.layer.3.attention.output.LayerNorm.bias:lr=1e-05
2026/02/05 17:28:14 - mmengine - INFO - paramwise_options -- language_model.language_backbone.body.model.encoder.layer.3.attention.output.LayerNorm.bias:weight_decay=0.0001
2026/02/05 17:28:14 - mmengine - INFO - paramwise_options -- language_model.language_backbone.body.model.encoder.layer.3.attention.output.LayerNorm.bias:lr_mult=0.1
2026/02/05 17:28:14 - mmengine - INFO - paramwise_options -- language_model.language_backbone.body.model.encoder.layer.3.intermediate.dense.weight:lr=1e-05
2026/02/05 17:28:14 - mmengine - INFO - paramwise_options -- language_model.language_backbone.body.model.encoder.layer.3.intermediate.dense.weight:weight_decay=0.0001
2026/02/05 17:28:14 - mmengine - INFO - paramwise_options -- language_model.language_backbone.body.model.encoder.layer.3.intermediate.dense.weight:lr_mult=0.1
2026/02/05 17:28:14 - mmengine - INFO - paramwise_options -- language_model.language_backbone.body.model.encoder.layer.3.intermediate.dense.bias:lr=1e-05
2026/02/05 17:28:14 - mmengine - INFO - paramwise_options -- language_model.language_backbone.body.model.encoder.layer.3.intermediate.dense.bias:weight_decay=0.0001
2026/02/05 17:28:14 - mmengine - INFO - paramwise_options -- language_model.language_backbone.body.model.encoder.layer.3.intermediate.dense.bias:lr_mult=0.1
2026/02/05 17:28:14 - mmengine - INFO - paramwise_options -- language_model.language_backbone.body.model.encoder.layer.3.output.dense.weight:lr=1e-05
2026/02/05 17:28:14 - mmengine - INFO - paramwise_options -- language_model.language_backbone.body.model.encoder.layer.3.output.dense.weight:weight_decay=0.0001
2026/02/05 17:28:14 - mmengine - INFO - paramwise_options -- language_model.language_backbone.body.model.encoder.layer.3.output.dense.weight:lr_mult=0.1
2026/02/05 17:28:14 - mmengine - INFO - paramwise_options -- language_model.language_backbone.body.model.encoder.layer.3.output.dense.bias:lr=1e-05
2026/02/05 17:28:14 - mmengine - INFO - paramwise_options -- language_model.language_backbone.body.model.encoder.layer.3.output.dense.bias:weight_decay=0.0001
2026/02/05 17:28:14 - mmengine - INFO - paramwise_options -- language_model.language_backbone.body.model.encoder.layer.3.output.dense.bias:lr_mult=0.1
2026/02/05 17:28:14 - mmengine - INFO - paramwise_options -- language_model.language_backbone.body.model.encoder.layer.3.output.LayerNorm.weight:lr=1e-05
2026/02/05 17:28:14 - mmengine - INFO - paramwise_options -- language_model.language_backbone.body.model.encoder.layer.3.output.LayerNorm.weight:weight_decay=0.0001
2026/02/05 17:28:14 - mmengine - INFO - paramwise_options -- language_model.language_backbone.body.model.encoder.layer.3.output.LayerNorm.weight:lr_mult=0.1
2026/02/05 17:28:14 - mmengine - INFO - paramwise_options -- language_model.language_backbone.body.model.encoder.layer.3.output.LayerNorm.bias:lr=1e-05
2026/02/05 17:28:14 - mmengine - INFO - paramwise_options -- language_model.language_backbone.body.model.encoder.layer.3.output.LayerNorm.bias:weight_decay=0.0001
2026/02/05 17:28:14 - mmengine - INFO - paramwise_options -- language_model.language_backbone.body.model.encoder.layer.3.output.LayerNorm.bias:lr_mult=0.1
2026/02/05 17:28:14 - mmengine - INFO - paramwise_options -- language_model.language_backbone.body.model.encoder.layer.4.attention.self.query.weight:lr=1e-05
2026/02/05 17:28:14 - mmengine - INFO - paramwise_options -- language_model.language_backbone.body.model.encoder.layer.4.attention.self.query.weight:weight_decay=0.0001
2026/02/05 17:28:14 - mmengine - INFO - paramwise_options -- language_model.language_backbone.body.model.encoder.layer.4.attention.self.query.weight:lr_mult=0.1
2026/02/05 17:28:14 - mmengine - INFO - paramwise_options -- language_model.language_backbone.body.model.encoder.layer.4.attention.self.query.bias:lr=1e-05
2026/02/05 17:28:14 - mmengine - INFO - paramwise_options -- language_model.language_backbone.body.model.encoder.layer.4.attention.self.query.bias:weight_decay=0.0001
2026/02/05 17:28:14 - mmengine - INFO - paramwise_options -- language_model.language_backbone.body.model.encoder.layer.4.attention.self.query.bias:lr_mult=0.1
2026/02/05 17:28:14 - mmengine - INFO - paramwise_options -- language_model.language_backbone.body.model.encoder.layer.4.attention.self.key.weight:lr=1e-05
2026/02/05 17:28:14 - mmengine - INFO - paramwise_options -- language_model.language_backbone.body.model.encoder.layer.4.attention.self.key.weight:weight_decay=0.0001
2026/02/05 17:28:14 - mmengine - INFO - paramwise_options -- language_model.language_backbone.body.model.encoder.layer.4.attention.self.key.weight:lr_mult=0.1
2026/02/05 17:28:14 - mmengine - INFO - paramwise_options -- language_model.language_backbone.body.model.encoder.layer.4.attention.self.key.bias:lr=1e-05
2026/02/05 17:28:14 - mmengine - INFO - paramwise_options -- language_model.language_backbone.body.model.encoder.layer.4.attention.self.key.bias:weight_decay=0.0001
2026/02/05 17:28:14 - mmengine - INFO - paramwise_options -- language_model.language_backbone.body.model.encoder.layer.4.attention.self.key.bias:lr_mult=0.1
2026/02/05 17:28:14 - mmengine - INFO - paramwise_options -- language_model.language_backbone.body.model.encoder.layer.4.attention.self.value.weight:lr=1e-05
2026/02/05 17:28:14 - mmengine - INFO - paramwise_options -- language_model.language_backbone.body.model.encoder.layer.4.attention.self.value.weight:weight_decay=0.0001
2026/02/05 17:28:14 - mmengine - INFO - paramwise_options -- language_model.language_backbone.body.model.encoder.layer.4.attention.self.value.weight:lr_mult=0.1
2026/02/05 17:28:14 - mmengine - INFO - paramwise_options -- language_model.language_backbone.body.model.encoder.layer.4.attention.self.value.bias:lr=1e-05
2026/02/05 17:28:14 - mmengine - INFO - paramwise_options -- language_model.language_backbone.body.model.encoder.layer.4.attention.self.value.bias:weight_decay=0.0001
2026/02/05 17:28:14 - mmengine - INFO - paramwise_options -- language_model.language_backbone.body.model.encoder.layer.4.attention.self.value.bias:lr_mult=0.1
2026/02/05 17:28:14 - mmengine - INFO - paramwise_options -- language_model.language_backbone.body.model.encoder.layer.4.attention.output.dense.weight:lr=1e-05
2026/02/05 17:28:14 - mmengine - INFO - paramwise_options -- language_model.language_backbone.body.model.encoder.layer.4.attention.output.dense.weight:weight_decay=0.0001
2026/02/05 17:28:14 - mmengine - INFO - paramwise_options -- language_model.language_backbone.body.model.encoder.layer.4.attention.output.dense.weight:lr_mult=0.1
2026/02/05 17:28:14 - mmengine - INFO - paramwise_options -- language_model.language_backbone.body.model.encoder.layer.4.attention.output.dense.bias:lr=1e-05
2026/02/05 17:28:14 - mmengine - INFO - paramwise_options -- language_model.language_backbone.body.model.encoder.layer.4.attention.output.dense.bias:weight_decay=0.0001
2026/02/05 17:28:14 - mmengine - INFO - paramwise_options -- language_model.language_backbone.body.model.encoder.layer.4.attention.output.dense.bias:lr_mult=0.1
2026/02/05 17:28:14 - mmengine - INFO - paramwise_options -- language_model.language_backbone.body.model.encoder.layer.4.attention.output.LayerNorm.weight:lr=1e-05
2026/02/05 17:28:14 - mmengine - INFO - paramwise_options -- language_model.language_backbone.body.model.encoder.layer.4.attention.output.LayerNorm.weight:weight_decay=0.0001
2026/02/05 17:28:14 - mmengine - INFO - paramwise_options -- language_model.language_backbone.body.model.encoder.layer.4.attention.output.LayerNorm.weight:lr_mult=0.1
2026/02/05 17:28:14 - mmengine - INFO - paramwise_options -- language_model.language_backbone.body.model.encoder.layer.4.attention.output.LayerNorm.bias:lr=1e-05
2026/02/05 17:28:14 - mmengine - INFO - paramwise_options -- language_model.language_backbone.body.model.encoder.layer.4.attention.output.LayerNorm.bias:weight_decay=0.0001
2026/02/05 17:28:14 - mmengine - INFO - paramwise_options -- language_model.language_backbone.body.model.encoder.layer.4.attention.output.LayerNorm.bias:lr_mult=0.1
2026/02/05 17:28:14 - mmengine - INFO - paramwise_options -- language_model.language_backbone.body.model.encoder.layer.4.intermediate.dense.weight:lr=1e-05
2026/02/05 17:28:14 - mmengine - INFO - paramwise_options -- language_model.language_backbone.body.model.encoder.layer.4.intermediate.dense.weight:weight_decay=0.0001
2026/02/05 17:28:14 - mmengine - INFO - paramwise_options -- language_model.language_backbone.body.model.encoder.layer.4.intermediate.dense.weight:lr_mult=0.1
2026/02/05 17:28:14 - mmengine - INFO - paramwise_options -- language_model.language_backbone.body.model.encoder.layer.4.intermediate.dense.bias:lr=1e-05
2026/02/05 17:28:14 - mmengine - INFO - paramwise_options -- language_model.language_backbone.body.model.encoder.layer.4.intermediate.dense.bias:weight_decay=0.0001
2026/02/05 17:28:14 - mmengine - INFO - paramwise_options -- language_model.language_backbone.body.model.encoder.layer.4.intermediate.dense.bias:lr_mult=0.1
2026/02/05 17:28:14 - mmengine - INFO - paramwise_options -- language_model.language_backbone.body.model.encoder.layer.4.output.dense.weight:lr=1e-05
2026/02/05 17:28:14 - mmengine - INFO - paramwise_options -- language_model.language_backbone.body.model.encoder.layer.4.output.dense.weight:weight_decay=0.0001
2026/02/05 17:28:14 - mmengine - INFO - paramwise_options -- language_model.language_backbone.body.model.encoder.layer.4.output.dense.weight:lr_mult=0.1
2026/02/05 17:28:14 - mmengine - INFO - paramwise_options -- language_model.language_backbone.body.model.encoder.layer.4.output.dense.bias:lr=1e-05
2026/02/05 17:28:14 - mmengine - INFO - paramwise_options -- language_model.language_backbone.body.model.encoder.layer.4.output.dense.bias:weight_decay=0.0001
2026/02/05 17:28:14 - mmengine - INFO - paramwise_options -- language_model.language_backbone.body.model.encoder.layer.4.output.dense.bias:lr_mult=0.1
2026/02/05 17:28:14 - mmengine - INFO - paramwise_options -- language_model.language_backbone.body.model.encoder.layer.4.output.LayerNorm.weight:lr=1e-05
2026/02/05 17:28:14 - mmengine - INFO - paramwise_options -- language_model.language_backbone.body.model.encoder.layer.4.output.LayerNorm.weight:weight_decay=0.0001
2026/02/05 17:28:14 - mmengine - INFO - paramwise_options -- language_model.language_backbone.body.model.encoder.layer.4.output.LayerNorm.weight:lr_mult=0.1
2026/02/05 17:28:14 - mmengine - INFO - paramwise_options -- language_model.language_backbone.body.model.encoder.layer.4.output.LayerNorm.bias:lr=1e-05
2026/02/05 17:28:14 - mmengine - INFO - paramwise_options -- language_model.language_backbone.body.model.encoder.layer.4.output.LayerNorm.bias:weight_decay=0.0001
2026/02/05 17:28:14 - mmengine - INFO - paramwise_options -- language_model.language_backbone.body.model.encoder.layer.4.output.LayerNorm.bias:lr_mult=0.1
2026/02/05 17:28:14 - mmengine - INFO - paramwise_options -- language_model.language_backbone.body.model.encoder.layer.5.attention.self.query.weight:lr=1e-05
2026/02/05 17:28:14 - mmengine - INFO - paramwise_options -- language_model.language_backbone.body.model.encoder.layer.5.attention.self.query.weight:weight_decay=0.0001
2026/02/05 17:28:14 - mmengine - INFO - paramwise_options -- language_model.language_backbone.body.model.encoder.layer.5.attention.self.query.weight:lr_mult=0.1
2026/02/05 17:28:14 - mmengine - INFO - paramwise_options -- language_model.language_backbone.body.model.encoder.layer.5.attention.self.query.bias:lr=1e-05
2026/02/05 17:28:14 - mmengine - INFO - paramwise_options -- language_model.language_backbone.body.model.encoder.layer.5.attention.self.query.bias:weight_decay=0.0001
2026/02/05 17:28:14 - mmengine - INFO - paramwise_options -- language_model.language_backbone.body.model.encoder.layer.5.attention.self.query.bias:lr_mult=0.1
2026/02/05 17:28:14 - mmengine - INFO - paramwise_options -- language_model.language_backbone.body.model.encoder.layer.5.attention.self.key.weight:lr=1e-05
2026/02/05 17:28:14 - mmengine - INFO - paramwise_options -- language_model.language_backbone.body.model.encoder.layer.5.attention.self.key.weight:weight_decay=0.0001
2026/02/05 17:28:14 - mmengine - INFO - paramwise_options -- language_model.language_backbone.body.model.encoder.layer.5.attention.self.key.weight:lr_mult=0.1
2026/02/05 17:28:14 - mmengine - INFO - paramwise_options -- language_model.language_backbone.body.model.encoder.layer.5.attention.self.key.bias:lr=1e-05
2026/02/05 17:28:14 - mmengine - INFO - paramwise_options -- language_model.language_backbone.body.model.encoder.layer.5.attention.self.key.bias:weight_decay=0.0001
2026/02/05 17:28:14 - mmengine - INFO - paramwise_options -- language_model.language_backbone.body.model.encoder.layer.5.attention.self.key.bias:lr_mult=0.1
2026/02/05 17:28:14 - mmengine - INFO - paramwise_options -- language_model.language_backbone.body.model.encoder.layer.5.attention.self.value.weight:lr=1e-05
2026/02/05 17:28:14 - mmengine - INFO - paramwise_options -- language_model.language_backbone.body.model.encoder.layer.5.attention.self.value.weight:weight_decay=0.0001
2026/02/05 17:28:14 - mmengine - INFO - paramwise_options -- language_model.language_backbone.body.model.encoder.layer.5.attention.self.value.weight:lr_mult=0.1
2026/02/05 17:28:14 - mmengine - INFO - paramwise_options -- language_model.language_backbone.body.model.encoder.layer.5.attention.self.value.bias:lr=1e-05
2026/02/05 17:28:14 - mmengine - INFO - paramwise_options -- language_model.language_backbone.body.model.encoder.layer.5.attention.self.value.bias:weight_decay=0.0001
2026/02/05 17:28:14 - mmengine - INFO - paramwise_options -- language_model.language_backbone.body.model.encoder.layer.5.attention.self.value.bias:lr_mult=0.1
2026/02/05 17:28:14 - mmengine - INFO - paramwise_options -- language_model.language_backbone.body.model.encoder.layer.5.attention.output.dense.weight:lr=1e-05
2026/02/05 17:28:14 - mmengine - INFO - paramwise_options -- language_model.language_backbone.body.model.encoder.layer.5.attention.output.dense.weight:weight_decay=0.0001
2026/02/05 17:28:14 - mmengine - INFO - paramwise_options -- language_model.language_backbone.body.model.encoder.layer.5.attention.output.dense.weight:lr_mult=0.1
2026/02/05 17:28:14 - mmengine - INFO - paramwise_options -- language_model.language_backbone.body.model.encoder.layer.5.attention.output.dense.bias:lr=1e-05
2026/02/05 17:28:14 - mmengine - INFO - paramwise_options -- language_model.language_backbone.body.model.encoder.layer.5.attention.output.dense.bias:weight_decay=0.0001
2026/02/05 17:28:14 - mmengine - INFO - paramwise_options -- language_model.language_backbone.body.model.encoder.layer.5.attention.output.dense.bias:lr_mult=0.1
2026/02/05 17:28:14 - mmengine - INFO - paramwise_options -- language_model.language_backbone.body.model.encoder.layer.5.attention.output.LayerNorm.weight:lr=1e-05
2026/02/05 17:28:14 - mmengine - INFO - paramwise_options -- language_model.language_backbone.body.model.encoder.layer.5.attention.output.LayerNorm.weight:weight_decay=0.0001
2026/02/05 17:28:14 - mmengine - INFO - paramwise_options -- language_model.language_backbone.body.model.encoder.layer.5.attention.output.LayerNorm.weight:lr_mult=0.1
2026/02/05 17:28:14 - mmengine - INFO - paramwise_options -- language_model.language_backbone.body.model.encoder.layer.5.attention.output.LayerNorm.bias:lr=1e-05
2026/02/05 17:28:14 - mmengine - INFO - paramwise_options -- language_model.language_backbone.body.model.encoder.layer.5.attention.output.LayerNorm.bias:weight_decay=0.0001
2026/02/05 17:28:14 - mmengine - INFO - paramwise_options -- language_model.language_backbone.body.model.encoder.layer.5.attention.output.LayerNorm.bias:lr_mult=0.1
2026/02/05 17:28:14 - mmengine - INFO - paramwise_options -- language_model.language_backbone.body.model.encoder.layer.5.intermediate.dense.weight:lr=1e-05
2026/02/05 17:28:14 - mmengine - INFO - paramwise_options -- language_model.language_backbone.body.model.encoder.layer.5.intermediate.dense.weight:weight_decay=0.0001
2026/02/05 17:28:14 - mmengine - INFO - paramwise_options -- language_model.language_backbone.body.model.encoder.layer.5.intermediate.dense.weight:lr_mult=0.1
2026/02/05 17:28:14 - mmengine - INFO - paramwise_options -- language_model.language_backbone.body.model.encoder.layer.5.intermediate.dense.bias:lr=1e-05
2026/02/05 17:28:14 - mmengine - INFO - paramwise_options -- language_model.language_backbone.body.model.encoder.layer.5.intermediate.dense.bias:weight_decay=0.0001
2026/02/05 17:28:14 - mmengine - INFO - paramwise_options -- language_model.language_backbone.body.model.encoder.layer.5.intermediate.dense.bias:lr_mult=0.1
2026/02/05 17:28:14 - mmengine - INFO - paramwise_options -- language_model.language_backbone.body.model.encoder.layer.5.output.dense.weight:lr=1e-05
2026/02/05 17:28:14 - mmengine - INFO - paramwise_options -- language_model.language_backbone.body.model.encoder.layer.5.output.dense.weight:weight_decay=0.0001
2026/02/05 17:28:14 - mmengine - INFO - paramwise_options -- language_model.language_backbone.body.model.encoder.layer.5.output.dense.weight:lr_mult=0.1
2026/02/05 17:28:14 - mmengine - INFO - paramwise_options -- language_model.language_backbone.body.model.encoder.layer.5.output.dense.bias:lr=1e-05
2026/02/05 17:28:14 - mmengine - INFO - paramwise_options -- language_model.language_backbone.body.model.encoder.layer.5.output.dense.bias:weight_decay=0.0001
2026/02/05 17:28:14 - mmengine - INFO - paramwise_options -- language_model.language_backbone.body.model.encoder.layer.5.output.dense.bias:lr_mult=0.1
2026/02/05 17:28:14 - mmengine - INFO - paramwise_options -- language_model.language_backbone.body.model.encoder.layer.5.output.LayerNorm.weight:lr=1e-05
2026/02/05 17:28:14 - mmengine - INFO - paramwise_options -- language_model.language_backbone.body.model.encoder.layer.5.output.LayerNorm.weight:weight_decay=0.0001
2026/02/05 17:28:14 - mmengine - INFO - paramwise_options -- language_model.language_backbone.body.model.encoder.layer.5.output.LayerNorm.weight:lr_mult=0.1
2026/02/05 17:28:14 - mmengine - INFO - paramwise_options -- language_model.language_backbone.body.model.encoder.layer.5.output.LayerNorm.bias:lr=1e-05
2026/02/05 17:28:14 - mmengine - INFO - paramwise_options -- language_model.language_backbone.body.model.encoder.layer.5.output.LayerNorm.bias:weight_decay=0.0001
2026/02/05 17:28:14 - mmengine - INFO - paramwise_options -- language_model.language_backbone.body.model.encoder.layer.5.output.LayerNorm.bias:lr_mult=0.1
2026/02/05 17:28:14 - mmengine - INFO - paramwise_options -- language_model.language_backbone.body.model.encoder.layer.6.attention.self.query.weight:lr=1e-05
2026/02/05 17:28:14 - mmengine - INFO - paramwise_options -- language_model.language_backbone.body.model.encoder.layer.6.attention.self.query.weight:weight_decay=0.0001
2026/02/05 17:28:14 - mmengine - INFO - paramwise_options -- language_model.language_backbone.body.model.encoder.layer.6.attention.self.query.weight:lr_mult=0.1
2026/02/05 17:28:14 - mmengine - INFO - paramwise_options -- language_model.language_backbone.body.model.encoder.layer.6.attention.self.query.bias:lr=1e-05
2026/02/05 17:28:14 - mmengine - INFO - paramwise_options -- language_model.language_backbone.body.model.encoder.layer.6.attention.self.query.bias:weight_decay=0.0001
2026/02/05 17:28:14 - mmengine - INFO - paramwise_options -- language_model.language_backbone.body.model.encoder.layer.6.attention.self.query.bias:lr_mult=0.1
2026/02/05 17:28:14 - mmengine - INFO - paramwise_options -- language_model.language_backbone.body.model.encoder.layer.6.attention.self.key.weight:lr=1e-05
2026/02/05 17:28:14 - mmengine - INFO - paramwise_options -- language_model.language_backbone.body.model.encoder.layer.6.attention.self.key.weight:weight_decay=0.0001
2026/02/05 17:28:14 - mmengine - INFO - paramwise_options -- language_model.language_backbone.body.model.encoder.layer.6.attention.self.key.weight:lr_mult=0.1
2026/02/05 17:28:14 - mmengine - INFO - paramwise_options -- language_model.language_backbone.body.model.encoder.layer.6.attention.self.key.bias:lr=1e-05
2026/02/05 17:28:14 - mmengine - INFO - paramwise_options -- language_model.language_backbone.body.model.encoder.layer.6.attention.self.key.bias:weight_decay=0.0001
2026/02/05 17:28:14 - mmengine - INFO - paramwise_options -- language_model.language_backbone.body.model.encoder.layer.6.attention.self.key.bias:lr_mult=0.1
2026/02/05 17:28:14 - mmengine - INFO - paramwise_options -- language_model.language_backbone.body.model.encoder.layer.6.attention.self.value.weight:lr=1e-05
2026/02/05 17:28:14 - mmengine - INFO - paramwise_options -- language_model.language_backbone.body.model.encoder.layer.6.attention.self.value.weight:weight_decay=0.0001
2026/02/05 17:28:14 - mmengine - INFO - paramwise_options -- language_model.language_backbone.body.model.encoder.layer.6.attention.self.value.weight:lr_mult=0.1
2026/02/05 17:28:14 - mmengine - INFO - paramwise_options -- language_model.language_backbone.body.model.encoder.layer.6.attention.self.value.bias:lr=1e-05
2026/02/05 17:28:14 - mmengine - INFO - paramwise_options -- language_model.language_backbone.body.model.encoder.layer.6.attention.self.value.bias:weight_decay=0.0001
2026/02/05 17:28:14 - mmengine - INFO - paramwise_options -- language_model.language_backbone.body.model.encoder.layer.6.attention.self.value.bias:lr_mult=0.1
2026/02/05 17:28:14 - mmengine - INFO - paramwise_options -- language_model.language_backbone.body.model.encoder.layer.6.attention.output.dense.weight:lr=1e-05
2026/02/05 17:28:14 - mmengine - INFO - paramwise_options -- language_model.language_backbone.body.model.encoder.layer.6.attention.output.dense.weight:weight_decay=0.0001
2026/02/05 17:28:14 - mmengine - INFO - paramwise_options -- language_model.language_backbone.body.model.encoder.layer.6.attention.output.dense.weight:lr_mult=0.1
2026/02/05 17:28:14 - mmengine - INFO - paramwise_options -- language_model.language_backbone.body.model.encoder.layer.6.attention.output.dense.bias:lr=1e-05
2026/02/05 17:28:14 - mmengine - INFO - paramwise_options -- language_model.language_backbone.body.model.encoder.layer.6.attention.output.dense.bias:weight_decay=0.0001
2026/02/05 17:28:14 - mmengine - INFO - paramwise_options -- language_model.language_backbone.body.model.encoder.layer.6.attention.output.dense.bias:lr_mult=0.1
2026/02/05 17:28:14 - mmengine - INFO - paramwise_options -- language_model.language_backbone.body.model.encoder.layer.6.attention.output.LayerNorm.weight:lr=1e-05
2026/02/05 17:28:14 - mmengine - INFO - paramwise_options -- language_model.language_backbone.body.model.encoder.layer.6.attention.output.LayerNorm.weight:weight_decay=0.0001
2026/02/05 17:28:14 - mmengine - INFO - paramwise_options -- language_model.language_backbone.body.model.encoder.layer.6.attention.output.LayerNorm.weight:lr_mult=0.1
2026/02/05 17:28:14 - mmengine - INFO - paramwise_options -- language_model.language_backbone.body.model.encoder.layer.6.attention.output.LayerNorm.bias:lr=1e-05
2026/02/05 17:28:14 - mmengine - INFO - paramwise_options -- language_model.language_backbone.body.model.encoder.layer.6.attention.output.LayerNorm.bias:weight_decay=0.0001
2026/02/05 17:28:14 - mmengine - INFO - paramwise_options -- language_model.language_backbone.body.model.encoder.layer.6.attention.output.LayerNorm.bias:lr_mult=0.1
2026/02/05 17:28:14 - mmengine - INFO - paramwise_options -- language_model.language_backbone.body.model.encoder.layer.6.intermediate.dense.weight:lr=1e-05
2026/02/05 17:28:14 - mmengine - INFO - paramwise_options -- language_model.language_backbone.body.model.encoder.layer.6.intermediate.dense.weight:weight_decay=0.0001
2026/02/05 17:28:14 - mmengine - INFO - paramwise_options -- language_model.language_backbone.body.model.encoder.layer.6.intermediate.dense.weight:lr_mult=0.1
2026/02/05 17:28:14 - mmengine - INFO - paramwise_options -- language_model.language_backbone.body.model.encoder.layer.6.intermediate.dense.bias:lr=1e-05
2026/02/05 17:28:14 - mmengine - INFO - paramwise_options -- language_model.language_backbone.body.model.encoder.layer.6.intermediate.dense.bias:weight_decay=0.0001
2026/02/05 17:28:14 - mmengine - INFO - paramwise_options -- language_model.language_backbone.body.model.encoder.layer.6.intermediate.dense.bias:lr_mult=0.1
2026/02/05 17:28:14 - mmengine - INFO - paramwise_options -- language_model.language_backbone.body.model.encoder.layer.6.output.dense.weight:lr=1e-05
2026/02/05 17:28:14 - mmengine - INFO - paramwise_options -- language_model.language_backbone.body.model.encoder.layer.6.output.dense.weight:weight_decay=0.0001
2026/02/05 17:28:14 - mmengine - INFO - paramwise_options -- language_model.language_backbone.body.model.encoder.layer.6.output.dense.weight:lr_mult=0.1
2026/02/05 17:28:14 - mmengine - INFO - paramwise_options -- language_model.language_backbone.body.model.encoder.layer.6.output.dense.bias:lr=1e-05
2026/02/05 17:28:14 - mmengine - INFO - paramwise_options -- language_model.language_backbone.body.model.encoder.layer.6.output.dense.bias:weight_decay=0.0001
2026/02/05 17:28:14 - mmengine - INFO - paramwise_options -- language_model.language_backbone.body.model.encoder.layer.6.output.dense.bias:lr_mult=0.1
2026/02/05 17:28:14 - mmengine - INFO - paramwise_options -- language_model.language_backbone.body.model.encoder.layer.6.output.LayerNorm.weight:lr=1e-05
2026/02/05 17:28:14 - mmengine - INFO - paramwise_options -- language_model.language_backbone.body.model.encoder.layer.6.output.LayerNorm.weight:weight_decay=0.0001
2026/02/05 17:28:14 - mmengine - INFO - paramwise_options -- language_model.language_backbone.body.model.encoder.layer.6.output.LayerNorm.weight:lr_mult=0.1
2026/02/05 17:28:14 - mmengine - INFO - paramwise_options -- language_model.language_backbone.body.model.encoder.layer.6.output.LayerNorm.bias:lr=1e-05
2026/02/05 17:28:14 - mmengine - INFO - paramwise_options -- language_model.language_backbone.body.model.encoder.layer.6.output.LayerNorm.bias:weight_decay=0.0001
2026/02/05 17:28:14 - mmengine - INFO - paramwise_options -- language_model.language_backbone.body.model.encoder.layer.6.output.LayerNorm.bias:lr_mult=0.1
2026/02/05 17:28:14 - mmengine - INFO - paramwise_options -- language_model.language_backbone.body.model.encoder.layer.7.attention.self.query.weight:lr=1e-05
2026/02/05 17:28:14 - mmengine - INFO - paramwise_options -- language_model.language_backbone.body.model.encoder.layer.7.attention.self.query.weight:weight_decay=0.0001
2026/02/05 17:28:14 - mmengine - INFO - paramwise_options -- language_model.language_backbone.body.model.encoder.layer.7.attention.self.query.weight:lr_mult=0.1
2026/02/05 17:28:14 - mmengine - INFO - paramwise_options -- language_model.language_backbone.body.model.encoder.layer.7.attention.self.query.bias:lr=1e-05
2026/02/05 17:28:14 - mmengine - INFO - paramwise_options -- language_model.language_backbone.body.model.encoder.layer.7.attention.self.query.bias:weight_decay=0.0001
2026/02/05 17:28:14 - mmengine - INFO - paramwise_options -- language_model.language_backbone.body.model.encoder.layer.7.attention.self.query.bias:lr_mult=0.1
2026/02/05 17:28:14 - mmengine - INFO - paramwise_options -- language_model.language_backbone.body.model.encoder.layer.7.attention.self.key.weight:lr=1e-05
2026/02/05 17:28:14 - mmengine - INFO - paramwise_options -- language_model.language_backbone.body.model.encoder.layer.7.attention.self.key.weight:weight_decay=0.0001
2026/02/05 17:28:14 - mmengine - INFO - paramwise_options -- language_model.language_backbone.body.model.encoder.layer.7.attention.self.key.weight:lr_mult=0.1
2026/02/05 17:28:14 - mmengine - INFO - paramwise_options -- language_model.language_backbone.body.model.encoder.layer.7.attention.self.key.bias:lr=1e-05
2026/02/05 17:28:14 - mmengine - INFO - paramwise_options -- language_model.language_backbone.body.model.encoder.layer.7.attention.self.key.bias:weight_decay=0.0001
2026/02/05 17:28:14 - mmengine - INFO - paramwise_options -- language_model.language_backbone.body.model.encoder.layer.7.attention.self.key.bias:lr_mult=0.1
2026/02/05 17:28:14 - mmengine - INFO - paramwise_options -- language_model.language_backbone.body.model.encoder.layer.7.attention.self.value.weight:lr=1e-05
2026/02/05 17:28:14 - mmengine - INFO - paramwise_options -- language_model.language_backbone.body.model.encoder.layer.7.attention.self.value.weight:weight_decay=0.0001
2026/02/05 17:28:14 - mmengine - INFO - paramwise_options -- language_model.language_backbone.body.model.encoder.layer.7.attention.self.value.weight:lr_mult=0.1
2026/02/05 17:28:14 - mmengine - INFO - paramwise_options -- language_model.language_backbone.body.model.encoder.layer.7.attention.self.value.bias:lr=1e-05
2026/02/05 17:28:14 - mmengine - INFO - paramwise_options -- language_model.language_backbone.body.model.encoder.layer.7.attention.self.value.bias:weight_decay=0.0001
2026/02/05 17:28:14 - mmengine - INFO - paramwise_options -- language_model.language_backbone.body.model.encoder.layer.7.attention.self.value.bias:lr_mult=0.1
2026/02/05 17:28:14 - mmengine - INFO - paramwise_options -- language_model.language_backbone.body.model.encoder.layer.7.attention.output.dense.weight:lr=1e-05
2026/02/05 17:28:14 - mmengine - INFO - paramwise_options -- language_model.language_backbone.body.model.encoder.layer.7.attention.output.dense.weight:weight_decay=0.0001
2026/02/05 17:28:14 - mmengine - INFO - paramwise_options -- language_model.language_backbone.body.model.encoder.layer.7.attention.output.dense.weight:lr_mult=0.1
2026/02/05 17:28:14 - mmengine - INFO - paramwise_options -- language_model.language_backbone.body.model.encoder.layer.7.attention.output.dense.bias:lr=1e-05
2026/02/05 17:28:14 - mmengine - INFO - paramwise_options -- language_model.language_backbone.body.model.encoder.layer.7.attention.output.dense.bias:weight_decay=0.0001
2026/02/05 17:28:14 - mmengine - INFO - paramwise_options -- language_model.language_backbone.body.model.encoder.layer.7.attention.output.dense.bias:lr_mult=0.1
2026/02/05 17:28:14 - mmengine - INFO - paramwise_options -- language_model.language_backbone.body.model.encoder.layer.7.attention.output.LayerNorm.weight:lr=1e-05
2026/02/05 17:28:14 - mmengine - INFO - paramwise_options -- language_model.language_backbone.body.model.encoder.layer.7.attention.output.LayerNorm.weight:weight_decay=0.0001
2026/02/05 17:28:14 - mmengine - INFO - paramwise_options -- language_model.language_backbone.body.model.encoder.layer.7.attention.output.LayerNorm.weight:lr_mult=0.1
2026/02/05 17:28:14 - mmengine - INFO - paramwise_options -- language_model.language_backbone.body.model.encoder.layer.7.attention.output.LayerNorm.bias:lr=1e-05
2026/02/05 17:28:14 - mmengine - INFO - paramwise_options -- language_model.language_backbone.body.model.encoder.layer.7.attention.output.LayerNorm.bias:weight_decay=0.0001
2026/02/05 17:28:14 - mmengine - INFO - paramwise_options -- language_model.language_backbone.body.model.encoder.layer.7.attention.output.LayerNorm.bias:lr_mult=0.1
2026/02/05 17:28:14 - mmengine - INFO - paramwise_options -- language_model.language_backbone.body.model.encoder.layer.7.intermediate.dense.weight:lr=1e-05
2026/02/05 17:28:14 - mmengine - INFO - paramwise_options -- language_model.language_backbone.body.model.encoder.layer.7.intermediate.dense.weight:weight_decay=0.0001
2026/02/05 17:28:14 - mmengine - INFO - paramwise_options -- language_model.language_backbone.body.model.encoder.layer.7.intermediate.dense.weight:lr_mult=0.1
2026/02/05 17:28:14 - mmengine - INFO - paramwise_options -- language_model.language_backbone.body.model.encoder.layer.7.intermediate.dense.bias:lr=1e-05
2026/02/05 17:28:14 - mmengine - INFO - paramwise_options -- language_model.language_backbone.body.model.encoder.layer.7.intermediate.dense.bias:weight_decay=0.0001
2026/02/05 17:28:14 - mmengine - INFO - paramwise_options -- language_model.language_backbone.body.model.encoder.layer.7.intermediate.dense.bias:lr_mult=0.1
2026/02/05 17:28:14 - mmengine - INFO - paramwise_options -- language_model.language_backbone.body.model.encoder.layer.7.output.dense.weight:lr=1e-05
2026/02/05 17:28:14 - mmengine - INFO - paramwise_options -- language_model.language_backbone.body.model.encoder.layer.7.output.dense.weight:weight_decay=0.0001
2026/02/05 17:28:14 - mmengine - INFO - paramwise_options -- language_model.language_backbone.body.model.encoder.layer.7.output.dense.weight:lr_mult=0.1
2026/02/05 17:28:14 - mmengine - INFO - paramwise_options -- language_model.language_backbone.body.model.encoder.layer.7.output.dense.bias:lr=1e-05
2026/02/05 17:28:14 - mmengine - INFO - paramwise_options -- language_model.language_backbone.body.model.encoder.layer.7.output.dense.bias:weight_decay=0.0001
2026/02/05 17:28:14 - mmengine - INFO - paramwise_options -- language_model.language_backbone.body.model.encoder.layer.7.output.dense.bias:lr_mult=0.1
2026/02/05 17:28:14 - mmengine - INFO - paramwise_options -- language_model.language_backbone.body.model.encoder.layer.7.output.LayerNorm.weight:lr=1e-05
2026/02/05 17:28:14 - mmengine - INFO - paramwise_options -- language_model.language_backbone.body.model.encoder.layer.7.output.LayerNorm.weight:weight_decay=0.0001
2026/02/05 17:28:14 - mmengine - INFO - paramwise_options -- language_model.language_backbone.body.model.encoder.layer.7.output.LayerNorm.weight:lr_mult=0.1
2026/02/05 17:28:14 - mmengine - INFO - paramwise_options -- language_model.language_backbone.body.model.encoder.layer.7.output.LayerNorm.bias:lr=1e-05
2026/02/05 17:28:14 - mmengine - INFO - paramwise_options -- language_model.language_backbone.body.model.encoder.layer.7.output.LayerNorm.bias:weight_decay=0.0001
2026/02/05 17:28:14 - mmengine - INFO - paramwise_options -- language_model.language_backbone.body.model.encoder.layer.7.output.LayerNorm.bias:lr_mult=0.1
2026/02/05 17:28:14 - mmengine - INFO - paramwise_options -- language_model.language_backbone.body.model.encoder.layer.8.attention.self.query.weight:lr=1e-05
2026/02/05 17:28:14 - mmengine - INFO - paramwise_options -- language_model.language_backbone.body.model.encoder.layer.8.attention.self.query.weight:weight_decay=0.0001
2026/02/05 17:28:14 - mmengine - INFO - paramwise_options -- language_model.language_backbone.body.model.encoder.layer.8.attention.self.query.weight:lr_mult=0.1
2026/02/05 17:28:14 - mmengine - INFO - paramwise_options -- language_model.language_backbone.body.model.encoder.layer.8.attention.self.query.bias:lr=1e-05
2026/02/05 17:28:14 - mmengine - INFO - paramwise_options -- language_model.language_backbone.body.model.encoder.layer.8.attention.self.query.bias:weight_decay=0.0001
2026/02/05 17:28:14 - mmengine - INFO - paramwise_options -- language_model.language_backbone.body.model.encoder.layer.8.attention.self.query.bias:lr_mult=0.1
2026/02/05 17:28:14 - mmengine - INFO - paramwise_options -- language_model.language_backbone.body.model.encoder.layer.8.attention.self.key.weight:lr=1e-05
2026/02/05 17:28:14 - mmengine - INFO - paramwise_options -- language_model.language_backbone.body.model.encoder.layer.8.attention.self.key.weight:weight_decay=0.0001
2026/02/05 17:28:14 - mmengine - INFO - paramwise_options -- language_model.language_backbone.body.model.encoder.layer.8.attention.self.key.weight:lr_mult=0.1
2026/02/05 17:28:14 - mmengine - INFO - paramwise_options -- language_model.language_backbone.body.model.encoder.layer.8.attention.self.key.bias:lr=1e-05
2026/02/05 17:28:14 - mmengine - INFO - paramwise_options -- language_model.language_backbone.body.model.encoder.layer.8.attention.self.key.bias:weight_decay=0.0001
2026/02/05 17:28:14 - mmengine - INFO - paramwise_options -- language_model.language_backbone.body.model.encoder.layer.8.attention.self.key.bias:lr_mult=0.1
2026/02/05 17:28:14 - mmengine - INFO - paramwise_options -- language_model.language_backbone.body.model.encoder.layer.8.attention.self.value.weight:lr=1e-05
2026/02/05 17:28:14 - mmengine - INFO - paramwise_options -- language_model.language_backbone.body.model.encoder.layer.8.attention.self.value.weight:weight_decay=0.0001
2026/02/05 17:28:14 - mmengine - INFO - paramwise_options -- language_model.language_backbone.body.model.encoder.layer.8.attention.self.value.weight:lr_mult=0.1
2026/02/05 17:28:14 - mmengine - INFO - paramwise_options -- language_model.language_backbone.body.model.encoder.layer.8.attention.self.value.bias:lr=1e-05
2026/02/05 17:28:14 - mmengine - INFO - paramwise_options -- language_model.language_backbone.body.model.encoder.layer.8.attention.self.value.bias:weight_decay=0.0001
2026/02/05 17:28:14 - mmengine - INFO - paramwise_options -- language_model.language_backbone.body.model.encoder.layer.8.attention.self.value.bias:lr_mult=0.1
2026/02/05 17:28:14 - mmengine - INFO - paramwise_options -- language_model.language_backbone.body.model.encoder.layer.8.attention.output.dense.weight:lr=1e-05
2026/02/05 17:28:14 - mmengine - INFO - paramwise_options -- language_model.language_backbone.body.model.encoder.layer.8.attention.output.dense.weight:weight_decay=0.0001
2026/02/05 17:28:14 - mmengine - INFO - paramwise_options -- language_model.language_backbone.body.model.encoder.layer.8.attention.output.dense.weight:lr_mult=0.1
2026/02/05 17:28:14 - mmengine - INFO - paramwise_options -- language_model.language_backbone.body.model.encoder.layer.8.attention.output.dense.bias:lr=1e-05
2026/02/05 17:28:14 - mmengine - INFO - paramwise_options -- language_model.language_backbone.body.model.encoder.layer.8.attention.output.dense.bias:weight_decay=0.0001
2026/02/05 17:28:14 - mmengine - INFO - paramwise_options -- language_model.language_backbone.body.model.encoder.layer.8.attention.output.dense.bias:lr_mult=0.1
2026/02/05 17:28:14 - mmengine - INFO - paramwise_options -- language_model.language_backbone.body.model.encoder.layer.8.attention.output.LayerNorm.weight:lr=1e-05
2026/02/05 17:28:14 - mmengine - INFO - paramwise_options -- language_model.language_backbone.body.model.encoder.layer.8.attention.output.LayerNorm.weight:weight_decay=0.0001
2026/02/05 17:28:14 - mmengine - INFO - paramwise_options -- language_model.language_backbone.body.model.encoder.layer.8.attention.output.LayerNorm.weight:lr_mult=0.1
2026/02/05 17:28:14 - mmengine - INFO - paramwise_options -- language_model.language_backbone.body.model.encoder.layer.8.attention.output.LayerNorm.bias:lr=1e-05
2026/02/05 17:28:14 - mmengine - INFO - paramwise_options -- language_model.language_backbone.body.model.encoder.layer.8.attention.output.LayerNorm.bias:weight_decay=0.0001
2026/02/05 17:28:14 - mmengine - INFO - paramwise_options -- language_model.language_backbone.body.model.encoder.layer.8.attention.output.LayerNorm.bias:lr_mult=0.1
2026/02/05 17:28:14 - mmengine - INFO - paramwise_options -- language_model.language_backbone.body.model.encoder.layer.8.intermediate.dense.weight:lr=1e-05
2026/02/05 17:28:14 - mmengine - INFO - paramwise_options -- language_model.language_backbone.body.model.encoder.layer.8.intermediate.dense.weight:weight_decay=0.0001
2026/02/05 17:28:14 - mmengine - INFO - paramwise_options -- language_model.language_backbone.body.model.encoder.layer.8.intermediate.dense.weight:lr_mult=0.1
2026/02/05 17:28:14 - mmengine - INFO - paramwise_options -- language_model.language_backbone.body.model.encoder.layer.8.intermediate.dense.bias:lr=1e-05
2026/02/05 17:28:14 - mmengine - INFO - paramwise_options -- language_model.language_backbone.body.model.encoder.layer.8.intermediate.dense.bias:weight_decay=0.0001
2026/02/05 17:28:14 - mmengine - INFO - paramwise_options -- language_model.language_backbone.body.model.encoder.layer.8.intermediate.dense.bias:lr_mult=0.1
2026/02/05 17:28:14 - mmengine - INFO - paramwise_options -- language_model.language_backbone.body.model.encoder.layer.8.output.dense.weight:lr=1e-05
2026/02/05 17:28:14 - mmengine - INFO - paramwise_options -- language_model.language_backbone.body.model.encoder.layer.8.output.dense.weight:weight_decay=0.0001
2026/02/05 17:28:14 - mmengine - INFO - paramwise_options -- language_model.language_backbone.body.model.encoder.layer.8.output.dense.weight:lr_mult=0.1
2026/02/05 17:28:14 - mmengine - INFO - paramwise_options -- language_model.language_backbone.body.model.encoder.layer.8.output.dense.bias:lr=1e-05
2026/02/05 17:28:14 - mmengine - INFO - paramwise_options -- language_model.language_backbone.body.model.encoder.layer.8.output.dense.bias:weight_decay=0.0001
2026/02/05 17:28:14 - mmengine - INFO - paramwise_options -- language_model.language_backbone.body.model.encoder.layer.8.output.dense.bias:lr_mult=0.1
2026/02/05 17:28:14 - mmengine - INFO - paramwise_options -- language_model.language_backbone.body.model.encoder.layer.8.output.LayerNorm.weight:lr=1e-05
2026/02/05 17:28:14 - mmengine - INFO - paramwise_options -- language_model.language_backbone.body.model.encoder.layer.8.output.LayerNorm.weight:weight_decay=0.0001
2026/02/05 17:28:14 - mmengine - INFO - paramwise_options -- language_model.language_backbone.body.model.encoder.layer.8.output.LayerNorm.weight:lr_mult=0.1
2026/02/05 17:28:14 - mmengine - INFO - paramwise_options -- language_model.language_backbone.body.model.encoder.layer.8.output.LayerNorm.bias:lr=1e-05
2026/02/05 17:28:14 - mmengine - INFO - paramwise_options -- language_model.language_backbone.body.model.encoder.layer.8.output.LayerNorm.bias:weight_decay=0.0001
2026/02/05 17:28:14 - mmengine - INFO - paramwise_options -- language_model.language_backbone.body.model.encoder.layer.8.output.LayerNorm.bias:lr_mult=0.1
2026/02/05 17:28:14 - mmengine - INFO - paramwise_options -- language_model.language_backbone.body.model.encoder.layer.9.attention.self.query.weight:lr=1e-05
2026/02/05 17:28:14 - mmengine - INFO - paramwise_options -- language_model.language_backbone.body.model.encoder.layer.9.attention.self.query.weight:weight_decay=0.0001
2026/02/05 17:28:14 - mmengine - INFO - paramwise_options -- language_model.language_backbone.body.model.encoder.layer.9.attention.self.query.weight:lr_mult=0.1
2026/02/05 17:28:14 - mmengine - INFO - paramwise_options -- language_model.language_backbone.body.model.encoder.layer.9.attention.self.query.bias:lr=1e-05
2026/02/05 17:28:14 - mmengine - INFO - paramwise_options -- language_model.language_backbone.body.model.encoder.layer.9.attention.self.query.bias:weight_decay=0.0001
2026/02/05 17:28:14 - mmengine - INFO - paramwise_options -- language_model.language_backbone.body.model.encoder.layer.9.attention.self.query.bias:lr_mult=0.1
2026/02/05 17:28:14 - mmengine - INFO - paramwise_options -- language_model.language_backbone.body.model.encoder.layer.9.attention.self.key.weight:lr=1e-05
2026/02/05 17:28:14 - mmengine - INFO - paramwise_options -- language_model.language_backbone.body.model.encoder.layer.9.attention.self.key.weight:weight_decay=0.0001
2026/02/05 17:28:14 - mmengine - INFO - paramwise_options -- language_model.language_backbone.body.model.encoder.layer.9.attention.self.key.weight:lr_mult=0.1
2026/02/05 17:28:14 - mmengine - INFO - paramwise_options -- language_model.language_backbone.body.model.encoder.layer.9.attention.self.key.bias:lr=1e-05
2026/02/05 17:28:14 - mmengine - INFO - paramwise_options -- language_model.language_backbone.body.model.encoder.layer.9.attention.self.key.bias:weight_decay=0.0001
2026/02/05 17:28:14 - mmengine - INFO - paramwise_options -- language_model.language_backbone.body.model.encoder.layer.9.attention.self.key.bias:lr_mult=0.1
2026/02/05 17:28:14 - mmengine - INFO - paramwise_options -- language_model.language_backbone.body.model.encoder.layer.9.attention.self.value.weight:lr=1e-05
2026/02/05 17:28:14 - mmengine - INFO - paramwise_options -- language_model.language_backbone.body.model.encoder.layer.9.attention.self.value.weight:weight_decay=0.0001
2026/02/05 17:28:14 - mmengine - INFO - paramwise_options -- language_model.language_backbone.body.model.encoder.layer.9.attention.self.value.weight:lr_mult=0.1
2026/02/05 17:28:14 - mmengine - INFO - paramwise_options -- language_model.language_backbone.body.model.encoder.layer.9.attention.self.value.bias:lr=1e-05
2026/02/05 17:28:14 - mmengine - INFO - paramwise_options -- language_model.language_backbone.body.model.encoder.layer.9.attention.self.value.bias:weight_decay=0.0001
2026/02/05 17:28:14 - mmengine - INFO - paramwise_options -- language_model.language_backbone.body.model.encoder.layer.9.attention.self.value.bias:lr_mult=0.1
2026/02/05 17:28:14 - mmengine - INFO - paramwise_options -- language_model.language_backbone.body.model.encoder.layer.9.attention.output.dense.weight:lr=1e-05
2026/02/05 17:28:14 - mmengine - INFO - paramwise_options -- language_model.language_backbone.body.model.encoder.layer.9.attention.output.dense.weight:weight_decay=0.0001
2026/02/05 17:28:14 - mmengine - INFO - paramwise_options -- language_model.language_backbone.body.model.encoder.layer.9.attention.output.dense.weight:lr_mult=0.1
2026/02/05 17:28:14 - mmengine - INFO - paramwise_options -- language_model.language_backbone.body.model.encoder.layer.9.attention.output.dense.bias:lr=1e-05
2026/02/05 17:28:14 - mmengine - INFO - paramwise_options -- language_model.language_backbone.body.model.encoder.layer.9.attention.output.dense.bias:weight_decay=0.0001
2026/02/05 17:28:14 - mmengine - INFO - paramwise_options -- language_model.language_backbone.body.model.encoder.layer.9.attention.output.dense.bias:lr_mult=0.1
2026/02/05 17:28:14 - mmengine - INFO - paramwise_options -- language_model.language_backbone.body.model.encoder.layer.9.attention.output.LayerNorm.weight:lr=1e-05
2026/02/05 17:28:14 - mmengine - INFO - paramwise_options -- language_model.language_backbone.body.model.encoder.layer.9.attention.output.LayerNorm.weight:weight_decay=0.0001
2026/02/05 17:28:14 - mmengine - INFO - paramwise_options -- language_model.language_backbone.body.model.encoder.layer.9.attention.output.LayerNorm.weight:lr_mult=0.1
2026/02/05 17:28:14 - mmengine - INFO - paramwise_options -- language_model.language_backbone.body.model.encoder.layer.9.attention.output.LayerNorm.bias:lr=1e-05
2026/02/05 17:28:14 - mmengine - INFO - paramwise_options -- language_model.language_backbone.body.model.encoder.layer.9.attention.output.LayerNorm.bias:weight_decay=0.0001
2026/02/05 17:28:14 - mmengine - INFO - paramwise_options -- language_model.language_backbone.body.model.encoder.layer.9.attention.output.LayerNorm.bias:lr_mult=0.1
2026/02/05 17:28:14 - mmengine - INFO - paramwise_options -- language_model.language_backbone.body.model.encoder.layer.9.intermediate.dense.weight:lr=1e-05
2026/02/05 17:28:14 - mmengine - INFO - paramwise_options -- language_model.language_backbone.body.model.encoder.layer.9.intermediate.dense.weight:weight_decay=0.0001
2026/02/05 17:28:14 - mmengine - INFO - paramwise_options -- language_model.language_backbone.body.model.encoder.layer.9.intermediate.dense.weight:lr_mult=0.1
2026/02/05 17:28:14 - mmengine - INFO - paramwise_options -- language_model.language_backbone.body.model.encoder.layer.9.intermediate.dense.bias:lr=1e-05
2026/02/05 17:28:14 - mmengine - INFO - paramwise_options -- language_model.language_backbone.body.model.encoder.layer.9.intermediate.dense.bias:weight_decay=0.0001
2026/02/05 17:28:14 - mmengine - INFO - paramwise_options -- language_model.language_backbone.body.model.encoder.layer.9.intermediate.dense.bias:lr_mult=0.1
2026/02/05 17:28:14 - mmengine - INFO - paramwise_options -- language_model.language_backbone.body.model.encoder.layer.9.output.dense.weight:lr=1e-05
2026/02/05 17:28:14 - mmengine - INFO - paramwise_options -- language_model.language_backbone.body.model.encoder.layer.9.output.dense.weight:weight_decay=0.0001
2026/02/05 17:28:14 - mmengine - INFO - paramwise_options -- language_model.language_backbone.body.model.encoder.layer.9.output.dense.weight:lr_mult=0.1
2026/02/05 17:28:14 - mmengine - INFO - paramwise_options -- language_model.language_backbone.body.model.encoder.layer.9.output.dense.bias:lr=1e-05
2026/02/05 17:28:14 - mmengine - INFO - paramwise_options -- language_model.language_backbone.body.model.encoder.layer.9.output.dense.bias:weight_decay=0.0001
2026/02/05 17:28:14 - mmengine - INFO - paramwise_options -- language_model.language_backbone.body.model.encoder.layer.9.output.dense.bias:lr_mult=0.1
2026/02/05 17:28:14 - mmengine - INFO - paramwise_options -- language_model.language_backbone.body.model.encoder.layer.9.output.LayerNorm.weight:lr=1e-05
2026/02/05 17:28:14 - mmengine - INFO - paramwise_options -- language_model.language_backbone.body.model.encoder.layer.9.output.LayerNorm.weight:weight_decay=0.0001
2026/02/05 17:28:14 - mmengine - INFO - paramwise_options -- language_model.language_backbone.body.model.encoder.layer.9.output.LayerNorm.weight:lr_mult=0.1
2026/02/05 17:28:14 - mmengine - INFO - paramwise_options -- language_model.language_backbone.body.model.encoder.layer.9.output.LayerNorm.bias:lr=1e-05
2026/02/05 17:28:14 - mmengine - INFO - paramwise_options -- language_model.language_backbone.body.model.encoder.layer.9.output.LayerNorm.bias:weight_decay=0.0001
2026/02/05 17:28:14 - mmengine - INFO - paramwise_options -- language_model.language_backbone.body.model.encoder.layer.9.output.LayerNorm.bias:lr_mult=0.1
2026/02/05 17:28:14 - mmengine - INFO - paramwise_options -- language_model.language_backbone.body.model.encoder.layer.10.attention.self.query.weight:lr=1e-05
2026/02/05 17:28:14 - mmengine - INFO - paramwise_options -- language_model.language_backbone.body.model.encoder.layer.10.attention.self.query.weight:weight_decay=0.0001
2026/02/05 17:28:14 - mmengine - INFO - paramwise_options -- language_model.language_backbone.body.model.encoder.layer.10.attention.self.query.weight:lr_mult=0.1
2026/02/05 17:28:14 - mmengine - INFO - paramwise_options -- language_model.language_backbone.body.model.encoder.layer.10.attention.self.query.bias:lr=1e-05
2026/02/05 17:28:14 - mmengine - INFO - paramwise_options -- language_model.language_backbone.body.model.encoder.layer.10.attention.self.query.bias:weight_decay=0.0001
2026/02/05 17:28:14 - mmengine - INFO - paramwise_options -- language_model.language_backbone.body.model.encoder.layer.10.attention.self.query.bias:lr_mult=0.1
2026/02/05 17:28:14 - mmengine - INFO - paramwise_options -- language_model.language_backbone.body.model.encoder.layer.10.attention.self.key.weight:lr=1e-05
2026/02/05 17:28:14 - mmengine - INFO - paramwise_options -- language_model.language_backbone.body.model.encoder.layer.10.attention.self.key.weight:weight_decay=0.0001
2026/02/05 17:28:14 - mmengine - INFO - paramwise_options -- language_model.language_backbone.body.model.encoder.layer.10.attention.self.key.weight:lr_mult=0.1
2026/02/05 17:28:14 - mmengine - INFO - paramwise_options -- language_model.language_backbone.body.model.encoder.layer.10.attention.self.key.bias:lr=1e-05
2026/02/05 17:28:14 - mmengine - INFO - paramwise_options -- language_model.language_backbone.body.model.encoder.layer.10.attention.self.key.bias:weight_decay=0.0001
2026/02/05 17:28:14 - mmengine - INFO - paramwise_options -- language_model.language_backbone.body.model.encoder.layer.10.attention.self.key.bias:lr_mult=0.1
2026/02/05 17:28:14 - mmengine - INFO - paramwise_options -- language_model.language_backbone.body.model.encoder.layer.10.attention.self.value.weight:lr=1e-05
2026/02/05 17:28:14 - mmengine - INFO - paramwise_options -- language_model.language_backbone.body.model.encoder.layer.10.attention.self.value.weight:weight_decay=0.0001
2026/02/05 17:28:14 - mmengine - INFO - paramwise_options -- language_model.language_backbone.body.model.encoder.layer.10.attention.self.value.weight:lr_mult=0.1
2026/02/05 17:28:14 - mmengine - INFO - paramwise_options -- language_model.language_backbone.body.model.encoder.layer.10.attention.self.value.bias:lr=1e-05
2026/02/05 17:28:14 - mmengine - INFO - paramwise_options -- language_model.language_backbone.body.model.encoder.layer.10.attention.self.value.bias:weight_decay=0.0001
2026/02/05 17:28:14 - mmengine - INFO - paramwise_options -- language_model.language_backbone.body.model.encoder.layer.10.attention.self.value.bias:lr_mult=0.1
2026/02/05 17:28:14 - mmengine - INFO - paramwise_options -- language_model.language_backbone.body.model.encoder.layer.10.attention.output.dense.weight:lr=1e-05
2026/02/05 17:28:14 - mmengine - INFO - paramwise_options -- language_model.language_backbone.body.model.encoder.layer.10.attention.output.dense.weight:weight_decay=0.0001
2026/02/05 17:28:14 - mmengine - INFO - paramwise_options -- language_model.language_backbone.body.model.encoder.layer.10.attention.output.dense.weight:lr_mult=0.1
2026/02/05 17:28:14 - mmengine - INFO - paramwise_options -- language_model.language_backbone.body.model.encoder.layer.10.attention.output.dense.bias:lr=1e-05
2026/02/05 17:28:14 - mmengine - INFO - paramwise_options -- language_model.language_backbone.body.model.encoder.layer.10.attention.output.dense.bias:weight_decay=0.0001
2026/02/05 17:28:14 - mmengine - INFO - paramwise_options -- language_model.language_backbone.body.model.encoder.layer.10.attention.output.dense.bias:lr_mult=0.1
2026/02/05 17:28:14 - mmengine - INFO - paramwise_options -- language_model.language_backbone.body.model.encoder.layer.10.attention.output.LayerNorm.weight:lr=1e-05
2026/02/05 17:28:14 - mmengine - INFO - paramwise_options -- language_model.language_backbone.body.model.encoder.layer.10.attention.output.LayerNorm.weight:weight_decay=0.0001
2026/02/05 17:28:14 - mmengine - INFO - paramwise_options -- language_model.language_backbone.body.model.encoder.layer.10.attention.output.LayerNorm.weight:lr_mult=0.1
2026/02/05 17:28:14 - mmengine - INFO - paramwise_options -- language_model.language_backbone.body.model.encoder.layer.10.attention.output.LayerNorm.bias:lr=1e-05
2026/02/05 17:28:14 - mmengine - INFO - paramwise_options -- language_model.language_backbone.body.model.encoder.layer.10.attention.output.LayerNorm.bias:weight_decay=0.0001
2026/02/05 17:28:14 - mmengine - INFO - paramwise_options -- language_model.language_backbone.body.model.encoder.layer.10.attention.output.LayerNorm.bias:lr_mult=0.1
2026/02/05 17:28:14 - mmengine - INFO - paramwise_options -- language_model.language_backbone.body.model.encoder.layer.10.intermediate.dense.weight:lr=1e-05
2026/02/05 17:28:14 - mmengine - INFO - paramwise_options -- language_model.language_backbone.body.model.encoder.layer.10.intermediate.dense.weight:weight_decay=0.0001
2026/02/05 17:28:14 - mmengine - INFO - paramwise_options -- language_model.language_backbone.body.model.encoder.layer.10.intermediate.dense.weight:lr_mult=0.1
2026/02/05 17:28:14 - mmengine - INFO - paramwise_options -- language_model.language_backbone.body.model.encoder.layer.10.intermediate.dense.bias:lr=1e-05
2026/02/05 17:28:14 - mmengine - INFO - paramwise_options -- language_model.language_backbone.body.model.encoder.layer.10.intermediate.dense.bias:weight_decay=0.0001
2026/02/05 17:28:14 - mmengine - INFO - paramwise_options -- language_model.language_backbone.body.model.encoder.layer.10.intermediate.dense.bias:lr_mult=0.1
2026/02/05 17:28:14 - mmengine - INFO - paramwise_options -- language_model.language_backbone.body.model.encoder.layer.10.output.dense.weight:lr=1e-05
2026/02/05 17:28:14 - mmengine - INFO - paramwise_options -- language_model.language_backbone.body.model.encoder.layer.10.output.dense.weight:weight_decay=0.0001
2026/02/05 17:28:14 - mmengine - INFO - paramwise_options -- language_model.language_backbone.body.model.encoder.layer.10.output.dense.weight:lr_mult=0.1
2026/02/05 17:28:14 - mmengine - INFO - paramwise_options -- language_model.language_backbone.body.model.encoder.layer.10.output.dense.bias:lr=1e-05
2026/02/05 17:28:14 - mmengine - INFO - paramwise_options -- language_model.language_backbone.body.model.encoder.layer.10.output.dense.bias:weight_decay=0.0001
2026/02/05 17:28:14 - mmengine - INFO - paramwise_options -- language_model.language_backbone.body.model.encoder.layer.10.output.dense.bias:lr_mult=0.1
2026/02/05 17:28:14 - mmengine - INFO - paramwise_options -- language_model.language_backbone.body.model.encoder.layer.10.output.LayerNorm.weight:lr=1e-05
2026/02/05 17:28:14 - mmengine - INFO - paramwise_options -- language_model.language_backbone.body.model.encoder.layer.10.output.LayerNorm.weight:weight_decay=0.0001
2026/02/05 17:28:14 - mmengine - INFO - paramwise_options -- language_model.language_backbone.body.model.encoder.layer.10.output.LayerNorm.weight:lr_mult=0.1
2026/02/05 17:28:14 - mmengine - INFO - paramwise_options -- language_model.language_backbone.body.model.encoder.layer.10.output.LayerNorm.bias:lr=1e-05
2026/02/05 17:28:14 - mmengine - INFO - paramwise_options -- language_model.language_backbone.body.model.encoder.layer.10.output.LayerNorm.bias:weight_decay=0.0001
2026/02/05 17:28:14 - mmengine - INFO - paramwise_options -- language_model.language_backbone.body.model.encoder.layer.10.output.LayerNorm.bias:lr_mult=0.1
2026/02/05 17:28:14 - mmengine - INFO - paramwise_options -- language_model.language_backbone.body.model.encoder.layer.11.attention.self.query.weight:lr=1e-05
2026/02/05 17:28:14 - mmengine - INFO - paramwise_options -- language_model.language_backbone.body.model.encoder.layer.11.attention.self.query.weight:weight_decay=0.0001
2026/02/05 17:28:14 - mmengine - INFO - paramwise_options -- language_model.language_backbone.body.model.encoder.layer.11.attention.self.query.weight:lr_mult=0.1
2026/02/05 17:28:14 - mmengine - INFO - paramwise_options -- language_model.language_backbone.body.model.encoder.layer.11.attention.self.query.bias:lr=1e-05
2026/02/05 17:28:14 - mmengine - INFO - paramwise_options -- language_model.language_backbone.body.model.encoder.layer.11.attention.self.query.bias:weight_decay=0.0001
2026/02/05 17:28:14 - mmengine - INFO - paramwise_options -- language_model.language_backbone.body.model.encoder.layer.11.attention.self.query.bias:lr_mult=0.1
2026/02/05 17:28:14 - mmengine - INFO - paramwise_options -- language_model.language_backbone.body.model.encoder.layer.11.attention.self.key.weight:lr=1e-05
2026/02/05 17:28:14 - mmengine - INFO - paramwise_options -- language_model.language_backbone.body.model.encoder.layer.11.attention.self.key.weight:weight_decay=0.0001
2026/02/05 17:28:14 - mmengine - INFO - paramwise_options -- language_model.language_backbone.body.model.encoder.layer.11.attention.self.key.weight:lr_mult=0.1
2026/02/05 17:28:14 - mmengine - INFO - paramwise_options -- language_model.language_backbone.body.model.encoder.layer.11.attention.self.key.bias:lr=1e-05
2026/02/05 17:28:14 - mmengine - INFO - paramwise_options -- language_model.language_backbone.body.model.encoder.layer.11.attention.self.key.bias:weight_decay=0.0001
2026/02/05 17:28:14 - mmengine - INFO - paramwise_options -- language_model.language_backbone.body.model.encoder.layer.11.attention.self.key.bias:lr_mult=0.1
2026/02/05 17:28:14 - mmengine - INFO - paramwise_options -- language_model.language_backbone.body.model.encoder.layer.11.attention.self.value.weight:lr=1e-05
2026/02/05 17:28:14 - mmengine - INFO - paramwise_options -- language_model.language_backbone.body.model.encoder.layer.11.attention.self.value.weight:weight_decay=0.0001
2026/02/05 17:28:14 - mmengine - INFO - paramwise_options -- language_model.language_backbone.body.model.encoder.layer.11.attention.self.value.weight:lr_mult=0.1
2026/02/05 17:28:14 - mmengine - INFO - paramwise_options -- language_model.language_backbone.body.model.encoder.layer.11.attention.self.value.bias:lr=1e-05
2026/02/05 17:28:14 - mmengine - INFO - paramwise_options -- language_model.language_backbone.body.model.encoder.layer.11.attention.self.value.bias:weight_decay=0.0001
2026/02/05 17:28:14 - mmengine - INFO - paramwise_options -- language_model.language_backbone.body.model.encoder.layer.11.attention.self.value.bias:lr_mult=0.1
2026/02/05 17:28:14 - mmengine - INFO - paramwise_options -- language_model.language_backbone.body.model.encoder.layer.11.attention.output.dense.weight:lr=1e-05
2026/02/05 17:28:14 - mmengine - INFO - paramwise_options -- language_model.language_backbone.body.model.encoder.layer.11.attention.output.dense.weight:weight_decay=0.0001
2026/02/05 17:28:14 - mmengine - INFO - paramwise_options -- language_model.language_backbone.body.model.encoder.layer.11.attention.output.dense.weight:lr_mult=0.1
2026/02/05 17:28:14 - mmengine - INFO - paramwise_options -- language_model.language_backbone.body.model.encoder.layer.11.attention.output.dense.bias:lr=1e-05
2026/02/05 17:28:14 - mmengine - INFO - paramwise_options -- language_model.language_backbone.body.model.encoder.layer.11.attention.output.dense.bias:weight_decay=0.0001
2026/02/05 17:28:14 - mmengine - INFO - paramwise_options -- language_model.language_backbone.body.model.encoder.layer.11.attention.output.dense.bias:lr_mult=0.1
2026/02/05 17:28:14 - mmengine - INFO - paramwise_options -- language_model.language_backbone.body.model.encoder.layer.11.attention.output.LayerNorm.weight:lr=1e-05
2026/02/05 17:28:14 - mmengine - INFO - paramwise_options -- language_model.language_backbone.body.model.encoder.layer.11.attention.output.LayerNorm.weight:weight_decay=0.0001
2026/02/05 17:28:14 - mmengine - INFO - paramwise_options -- language_model.language_backbone.body.model.encoder.layer.11.attention.output.LayerNorm.weight:lr_mult=0.1
2026/02/05 17:28:14 - mmengine - INFO - paramwise_options -- language_model.language_backbone.body.model.encoder.layer.11.attention.output.LayerNorm.bias:lr=1e-05
2026/02/05 17:28:14 - mmengine - INFO - paramwise_options -- language_model.language_backbone.body.model.encoder.layer.11.attention.output.LayerNorm.bias:weight_decay=0.0001
2026/02/05 17:28:14 - mmengine - INFO - paramwise_options -- language_model.language_backbone.body.model.encoder.layer.11.attention.output.LayerNorm.bias:lr_mult=0.1
2026/02/05 17:28:14 - mmengine - INFO - paramwise_options -- language_model.language_backbone.body.model.encoder.layer.11.intermediate.dense.weight:lr=1e-05
2026/02/05 17:28:14 - mmengine - INFO - paramwise_options -- language_model.language_backbone.body.model.encoder.layer.11.intermediate.dense.weight:weight_decay=0.0001
2026/02/05 17:28:14 - mmengine - INFO - paramwise_options -- language_model.language_backbone.body.model.encoder.layer.11.intermediate.dense.weight:lr_mult=0.1
2026/02/05 17:28:14 - mmengine - INFO - paramwise_options -- language_model.language_backbone.body.model.encoder.layer.11.intermediate.dense.bias:lr=1e-05
2026/02/05 17:28:14 - mmengine - INFO - paramwise_options -- language_model.language_backbone.body.model.encoder.layer.11.intermediate.dense.bias:weight_decay=0.0001
2026/02/05 17:28:14 - mmengine - INFO - paramwise_options -- language_model.language_backbone.body.model.encoder.layer.11.intermediate.dense.bias:lr_mult=0.1
2026/02/05 17:28:14 - mmengine - INFO - paramwise_options -- language_model.language_backbone.body.model.encoder.layer.11.output.dense.weight:lr=1e-05
2026/02/05 17:28:14 - mmengine - INFO - paramwise_options -- language_model.language_backbone.body.model.encoder.layer.11.output.dense.weight:weight_decay=0.0001
2026/02/05 17:28:14 - mmengine - INFO - paramwise_options -- language_model.language_backbone.body.model.encoder.layer.11.output.dense.weight:lr_mult=0.1
2026/02/05 17:28:14 - mmengine - INFO - paramwise_options -- language_model.language_backbone.body.model.encoder.layer.11.output.dense.bias:lr=1e-05
2026/02/05 17:28:14 - mmengine - INFO - paramwise_options -- language_model.language_backbone.body.model.encoder.layer.11.output.dense.bias:weight_decay=0.0001
2026/02/05 17:28:14 - mmengine - INFO - paramwise_options -- language_model.language_backbone.body.model.encoder.layer.11.output.dense.bias:lr_mult=0.1
2026/02/05 17:28:14 - mmengine - INFO - paramwise_options -- language_model.language_backbone.body.model.encoder.layer.11.output.LayerNorm.weight:lr=1e-05
2026/02/05 17:28:14 - mmengine - INFO - paramwise_options -- language_model.language_backbone.body.model.encoder.layer.11.output.LayerNorm.weight:weight_decay=0.0001
2026/02/05 17:28:14 - mmengine - INFO - paramwise_options -- language_model.language_backbone.body.model.encoder.layer.11.output.LayerNorm.weight:lr_mult=0.1
2026/02/05 17:28:14 - mmengine - INFO - paramwise_options -- language_model.language_backbone.body.model.encoder.layer.11.output.LayerNorm.bias:lr=1e-05
2026/02/05 17:28:14 - mmengine - INFO - paramwise_options -- language_model.language_backbone.body.model.encoder.layer.11.output.LayerNorm.bias:weight_decay=0.0001
2026/02/05 17:28:14 - mmengine - INFO - paramwise_options -- language_model.language_backbone.body.model.encoder.layer.11.output.LayerNorm.bias:lr_mult=0.1
2026/02/05 17:28:14 - mmengine - WARNING - lmm.model.embed_tokens.weight is skipped since its requires_grad=False
2026/02/05 17:28:14 - mmengine - WARNING - lmm.model.layers.0.self_attn.q_proj.ori_model.weight is skipped since its requires_grad=False
2026/02/05 17:28:14 - mmengine - WARNING - lmm.model.layers.0.self_attn.q_proj.ori_model.bias is skipped since its requires_grad=False
2026/02/05 17:28:14 - mmengine - WARNING - lmm.model.layers.0.self_attn.k_proj.ori_model.weight is skipped since its requires_grad=False
2026/02/05 17:28:14 - mmengine - WARNING - lmm.model.layers.0.self_attn.k_proj.ori_model.bias is skipped since its requires_grad=False
2026/02/05 17:28:14 - mmengine - WARNING - lmm.model.layers.0.self_attn.v_proj.ori_model.weight is skipped since its requires_grad=False
2026/02/05 17:28:14 - mmengine - WARNING - lmm.model.layers.0.self_attn.v_proj.ori_model.bias is skipped since its requires_grad=False
2026/02/05 17:28:14 - mmengine - WARNING - lmm.model.layers.0.self_attn.o_proj.ori_model.weight is skipped since its requires_grad=False
2026/02/05 17:28:14 - mmengine - WARNING - lmm.model.layers.0.mlp.gate_proj.ori_model.weight is skipped since its requires_grad=False
2026/02/05 17:28:14 - mmengine - WARNING - lmm.model.layers.0.mlp.up_proj.ori_model.weight is skipped since its requires_grad=False
2026/02/05 17:28:14 - mmengine - WARNING - lmm.model.layers.0.mlp.down_proj.ori_model.weight is skipped since its requires_grad=False
2026/02/05 17:28:14 - mmengine - WARNING - lmm.model.layers.0.input_layernorm.weight is skipped since its requires_grad=False
2026/02/05 17:28:14 - mmengine - WARNING - lmm.model.layers.0.post_attention_layernorm.weight is skipped since its requires_grad=False
2026/02/05 17:28:14 - mmengine - WARNING - lmm.model.layers.1.self_attn.q_proj.ori_model.weight is skipped since its requires_grad=False
2026/02/05 17:28:14 - mmengine - WARNING - lmm.model.layers.1.self_attn.q_proj.ori_model.bias is skipped since its requires_grad=False
2026/02/05 17:28:14 - mmengine - WARNING - lmm.model.layers.1.self_attn.k_proj.ori_model.weight is skipped since its requires_grad=False
2026/02/05 17:28:14 - mmengine - WARNING - lmm.model.layers.1.self_attn.k_proj.ori_model.bias is skipped since its requires_grad=False
2026/02/05 17:28:14 - mmengine - WARNING - lmm.model.layers.1.self_attn.v_proj.ori_model.weight is skipped since its requires_grad=False
2026/02/05 17:28:14 - mmengine - WARNING - lmm.model.layers.1.self_attn.v_proj.ori_model.bias is skipped since its requires_grad=False
2026/02/05 17:28:14 - mmengine - WARNING - lmm.model.layers.1.self_attn.o_proj.ori_model.weight is skipped since its requires_grad=False
2026/02/05 17:28:14 - mmengine - WARNING - lmm.model.layers.1.mlp.gate_proj.ori_model.weight is skipped since its requires_grad=False
2026/02/05 17:28:14 - mmengine - WARNING - lmm.model.layers.1.mlp.up_proj.ori_model.weight is skipped since its requires_grad=False
2026/02/05 17:28:14 - mmengine - WARNING - lmm.model.layers.1.mlp.down_proj.ori_model.weight is skipped since its requires_grad=False
2026/02/05 17:28:14 - mmengine - WARNING - lmm.model.layers.1.input_layernorm.weight is skipped since its requires_grad=False
2026/02/05 17:28:14 - mmengine - WARNING - lmm.model.layers.1.post_attention_layernorm.weight is skipped since its requires_grad=False
2026/02/05 17:28:14 - mmengine - WARNING - lmm.model.layers.2.self_attn.q_proj.ori_model.weight is skipped since its requires_grad=False
2026/02/05 17:28:14 - mmengine - WARNING - lmm.model.layers.2.self_attn.q_proj.ori_model.bias is skipped since its requires_grad=False
2026/02/05 17:28:14 - mmengine - WARNING - lmm.model.layers.2.self_attn.k_proj.ori_model.weight is skipped since its requires_grad=False
2026/02/05 17:28:14 - mmengine - WARNING - lmm.model.layers.2.self_attn.k_proj.ori_model.bias is skipped since its requires_grad=False
2026/02/05 17:28:14 - mmengine - WARNING - lmm.model.layers.2.self_attn.v_proj.ori_model.weight is skipped since its requires_grad=False
2026/02/05 17:28:14 - mmengine - WARNING - lmm.model.layers.2.self_attn.v_proj.ori_model.bias is skipped since its requires_grad=False
2026/02/05 17:28:14 - mmengine - WARNING - lmm.model.layers.2.self_attn.o_proj.ori_model.weight is skipped since its requires_grad=False
2026/02/05 17:28:14 - mmengine - WARNING - lmm.model.layers.2.mlp.gate_proj.ori_model.weight is skipped since its requires_grad=False
2026/02/05 17:28:14 - mmengine - WARNING - lmm.model.layers.2.mlp.up_proj.ori_model.weight is skipped since its requires_grad=False
2026/02/05 17:28:14 - mmengine - WARNING - lmm.model.layers.2.mlp.down_proj.ori_model.weight is skipped since its requires_grad=False
2026/02/05 17:28:14 - mmengine - WARNING - lmm.model.layers.2.input_layernorm.weight is skipped since its requires_grad=False
2026/02/05 17:28:14 - mmengine - WARNING - lmm.model.layers.2.post_attention_layernorm.weight is skipped since its requires_grad=False
2026/02/05 17:28:14 - mmengine - WARNING - lmm.model.layers.3.self_attn.q_proj.ori_model.weight is skipped since its requires_grad=False
2026/02/05 17:28:14 - mmengine - WARNING - lmm.model.layers.3.self_attn.q_proj.ori_model.bias is skipped since its requires_grad=False
2026/02/05 17:28:14 - mmengine - WARNING - lmm.model.layers.3.self_attn.k_proj.ori_model.weight is skipped since its requires_grad=False
2026/02/05 17:28:14 - mmengine - WARNING - lmm.model.layers.3.self_attn.k_proj.ori_model.bias is skipped since its requires_grad=False
2026/02/05 17:28:14 - mmengine - WARNING - lmm.model.layers.3.self_attn.v_proj.ori_model.weight is skipped since its requires_grad=False
2026/02/05 17:28:14 - mmengine - WARNING - lmm.model.layers.3.self_attn.v_proj.ori_model.bias is skipped since its requires_grad=False
2026/02/05 17:28:14 - mmengine - WARNING - lmm.model.layers.3.self_attn.o_proj.ori_model.weight is skipped since its requires_grad=False
2026/02/05 17:28:14 - mmengine - WARNING - lmm.model.layers.3.mlp.gate_proj.ori_model.weight is skipped since its requires_grad=False
2026/02/05 17:28:14 - mmengine - WARNING - lmm.model.layers.3.mlp.up_proj.ori_model.weight is skipped since its requires_grad=False
2026/02/05 17:28:14 - mmengine - WARNING - lmm.model.layers.3.mlp.down_proj.ori_model.weight is skipped since its requires_grad=False
2026/02/05 17:28:14 - mmengine - WARNING - lmm.model.layers.3.input_layernorm.weight is skipped since its requires_grad=False
2026/02/05 17:28:14 - mmengine - WARNING - lmm.model.layers.3.post_attention_layernorm.weight is skipped since its requires_grad=False
2026/02/05 17:28:14 - mmengine - WARNING - lmm.model.layers.4.self_attn.q_proj.ori_model.weight is skipped since its requires_grad=False
2026/02/05 17:28:14 - mmengine - WARNING - lmm.model.layers.4.self_attn.q_proj.ori_model.bias is skipped since its requires_grad=False
2026/02/05 17:28:14 - mmengine - WARNING - lmm.model.layers.4.self_attn.k_proj.ori_model.weight is skipped since its requires_grad=False
2026/02/05 17:28:14 - mmengine - WARNING - lmm.model.layers.4.self_attn.k_proj.ori_model.bias is skipped since its requires_grad=False
2026/02/05 17:28:14 - mmengine - WARNING - lmm.model.layers.4.self_attn.v_proj.ori_model.weight is skipped since its requires_grad=False
2026/02/05 17:28:14 - mmengine - WARNING - lmm.model.layers.4.self_attn.v_proj.ori_model.bias is skipped since its requires_grad=False
2026/02/05 17:28:14 - mmengine - WARNING - lmm.model.layers.4.self_attn.o_proj.ori_model.weight is skipped since its requires_grad=False
2026/02/05 17:28:14 - mmengine - WARNING - lmm.model.layers.4.mlp.gate_proj.ori_model.weight is skipped since its requires_grad=False
2026/02/05 17:28:14 - mmengine - WARNING - lmm.model.layers.4.mlp.up_proj.ori_model.weight is skipped since its requires_grad=False
2026/02/05 17:28:14 - mmengine - WARNING - lmm.model.layers.4.mlp.down_proj.ori_model.weight is skipped since its requires_grad=False
2026/02/05 17:28:14 - mmengine - WARNING - lmm.model.layers.4.input_layernorm.weight is skipped since its requires_grad=False
2026/02/05 17:28:14 - mmengine - WARNING - lmm.model.layers.4.post_attention_layernorm.weight is skipped since its requires_grad=False
2026/02/05 17:28:14 - mmengine - WARNING - lmm.model.layers.5.self_attn.q_proj.ori_model.weight is skipped since its requires_grad=False
2026/02/05 17:28:14 - mmengine - WARNING - lmm.model.layers.5.self_attn.q_proj.ori_model.bias is skipped since its requires_grad=False
2026/02/05 17:28:14 - mmengine - WARNING - lmm.model.layers.5.self_attn.k_proj.ori_model.weight is skipped since its requires_grad=False
2026/02/05 17:28:14 - mmengine - WARNING - lmm.model.layers.5.self_attn.k_proj.ori_model.bias is skipped since its requires_grad=False
2026/02/05 17:28:14 - mmengine - WARNING - lmm.model.layers.5.self_attn.v_proj.ori_model.weight is skipped since its requires_grad=False
2026/02/05 17:28:14 - mmengine - WARNING - lmm.model.layers.5.self_attn.v_proj.ori_model.bias is skipped since its requires_grad=False
2026/02/05 17:28:14 - mmengine - WARNING - lmm.model.layers.5.self_attn.o_proj.ori_model.weight is skipped since its requires_grad=False
2026/02/05 17:28:14 - mmengine - WARNING - lmm.model.layers.5.mlp.gate_proj.ori_model.weight is skipped since its requires_grad=False
2026/02/05 17:28:14 - mmengine - WARNING - lmm.model.layers.5.mlp.up_proj.ori_model.weight is skipped since its requires_grad=False
2026/02/05 17:28:14 - mmengine - WARNING - lmm.model.layers.5.mlp.down_proj.ori_model.weight is skipped since its requires_grad=False
2026/02/05 17:28:14 - mmengine - WARNING - lmm.model.layers.5.input_layernorm.weight is skipped since its requires_grad=False
2026/02/05 17:28:14 - mmengine - WARNING - lmm.model.layers.5.post_attention_layernorm.weight is skipped since its requires_grad=False
2026/02/05 17:28:14 - mmengine - WARNING - lmm.model.layers.6.self_attn.q_proj.ori_model.weight is skipped since its requires_grad=False
2026/02/05 17:28:14 - mmengine - WARNING - lmm.model.layers.6.self_attn.q_proj.ori_model.bias is skipped since its requires_grad=False
2026/02/05 17:28:14 - mmengine - WARNING - lmm.model.layers.6.self_attn.k_proj.ori_model.weight is skipped since its requires_grad=False
2026/02/05 17:28:14 - mmengine - WARNING - lmm.model.layers.6.self_attn.k_proj.ori_model.bias is skipped since its requires_grad=False
2026/02/05 17:28:14 - mmengine - WARNING - lmm.model.layers.6.self_attn.v_proj.ori_model.weight is skipped since its requires_grad=False
2026/02/05 17:28:14 - mmengine - WARNING - lmm.model.layers.6.self_attn.v_proj.ori_model.bias is skipped since its requires_grad=False
2026/02/05 17:28:14 - mmengine - WARNING - lmm.model.layers.6.self_attn.o_proj.ori_model.weight is skipped since its requires_grad=False
2026/02/05 17:28:14 - mmengine - WARNING - lmm.model.layers.6.mlp.gate_proj.ori_model.weight is skipped since its requires_grad=False
2026/02/05 17:28:14 - mmengine - WARNING - lmm.model.layers.6.mlp.up_proj.ori_model.weight is skipped since its requires_grad=False
2026/02/05 17:28:14 - mmengine - WARNING - lmm.model.layers.6.mlp.down_proj.ori_model.weight is skipped since its requires_grad=False
2026/02/05 17:28:14 - mmengine - WARNING - lmm.model.layers.6.input_layernorm.weight is skipped since its requires_grad=False
2026/02/05 17:28:14 - mmengine - WARNING - lmm.model.layers.6.post_attention_layernorm.weight is skipped since its requires_grad=False
2026/02/05 17:28:14 - mmengine - WARNING - lmm.model.layers.7.self_attn.q_proj.ori_model.weight is skipped since its requires_grad=False
2026/02/05 17:28:14 - mmengine - WARNING - lmm.model.layers.7.self_attn.q_proj.ori_model.bias is skipped since its requires_grad=False
2026/02/05 17:28:14 - mmengine - WARNING - lmm.model.layers.7.self_attn.k_proj.ori_model.weight is skipped since its requires_grad=False
2026/02/05 17:28:14 - mmengine - WARNING - lmm.model.layers.7.self_attn.k_proj.ori_model.bias is skipped since its requires_grad=False
2026/02/05 17:28:14 - mmengine - WARNING - lmm.model.layers.7.self_attn.v_proj.ori_model.weight is skipped since its requires_grad=False
2026/02/05 17:28:14 - mmengine - WARNING - lmm.model.layers.7.self_attn.v_proj.ori_model.bias is skipped since its requires_grad=False
2026/02/05 17:28:14 - mmengine - WARNING - lmm.model.layers.7.self_attn.o_proj.ori_model.weight is skipped since its requires_grad=False
2026/02/05 17:28:14 - mmengine - WARNING - lmm.model.layers.7.mlp.gate_proj.ori_model.weight is skipped since its requires_grad=False
2026/02/05 17:28:14 - mmengine - WARNING - lmm.model.layers.7.mlp.up_proj.ori_model.weight is skipped since its requires_grad=False
2026/02/05 17:28:14 - mmengine - WARNING - lmm.model.layers.7.mlp.down_proj.ori_model.weight is skipped since its requires_grad=False
2026/02/05 17:28:14 - mmengine - WARNING - lmm.model.layers.7.input_layernorm.weight is skipped since its requires_grad=False
2026/02/05 17:28:14 - mmengine - WARNING - lmm.model.layers.7.post_attention_layernorm.weight is skipped since its requires_grad=False
2026/02/05 17:28:14 - mmengine - WARNING - lmm.model.layers.8.self_attn.q_proj.ori_model.weight is skipped since its requires_grad=False
2026/02/05 17:28:14 - mmengine - WARNING - lmm.model.layers.8.self_attn.q_proj.ori_model.bias is skipped since its requires_grad=False
2026/02/05 17:28:14 - mmengine - WARNING - lmm.model.layers.8.self_attn.k_proj.ori_model.weight is skipped since its requires_grad=False
2026/02/05 17:28:14 - mmengine - WARNING - lmm.model.layers.8.self_attn.k_proj.ori_model.bias is skipped since its requires_grad=False
2026/02/05 17:28:14 - mmengine - WARNING - lmm.model.layers.8.self_attn.v_proj.ori_model.weight is skipped since its requires_grad=False
2026/02/05 17:28:14 - mmengine - WARNING - lmm.model.layers.8.self_attn.v_proj.ori_model.bias is skipped since its requires_grad=False
2026/02/05 17:28:14 - mmengine - WARNING - lmm.model.layers.8.self_attn.o_proj.ori_model.weight is skipped since its requires_grad=False
2026/02/05 17:28:14 - mmengine - WARNING - lmm.model.layers.8.mlp.gate_proj.ori_model.weight is skipped since its requires_grad=False
2026/02/05 17:28:14 - mmengine - WARNING - lmm.model.layers.8.mlp.up_proj.ori_model.weight is skipped since its requires_grad=False
2026/02/05 17:28:14 - mmengine - WARNING - lmm.model.layers.8.mlp.down_proj.ori_model.weight is skipped since its requires_grad=False
2026/02/05 17:28:14 - mmengine - WARNING - lmm.model.layers.8.input_layernorm.weight is skipped since its requires_grad=False
2026/02/05 17:28:14 - mmengine - WARNING - lmm.model.layers.8.post_attention_layernorm.weight is skipped since its requires_grad=False
2026/02/05 17:28:14 - mmengine - WARNING - lmm.model.layers.9.self_attn.q_proj.ori_model.weight is skipped since its requires_grad=False
2026/02/05 17:28:14 - mmengine - WARNING - lmm.model.layers.9.self_attn.q_proj.ori_model.bias is skipped since its requires_grad=False
2026/02/05 17:28:14 - mmengine - WARNING - lmm.model.layers.9.self_attn.k_proj.ori_model.weight is skipped since its requires_grad=False
2026/02/05 17:28:14 - mmengine - WARNING - lmm.model.layers.9.self_attn.k_proj.ori_model.bias is skipped since its requires_grad=False
2026/02/05 17:28:14 - mmengine - WARNING - lmm.model.layers.9.self_attn.v_proj.ori_model.weight is skipped since its requires_grad=False
2026/02/05 17:28:14 - mmengine - WARNING - lmm.model.layers.9.self_attn.v_proj.ori_model.bias is skipped since its requires_grad=False
2026/02/05 17:28:14 - mmengine - WARNING - lmm.model.layers.9.self_attn.o_proj.ori_model.weight is skipped since its requires_grad=False
2026/02/05 17:28:14 - mmengine - WARNING - lmm.model.layers.9.mlp.gate_proj.ori_model.weight is skipped since its requires_grad=False
2026/02/05 17:28:14 - mmengine - WARNING - lmm.model.layers.9.mlp.up_proj.ori_model.weight is skipped since its requires_grad=False
2026/02/05 17:28:14 - mmengine - WARNING - lmm.model.layers.9.mlp.down_proj.ori_model.weight is skipped since its requires_grad=False
2026/02/05 17:28:14 - mmengine - WARNING - lmm.model.layers.9.input_layernorm.weight is skipped since its requires_grad=False
2026/02/05 17:28:14 - mmengine - WARNING - lmm.model.layers.9.post_attention_layernorm.weight is skipped since its requires_grad=False
2026/02/05 17:28:14 - mmengine - WARNING - lmm.model.layers.10.self_attn.q_proj.ori_model.weight is skipped since its requires_grad=False
2026/02/05 17:28:14 - mmengine - WARNING - lmm.model.layers.10.self_attn.q_proj.ori_model.bias is skipped since its requires_grad=False
2026/02/05 17:28:14 - mmengine - WARNING - lmm.model.layers.10.self_attn.k_proj.ori_model.weight is skipped since its requires_grad=False
2026/02/05 17:28:14 - mmengine - WARNING - lmm.model.layers.10.self_attn.k_proj.ori_model.bias is skipped since its requires_grad=False
2026/02/05 17:28:14 - mmengine - WARNING - lmm.model.layers.10.self_attn.v_proj.ori_model.weight is skipped since its requires_grad=False
2026/02/05 17:28:14 - mmengine - WARNING - lmm.model.layers.10.self_attn.v_proj.ori_model.bias is skipped since its requires_grad=False
2026/02/05 17:28:14 - mmengine - WARNING - lmm.model.layers.10.self_attn.o_proj.ori_model.weight is skipped since its requires_grad=False
2026/02/05 17:28:14 - mmengine - WARNING - lmm.model.layers.10.mlp.gate_proj.ori_model.weight is skipped since its requires_grad=False
2026/02/05 17:28:14 - mmengine - WARNING - lmm.model.layers.10.mlp.up_proj.ori_model.weight is skipped since its requires_grad=False
2026/02/05 17:28:14 - mmengine - WARNING - lmm.model.layers.10.mlp.down_proj.ori_model.weight is skipped since its requires_grad=False
2026/02/05 17:28:14 - mmengine - WARNING - lmm.model.layers.10.input_layernorm.weight is skipped since its requires_grad=False
2026/02/05 17:28:14 - mmengine - WARNING - lmm.model.layers.10.post_attention_layernorm.weight is skipped since its requires_grad=False
2026/02/05 17:28:14 - mmengine - WARNING - lmm.model.layers.11.self_attn.q_proj.ori_model.weight is skipped since its requires_grad=False
2026/02/05 17:28:14 - mmengine - WARNING - lmm.model.layers.11.self_attn.q_proj.ori_model.bias is skipped since its requires_grad=False
2026/02/05 17:28:14 - mmengine - WARNING - lmm.model.layers.11.self_attn.k_proj.ori_model.weight is skipped since its requires_grad=False
2026/02/05 17:28:14 - mmengine - WARNING - lmm.model.layers.11.self_attn.k_proj.ori_model.bias is skipped since its requires_grad=False
2026/02/05 17:28:14 - mmengine - WARNING - lmm.model.layers.11.self_attn.v_proj.ori_model.weight is skipped since its requires_grad=False
2026/02/05 17:28:14 - mmengine - WARNING - lmm.model.layers.11.self_attn.v_proj.ori_model.bias is skipped since its requires_grad=False
2026/02/05 17:28:14 - mmengine - WARNING - lmm.model.layers.11.self_attn.o_proj.ori_model.weight is skipped since its requires_grad=False
2026/02/05 17:28:14 - mmengine - WARNING - lmm.model.layers.11.mlp.gate_proj.ori_model.weight is skipped since its requires_grad=False
2026/02/05 17:28:14 - mmengine - WARNING - lmm.model.layers.11.mlp.up_proj.ori_model.weight is skipped since its requires_grad=False
2026/02/05 17:28:14 - mmengine - WARNING - lmm.model.layers.11.mlp.down_proj.ori_model.weight is skipped since its requires_grad=False
2026/02/05 17:28:14 - mmengine - WARNING - lmm.model.layers.11.input_layernorm.weight is skipped since its requires_grad=False
2026/02/05 17:28:14 - mmengine - WARNING - lmm.model.layers.11.post_attention_layernorm.weight is skipped since its requires_grad=False
2026/02/05 17:28:14 - mmengine - WARNING - lmm.model.layers.12.self_attn.q_proj.ori_model.weight is skipped since its requires_grad=False
2026/02/05 17:28:14 - mmengine - WARNING - lmm.model.layers.12.self_attn.q_proj.ori_model.bias is skipped since its requires_grad=False
2026/02/05 17:28:14 - mmengine - WARNING - lmm.model.layers.12.self_attn.k_proj.ori_model.weight is skipped since its requires_grad=False
2026/02/05 17:28:14 - mmengine - WARNING - lmm.model.layers.12.self_attn.k_proj.ori_model.bias is skipped since its requires_grad=False
2026/02/05 17:28:14 - mmengine - WARNING - lmm.model.layers.12.self_attn.v_proj.ori_model.weight is skipped since its requires_grad=False
2026/02/05 17:28:14 - mmengine - WARNING - lmm.model.layers.12.self_attn.v_proj.ori_model.bias is skipped since its requires_grad=False
2026/02/05 17:28:14 - mmengine - WARNING - lmm.model.layers.12.self_attn.o_proj.ori_model.weight is skipped since its requires_grad=False
2026/02/05 17:28:14 - mmengine - WARNING - lmm.model.layers.12.mlp.gate_proj.ori_model.weight is skipped since its requires_grad=False
2026/02/05 17:28:14 - mmengine - WARNING - lmm.model.layers.12.mlp.up_proj.ori_model.weight is skipped since its requires_grad=False
2026/02/05 17:28:14 - mmengine - WARNING - lmm.model.layers.12.mlp.down_proj.ori_model.weight is skipped since its requires_grad=False
2026/02/05 17:28:14 - mmengine - WARNING - lmm.model.layers.12.input_layernorm.weight is skipped since its requires_grad=False
2026/02/05 17:28:14 - mmengine - WARNING - lmm.model.layers.12.post_attention_layernorm.weight is skipped since its requires_grad=False
2026/02/05 17:28:14 - mmengine - WARNING - lmm.model.layers.13.self_attn.q_proj.ori_model.weight is skipped since its requires_grad=False
2026/02/05 17:28:14 - mmengine - WARNING - lmm.model.layers.13.self_attn.q_proj.ori_model.bias is skipped since its requires_grad=False
2026/02/05 17:28:14 - mmengine - WARNING - lmm.model.layers.13.self_attn.k_proj.ori_model.weight is skipped since its requires_grad=False
2026/02/05 17:28:14 - mmengine - WARNING - lmm.model.layers.13.self_attn.k_proj.ori_model.bias is skipped since its requires_grad=False
2026/02/05 17:28:14 - mmengine - WARNING - lmm.model.layers.13.self_attn.v_proj.ori_model.weight is skipped since its requires_grad=False
2026/02/05 17:28:14 - mmengine - WARNING - lmm.model.layers.13.self_attn.v_proj.ori_model.bias is skipped since its requires_grad=False
2026/02/05 17:28:14 - mmengine - WARNING - lmm.model.layers.13.self_attn.o_proj.ori_model.weight is skipped since its requires_grad=False
2026/02/05 17:28:14 - mmengine - WARNING - lmm.model.layers.13.mlp.gate_proj.ori_model.weight is skipped since its requires_grad=False
2026/02/05 17:28:14 - mmengine - WARNING - lmm.model.layers.13.mlp.up_proj.ori_model.weight is skipped since its requires_grad=False
2026/02/05 17:28:14 - mmengine - WARNING - lmm.model.layers.13.mlp.down_proj.ori_model.weight is skipped since its requires_grad=False
2026/02/05 17:28:14 - mmengine - WARNING - lmm.model.layers.13.input_layernorm.weight is skipped since its requires_grad=False
2026/02/05 17:28:14 - mmengine - WARNING - lmm.model.layers.13.post_attention_layernorm.weight is skipped since its requires_grad=False
2026/02/05 17:28:14 - mmengine - WARNING - lmm.model.layers.14.self_attn.q_proj.ori_model.weight is skipped since its requires_grad=False
2026/02/05 17:28:14 - mmengine - WARNING - lmm.model.layers.14.self_attn.q_proj.ori_model.bias is skipped since its requires_grad=False
2026/02/05 17:28:14 - mmengine - WARNING - lmm.model.layers.14.self_attn.k_proj.ori_model.weight is skipped since its requires_grad=False
2026/02/05 17:28:14 - mmengine - WARNING - lmm.model.layers.14.self_attn.k_proj.ori_model.bias is skipped since its requires_grad=False
2026/02/05 17:28:14 - mmengine - WARNING - lmm.model.layers.14.self_attn.v_proj.ori_model.weight is skipped since its requires_grad=False
2026/02/05 17:28:14 - mmengine - WARNING - lmm.model.layers.14.self_attn.v_proj.ori_model.bias is skipped since its requires_grad=False
2026/02/05 17:28:14 - mmengine - WARNING - lmm.model.layers.14.self_attn.o_proj.ori_model.weight is skipped since its requires_grad=False
2026/02/05 17:28:14 - mmengine - WARNING - lmm.model.layers.14.mlp.gate_proj.ori_model.weight is skipped since its requires_grad=False
2026/02/05 17:28:14 - mmengine - WARNING - lmm.model.layers.14.mlp.up_proj.ori_model.weight is skipped since its requires_grad=False
2026/02/05 17:28:14 - mmengine - WARNING - lmm.model.layers.14.mlp.down_proj.ori_model.weight is skipped since its requires_grad=False
2026/02/05 17:28:14 - mmengine - WARNING - lmm.model.layers.14.input_layernorm.weight is skipped since its requires_grad=False
2026/02/05 17:28:14 - mmengine - WARNING - lmm.model.layers.14.post_attention_layernorm.weight is skipped since its requires_grad=False
2026/02/05 17:28:14 - mmengine - WARNING - lmm.model.layers.15.self_attn.q_proj.ori_model.weight is skipped since its requires_grad=False
2026/02/05 17:28:14 - mmengine - WARNING - lmm.model.layers.15.self_attn.q_proj.ori_model.bias is skipped since its requires_grad=False
2026/02/05 17:28:14 - mmengine - WARNING - lmm.model.layers.15.self_attn.k_proj.ori_model.weight is skipped since its requires_grad=False
2026/02/05 17:28:14 - mmengine - WARNING - lmm.model.layers.15.self_attn.k_proj.ori_model.bias is skipped since its requires_grad=False
2026/02/05 17:28:14 - mmengine - WARNING - lmm.model.layers.15.self_attn.v_proj.ori_model.weight is skipped since its requires_grad=False
2026/02/05 17:28:14 - mmengine - WARNING - lmm.model.layers.15.self_attn.v_proj.ori_model.bias is skipped since its requires_grad=False
2026/02/05 17:28:14 - mmengine - WARNING - lmm.model.layers.15.self_attn.o_proj.ori_model.weight is skipped since its requires_grad=False
2026/02/05 17:28:14 - mmengine - WARNING - lmm.model.layers.15.mlp.gate_proj.ori_model.weight is skipped since its requires_grad=False
2026/02/05 17:28:14 - mmengine - WARNING - lmm.model.layers.15.mlp.up_proj.ori_model.weight is skipped since its requires_grad=False
2026/02/05 17:28:14 - mmengine - WARNING - lmm.model.layers.15.mlp.down_proj.ori_model.weight is skipped since its requires_grad=False
2026/02/05 17:28:14 - mmengine - WARNING - lmm.model.layers.15.input_layernorm.weight is skipped since its requires_grad=False
2026/02/05 17:28:14 - mmengine - WARNING - lmm.model.layers.15.post_attention_layernorm.weight is skipped since its requires_grad=False
2026/02/05 17:28:14 - mmengine - WARNING - lmm.model.layers.16.self_attn.q_proj.ori_model.weight is skipped since its requires_grad=False
2026/02/05 17:28:14 - mmengine - WARNING - lmm.model.layers.16.self_attn.q_proj.ori_model.bias is skipped since its requires_grad=False
2026/02/05 17:28:14 - mmengine - WARNING - lmm.model.layers.16.self_attn.k_proj.ori_model.weight is skipped since its requires_grad=False
2026/02/05 17:28:14 - mmengine - WARNING - lmm.model.layers.16.self_attn.k_proj.ori_model.bias is skipped since its requires_grad=False
2026/02/05 17:28:14 - mmengine - WARNING - lmm.model.layers.16.self_attn.v_proj.ori_model.weight is skipped since its requires_grad=False
2026/02/05 17:28:14 - mmengine - WARNING - lmm.model.layers.16.self_attn.v_proj.ori_model.bias is skipped since its requires_grad=False
2026/02/05 17:28:14 - mmengine - WARNING - lmm.model.layers.16.self_attn.o_proj.ori_model.weight is skipped since its requires_grad=False
2026/02/05 17:28:14 - mmengine - WARNING - lmm.model.layers.16.mlp.gate_proj.ori_model.weight is skipped since its requires_grad=False
2026/02/05 17:28:14 - mmengine - WARNING - lmm.model.layers.16.mlp.up_proj.ori_model.weight is skipped since its requires_grad=False
2026/02/05 17:28:14 - mmengine - WARNING - lmm.model.layers.16.mlp.down_proj.ori_model.weight is skipped since its requires_grad=False
2026/02/05 17:28:14 - mmengine - WARNING - lmm.model.layers.16.input_layernorm.weight is skipped since its requires_grad=False
2026/02/05 17:28:14 - mmengine - WARNING - lmm.model.layers.16.post_attention_layernorm.weight is skipped since its requires_grad=False
2026/02/05 17:28:14 - mmengine - WARNING - lmm.model.layers.17.self_attn.q_proj.ori_model.weight is skipped since its requires_grad=False
2026/02/05 17:28:14 - mmengine - WARNING - lmm.model.layers.17.self_attn.q_proj.ori_model.bias is skipped since its requires_grad=False
2026/02/05 17:28:14 - mmengine - WARNING - lmm.model.layers.17.self_attn.k_proj.ori_model.weight is skipped since its requires_grad=False
2026/02/05 17:28:14 - mmengine - WARNING - lmm.model.layers.17.self_attn.k_proj.ori_model.bias is skipped since its requires_grad=False
2026/02/05 17:28:14 - mmengine - WARNING - lmm.model.layers.17.self_attn.v_proj.ori_model.weight is skipped since its requires_grad=False
2026/02/05 17:28:14 - mmengine - WARNING - lmm.model.layers.17.self_attn.v_proj.ori_model.bias is skipped since its requires_grad=False
2026/02/05 17:28:14 - mmengine - WARNING - lmm.model.layers.17.self_attn.o_proj.ori_model.weight is skipped since its requires_grad=False
2026/02/05 17:28:14 - mmengine - WARNING - lmm.model.layers.17.mlp.gate_proj.ori_model.weight is skipped since its requires_grad=False
2026/02/05 17:28:14 - mmengine - WARNING - lmm.model.layers.17.mlp.up_proj.ori_model.weight is skipped since its requires_grad=False
2026/02/05 17:28:14 - mmengine - WARNING - lmm.model.layers.17.mlp.down_proj.ori_model.weight is skipped since its requires_grad=False
2026/02/05 17:28:14 - mmengine - WARNING - lmm.model.layers.17.input_layernorm.weight is skipped since its requires_grad=False
2026/02/05 17:28:14 - mmengine - WARNING - lmm.model.layers.17.post_attention_layernorm.weight is skipped since its requires_grad=False
2026/02/05 17:28:14 - mmengine - WARNING - lmm.model.layers.18.self_attn.q_proj.ori_model.weight is skipped since its requires_grad=False
2026/02/05 17:28:14 - mmengine - WARNING - lmm.model.layers.18.self_attn.q_proj.ori_model.bias is skipped since its requires_grad=False
2026/02/05 17:28:14 - mmengine - WARNING - lmm.model.layers.18.self_attn.k_proj.ori_model.weight is skipped since its requires_grad=False
2026/02/05 17:28:14 - mmengine - WARNING - lmm.model.layers.18.self_attn.k_proj.ori_model.bias is skipped since its requires_grad=False
2026/02/05 17:28:14 - mmengine - WARNING - lmm.model.layers.18.self_attn.v_proj.ori_model.weight is skipped since its requires_grad=False
2026/02/05 17:28:14 - mmengine - WARNING - lmm.model.layers.18.self_attn.v_proj.ori_model.bias is skipped since its requires_grad=False
2026/02/05 17:28:14 - mmengine - WARNING - lmm.model.layers.18.self_attn.o_proj.ori_model.weight is skipped since its requires_grad=False
2026/02/05 17:28:14 - mmengine - WARNING - lmm.model.layers.18.mlp.gate_proj.ori_model.weight is skipped since its requires_grad=False
2026/02/05 17:28:14 - mmengine - WARNING - lmm.model.layers.18.mlp.up_proj.ori_model.weight is skipped since its requires_grad=False
2026/02/05 17:28:14 - mmengine - WARNING - lmm.model.layers.18.mlp.down_proj.ori_model.weight is skipped since its requires_grad=False
2026/02/05 17:28:14 - mmengine - WARNING - lmm.model.layers.18.input_layernorm.weight is skipped since its requires_grad=False
2026/02/05 17:28:14 - mmengine - WARNING - lmm.model.layers.18.post_attention_layernorm.weight is skipped since its requires_grad=False
2026/02/05 17:28:14 - mmengine - WARNING - lmm.model.layers.19.self_attn.q_proj.ori_model.weight is skipped since its requires_grad=False
2026/02/05 17:28:14 - mmengine - WARNING - lmm.model.layers.19.self_attn.q_proj.ori_model.bias is skipped since its requires_grad=False
2026/02/05 17:28:14 - mmengine - WARNING - lmm.model.layers.19.self_attn.k_proj.ori_model.weight is skipped since its requires_grad=False
2026/02/05 17:28:14 - mmengine - WARNING - lmm.model.layers.19.self_attn.k_proj.ori_model.bias is skipped since its requires_grad=False
2026/02/05 17:28:14 - mmengine - WARNING - lmm.model.layers.19.self_attn.v_proj.ori_model.weight is skipped since its requires_grad=False
2026/02/05 17:28:14 - mmengine - WARNING - lmm.model.layers.19.self_attn.v_proj.ori_model.bias is skipped since its requires_grad=False
2026/02/05 17:28:14 - mmengine - WARNING - lmm.model.layers.19.self_attn.o_proj.ori_model.weight is skipped since its requires_grad=False
2026/02/05 17:28:14 - mmengine - WARNING - lmm.model.layers.19.mlp.gate_proj.ori_model.weight is skipped since its requires_grad=False
2026/02/05 17:28:14 - mmengine - WARNING - lmm.model.layers.19.mlp.up_proj.ori_model.weight is skipped since its requires_grad=False
2026/02/05 17:28:14 - mmengine - WARNING - lmm.model.layers.19.mlp.down_proj.ori_model.weight is skipped since its requires_grad=False
2026/02/05 17:28:14 - mmengine - WARNING - lmm.model.layers.19.input_layernorm.weight is skipped since its requires_grad=False
2026/02/05 17:28:14 - mmengine - WARNING - lmm.model.layers.19.post_attention_layernorm.weight is skipped since its requires_grad=False
2026/02/05 17:28:14 - mmengine - WARNING - lmm.model.layers.20.self_attn.q_proj.ori_model.weight is skipped since its requires_grad=False
2026/02/05 17:28:14 - mmengine - WARNING - lmm.model.layers.20.self_attn.q_proj.ori_model.bias is skipped since its requires_grad=False
2026/02/05 17:28:14 - mmengine - WARNING - lmm.model.layers.20.self_attn.k_proj.ori_model.weight is skipped since its requires_grad=False
2026/02/05 17:28:14 - mmengine - WARNING - lmm.model.layers.20.self_attn.k_proj.ori_model.bias is skipped since its requires_grad=False
2026/02/05 17:28:14 - mmengine - WARNING - lmm.model.layers.20.self_attn.v_proj.ori_model.weight is skipped since its requires_grad=False
2026/02/05 17:28:14 - mmengine - WARNING - lmm.model.layers.20.self_attn.v_proj.ori_model.bias is skipped since its requires_grad=False
2026/02/05 17:28:14 - mmengine - WARNING - lmm.model.layers.20.self_attn.o_proj.ori_model.weight is skipped since its requires_grad=False
2026/02/05 17:28:14 - mmengine - WARNING - lmm.model.layers.20.mlp.gate_proj.ori_model.weight is skipped since its requires_grad=False
2026/02/05 17:28:14 - mmengine - WARNING - lmm.model.layers.20.mlp.up_proj.ori_model.weight is skipped since its requires_grad=False
2026/02/05 17:28:14 - mmengine - WARNING - lmm.model.layers.20.mlp.down_proj.ori_model.weight is skipped since its requires_grad=False
2026/02/05 17:28:14 - mmengine - WARNING - lmm.model.layers.20.input_layernorm.weight is skipped since its requires_grad=False
2026/02/05 17:28:14 - mmengine - WARNING - lmm.model.layers.20.post_attention_layernorm.weight is skipped since its requires_grad=False
2026/02/05 17:28:14 - mmengine - WARNING - lmm.model.layers.21.self_attn.q_proj.ori_model.weight is skipped since its requires_grad=False
2026/02/05 17:28:14 - mmengine - WARNING - lmm.model.layers.21.self_attn.q_proj.ori_model.bias is skipped since its requires_grad=False
2026/02/05 17:28:14 - mmengine - WARNING - lmm.model.layers.21.self_attn.k_proj.ori_model.weight is skipped since its requires_grad=False
2026/02/05 17:28:14 - mmengine - WARNING - lmm.model.layers.21.self_attn.k_proj.ori_model.bias is skipped since its requires_grad=False
2026/02/05 17:28:14 - mmengine - WARNING - lmm.model.layers.21.self_attn.v_proj.ori_model.weight is skipped since its requires_grad=False
2026/02/05 17:28:14 - mmengine - WARNING - lmm.model.layers.21.self_attn.v_proj.ori_model.bias is skipped since its requires_grad=False
2026/02/05 17:28:14 - mmengine - WARNING - lmm.model.layers.21.self_attn.o_proj.ori_model.weight is skipped since its requires_grad=False
2026/02/05 17:28:14 - mmengine - WARNING - lmm.model.layers.21.mlp.gate_proj.ori_model.weight is skipped since its requires_grad=False
2026/02/05 17:28:14 - mmengine - WARNING - lmm.model.layers.21.mlp.up_proj.ori_model.weight is skipped since its requires_grad=False
2026/02/05 17:28:14 - mmengine - WARNING - lmm.model.layers.21.mlp.down_proj.ori_model.weight is skipped since its requires_grad=False
2026/02/05 17:28:14 - mmengine - WARNING - lmm.model.layers.21.input_layernorm.weight is skipped since its requires_grad=False
2026/02/05 17:28:14 - mmengine - WARNING - lmm.model.layers.21.post_attention_layernorm.weight is skipped since its requires_grad=False
2026/02/05 17:28:14 - mmengine - WARNING - lmm.model.layers.22.self_attn.q_proj.ori_model.weight is skipped since its requires_grad=False
2026/02/05 17:28:14 - mmengine - WARNING - lmm.model.layers.22.self_attn.q_proj.ori_model.bias is skipped since its requires_grad=False
2026/02/05 17:28:14 - mmengine - WARNING - lmm.model.layers.22.self_attn.k_proj.ori_model.weight is skipped since its requires_grad=False
2026/02/05 17:28:14 - mmengine - WARNING - lmm.model.layers.22.self_attn.k_proj.ori_model.bias is skipped since its requires_grad=False
2026/02/05 17:28:14 - mmengine - WARNING - lmm.model.layers.22.self_attn.v_proj.ori_model.weight is skipped since its requires_grad=False
2026/02/05 17:28:14 - mmengine - WARNING - lmm.model.layers.22.self_attn.v_proj.ori_model.bias is skipped since its requires_grad=False
2026/02/05 17:28:14 - mmengine - WARNING - lmm.model.layers.22.self_attn.o_proj.ori_model.weight is skipped since its requires_grad=False
2026/02/05 17:28:14 - mmengine - WARNING - lmm.model.layers.22.mlp.gate_proj.ori_model.weight is skipped since its requires_grad=False
2026/02/05 17:28:14 - mmengine - WARNING - lmm.model.layers.22.mlp.up_proj.ori_model.weight is skipped since its requires_grad=False
2026/02/05 17:28:14 - mmengine - WARNING - lmm.model.layers.22.mlp.down_proj.ori_model.weight is skipped since its requires_grad=False
2026/02/05 17:28:14 - mmengine - WARNING - lmm.model.layers.22.input_layernorm.weight is skipped since its requires_grad=False
2026/02/05 17:28:14 - mmengine - WARNING - lmm.model.layers.22.post_attention_layernorm.weight is skipped since its requires_grad=False
2026/02/05 17:28:14 - mmengine - WARNING - lmm.model.layers.23.self_attn.q_proj.ori_model.weight is skipped since its requires_grad=False
2026/02/05 17:28:14 - mmengine - WARNING - lmm.model.layers.23.self_attn.q_proj.ori_model.bias is skipped since its requires_grad=False
2026/02/05 17:28:14 - mmengine - WARNING - lmm.model.layers.23.self_attn.k_proj.ori_model.weight is skipped since its requires_grad=False
2026/02/05 17:28:14 - mmengine - WARNING - lmm.model.layers.23.self_attn.k_proj.ori_model.bias is skipped since its requires_grad=False
2026/02/05 17:28:14 - mmengine - WARNING - lmm.model.layers.23.self_attn.v_proj.ori_model.weight is skipped since its requires_grad=False
2026/02/05 17:28:14 - mmengine - WARNING - lmm.model.layers.23.self_attn.v_proj.ori_model.bias is skipped since its requires_grad=False
2026/02/05 17:28:14 - mmengine - WARNING - lmm.model.layers.23.self_attn.o_proj.ori_model.weight is skipped since its requires_grad=False
2026/02/05 17:28:14 - mmengine - WARNING - lmm.model.layers.23.mlp.gate_proj.ori_model.weight is skipped since its requires_grad=False
2026/02/05 17:28:14 - mmengine - WARNING - lmm.model.layers.23.mlp.up_proj.ori_model.weight is skipped since its requires_grad=False
2026/02/05 17:28:14 - mmengine - WARNING - lmm.model.layers.23.mlp.down_proj.ori_model.weight is skipped since its requires_grad=False
2026/02/05 17:28:14 - mmengine - WARNING - lmm.model.layers.23.input_layernorm.weight is skipped since its requires_grad=False
2026/02/05 17:28:14 - mmengine - WARNING - lmm.model.layers.23.post_attention_layernorm.weight is skipped since its requires_grad=False
2026/02/05 17:28:14 - mmengine - WARNING - lmm.model.norm.weight is skipped since its requires_grad=False
2026/02/05 17:28:14 - mmengine - WARNING - lmm.lm_head.weight is skipped since its requires_grad=False
2026/02/05 17:28:14 - mmengine - INFO - LR is set based on batch size of 16 and the current batch size is 16. Scaling the original LR by 1.0.
Name of parameter - Initialization information

level_embed - torch.Size([4, 256]): 
The value is the same before and after calling `init_weights` of GroundingDINO  

backbone.patch_embed.projection.weight - torch.Size([96, 3, 4, 4]): 
The value is the same before and after calling `init_weights` of GroundingDINO  

backbone.patch_embed.projection.bias - torch.Size([96]): 
The value is the same before and after calling `init_weights` of GroundingDINO  

backbone.patch_embed.norm.weight - torch.Size([96]): 
The value is the same before and after calling `init_weights` of GroundingDINO  

backbone.patch_embed.norm.bias - torch.Size([96]): 
The value is the same before and after calling `init_weights` of GroundingDINO  

backbone.stages.0.blocks.0.norm1.weight - torch.Size([96]): 
The value is the same before and after calling `init_weights` of GroundingDINO  

backbone.stages.0.blocks.0.norm1.bias - torch.Size([96]): 
The value is the same before and after calling `init_weights` of GroundingDINO  

backbone.stages.0.blocks.0.attn.w_msa.relative_position_bias_table - torch.Size([169, 3]): 
The value is the same before and after calling `init_weights` of GroundingDINO  

backbone.stages.0.blocks.0.attn.w_msa.qkv.weight - torch.Size([288, 96]): 
The value is the same before and after calling `init_weights` of GroundingDINO  

backbone.stages.0.blocks.0.attn.w_msa.qkv.bias - torch.Size([288]): 
The value is the same before and after calling `init_weights` of GroundingDINO  

backbone.stages.0.blocks.0.attn.w_msa.proj.weight - torch.Size([96, 96]): 
The value is the same before and after calling `init_weights` of GroundingDINO  

backbone.stages.0.blocks.0.attn.w_msa.proj.bias - torch.Size([96]): 
The value is the same before and after calling `init_weights` of GroundingDINO  

backbone.stages.0.blocks.0.norm2.weight - torch.Size([96]): 
The value is the same before and after calling `init_weights` of GroundingDINO  

backbone.stages.0.blocks.0.norm2.bias - torch.Size([96]): 
The value is the same before and after calling `init_weights` of GroundingDINO  

backbone.stages.0.blocks.0.ffn.layers.0.0.weight - torch.Size([384, 96]): 
The value is the same before and after calling `init_weights` of GroundingDINO  

backbone.stages.0.blocks.0.ffn.layers.0.0.bias - torch.Size([384]): 
The value is the same before and after calling `init_weights` of GroundingDINO  

backbone.stages.0.blocks.0.ffn.layers.1.weight - torch.Size([96, 384]): 
The value is the same before and after calling `init_weights` of GroundingDINO  

backbone.stages.0.blocks.0.ffn.layers.1.bias - torch.Size([96]): 
The value is the same before and after calling `init_weights` of GroundingDINO  

backbone.stages.0.blocks.1.norm1.weight - torch.Size([96]): 
The value is the same before and after calling `init_weights` of GroundingDINO  

backbone.stages.0.blocks.1.norm1.bias - torch.Size([96]): 
The value is the same before and after calling `init_weights` of GroundingDINO  

backbone.stages.0.blocks.1.attn.w_msa.relative_position_bias_table - torch.Size([169, 3]): 
The value is the same before and after calling `init_weights` of GroundingDINO  

backbone.stages.0.blocks.1.attn.w_msa.qkv.weight - torch.Size([288, 96]): 
The value is the same before and after calling `init_weights` of GroundingDINO  

backbone.stages.0.blocks.1.attn.w_msa.qkv.bias - torch.Size([288]): 
The value is the same before and after calling `init_weights` of GroundingDINO  

backbone.stages.0.blocks.1.attn.w_msa.proj.weight - torch.Size([96, 96]): 
The value is the same before and after calling `init_weights` of GroundingDINO  

backbone.stages.0.blocks.1.attn.w_msa.proj.bias - torch.Size([96]): 
The value is the same before and after calling `init_weights` of GroundingDINO  

backbone.stages.0.blocks.1.norm2.weight - torch.Size([96]): 
The value is the same before and after calling `init_weights` of GroundingDINO  

backbone.stages.0.blocks.1.norm2.bias - torch.Size([96]): 
The value is the same before and after calling `init_weights` of GroundingDINO  

backbone.stages.0.blocks.1.ffn.layers.0.0.weight - torch.Size([384, 96]): 
The value is the same before and after calling `init_weights` of GroundingDINO  

backbone.stages.0.blocks.1.ffn.layers.0.0.bias - torch.Size([384]): 
The value is the same before and after calling `init_weights` of GroundingDINO  

backbone.stages.0.blocks.1.ffn.layers.1.weight - torch.Size([96, 384]): 
The value is the same before and after calling `init_weights` of GroundingDINO  

backbone.stages.0.blocks.1.ffn.layers.1.bias - torch.Size([96]): 
The value is the same before and after calling `init_weights` of GroundingDINO  

backbone.stages.0.downsample.norm.weight - torch.Size([384]): 
The value is the same before and after calling `init_weights` of GroundingDINO  

backbone.stages.0.downsample.norm.bias - torch.Size([384]): 
The value is the same before and after calling `init_weights` of GroundingDINO  

backbone.stages.0.downsample.reduction.weight - torch.Size([192, 384]): 
The value is the same before and after calling `init_weights` of GroundingDINO  

backbone.stages.1.blocks.0.norm1.weight - torch.Size([192]): 
The value is the same before and after calling `init_weights` of GroundingDINO  

backbone.stages.1.blocks.0.norm1.bias - torch.Size([192]): 
The value is the same before and after calling `init_weights` of GroundingDINO  

backbone.stages.1.blocks.0.attn.w_msa.relative_position_bias_table - torch.Size([169, 6]): 
The value is the same before and after calling `init_weights` of GroundingDINO  

backbone.stages.1.blocks.0.attn.w_msa.qkv.weight - torch.Size([576, 192]): 
The value is the same before and after calling `init_weights` of GroundingDINO  

backbone.stages.1.blocks.0.attn.w_msa.qkv.bias - torch.Size([576]): 
The value is the same before and after calling `init_weights` of GroundingDINO  

backbone.stages.1.blocks.0.attn.w_msa.proj.weight - torch.Size([192, 192]): 
The value is the same before and after calling `init_weights` of GroundingDINO  

backbone.stages.1.blocks.0.attn.w_msa.proj.bias - torch.Size([192]): 
The value is the same before and after calling `init_weights` of GroundingDINO  

backbone.stages.1.blocks.0.norm2.weight - torch.Size([192]): 
The value is the same before and after calling `init_weights` of GroundingDINO  

backbone.stages.1.blocks.0.norm2.bias - torch.Size([192]): 
The value is the same before and after calling `init_weights` of GroundingDINO  

backbone.stages.1.blocks.0.ffn.layers.0.0.weight - torch.Size([768, 192]): 
The value is the same before and after calling `init_weights` of GroundingDINO  

backbone.stages.1.blocks.0.ffn.layers.0.0.bias - torch.Size([768]): 
The value is the same before and after calling `init_weights` of GroundingDINO  

backbone.stages.1.blocks.0.ffn.layers.1.weight - torch.Size([192, 768]): 
The value is the same before and after calling `init_weights` of GroundingDINO  

backbone.stages.1.blocks.0.ffn.layers.1.bias - torch.Size([192]): 
The value is the same before and after calling `init_weights` of GroundingDINO  

backbone.stages.1.blocks.1.norm1.weight - torch.Size([192]): 
The value is the same before and after calling `init_weights` of GroundingDINO  

backbone.stages.1.blocks.1.norm1.bias - torch.Size([192]): 
The value is the same before and after calling `init_weights` of GroundingDINO  

backbone.stages.1.blocks.1.attn.w_msa.relative_position_bias_table - torch.Size([169, 6]): 
The value is the same before and after calling `init_weights` of GroundingDINO  

backbone.stages.1.blocks.1.attn.w_msa.qkv.weight - torch.Size([576, 192]): 
The value is the same before and after calling `init_weights` of GroundingDINO  

backbone.stages.1.blocks.1.attn.w_msa.qkv.bias - torch.Size([576]): 
The value is the same before and after calling `init_weights` of GroundingDINO  

backbone.stages.1.blocks.1.attn.w_msa.proj.weight - torch.Size([192, 192]): 
The value is the same before and after calling `init_weights` of GroundingDINO  

backbone.stages.1.blocks.1.attn.w_msa.proj.bias - torch.Size([192]): 
The value is the same before and after calling `init_weights` of GroundingDINO  

backbone.stages.1.blocks.1.norm2.weight - torch.Size([192]): 
The value is the same before and after calling `init_weights` of GroundingDINO  

backbone.stages.1.blocks.1.norm2.bias - torch.Size([192]): 
The value is the same before and after calling `init_weights` of GroundingDINO  

backbone.stages.1.blocks.1.ffn.layers.0.0.weight - torch.Size([768, 192]): 
The value is the same before and after calling `init_weights` of GroundingDINO  

backbone.stages.1.blocks.1.ffn.layers.0.0.bias - torch.Size([768]): 
The value is the same before and after calling `init_weights` of GroundingDINO  

backbone.stages.1.blocks.1.ffn.layers.1.weight - torch.Size([192, 768]): 
The value is the same before and after calling `init_weights` of GroundingDINO  

backbone.stages.1.blocks.1.ffn.layers.1.bias - torch.Size([192]): 
The value is the same before and after calling `init_weights` of GroundingDINO  

backbone.stages.1.downsample.norm.weight - torch.Size([768]): 
The value is the same before and after calling `init_weights` of GroundingDINO  

backbone.stages.1.downsample.norm.bias - torch.Size([768]): 
The value is the same before and after calling `init_weights` of GroundingDINO  

backbone.stages.1.downsample.reduction.weight - torch.Size([384, 768]): 
The value is the same before and after calling `init_weights` of GroundingDINO  

backbone.stages.2.blocks.0.norm1.weight - torch.Size([384]): 
The value is the same before and after calling `init_weights` of GroundingDINO  

backbone.stages.2.blocks.0.norm1.bias - torch.Size([384]): 
The value is the same before and after calling `init_weights` of GroundingDINO  

backbone.stages.2.blocks.0.attn.w_msa.relative_position_bias_table - torch.Size([169, 12]): 
The value is the same before and after calling `init_weights` of GroundingDINO  

backbone.stages.2.blocks.0.attn.w_msa.qkv.weight - torch.Size([1152, 384]): 
The value is the same before and after calling `init_weights` of GroundingDINO  

backbone.stages.2.blocks.0.attn.w_msa.qkv.bias - torch.Size([1152]): 
The value is the same before and after calling `init_weights` of GroundingDINO  

backbone.stages.2.blocks.0.attn.w_msa.proj.weight - torch.Size([384, 384]): 
The value is the same before and after calling `init_weights` of GroundingDINO  

backbone.stages.2.blocks.0.attn.w_msa.proj.bias - torch.Size([384]): 
The value is the same before and after calling `init_weights` of GroundingDINO  

backbone.stages.2.blocks.0.norm2.weight - torch.Size([384]): 
The value is the same before and after calling `init_weights` of GroundingDINO  

backbone.stages.2.blocks.0.norm2.bias - torch.Size([384]): 
The value is the same before and after calling `init_weights` of GroundingDINO  

backbone.stages.2.blocks.0.ffn.layers.0.0.weight - torch.Size([1536, 384]): 
The value is the same before and after calling `init_weights` of GroundingDINO  

backbone.stages.2.blocks.0.ffn.layers.0.0.bias - torch.Size([1536]): 
The value is the same before and after calling `init_weights` of GroundingDINO  

backbone.stages.2.blocks.0.ffn.layers.1.weight - torch.Size([384, 1536]): 
The value is the same before and after calling `init_weights` of GroundingDINO  

backbone.stages.2.blocks.0.ffn.layers.1.bias - torch.Size([384]): 
The value is the same before and after calling `init_weights` of GroundingDINO  

backbone.stages.2.blocks.1.norm1.weight - torch.Size([384]): 
The value is the same before and after calling `init_weights` of GroundingDINO  

backbone.stages.2.blocks.1.norm1.bias - torch.Size([384]): 
The value is the same before and after calling `init_weights` of GroundingDINO  

backbone.stages.2.blocks.1.attn.w_msa.relative_position_bias_table - torch.Size([169, 12]): 
The value is the same before and after calling `init_weights` of GroundingDINO  

backbone.stages.2.blocks.1.attn.w_msa.qkv.weight - torch.Size([1152, 384]): 
The value is the same before and after calling `init_weights` of GroundingDINO  

backbone.stages.2.blocks.1.attn.w_msa.qkv.bias - torch.Size([1152]): 
The value is the same before and after calling `init_weights` of GroundingDINO  

backbone.stages.2.blocks.1.attn.w_msa.proj.weight - torch.Size([384, 384]): 
The value is the same before and after calling `init_weights` of GroundingDINO  

backbone.stages.2.blocks.1.attn.w_msa.proj.bias - torch.Size([384]): 
The value is the same before and after calling `init_weights` of GroundingDINO  

backbone.stages.2.blocks.1.norm2.weight - torch.Size([384]): 
The value is the same before and after calling `init_weights` of GroundingDINO  

backbone.stages.2.blocks.1.norm2.bias - torch.Size([384]): 
The value is the same before and after calling `init_weights` of GroundingDINO  

backbone.stages.2.blocks.1.ffn.layers.0.0.weight - torch.Size([1536, 384]): 
The value is the same before and after calling `init_weights` of GroundingDINO  

backbone.stages.2.blocks.1.ffn.layers.0.0.bias - torch.Size([1536]): 
The value is the same before and after calling `init_weights` of GroundingDINO  

backbone.stages.2.blocks.1.ffn.layers.1.weight - torch.Size([384, 1536]): 
The value is the same before and after calling `init_weights` of GroundingDINO  

backbone.stages.2.blocks.1.ffn.layers.1.bias - torch.Size([384]): 
The value is the same before and after calling `init_weights` of GroundingDINO  

backbone.stages.2.blocks.2.norm1.weight - torch.Size([384]): 
The value is the same before and after calling `init_weights` of GroundingDINO  

backbone.stages.2.blocks.2.norm1.bias - torch.Size([384]): 
The value is the same before and after calling `init_weights` of GroundingDINO  

backbone.stages.2.blocks.2.attn.w_msa.relative_position_bias_table - torch.Size([169, 12]): 
The value is the same before and after calling `init_weights` of GroundingDINO  

backbone.stages.2.blocks.2.attn.w_msa.qkv.weight - torch.Size([1152, 384]): 
The value is the same before and after calling `init_weights` of GroundingDINO  

backbone.stages.2.blocks.2.attn.w_msa.qkv.bias - torch.Size([1152]): 
The value is the same before and after calling `init_weights` of GroundingDINO  

backbone.stages.2.blocks.2.attn.w_msa.proj.weight - torch.Size([384, 384]): 
The value is the same before and after calling `init_weights` of GroundingDINO  

backbone.stages.2.blocks.2.attn.w_msa.proj.bias - torch.Size([384]): 
The value is the same before and after calling `init_weights` of GroundingDINO  

backbone.stages.2.blocks.2.norm2.weight - torch.Size([384]): 
The value is the same before and after calling `init_weights` of GroundingDINO  

backbone.stages.2.blocks.2.norm2.bias - torch.Size([384]): 
The value is the same before and after calling `init_weights` of GroundingDINO  

backbone.stages.2.blocks.2.ffn.layers.0.0.weight - torch.Size([1536, 384]): 
The value is the same before and after calling `init_weights` of GroundingDINO  

backbone.stages.2.blocks.2.ffn.layers.0.0.bias - torch.Size([1536]): 
The value is the same before and after calling `init_weights` of GroundingDINO  

backbone.stages.2.blocks.2.ffn.layers.1.weight - torch.Size([384, 1536]): 
The value is the same before and after calling `init_weights` of GroundingDINO  

backbone.stages.2.blocks.2.ffn.layers.1.bias - torch.Size([384]): 
The value is the same before and after calling `init_weights` of GroundingDINO  

backbone.stages.2.blocks.3.norm1.weight - torch.Size([384]): 
The value is the same before and after calling `init_weights` of GroundingDINO  

backbone.stages.2.blocks.3.norm1.bias - torch.Size([384]): 
The value is the same before and after calling `init_weights` of GroundingDINO  

backbone.stages.2.blocks.3.attn.w_msa.relative_position_bias_table - torch.Size([169, 12]): 
The value is the same before and after calling `init_weights` of GroundingDINO  

backbone.stages.2.blocks.3.attn.w_msa.qkv.weight - torch.Size([1152, 384]): 
The value is the same before and after calling `init_weights` of GroundingDINO  

backbone.stages.2.blocks.3.attn.w_msa.qkv.bias - torch.Size([1152]): 
The value is the same before and after calling `init_weights` of GroundingDINO  

backbone.stages.2.blocks.3.attn.w_msa.proj.weight - torch.Size([384, 384]): 
The value is the same before and after calling `init_weights` of GroundingDINO  

backbone.stages.2.blocks.3.attn.w_msa.proj.bias - torch.Size([384]): 
The value is the same before and after calling `init_weights` of GroundingDINO  

backbone.stages.2.blocks.3.norm2.weight - torch.Size([384]): 
The value is the same before and after calling `init_weights` of GroundingDINO  

backbone.stages.2.blocks.3.norm2.bias - torch.Size([384]): 
The value is the same before and after calling `init_weights` of GroundingDINO  

backbone.stages.2.blocks.3.ffn.layers.0.0.weight - torch.Size([1536, 384]): 
The value is the same before and after calling `init_weights` of GroundingDINO  

backbone.stages.2.blocks.3.ffn.layers.0.0.bias - torch.Size([1536]): 
The value is the same before and after calling `init_weights` of GroundingDINO  

backbone.stages.2.blocks.3.ffn.layers.1.weight - torch.Size([384, 1536]): 
The value is the same before and after calling `init_weights` of GroundingDINO  

backbone.stages.2.blocks.3.ffn.layers.1.bias - torch.Size([384]): 
The value is the same before and after calling `init_weights` of GroundingDINO  

backbone.stages.2.blocks.4.norm1.weight - torch.Size([384]): 
The value is the same before and after calling `init_weights` of GroundingDINO  

backbone.stages.2.blocks.4.norm1.bias - torch.Size([384]): 
The value is the same before and after calling `init_weights` of GroundingDINO  

backbone.stages.2.blocks.4.attn.w_msa.relative_position_bias_table - torch.Size([169, 12]): 
The value is the same before and after calling `init_weights` of GroundingDINO  

backbone.stages.2.blocks.4.attn.w_msa.qkv.weight - torch.Size([1152, 384]): 
The value is the same before and after calling `init_weights` of GroundingDINO  

backbone.stages.2.blocks.4.attn.w_msa.qkv.bias - torch.Size([1152]): 
The value is the same before and after calling `init_weights` of GroundingDINO  

backbone.stages.2.blocks.4.attn.w_msa.proj.weight - torch.Size([384, 384]): 
The value is the same before and after calling `init_weights` of GroundingDINO  

backbone.stages.2.blocks.4.attn.w_msa.proj.bias - torch.Size([384]): 
The value is the same before and after calling `init_weights` of GroundingDINO  

backbone.stages.2.blocks.4.norm2.weight - torch.Size([384]): 
The value is the same before and after calling `init_weights` of GroundingDINO  

backbone.stages.2.blocks.4.norm2.bias - torch.Size([384]): 
The value is the same before and after calling `init_weights` of GroundingDINO  

backbone.stages.2.blocks.4.ffn.layers.0.0.weight - torch.Size([1536, 384]): 
The value is the same before and after calling `init_weights` of GroundingDINO  

backbone.stages.2.blocks.4.ffn.layers.0.0.bias - torch.Size([1536]): 
The value is the same before and after calling `init_weights` of GroundingDINO  

backbone.stages.2.blocks.4.ffn.layers.1.weight - torch.Size([384, 1536]): 
The value is the same before and after calling `init_weights` of GroundingDINO  

backbone.stages.2.blocks.4.ffn.layers.1.bias - torch.Size([384]): 
The value is the same before and after calling `init_weights` of GroundingDINO  

backbone.stages.2.blocks.5.norm1.weight - torch.Size([384]): 
The value is the same before and after calling `init_weights` of GroundingDINO  

backbone.stages.2.blocks.5.norm1.bias - torch.Size([384]): 
The value is the same before and after calling `init_weights` of GroundingDINO  

backbone.stages.2.blocks.5.attn.w_msa.relative_position_bias_table - torch.Size([169, 12]): 
The value is the same before and after calling `init_weights` of GroundingDINO  

backbone.stages.2.blocks.5.attn.w_msa.qkv.weight - torch.Size([1152, 384]): 
The value is the same before and after calling `init_weights` of GroundingDINO  

backbone.stages.2.blocks.5.attn.w_msa.qkv.bias - torch.Size([1152]): 
The value is the same before and after calling `init_weights` of GroundingDINO  

backbone.stages.2.blocks.5.attn.w_msa.proj.weight - torch.Size([384, 384]): 
The value is the same before and after calling `init_weights` of GroundingDINO  

backbone.stages.2.blocks.5.attn.w_msa.proj.bias - torch.Size([384]): 
The value is the same before and after calling `init_weights` of GroundingDINO  

backbone.stages.2.blocks.5.norm2.weight - torch.Size([384]): 
The value is the same before and after calling `init_weights` of GroundingDINO  

backbone.stages.2.blocks.5.norm2.bias - torch.Size([384]): 
The value is the same before and after calling `init_weights` of GroundingDINO  

backbone.stages.2.blocks.5.ffn.layers.0.0.weight - torch.Size([1536, 384]): 
The value is the same before and after calling `init_weights` of GroundingDINO  

backbone.stages.2.blocks.5.ffn.layers.0.0.bias - torch.Size([1536]): 
The value is the same before and after calling `init_weights` of GroundingDINO  

backbone.stages.2.blocks.5.ffn.layers.1.weight - torch.Size([384, 1536]): 
The value is the same before and after calling `init_weights` of GroundingDINO  

backbone.stages.2.blocks.5.ffn.layers.1.bias - torch.Size([384]): 
The value is the same before and after calling `init_weights` of GroundingDINO  

backbone.stages.2.downsample.norm.weight - torch.Size([1536]): 
The value is the same before and after calling `init_weights` of GroundingDINO  

backbone.stages.2.downsample.norm.bias - torch.Size([1536]): 
The value is the same before and after calling `init_weights` of GroundingDINO  

backbone.stages.2.downsample.reduction.weight - torch.Size([768, 1536]): 
The value is the same before and after calling `init_weights` of GroundingDINO  

backbone.stages.3.blocks.0.norm1.weight - torch.Size([768]): 
The value is the same before and after calling `init_weights` of GroundingDINO  

backbone.stages.3.blocks.0.norm1.bias - torch.Size([768]): 
The value is the same before and after calling `init_weights` of GroundingDINO  

backbone.stages.3.blocks.0.attn.w_msa.relative_position_bias_table - torch.Size([169, 24]): 
The value is the same before and after calling `init_weights` of GroundingDINO  

backbone.stages.3.blocks.0.attn.w_msa.qkv.weight - torch.Size([2304, 768]): 
The value is the same before and after calling `init_weights` of GroundingDINO  

backbone.stages.3.blocks.0.attn.w_msa.qkv.bias - torch.Size([2304]): 
The value is the same before and after calling `init_weights` of GroundingDINO  

backbone.stages.3.blocks.0.attn.w_msa.proj.weight - torch.Size([768, 768]): 
The value is the same before and after calling `init_weights` of GroundingDINO  

backbone.stages.3.blocks.0.attn.w_msa.proj.bias - torch.Size([768]): 
The value is the same before and after calling `init_weights` of GroundingDINO  

backbone.stages.3.blocks.0.norm2.weight - torch.Size([768]): 
The value is the same before and after calling `init_weights` of GroundingDINO  

backbone.stages.3.blocks.0.norm2.bias - torch.Size([768]): 
The value is the same before and after calling `init_weights` of GroundingDINO  

backbone.stages.3.blocks.0.ffn.layers.0.0.weight - torch.Size([3072, 768]): 
The value is the same before and after calling `init_weights` of GroundingDINO  

backbone.stages.3.blocks.0.ffn.layers.0.0.bias - torch.Size([3072]): 
The value is the same before and after calling `init_weights` of GroundingDINO  

backbone.stages.3.blocks.0.ffn.layers.1.weight - torch.Size([768, 3072]): 
The value is the same before and after calling `init_weights` of GroundingDINO  

backbone.stages.3.blocks.0.ffn.layers.1.bias - torch.Size([768]): 
The value is the same before and after calling `init_weights` of GroundingDINO  

backbone.stages.3.blocks.1.norm1.weight - torch.Size([768]): 
The value is the same before and after calling `init_weights` of GroundingDINO  

backbone.stages.3.blocks.1.norm1.bias - torch.Size([768]): 
The value is the same before and after calling `init_weights` of GroundingDINO  

backbone.stages.3.blocks.1.attn.w_msa.relative_position_bias_table - torch.Size([169, 24]): 
The value is the same before and after calling `init_weights` of GroundingDINO  

backbone.stages.3.blocks.1.attn.w_msa.qkv.weight - torch.Size([2304, 768]): 
The value is the same before and after calling `init_weights` of GroundingDINO  

backbone.stages.3.blocks.1.attn.w_msa.qkv.bias - torch.Size([2304]): 
The value is the same before and after calling `init_weights` of GroundingDINO  

backbone.stages.3.blocks.1.attn.w_msa.proj.weight - torch.Size([768, 768]): 
The value is the same before and after calling `init_weights` of GroundingDINO  

backbone.stages.3.blocks.1.attn.w_msa.proj.bias - torch.Size([768]): 
The value is the same before and after calling `init_weights` of GroundingDINO  

backbone.stages.3.blocks.1.norm2.weight - torch.Size([768]): 
The value is the same before and after calling `init_weights` of GroundingDINO  

backbone.stages.3.blocks.1.norm2.bias - torch.Size([768]): 
The value is the same before and after calling `init_weights` of GroundingDINO  

backbone.stages.3.blocks.1.ffn.layers.0.0.weight - torch.Size([3072, 768]): 
The value is the same before and after calling `init_weights` of GroundingDINO  

backbone.stages.3.blocks.1.ffn.layers.0.0.bias - torch.Size([3072]): 
The value is the same before and after calling `init_weights` of GroundingDINO  

backbone.stages.3.blocks.1.ffn.layers.1.weight - torch.Size([768, 3072]): 
The value is the same before and after calling `init_weights` of GroundingDINO  

backbone.stages.3.blocks.1.ffn.layers.1.bias - torch.Size([768]): 
The value is the same before and after calling `init_weights` of GroundingDINO  

backbone.norm1.weight - torch.Size([192]): 
The value is the same before and after calling `init_weights` of GroundingDINO  

backbone.norm1.bias - torch.Size([192]): 
The value is the same before and after calling `init_weights` of GroundingDINO  

backbone.norm2.weight - torch.Size([384]): 
The value is the same before and after calling `init_weights` of GroundingDINO  

backbone.norm2.bias - torch.Size([384]): 
The value is the same before and after calling `init_weights` of GroundingDINO  

backbone.norm3.weight - torch.Size([768]): 
The value is the same before and after calling `init_weights` of GroundingDINO  

backbone.norm3.bias - torch.Size([768]): 
The value is the same before and after calling `init_weights` of GroundingDINO  

neck.convs.0.conv.weight - torch.Size([256, 192, 1, 1]): 
XavierInit: gain=1, distribution=uniform, bias=0 

neck.convs.0.conv.bias - torch.Size([256]): 
The value is the same before and after calling `init_weights` of GroundingDINO  

neck.convs.0.gn.weight - torch.Size([256]): 
The value is the same before and after calling `init_weights` of GroundingDINO  

neck.convs.0.gn.bias - torch.Size([256]): 
The value is the same before and after calling `init_weights` of GroundingDINO  

neck.convs.1.conv.weight - torch.Size([256, 384, 1, 1]): 
XavierInit: gain=1, distribution=uniform, bias=0 

neck.convs.1.conv.bias - torch.Size([256]): 
The value is the same before and after calling `init_weights` of GroundingDINO  

neck.convs.1.gn.weight - torch.Size([256]): 
The value is the same before and after calling `init_weights` of GroundingDINO  

neck.convs.1.gn.bias - torch.Size([256]): 
The value is the same before and after calling `init_weights` of GroundingDINO  

neck.convs.2.conv.weight - torch.Size([256, 768, 1, 1]): 
XavierInit: gain=1, distribution=uniform, bias=0 

neck.convs.2.conv.bias - torch.Size([256]): 
The value is the same before and after calling `init_weights` of GroundingDINO  

neck.convs.2.gn.weight - torch.Size([256]): 
The value is the same before and after calling `init_weights` of GroundingDINO  

neck.convs.2.gn.bias - torch.Size([256]): 
The value is the same before and after calling `init_weights` of GroundingDINO  

neck.extra_convs.0.conv.weight - torch.Size([256, 768, 3, 3]): 
XavierInit: gain=1, distribution=uniform, bias=0 

neck.extra_convs.0.conv.bias - torch.Size([256]): 
The value is the same before and after calling `init_weights` of GroundingDINO  

neck.extra_convs.0.gn.weight - torch.Size([256]): 
The value is the same before and after calling `init_weights` of GroundingDINO  

neck.extra_convs.0.gn.bias - torch.Size([256]): 
The value is the same before and after calling `init_weights` of GroundingDINO  

bbox_head.cls_branches.0.bias - torch.Size([1]): 
The value is the same before and after calling `init_weights` of GroundingDINO  

bbox_head.cls_branches.1.bias - torch.Size([1]): 
The value is the same before and after calling `init_weights` of GroundingDINO  

bbox_head.cls_branches.2.bias - torch.Size([1]): 
The value is the same before and after calling `init_weights` of GroundingDINO  

bbox_head.cls_branches.3.bias - torch.Size([1]): 
The value is the same before and after calling `init_weights` of GroundingDINO  

bbox_head.cls_branches.4.bias - torch.Size([1]): 
The value is the same before and after calling `init_weights` of GroundingDINO  

bbox_head.cls_branches.5.bias - torch.Size([1]): 
The value is the same before and after calling `init_weights` of GroundingDINO  

bbox_head.cls_branches.6.bias - torch.Size([1]): 
The value is the same before and after calling `init_weights` of GroundingDINO  

bbox_head.reg_branches.0.0.weight - torch.Size([256, 256]): 
The value is the same before and after calling `init_weights` of GroundingDINO  

bbox_head.reg_branches.0.0.bias - torch.Size([256]): 
The value is the same before and after calling `init_weights` of GroundingDINO  

bbox_head.reg_branches.0.2.weight - torch.Size([256, 256]): 
The value is the same before and after calling `init_weights` of GroundingDINO  

bbox_head.reg_branches.0.2.bias - torch.Size([256]): 
The value is the same before and after calling `init_weights` of GroundingDINO  

bbox_head.reg_branches.0.4.weight - torch.Size([4, 256]): 
Initialized by user-defined `init_weights` in GroundingDINOHead  

bbox_head.reg_branches.0.4.bias - torch.Size([4]): 
Initialized by user-defined `init_weights` in GroundingDINOHead  

bbox_head.reg_branches.1.0.weight - torch.Size([256, 256]): 
The value is the same before and after calling `init_weights` of GroundingDINO  

bbox_head.reg_branches.1.0.bias - torch.Size([256]): 
The value is the same before and after calling `init_weights` of GroundingDINO  

bbox_head.reg_branches.1.2.weight - torch.Size([256, 256]): 
The value is the same before and after calling `init_weights` of GroundingDINO  

bbox_head.reg_branches.1.2.bias - torch.Size([256]): 
The value is the same before and after calling `init_weights` of GroundingDINO  

bbox_head.reg_branches.1.4.weight - torch.Size([4, 256]): 
Initialized by user-defined `init_weights` in GroundingDINOHead  

bbox_head.reg_branches.1.4.bias - torch.Size([4]): 
Initialized by user-defined `init_weights` in GroundingDINOHead  

bbox_head.reg_branches.2.0.weight - torch.Size([256, 256]): 
The value is the same before and after calling `init_weights` of GroundingDINO  

bbox_head.reg_branches.2.0.bias - torch.Size([256]): 
The value is the same before and after calling `init_weights` of GroundingDINO  

bbox_head.reg_branches.2.2.weight - torch.Size([256, 256]): 
The value is the same before and after calling `init_weights` of GroundingDINO  

bbox_head.reg_branches.2.2.bias - torch.Size([256]): 
The value is the same before and after calling `init_weights` of GroundingDINO  

bbox_head.reg_branches.2.4.weight - torch.Size([4, 256]): 
Initialized by user-defined `init_weights` in GroundingDINOHead  

bbox_head.reg_branches.2.4.bias - torch.Size([4]): 
Initialized by user-defined `init_weights` in GroundingDINOHead  

bbox_head.reg_branches.3.0.weight - torch.Size([256, 256]): 
The value is the same before and after calling `init_weights` of GroundingDINO  

bbox_head.reg_branches.3.0.bias - torch.Size([256]): 
The value is the same before and after calling `init_weights` of GroundingDINO  

bbox_head.reg_branches.3.2.weight - torch.Size([256, 256]): 
The value is the same before and after calling `init_weights` of GroundingDINO  

bbox_head.reg_branches.3.2.bias - torch.Size([256]): 
The value is the same before and after calling `init_weights` of GroundingDINO  

bbox_head.reg_branches.3.4.weight - torch.Size([4, 256]): 
Initialized by user-defined `init_weights` in GroundingDINOHead  

bbox_head.reg_branches.3.4.bias - torch.Size([4]): 
Initialized by user-defined `init_weights` in GroundingDINOHead  

bbox_head.reg_branches.4.0.weight - torch.Size([256, 256]): 
The value is the same before and after calling `init_weights` of GroundingDINO  

bbox_head.reg_branches.4.0.bias - torch.Size([256]): 
The value is the same before and after calling `init_weights` of GroundingDINO  

bbox_head.reg_branches.4.2.weight - torch.Size([256, 256]): 
The value is the same before and after calling `init_weights` of GroundingDINO  

bbox_head.reg_branches.4.2.bias - torch.Size([256]): 
The value is the same before and after calling `init_weights` of GroundingDINO  

bbox_head.reg_branches.4.4.weight - torch.Size([4, 256]): 
Initialized by user-defined `init_weights` in GroundingDINOHead  

bbox_head.reg_branches.4.4.bias - torch.Size([4]): 
Initialized by user-defined `init_weights` in GroundingDINOHead  

bbox_head.reg_branches.5.0.weight - torch.Size([256, 256]): 
The value is the same before and after calling `init_weights` of GroundingDINO  

bbox_head.reg_branches.5.0.bias - torch.Size([256]): 
The value is the same before and after calling `init_weights` of GroundingDINO  

bbox_head.reg_branches.5.2.weight - torch.Size([256, 256]): 
The value is the same before and after calling `init_weights` of GroundingDINO  

bbox_head.reg_branches.5.2.bias - torch.Size([256]): 
The value is the same before and after calling `init_weights` of GroundingDINO  

bbox_head.reg_branches.5.4.weight - torch.Size([4, 256]): 
Initialized by user-defined `init_weights` in GroundingDINOHead  

bbox_head.reg_branches.5.4.bias - torch.Size([4]): 
Initialized by user-defined `init_weights` in GroundingDINOHead  

bbox_head.reg_branches.6.0.weight - torch.Size([256, 256]): 
The value is the same before and after calling `init_weights` of GroundingDINO  

bbox_head.reg_branches.6.0.bias - torch.Size([256]): 
The value is the same before and after calling `init_weights` of GroundingDINO  

bbox_head.reg_branches.6.2.weight - torch.Size([256, 256]): 
The value is the same before and after calling `init_weights` of GroundingDINO  

bbox_head.reg_branches.6.2.bias - torch.Size([256]): 
The value is the same before and after calling `init_weights` of GroundingDINO  

bbox_head.reg_branches.6.4.weight - torch.Size([4, 256]): 
Initialized by user-defined `init_weights` in GroundingDINOHead  

bbox_head.reg_branches.6.4.bias - torch.Size([4]): 
Initialized by user-defined `init_weights` in GroundingDINOHead  

encoder.layers.0.self_attn.sampling_offsets.weight - torch.Size([256, 256]): 
The value is the same before and after calling `init_weights` of GroundingDINO  

encoder.layers.0.self_attn.sampling_offsets.bias - torch.Size([256]): 
The value is the same before and after calling `init_weights` of GroundingDINO  

encoder.layers.0.self_attn.attention_weights.weight - torch.Size([128, 256]): 
The value is the same before and after calling `init_weights` of GroundingDINO  

encoder.layers.0.self_attn.attention_weights.bias - torch.Size([128]): 
The value is the same before and after calling `init_weights` of GroundingDINO  

encoder.layers.0.self_attn.value_proj.weight - torch.Size([256, 256]): 
The value is the same before and after calling `init_weights` of GroundingDINO  

encoder.layers.0.self_attn.value_proj.bias - torch.Size([256]): 
The value is the same before and after calling `init_weights` of GroundingDINO  

encoder.layers.0.self_attn.output_proj.weight - torch.Size([256, 256]): 
The value is the same before and after calling `init_weights` of GroundingDINO  

encoder.layers.0.self_attn.output_proj.bias - torch.Size([256]): 
The value is the same before and after calling `init_weights` of GroundingDINO  

encoder.layers.0.ffn.layers.0.0.weight - torch.Size([2048, 256]): 
The value is the same before and after calling `init_weights` of GroundingDINO  

encoder.layers.0.ffn.layers.0.0.bias - torch.Size([2048]): 
The value is the same before and after calling `init_weights` of GroundingDINO  

encoder.layers.0.ffn.layers.1.weight - torch.Size([256, 2048]): 
The value is the same before and after calling `init_weights` of GroundingDINO  

encoder.layers.0.ffn.layers.1.bias - torch.Size([256]): 
The value is the same before and after calling `init_weights` of GroundingDINO  

encoder.layers.0.norms.0.weight - torch.Size([256]): 
The value is the same before and after calling `init_weights` of GroundingDINO  

encoder.layers.0.norms.0.bias - torch.Size([256]): 
The value is the same before and after calling `init_weights` of GroundingDINO  

encoder.layers.0.norms.1.weight - torch.Size([256]): 
The value is the same before and after calling `init_weights` of GroundingDINO  

encoder.layers.0.norms.1.bias - torch.Size([256]): 
The value is the same before and after calling `init_weights` of GroundingDINO  

encoder.layers.1.self_attn.sampling_offsets.weight - torch.Size([256, 256]): 
The value is the same before and after calling `init_weights` of GroundingDINO  

encoder.layers.1.self_attn.sampling_offsets.bias - torch.Size([256]): 
The value is the same before and after calling `init_weights` of GroundingDINO  

encoder.layers.1.self_attn.attention_weights.weight - torch.Size([128, 256]): 
The value is the same before and after calling `init_weights` of GroundingDINO  

encoder.layers.1.self_attn.attention_weights.bias - torch.Size([128]): 
The value is the same before and after calling `init_weights` of GroundingDINO  

encoder.layers.1.self_attn.value_proj.weight - torch.Size([256, 256]): 
The value is the same before and after calling `init_weights` of GroundingDINO  

encoder.layers.1.self_attn.value_proj.bias - torch.Size([256]): 
The value is the same before and after calling `init_weights` of GroundingDINO  

encoder.layers.1.self_attn.output_proj.weight - torch.Size([256, 256]): 
The value is the same before and after calling `init_weights` of GroundingDINO  

encoder.layers.1.self_attn.output_proj.bias - torch.Size([256]): 
The value is the same before and after calling `init_weights` of GroundingDINO  

encoder.layers.1.ffn.layers.0.0.weight - torch.Size([2048, 256]): 
The value is the same before and after calling `init_weights` of GroundingDINO  

encoder.layers.1.ffn.layers.0.0.bias - torch.Size([2048]): 
The value is the same before and after calling `init_weights` of GroundingDINO  

encoder.layers.1.ffn.layers.1.weight - torch.Size([256, 2048]): 
The value is the same before and after calling `init_weights` of GroundingDINO  

encoder.layers.1.ffn.layers.1.bias - torch.Size([256]): 
The value is the same before and after calling `init_weights` of GroundingDINO  

encoder.layers.1.norms.0.weight - torch.Size([256]): 
The value is the same before and after calling `init_weights` of GroundingDINO  

encoder.layers.1.norms.0.bias - torch.Size([256]): 
The value is the same before and after calling `init_weights` of GroundingDINO  

encoder.layers.1.norms.1.weight - torch.Size([256]): 
The value is the same before and after calling `init_weights` of GroundingDINO  

encoder.layers.1.norms.1.bias - torch.Size([256]): 
The value is the same before and after calling `init_weights` of GroundingDINO  

encoder.layers.2.self_attn.sampling_offsets.weight - torch.Size([256, 256]): 
The value is the same before and after calling `init_weights` of GroundingDINO  

encoder.layers.2.self_attn.sampling_offsets.bias - torch.Size([256]): 
The value is the same before and after calling `init_weights` of GroundingDINO  

encoder.layers.2.self_attn.attention_weights.weight - torch.Size([128, 256]): 
The value is the same before and after calling `init_weights` of GroundingDINO  

encoder.layers.2.self_attn.attention_weights.bias - torch.Size([128]): 
The value is the same before and after calling `init_weights` of GroundingDINO  

encoder.layers.2.self_attn.value_proj.weight - torch.Size([256, 256]): 
The value is the same before and after calling `init_weights` of GroundingDINO  

encoder.layers.2.self_attn.value_proj.bias - torch.Size([256]): 
The value is the same before and after calling `init_weights` of GroundingDINO  

encoder.layers.2.self_attn.output_proj.weight - torch.Size([256, 256]): 
The value is the same before and after calling `init_weights` of GroundingDINO  

encoder.layers.2.self_attn.output_proj.bias - torch.Size([256]): 
The value is the same before and after calling `init_weights` of GroundingDINO  

encoder.layers.2.ffn.layers.0.0.weight - torch.Size([2048, 256]): 
The value is the same before and after calling `init_weights` of GroundingDINO  

encoder.layers.2.ffn.layers.0.0.bias - torch.Size([2048]): 
The value is the same before and after calling `init_weights` of GroundingDINO  

encoder.layers.2.ffn.layers.1.weight - torch.Size([256, 2048]): 
The value is the same before and after calling `init_weights` of GroundingDINO  

encoder.layers.2.ffn.layers.1.bias - torch.Size([256]): 
The value is the same before and after calling `init_weights` of GroundingDINO  

encoder.layers.2.norms.0.weight - torch.Size([256]): 
The value is the same before and after calling `init_weights` of GroundingDINO  

encoder.layers.2.norms.0.bias - torch.Size([256]): 
The value is the same before and after calling `init_weights` of GroundingDINO  

encoder.layers.2.norms.1.weight - torch.Size([256]): 
The value is the same before and after calling `init_weights` of GroundingDINO  

encoder.layers.2.norms.1.bias - torch.Size([256]): 
The value is the same before and after calling `init_weights` of GroundingDINO  

encoder.layers.3.self_attn.sampling_offsets.weight - torch.Size([256, 256]): 
The value is the same before and after calling `init_weights` of GroundingDINO  

encoder.layers.3.self_attn.sampling_offsets.bias - torch.Size([256]): 
The value is the same before and after calling `init_weights` of GroundingDINO  

encoder.layers.3.self_attn.attention_weights.weight - torch.Size([128, 256]): 
The value is the same before and after calling `init_weights` of GroundingDINO  

encoder.layers.3.self_attn.attention_weights.bias - torch.Size([128]): 
The value is the same before and after calling `init_weights` of GroundingDINO  

encoder.layers.3.self_attn.value_proj.weight - torch.Size([256, 256]): 
The value is the same before and after calling `init_weights` of GroundingDINO  

encoder.layers.3.self_attn.value_proj.bias - torch.Size([256]): 
The value is the same before and after calling `init_weights` of GroundingDINO  

encoder.layers.3.self_attn.output_proj.weight - torch.Size([256, 256]): 
The value is the same before and after calling `init_weights` of GroundingDINO  

encoder.layers.3.self_attn.output_proj.bias - torch.Size([256]): 
The value is the same before and after calling `init_weights` of GroundingDINO  

encoder.layers.3.ffn.layers.0.0.weight - torch.Size([2048, 256]): 
The value is the same before and after calling `init_weights` of GroundingDINO  

encoder.layers.3.ffn.layers.0.0.bias - torch.Size([2048]): 
The value is the same before and after calling `init_weights` of GroundingDINO  

encoder.layers.3.ffn.layers.1.weight - torch.Size([256, 2048]): 
The value is the same before and after calling `init_weights` of GroundingDINO  

encoder.layers.3.ffn.layers.1.bias - torch.Size([256]): 
The value is the same before and after calling `init_weights` of GroundingDINO  

encoder.layers.3.norms.0.weight - torch.Size([256]): 
The value is the same before and after calling `init_weights` of GroundingDINO  

encoder.layers.3.norms.0.bias - torch.Size([256]): 
The value is the same before and after calling `init_weights` of GroundingDINO  

encoder.layers.3.norms.1.weight - torch.Size([256]): 
The value is the same before and after calling `init_weights` of GroundingDINO  

encoder.layers.3.norms.1.bias - torch.Size([256]): 
The value is the same before and after calling `init_weights` of GroundingDINO  

encoder.layers.4.self_attn.sampling_offsets.weight - torch.Size([256, 256]): 
The value is the same before and after calling `init_weights` of GroundingDINO  

encoder.layers.4.self_attn.sampling_offsets.bias - torch.Size([256]): 
The value is the same before and after calling `init_weights` of GroundingDINO  

encoder.layers.4.self_attn.attention_weights.weight - torch.Size([128, 256]): 
The value is the same before and after calling `init_weights` of GroundingDINO  

encoder.layers.4.self_attn.attention_weights.bias - torch.Size([128]): 
The value is the same before and after calling `init_weights` of GroundingDINO  

encoder.layers.4.self_attn.value_proj.weight - torch.Size([256, 256]): 
The value is the same before and after calling `init_weights` of GroundingDINO  

encoder.layers.4.self_attn.value_proj.bias - torch.Size([256]): 
The value is the same before and after calling `init_weights` of GroundingDINO  

encoder.layers.4.self_attn.output_proj.weight - torch.Size([256, 256]): 
The value is the same before and after calling `init_weights` of GroundingDINO  

encoder.layers.4.self_attn.output_proj.bias - torch.Size([256]): 
The value is the same before and after calling `init_weights` of GroundingDINO  

encoder.layers.4.ffn.layers.0.0.weight - torch.Size([2048, 256]): 
The value is the same before and after calling `init_weights` of GroundingDINO  

encoder.layers.4.ffn.layers.0.0.bias - torch.Size([2048]): 
The value is the same before and after calling `init_weights` of GroundingDINO  

encoder.layers.4.ffn.layers.1.weight - torch.Size([256, 2048]): 
The value is the same before and after calling `init_weights` of GroundingDINO  

encoder.layers.4.ffn.layers.1.bias - torch.Size([256]): 
The value is the same before and after calling `init_weights` of GroundingDINO  

encoder.layers.4.norms.0.weight - torch.Size([256]): 
The value is the same before and after calling `init_weights` of GroundingDINO  

encoder.layers.4.norms.0.bias - torch.Size([256]): 
The value is the same before and after calling `init_weights` of GroundingDINO  

encoder.layers.4.norms.1.weight - torch.Size([256]): 
The value is the same before and after calling `init_weights` of GroundingDINO  

encoder.layers.4.norms.1.bias - torch.Size([256]): 
The value is the same before and after calling `init_weights` of GroundingDINO  

encoder.layers.5.self_attn.sampling_offsets.weight - torch.Size([256, 256]): 
The value is the same before and after calling `init_weights` of GroundingDINO  

encoder.layers.5.self_attn.sampling_offsets.bias - torch.Size([256]): 
The value is the same before and after calling `init_weights` of GroundingDINO  

encoder.layers.5.self_attn.attention_weights.weight - torch.Size([128, 256]): 
The value is the same before and after calling `init_weights` of GroundingDINO  

encoder.layers.5.self_attn.attention_weights.bias - torch.Size([128]): 
The value is the same before and after calling `init_weights` of GroundingDINO  

encoder.layers.5.self_attn.value_proj.weight - torch.Size([256, 256]): 
The value is the same before and after calling `init_weights` of GroundingDINO  

encoder.layers.5.self_attn.value_proj.bias - torch.Size([256]): 
The value is the same before and after calling `init_weights` of GroundingDINO  

encoder.layers.5.self_attn.output_proj.weight - torch.Size([256, 256]): 
The value is the same before and after calling `init_weights` of GroundingDINO  

encoder.layers.5.self_attn.output_proj.bias - torch.Size([256]): 
The value is the same before and after calling `init_weights` of GroundingDINO  

encoder.layers.5.ffn.layers.0.0.weight - torch.Size([2048, 256]): 
The value is the same before and after calling `init_weights` of GroundingDINO  

encoder.layers.5.ffn.layers.0.0.bias - torch.Size([2048]): 
The value is the same before and after calling `init_weights` of GroundingDINO  

encoder.layers.5.ffn.layers.1.weight - torch.Size([256, 2048]): 
The value is the same before and after calling `init_weights` of GroundingDINO  

encoder.layers.5.ffn.layers.1.bias - torch.Size([256]): 
The value is the same before and after calling `init_weights` of GroundingDINO  

encoder.layers.5.norms.0.weight - torch.Size([256]): 
The value is the same before and after calling `init_weights` of GroundingDINO  

encoder.layers.5.norms.0.bias - torch.Size([256]): 
The value is the same before and after calling `init_weights` of GroundingDINO  

encoder.layers.5.norms.1.weight - torch.Size([256]): 
The value is the same before and after calling `init_weights` of GroundingDINO  

encoder.layers.5.norms.1.bias - torch.Size([256]): 
The value is the same before and after calling `init_weights` of GroundingDINO  

encoder.text_layers.0.self_attn.attn.in_proj_weight - torch.Size([768, 256]): 
The value is the same before and after calling `init_weights` of GroundingDINO  

encoder.text_layers.0.self_attn.attn.in_proj_bias - torch.Size([768]): 
The value is the same before and after calling `init_weights` of GroundingDINO  

encoder.text_layers.0.self_attn.attn.out_proj.weight - torch.Size([256, 256]): 
The value is the same before and after calling `init_weights` of GroundingDINO  

encoder.text_layers.0.self_attn.attn.out_proj.bias - torch.Size([256]): 
The value is the same before and after calling `init_weights` of GroundingDINO  

encoder.text_layers.0.ffn.layers.0.0.weight - torch.Size([1024, 256]): 
The value is the same before and after calling `init_weights` of GroundingDINO  

encoder.text_layers.0.ffn.layers.0.0.bias - torch.Size([1024]): 
The value is the same before and after calling `init_weights` of GroundingDINO  

encoder.text_layers.0.ffn.layers.1.weight - torch.Size([256, 1024]): 
The value is the same before and after calling `init_weights` of GroundingDINO  

encoder.text_layers.0.ffn.layers.1.bias - torch.Size([256]): 
The value is the same before and after calling `init_weights` of GroundingDINO  

encoder.text_layers.0.norms.0.weight - torch.Size([256]): 
The value is the same before and after calling `init_weights` of GroundingDINO  

encoder.text_layers.0.norms.0.bias - torch.Size([256]): 
The value is the same before and after calling `init_weights` of GroundingDINO  

encoder.text_layers.0.norms.1.weight - torch.Size([256]): 
The value is the same before and after calling `init_weights` of GroundingDINO  

encoder.text_layers.0.norms.1.bias - torch.Size([256]): 
The value is the same before and after calling `init_weights` of GroundingDINO  

encoder.text_layers.1.self_attn.attn.in_proj_weight - torch.Size([768, 256]): 
The value is the same before and after calling `init_weights` of GroundingDINO  

encoder.text_layers.1.self_attn.attn.in_proj_bias - torch.Size([768]): 
The value is the same before and after calling `init_weights` of GroundingDINO  

encoder.text_layers.1.self_attn.attn.out_proj.weight - torch.Size([256, 256]): 
The value is the same before and after calling `init_weights` of GroundingDINO  

encoder.text_layers.1.self_attn.attn.out_proj.bias - torch.Size([256]): 
The value is the same before and after calling `init_weights` of GroundingDINO  

encoder.text_layers.1.ffn.layers.0.0.weight - torch.Size([1024, 256]): 
The value is the same before and after calling `init_weights` of GroundingDINO  

encoder.text_layers.1.ffn.layers.0.0.bias - torch.Size([1024]): 
The value is the same before and after calling `init_weights` of GroundingDINO  

encoder.text_layers.1.ffn.layers.1.weight - torch.Size([256, 1024]): 
The value is the same before and after calling `init_weights` of GroundingDINO  

encoder.text_layers.1.ffn.layers.1.bias - torch.Size([256]): 
The value is the same before and after calling `init_weights` of GroundingDINO  

encoder.text_layers.1.norms.0.weight - torch.Size([256]): 
The value is the same before and after calling `init_weights` of GroundingDINO  

encoder.text_layers.1.norms.0.bias - torch.Size([256]): 
The value is the same before and after calling `init_weights` of GroundingDINO  

encoder.text_layers.1.norms.1.weight - torch.Size([256]): 
The value is the same before and after calling `init_weights` of GroundingDINO  

encoder.text_layers.1.norms.1.bias - torch.Size([256]): 
The value is the same before and after calling `init_weights` of GroundingDINO  

encoder.text_layers.2.self_attn.attn.in_proj_weight - torch.Size([768, 256]): 
The value is the same before and after calling `init_weights` of GroundingDINO  

encoder.text_layers.2.self_attn.attn.in_proj_bias - torch.Size([768]): 
The value is the same before and after calling `init_weights` of GroundingDINO  

encoder.text_layers.2.self_attn.attn.out_proj.weight - torch.Size([256, 256]): 
The value is the same before and after calling `init_weights` of GroundingDINO  

encoder.text_layers.2.self_attn.attn.out_proj.bias - torch.Size([256]): 
The value is the same before and after calling `init_weights` of GroundingDINO  

encoder.text_layers.2.ffn.layers.0.0.weight - torch.Size([1024, 256]): 
The value is the same before and after calling `init_weights` of GroundingDINO  

encoder.text_layers.2.ffn.layers.0.0.bias - torch.Size([1024]): 
The value is the same before and after calling `init_weights` of GroundingDINO  

encoder.text_layers.2.ffn.layers.1.weight - torch.Size([256, 1024]): 
The value is the same before and after calling `init_weights` of GroundingDINO  

encoder.text_layers.2.ffn.layers.1.bias - torch.Size([256]): 
The value is the same before and after calling `init_weights` of GroundingDINO  

encoder.text_layers.2.norms.0.weight - torch.Size([256]): 
The value is the same before and after calling `init_weights` of GroundingDINO  

encoder.text_layers.2.norms.0.bias - torch.Size([256]): 
The value is the same before and after calling `init_weights` of GroundingDINO  

encoder.text_layers.2.norms.1.weight - torch.Size([256]): 
The value is the same before and after calling `init_weights` of GroundingDINO  

encoder.text_layers.2.norms.1.bias - torch.Size([256]): 
The value is the same before and after calling `init_weights` of GroundingDINO  

encoder.text_layers.3.self_attn.attn.in_proj_weight - torch.Size([768, 256]): 
The value is the same before and after calling `init_weights` of GroundingDINO  

encoder.text_layers.3.self_attn.attn.in_proj_bias - torch.Size([768]): 
The value is the same before and after calling `init_weights` of GroundingDINO  

encoder.text_layers.3.self_attn.attn.out_proj.weight - torch.Size([256, 256]): 
The value is the same before and after calling `init_weights` of GroundingDINO  

encoder.text_layers.3.self_attn.attn.out_proj.bias - torch.Size([256]): 
The value is the same before and after calling `init_weights` of GroundingDINO  

encoder.text_layers.3.ffn.layers.0.0.weight - torch.Size([1024, 256]): 
The value is the same before and after calling `init_weights` of GroundingDINO  

encoder.text_layers.3.ffn.layers.0.0.bias - torch.Size([1024]): 
The value is the same before and after calling `init_weights` of GroundingDINO  

encoder.text_layers.3.ffn.layers.1.weight - torch.Size([256, 1024]): 
The value is the same before and after calling `init_weights` of GroundingDINO  

encoder.text_layers.3.ffn.layers.1.bias - torch.Size([256]): 
The value is the same before and after calling `init_weights` of GroundingDINO  

encoder.text_layers.3.norms.0.weight - torch.Size([256]): 
The value is the same before and after calling `init_weights` of GroundingDINO  

encoder.text_layers.3.norms.0.bias - torch.Size([256]): 
The value is the same before and after calling `init_weights` of GroundingDINO  

encoder.text_layers.3.norms.1.weight - torch.Size([256]): 
The value is the same before and after calling `init_weights` of GroundingDINO  

encoder.text_layers.3.norms.1.bias - torch.Size([256]): 
The value is the same before and after calling `init_weights` of GroundingDINO  

encoder.text_layers.4.self_attn.attn.in_proj_weight - torch.Size([768, 256]): 
The value is the same before and after calling `init_weights` of GroundingDINO  

encoder.text_layers.4.self_attn.attn.in_proj_bias - torch.Size([768]): 
The value is the same before and after calling `init_weights` of GroundingDINO  

encoder.text_layers.4.self_attn.attn.out_proj.weight - torch.Size([256, 256]): 
The value is the same before and after calling `init_weights` of GroundingDINO  

encoder.text_layers.4.self_attn.attn.out_proj.bias - torch.Size([256]): 
The value is the same before and after calling `init_weights` of GroundingDINO  

encoder.text_layers.4.ffn.layers.0.0.weight - torch.Size([1024, 256]): 
The value is the same before and after calling `init_weights` of GroundingDINO  

encoder.text_layers.4.ffn.layers.0.0.bias - torch.Size([1024]): 
The value is the same before and after calling `init_weights` of GroundingDINO  

encoder.text_layers.4.ffn.layers.1.weight - torch.Size([256, 1024]): 
The value is the same before and after calling `init_weights` of GroundingDINO  

encoder.text_layers.4.ffn.layers.1.bias - torch.Size([256]): 
The value is the same before and after calling `init_weights` of GroundingDINO  

encoder.text_layers.4.norms.0.weight - torch.Size([256]): 
The value is the same before and after calling `init_weights` of GroundingDINO  

encoder.text_layers.4.norms.0.bias - torch.Size([256]): 
The value is the same before and after calling `init_weights` of GroundingDINO  

encoder.text_layers.4.norms.1.weight - torch.Size([256]): 
The value is the same before and after calling `init_weights` of GroundingDINO  

encoder.text_layers.4.norms.1.bias - torch.Size([256]): 
The value is the same before and after calling `init_weights` of GroundingDINO  

encoder.text_layers.5.self_attn.attn.in_proj_weight - torch.Size([768, 256]): 
The value is the same before and after calling `init_weights` of GroundingDINO  

encoder.text_layers.5.self_attn.attn.in_proj_bias - torch.Size([768]): 
The value is the same before and after calling `init_weights` of GroundingDINO  

encoder.text_layers.5.self_attn.attn.out_proj.weight - torch.Size([256, 256]): 
The value is the same before and after calling `init_weights` of GroundingDINO  

encoder.text_layers.5.self_attn.attn.out_proj.bias - torch.Size([256]): 
The value is the same before and after calling `init_weights` of GroundingDINO  

encoder.text_layers.5.ffn.layers.0.0.weight - torch.Size([1024, 256]): 
The value is the same before and after calling `init_weights` of GroundingDINO  

encoder.text_layers.5.ffn.layers.0.0.bias - torch.Size([1024]): 
The value is the same before and after calling `init_weights` of GroundingDINO  

encoder.text_layers.5.ffn.layers.1.weight - torch.Size([256, 1024]): 
The value is the same before and after calling `init_weights` of GroundingDINO  

encoder.text_layers.5.ffn.layers.1.bias - torch.Size([256]): 
The value is the same before and after calling `init_weights` of GroundingDINO  

encoder.text_layers.5.norms.0.weight - torch.Size([256]): 
The value is the same before and after calling `init_weights` of GroundingDINO  

encoder.text_layers.5.norms.0.bias - torch.Size([256]): 
The value is the same before and after calling `init_weights` of GroundingDINO  

encoder.text_layers.5.norms.1.weight - torch.Size([256]): 
The value is the same before and after calling `init_weights` of GroundingDINO  

encoder.text_layers.5.norms.1.bias - torch.Size([256]): 
The value is the same before and after calling `init_weights` of GroundingDINO  

encoder.fusion_layers.0.gamma_v - torch.Size([256]): 
The value is the same before and after calling `init_weights` of GroundingDINO  

encoder.fusion_layers.0.gamma_l - torch.Size([256]): 
The value is the same before and after calling `init_weights` of GroundingDINO  

encoder.fusion_layers.0.layer_norm_v.weight - torch.Size([256]): 
The value is the same before and after calling `init_weights` of GroundingDINO  

encoder.fusion_layers.0.layer_norm_v.bias - torch.Size([256]): 
The value is the same before and after calling `init_weights` of GroundingDINO  

encoder.fusion_layers.0.layer_norm_l.weight - torch.Size([256]): 
The value is the same before and after calling `init_weights` of GroundingDINO  

encoder.fusion_layers.0.layer_norm_l.bias - torch.Size([256]): 
The value is the same before and after calling `init_weights` of GroundingDINO  

encoder.fusion_layers.0.attn.v_proj.weight - torch.Size([1024, 256]): 
The value is the same before and after calling `init_weights` of GroundingDINO  

encoder.fusion_layers.0.attn.v_proj.bias - torch.Size([1024]): 
The value is the same before and after calling `init_weights` of GroundingDINO  

encoder.fusion_layers.0.attn.l_proj.weight - torch.Size([1024, 256]): 
The value is the same before and after calling `init_weights` of GroundingDINO  

encoder.fusion_layers.0.attn.l_proj.bias - torch.Size([1024]): 
The value is the same before and after calling `init_weights` of GroundingDINO  

encoder.fusion_layers.0.attn.values_v_proj.weight - torch.Size([1024, 256]): 
The value is the same before and after calling `init_weights` of GroundingDINO  

encoder.fusion_layers.0.attn.values_v_proj.bias - torch.Size([1024]): 
The value is the same before and after calling `init_weights` of GroundingDINO  

encoder.fusion_layers.0.attn.values_l_proj.weight - torch.Size([1024, 256]): 
The value is the same before and after calling `init_weights` of GroundingDINO  

encoder.fusion_layers.0.attn.values_l_proj.bias - torch.Size([1024]): 
The value is the same before and after calling `init_weights` of GroundingDINO  

encoder.fusion_layers.0.attn.out_v_proj.weight - torch.Size([256, 1024]): 
The value is the same before and after calling `init_weights` of GroundingDINO  

encoder.fusion_layers.0.attn.out_v_proj.bias - torch.Size([256]): 
The value is the same before and after calling `init_weights` of GroundingDINO  

encoder.fusion_layers.0.attn.out_l_proj.weight - torch.Size([256, 1024]): 
The value is the same before and after calling `init_weights` of GroundingDINO  

encoder.fusion_layers.0.attn.out_l_proj.bias - torch.Size([256]): 
The value is the same before and after calling `init_weights` of GroundingDINO  

encoder.fusion_layers.1.gamma_v - torch.Size([256]): 
The value is the same before and after calling `init_weights` of GroundingDINO  

encoder.fusion_layers.1.gamma_l - torch.Size([256]): 
The value is the same before and after calling `init_weights` of GroundingDINO  

encoder.fusion_layers.1.layer_norm_v.weight - torch.Size([256]): 
The value is the same before and after calling `init_weights` of GroundingDINO  

encoder.fusion_layers.1.layer_norm_v.bias - torch.Size([256]): 
The value is the same before and after calling `init_weights` of GroundingDINO  

encoder.fusion_layers.1.layer_norm_l.weight - torch.Size([256]): 
The value is the same before and after calling `init_weights` of GroundingDINO  

encoder.fusion_layers.1.layer_norm_l.bias - torch.Size([256]): 
The value is the same before and after calling `init_weights` of GroundingDINO  

encoder.fusion_layers.1.attn.v_proj.weight - torch.Size([1024, 256]): 
The value is the same before and after calling `init_weights` of GroundingDINO  

encoder.fusion_layers.1.attn.v_proj.bias - torch.Size([1024]): 
The value is the same before and after calling `init_weights` of GroundingDINO  

encoder.fusion_layers.1.attn.l_proj.weight - torch.Size([1024, 256]): 
The value is the same before and after calling `init_weights` of GroundingDINO  

encoder.fusion_layers.1.attn.l_proj.bias - torch.Size([1024]): 
The value is the same before and after calling `init_weights` of GroundingDINO  

encoder.fusion_layers.1.attn.values_v_proj.weight - torch.Size([1024, 256]): 
The value is the same before and after calling `init_weights` of GroundingDINO  

encoder.fusion_layers.1.attn.values_v_proj.bias - torch.Size([1024]): 
The value is the same before and after calling `init_weights` of GroundingDINO  

encoder.fusion_layers.1.attn.values_l_proj.weight - torch.Size([1024, 256]): 
The value is the same before and after calling `init_weights` of GroundingDINO  

encoder.fusion_layers.1.attn.values_l_proj.bias - torch.Size([1024]): 
The value is the same before and after calling `init_weights` of GroundingDINO  

encoder.fusion_layers.1.attn.out_v_proj.weight - torch.Size([256, 1024]): 
The value is the same before and after calling `init_weights` of GroundingDINO  

encoder.fusion_layers.1.attn.out_v_proj.bias - torch.Size([256]): 
The value is the same before and after calling `init_weights` of GroundingDINO  

encoder.fusion_layers.1.attn.out_l_proj.weight - torch.Size([256, 1024]): 
The value is the same before and after calling `init_weights` of GroundingDINO  

encoder.fusion_layers.1.attn.out_l_proj.bias - torch.Size([256]): 
The value is the same before and after calling `init_weights` of GroundingDINO  

encoder.fusion_layers.2.gamma_v - torch.Size([256]): 
The value is the same before and after calling `init_weights` of GroundingDINO  

encoder.fusion_layers.2.gamma_l - torch.Size([256]): 
The value is the same before and after calling `init_weights` of GroundingDINO  

encoder.fusion_layers.2.layer_norm_v.weight - torch.Size([256]): 
The value is the same before and after calling `init_weights` of GroundingDINO  

encoder.fusion_layers.2.layer_norm_v.bias - torch.Size([256]): 
The value is the same before and after calling `init_weights` of GroundingDINO  

encoder.fusion_layers.2.layer_norm_l.weight - torch.Size([256]): 
The value is the same before and after calling `init_weights` of GroundingDINO  

encoder.fusion_layers.2.layer_norm_l.bias - torch.Size([256]): 
The value is the same before and after calling `init_weights` of GroundingDINO  

encoder.fusion_layers.2.attn.v_proj.weight - torch.Size([1024, 256]): 
The value is the same before and after calling `init_weights` of GroundingDINO  

encoder.fusion_layers.2.attn.v_proj.bias - torch.Size([1024]): 
The value is the same before and after calling `init_weights` of GroundingDINO  

encoder.fusion_layers.2.attn.l_proj.weight - torch.Size([1024, 256]): 
The value is the same before and after calling `init_weights` of GroundingDINO  

encoder.fusion_layers.2.attn.l_proj.bias - torch.Size([1024]): 
The value is the same before and after calling `init_weights` of GroundingDINO  

encoder.fusion_layers.2.attn.values_v_proj.weight - torch.Size([1024, 256]): 
The value is the same before and after calling `init_weights` of GroundingDINO  

encoder.fusion_layers.2.attn.values_v_proj.bias - torch.Size([1024]): 
The value is the same before and after calling `init_weights` of GroundingDINO  

encoder.fusion_layers.2.attn.values_l_proj.weight - torch.Size([1024, 256]): 
The value is the same before and after calling `init_weights` of GroundingDINO  

encoder.fusion_layers.2.attn.values_l_proj.bias - torch.Size([1024]): 
The value is the same before and after calling `init_weights` of GroundingDINO  

encoder.fusion_layers.2.attn.out_v_proj.weight - torch.Size([256, 1024]): 
The value is the same before and after calling `init_weights` of GroundingDINO  

encoder.fusion_layers.2.attn.out_v_proj.bias - torch.Size([256]): 
The value is the same before and after calling `init_weights` of GroundingDINO  

encoder.fusion_layers.2.attn.out_l_proj.weight - torch.Size([256, 1024]): 
The value is the same before and after calling `init_weights` of GroundingDINO  

encoder.fusion_layers.2.attn.out_l_proj.bias - torch.Size([256]): 
The value is the same before and after calling `init_weights` of GroundingDINO  

encoder.fusion_layers.3.gamma_v - torch.Size([256]): 
The value is the same before and after calling `init_weights` of GroundingDINO  

encoder.fusion_layers.3.gamma_l - torch.Size([256]): 
The value is the same before and after calling `init_weights` of GroundingDINO  

encoder.fusion_layers.3.layer_norm_v.weight - torch.Size([256]): 
The value is the same before and after calling `init_weights` of GroundingDINO  

encoder.fusion_layers.3.layer_norm_v.bias - torch.Size([256]): 
The value is the same before and after calling `init_weights` of GroundingDINO  

encoder.fusion_layers.3.layer_norm_l.weight - torch.Size([256]): 
The value is the same before and after calling `init_weights` of GroundingDINO  

encoder.fusion_layers.3.layer_norm_l.bias - torch.Size([256]): 
The value is the same before and after calling `init_weights` of GroundingDINO  

encoder.fusion_layers.3.attn.v_proj.weight - torch.Size([1024, 256]): 
The value is the same before and after calling `init_weights` of GroundingDINO  

encoder.fusion_layers.3.attn.v_proj.bias - torch.Size([1024]): 
The value is the same before and after calling `init_weights` of GroundingDINO  

encoder.fusion_layers.3.attn.l_proj.weight - torch.Size([1024, 256]): 
The value is the same before and after calling `init_weights` of GroundingDINO  

encoder.fusion_layers.3.attn.l_proj.bias - torch.Size([1024]): 
The value is the same before and after calling `init_weights` of GroundingDINO  

encoder.fusion_layers.3.attn.values_v_proj.weight - torch.Size([1024, 256]): 
The value is the same before and after calling `init_weights` of GroundingDINO  

encoder.fusion_layers.3.attn.values_v_proj.bias - torch.Size([1024]): 
The value is the same before and after calling `init_weights` of GroundingDINO  

encoder.fusion_layers.3.attn.values_l_proj.weight - torch.Size([1024, 256]): 
The value is the same before and after calling `init_weights` of GroundingDINO  

encoder.fusion_layers.3.attn.values_l_proj.bias - torch.Size([1024]): 
The value is the same before and after calling `init_weights` of GroundingDINO  

encoder.fusion_layers.3.attn.out_v_proj.weight - torch.Size([256, 1024]): 
The value is the same before and after calling `init_weights` of GroundingDINO  

encoder.fusion_layers.3.attn.out_v_proj.bias - torch.Size([256]): 
The value is the same before and after calling `init_weights` of GroundingDINO  

encoder.fusion_layers.3.attn.out_l_proj.weight - torch.Size([256, 1024]): 
The value is the same before and after calling `init_weights` of GroundingDINO  

encoder.fusion_layers.3.attn.out_l_proj.bias - torch.Size([256]): 
The value is the same before and after calling `init_weights` of GroundingDINO  

encoder.fusion_layers.4.gamma_v - torch.Size([256]): 
The value is the same before and after calling `init_weights` of GroundingDINO  

encoder.fusion_layers.4.gamma_l - torch.Size([256]): 
The value is the same before and after calling `init_weights` of GroundingDINO  

encoder.fusion_layers.4.layer_norm_v.weight - torch.Size([256]): 
The value is the same before and after calling `init_weights` of GroundingDINO  

encoder.fusion_layers.4.layer_norm_v.bias - torch.Size([256]): 
The value is the same before and after calling `init_weights` of GroundingDINO  

encoder.fusion_layers.4.layer_norm_l.weight - torch.Size([256]): 
The value is the same before and after calling `init_weights` of GroundingDINO  

encoder.fusion_layers.4.layer_norm_l.bias - torch.Size([256]): 
The value is the same before and after calling `init_weights` of GroundingDINO  

encoder.fusion_layers.4.attn.v_proj.weight - torch.Size([1024, 256]): 
The value is the same before and after calling `init_weights` of GroundingDINO  

encoder.fusion_layers.4.attn.v_proj.bias - torch.Size([1024]): 
The value is the same before and after calling `init_weights` of GroundingDINO  

encoder.fusion_layers.4.attn.l_proj.weight - torch.Size([1024, 256]): 
The value is the same before and after calling `init_weights` of GroundingDINO  

encoder.fusion_layers.4.attn.l_proj.bias - torch.Size([1024]): 
The value is the same before and after calling `init_weights` of GroundingDINO  

encoder.fusion_layers.4.attn.values_v_proj.weight - torch.Size([1024, 256]): 
The value is the same before and after calling `init_weights` of GroundingDINO  

encoder.fusion_layers.4.attn.values_v_proj.bias - torch.Size([1024]): 
The value is the same before and after calling `init_weights` of GroundingDINO  

encoder.fusion_layers.4.attn.values_l_proj.weight - torch.Size([1024, 256]): 
The value is the same before and after calling `init_weights` of GroundingDINO  

encoder.fusion_layers.4.attn.values_l_proj.bias - torch.Size([1024]): 
The value is the same before and after calling `init_weights` of GroundingDINO  

encoder.fusion_layers.4.attn.out_v_proj.weight - torch.Size([256, 1024]): 
The value is the same before and after calling `init_weights` of GroundingDINO  

encoder.fusion_layers.4.attn.out_v_proj.bias - torch.Size([256]): 
The value is the same before and after calling `init_weights` of GroundingDINO  

encoder.fusion_layers.4.attn.out_l_proj.weight - torch.Size([256, 1024]): 
The value is the same before and after calling `init_weights` of GroundingDINO  

encoder.fusion_layers.4.attn.out_l_proj.bias - torch.Size([256]): 
The value is the same before and after calling `init_weights` of GroundingDINO  

encoder.fusion_layers.5.gamma_v - torch.Size([256]): 
The value is the same before and after calling `init_weights` of GroundingDINO  

encoder.fusion_layers.5.gamma_l - torch.Size([256]): 
The value is the same before and after calling `init_weights` of GroundingDINO  

encoder.fusion_layers.5.layer_norm_v.weight - torch.Size([256]): 
The value is the same before and after calling `init_weights` of GroundingDINO  

encoder.fusion_layers.5.layer_norm_v.bias - torch.Size([256]): 
The value is the same before and after calling `init_weights` of GroundingDINO  

encoder.fusion_layers.5.layer_norm_l.weight - torch.Size([256]): 
The value is the same before and after calling `init_weights` of GroundingDINO  

encoder.fusion_layers.5.layer_norm_l.bias - torch.Size([256]): 
The value is the same before and after calling `init_weights` of GroundingDINO  

encoder.fusion_layers.5.attn.v_proj.weight - torch.Size([1024, 256]): 
The value is the same before and after calling `init_weights` of GroundingDINO  

encoder.fusion_layers.5.attn.v_proj.bias - torch.Size([1024]): 
The value is the same before and after calling `init_weights` of GroundingDINO  

encoder.fusion_layers.5.attn.l_proj.weight - torch.Size([1024, 256]): 
The value is the same before and after calling `init_weights` of GroundingDINO  

encoder.fusion_layers.5.attn.l_proj.bias - torch.Size([1024]): 
The value is the same before and after calling `init_weights` of GroundingDINO  

encoder.fusion_layers.5.attn.values_v_proj.weight - torch.Size([1024, 256]): 
The value is the same before and after calling `init_weights` of GroundingDINO  

encoder.fusion_layers.5.attn.values_v_proj.bias - torch.Size([1024]): 
The value is the same before and after calling `init_weights` of GroundingDINO  

encoder.fusion_layers.5.attn.values_l_proj.weight - torch.Size([1024, 256]): 
The value is the same before and after calling `init_weights` of GroundingDINO  

encoder.fusion_layers.5.attn.values_l_proj.bias - torch.Size([1024]): 
The value is the same before and after calling `init_weights` of GroundingDINO  

encoder.fusion_layers.5.attn.out_v_proj.weight - torch.Size([256, 1024]): 
The value is the same before and after calling `init_weights` of GroundingDINO  

encoder.fusion_layers.5.attn.out_v_proj.bias - torch.Size([256]): 
The value is the same before and after calling `init_weights` of GroundingDINO  

encoder.fusion_layers.5.attn.out_l_proj.weight - torch.Size([256, 1024]): 
The value is the same before and after calling `init_weights` of GroundingDINO  

encoder.fusion_layers.5.attn.out_l_proj.bias - torch.Size([256]): 
The value is the same before and after calling `init_weights` of GroundingDINO  

decoder.layers.0.self_attn.attn.in_proj_weight - torch.Size([768, 256]): 
The value is the same before and after calling `init_weights` of GroundingDINO  

decoder.layers.0.self_attn.attn.in_proj_bias - torch.Size([768]): 
The value is the same before and after calling `init_weights` of GroundingDINO  

decoder.layers.0.self_attn.attn.out_proj.weight - torch.Size([256, 256]): 
The value is the same before and after calling `init_weights` of GroundingDINO  

decoder.layers.0.self_attn.attn.out_proj.bias - torch.Size([256]): 
The value is the same before and after calling `init_weights` of GroundingDINO  

decoder.layers.0.cross_attn_text.attn.in_proj_weight - torch.Size([768, 256]): 
The value is the same before and after calling `init_weights` of GroundingDINO  

decoder.layers.0.cross_attn_text.attn.in_proj_bias - torch.Size([768]): 
The value is the same before and after calling `init_weights` of GroundingDINO  

decoder.layers.0.cross_attn_text.attn.out_proj.weight - torch.Size([256, 256]): 
The value is the same before and after calling `init_weights` of GroundingDINO  

decoder.layers.0.cross_attn_text.attn.out_proj.bias - torch.Size([256]): 
The value is the same before and after calling `init_weights` of GroundingDINO  

decoder.layers.0.cross_attn.sampling_offsets.weight - torch.Size([256, 256]): 
The value is the same before and after calling `init_weights` of GroundingDINO  

decoder.layers.0.cross_attn.sampling_offsets.bias - torch.Size([256]): 
The value is the same before and after calling `init_weights` of GroundingDINO  

decoder.layers.0.cross_attn.attention_weights.weight - torch.Size([128, 256]): 
The value is the same before and after calling `init_weights` of GroundingDINO  

decoder.layers.0.cross_attn.attention_weights.bias - torch.Size([128]): 
The value is the same before and after calling `init_weights` of GroundingDINO  

decoder.layers.0.cross_attn.value_proj.weight - torch.Size([256, 256]): 
The value is the same before and after calling `init_weights` of GroundingDINO  

decoder.layers.0.cross_attn.value_proj.bias - torch.Size([256]): 
The value is the same before and after calling `init_weights` of GroundingDINO  

decoder.layers.0.cross_attn.output_proj.weight - torch.Size([256, 256]): 
The value is the same before and after calling `init_weights` of GroundingDINO  

decoder.layers.0.cross_attn.output_proj.bias - torch.Size([256]): 
The value is the same before and after calling `init_weights` of GroundingDINO  

decoder.layers.0.ffn.layers.0.0.weight - torch.Size([2048, 256]): 
The value is the same before and after calling `init_weights` of GroundingDINO  

decoder.layers.0.ffn.layers.0.0.bias - torch.Size([2048]): 
The value is the same before and after calling `init_weights` of GroundingDINO  

decoder.layers.0.ffn.layers.1.weight - torch.Size([256, 2048]): 
The value is the same before and after calling `init_weights` of GroundingDINO  

decoder.layers.0.ffn.layers.1.bias - torch.Size([256]): 
The value is the same before and after calling `init_weights` of GroundingDINO  

decoder.layers.0.norms.0.weight - torch.Size([256]): 
The value is the same before and after calling `init_weights` of GroundingDINO  

decoder.layers.0.norms.0.bias - torch.Size([256]): 
The value is the same before and after calling `init_weights` of GroundingDINO  

decoder.layers.0.norms.1.weight - torch.Size([256]): 
The value is the same before and after calling `init_weights` of GroundingDINO  

decoder.layers.0.norms.1.bias - torch.Size([256]): 
The value is the same before and after calling `init_weights` of GroundingDINO  

decoder.layers.0.norms.2.weight - torch.Size([256]): 
The value is the same before and after calling `init_weights` of GroundingDINO  

decoder.layers.0.norms.2.bias - torch.Size([256]): 
The value is the same before and after calling `init_weights` of GroundingDINO  

decoder.layers.0.norms.3.weight - torch.Size([256]): 
The value is the same before and after calling `init_weights` of GroundingDINO  

decoder.layers.0.norms.3.bias - torch.Size([256]): 
The value is the same before and after calling `init_weights` of GroundingDINO  

decoder.layers.1.self_attn.attn.in_proj_weight - torch.Size([768, 256]): 
The value is the same before and after calling `init_weights` of GroundingDINO  

decoder.layers.1.self_attn.attn.in_proj_bias - torch.Size([768]): 
The value is the same before and after calling `init_weights` of GroundingDINO  

decoder.layers.1.self_attn.attn.out_proj.weight - torch.Size([256, 256]): 
The value is the same before and after calling `init_weights` of GroundingDINO  

decoder.layers.1.self_attn.attn.out_proj.bias - torch.Size([256]): 
The value is the same before and after calling `init_weights` of GroundingDINO  

decoder.layers.1.cross_attn_text.attn.in_proj_weight - torch.Size([768, 256]): 
The value is the same before and after calling `init_weights` of GroundingDINO  

decoder.layers.1.cross_attn_text.attn.in_proj_bias - torch.Size([768]): 
The value is the same before and after calling `init_weights` of GroundingDINO  

decoder.layers.1.cross_attn_text.attn.out_proj.weight - torch.Size([256, 256]): 
The value is the same before and after calling `init_weights` of GroundingDINO  

decoder.layers.1.cross_attn_text.attn.out_proj.bias - torch.Size([256]): 
The value is the same before and after calling `init_weights` of GroundingDINO  

decoder.layers.1.cross_attn.sampling_offsets.weight - torch.Size([256, 256]): 
The value is the same before and after calling `init_weights` of GroundingDINO  

decoder.layers.1.cross_attn.sampling_offsets.bias - torch.Size([256]): 
The value is the same before and after calling `init_weights` of GroundingDINO  

decoder.layers.1.cross_attn.attention_weights.weight - torch.Size([128, 256]): 
The value is the same before and after calling `init_weights` of GroundingDINO  

decoder.layers.1.cross_attn.attention_weights.bias - torch.Size([128]): 
The value is the same before and after calling `init_weights` of GroundingDINO  

decoder.layers.1.cross_attn.value_proj.weight - torch.Size([256, 256]): 
The value is the same before and after calling `init_weights` of GroundingDINO  

decoder.layers.1.cross_attn.value_proj.bias - torch.Size([256]): 
The value is the same before and after calling `init_weights` of GroundingDINO  

decoder.layers.1.cross_attn.output_proj.weight - torch.Size([256, 256]): 
The value is the same before and after calling `init_weights` of GroundingDINO  

decoder.layers.1.cross_attn.output_proj.bias - torch.Size([256]): 
The value is the same before and after calling `init_weights` of GroundingDINO  

decoder.layers.1.ffn.layers.0.0.weight - torch.Size([2048, 256]): 
The value is the same before and after calling `init_weights` of GroundingDINO  

decoder.layers.1.ffn.layers.0.0.bias - torch.Size([2048]): 
The value is the same before and after calling `init_weights` of GroundingDINO  

decoder.layers.1.ffn.layers.1.weight - torch.Size([256, 2048]): 
The value is the same before and after calling `init_weights` of GroundingDINO  

decoder.layers.1.ffn.layers.1.bias - torch.Size([256]): 
The value is the same before and after calling `init_weights` of GroundingDINO  

decoder.layers.1.norms.0.weight - torch.Size([256]): 
The value is the same before and after calling `init_weights` of GroundingDINO  

decoder.layers.1.norms.0.bias - torch.Size([256]): 
The value is the same before and after calling `init_weights` of GroundingDINO  

decoder.layers.1.norms.1.weight - torch.Size([256]): 
The value is the same before and after calling `init_weights` of GroundingDINO  

decoder.layers.1.norms.1.bias - torch.Size([256]): 
The value is the same before and after calling `init_weights` of GroundingDINO  

decoder.layers.1.norms.2.weight - torch.Size([256]): 
The value is the same before and after calling `init_weights` of GroundingDINO  

decoder.layers.1.norms.2.bias - torch.Size([256]): 
The value is the same before and after calling `init_weights` of GroundingDINO  

decoder.layers.1.norms.3.weight - torch.Size([256]): 
The value is the same before and after calling `init_weights` of GroundingDINO  

decoder.layers.1.norms.3.bias - torch.Size([256]): 
The value is the same before and after calling `init_weights` of GroundingDINO  

decoder.layers.2.self_attn.attn.in_proj_weight - torch.Size([768, 256]): 
The value is the same before and after calling `init_weights` of GroundingDINO  

decoder.layers.2.self_attn.attn.in_proj_bias - torch.Size([768]): 
The value is the same before and after calling `init_weights` of GroundingDINO  

decoder.layers.2.self_attn.attn.out_proj.weight - torch.Size([256, 256]): 
The value is the same before and after calling `init_weights` of GroundingDINO  

decoder.layers.2.self_attn.attn.out_proj.bias - torch.Size([256]): 
The value is the same before and after calling `init_weights` of GroundingDINO  

decoder.layers.2.cross_attn_text.attn.in_proj_weight - torch.Size([768, 256]): 
The value is the same before and after calling `init_weights` of GroundingDINO  

decoder.layers.2.cross_attn_text.attn.in_proj_bias - torch.Size([768]): 
The value is the same before and after calling `init_weights` of GroundingDINO  

decoder.layers.2.cross_attn_text.attn.out_proj.weight - torch.Size([256, 256]): 
The value is the same before and after calling `init_weights` of GroundingDINO  

decoder.layers.2.cross_attn_text.attn.out_proj.bias - torch.Size([256]): 
The value is the same before and after calling `init_weights` of GroundingDINO  

decoder.layers.2.cross_attn.sampling_offsets.weight - torch.Size([256, 256]): 
The value is the same before and after calling `init_weights` of GroundingDINO  

decoder.layers.2.cross_attn.sampling_offsets.bias - torch.Size([256]): 
The value is the same before and after calling `init_weights` of GroundingDINO  

decoder.layers.2.cross_attn.attention_weights.weight - torch.Size([128, 256]): 
The value is the same before and after calling `init_weights` of GroundingDINO  

decoder.layers.2.cross_attn.attention_weights.bias - torch.Size([128]): 
The value is the same before and after calling `init_weights` of GroundingDINO  

decoder.layers.2.cross_attn.value_proj.weight - torch.Size([256, 256]): 
The value is the same before and after calling `init_weights` of GroundingDINO  

decoder.layers.2.cross_attn.value_proj.bias - torch.Size([256]): 
The value is the same before and after calling `init_weights` of GroundingDINO  

decoder.layers.2.cross_attn.output_proj.weight - torch.Size([256, 256]): 
The value is the same before and after calling `init_weights` of GroundingDINO  

decoder.layers.2.cross_attn.output_proj.bias - torch.Size([256]): 
The value is the same before and after calling `init_weights` of GroundingDINO  

decoder.layers.2.ffn.layers.0.0.weight - torch.Size([2048, 256]): 
The value is the same before and after calling `init_weights` of GroundingDINO  

decoder.layers.2.ffn.layers.0.0.bias - torch.Size([2048]): 
The value is the same before and after calling `init_weights` of GroundingDINO  

decoder.layers.2.ffn.layers.1.weight - torch.Size([256, 2048]): 
The value is the same before and after calling `init_weights` of GroundingDINO  

decoder.layers.2.ffn.layers.1.bias - torch.Size([256]): 
The value is the same before and after calling `init_weights` of GroundingDINO  

decoder.layers.2.norms.0.weight - torch.Size([256]): 
The value is the same before and after calling `init_weights` of GroundingDINO  

decoder.layers.2.norms.0.bias - torch.Size([256]): 
The value is the same before and after calling `init_weights` of GroundingDINO  

decoder.layers.2.norms.1.weight - torch.Size([256]): 
The value is the same before and after calling `init_weights` of GroundingDINO  

decoder.layers.2.norms.1.bias - torch.Size([256]): 
The value is the same before and after calling `init_weights` of GroundingDINO  

decoder.layers.2.norms.2.weight - torch.Size([256]): 
The value is the same before and after calling `init_weights` of GroundingDINO  

decoder.layers.2.norms.2.bias - torch.Size([256]): 
The value is the same before and after calling `init_weights` of GroundingDINO  

decoder.layers.2.norms.3.weight - torch.Size([256]): 
The value is the same before and after calling `init_weights` of GroundingDINO  

decoder.layers.2.norms.3.bias - torch.Size([256]): 
The value is the same before and after calling `init_weights` of GroundingDINO  

decoder.layers.3.self_attn.attn.in_proj_weight - torch.Size([768, 256]): 
The value is the same before and after calling `init_weights` of GroundingDINO  

decoder.layers.3.self_attn.attn.in_proj_bias - torch.Size([768]): 
The value is the same before and after calling `init_weights` of GroundingDINO  

decoder.layers.3.self_attn.attn.out_proj.weight - torch.Size([256, 256]): 
The value is the same before and after calling `init_weights` of GroundingDINO  

decoder.layers.3.self_attn.attn.out_proj.bias - torch.Size([256]): 
The value is the same before and after calling `init_weights` of GroundingDINO  

decoder.layers.3.cross_attn_text.attn.in_proj_weight - torch.Size([768, 256]): 
The value is the same before and after calling `init_weights` of GroundingDINO  

decoder.layers.3.cross_attn_text.attn.in_proj_bias - torch.Size([768]): 
The value is the same before and after calling `init_weights` of GroundingDINO  

decoder.layers.3.cross_attn_text.attn.out_proj.weight - torch.Size([256, 256]): 
The value is the same before and after calling `init_weights` of GroundingDINO  

decoder.layers.3.cross_attn_text.attn.out_proj.bias - torch.Size([256]): 
The value is the same before and after calling `init_weights` of GroundingDINO  

decoder.layers.3.cross_attn.sampling_offsets.weight - torch.Size([256, 256]): 
The value is the same before and after calling `init_weights` of GroundingDINO  

decoder.layers.3.cross_attn.sampling_offsets.bias - torch.Size([256]): 
The value is the same before and after calling `init_weights` of GroundingDINO  

decoder.layers.3.cross_attn.attention_weights.weight - torch.Size([128, 256]): 
The value is the same before and after calling `init_weights` of GroundingDINO  

decoder.layers.3.cross_attn.attention_weights.bias - torch.Size([128]): 
The value is the same before and after calling `init_weights` of GroundingDINO  

decoder.layers.3.cross_attn.value_proj.weight - torch.Size([256, 256]): 
The value is the same before and after calling `init_weights` of GroundingDINO  

decoder.layers.3.cross_attn.value_proj.bias - torch.Size([256]): 
The value is the same before and after calling `init_weights` of GroundingDINO  

decoder.layers.3.cross_attn.output_proj.weight - torch.Size([256, 256]): 
The value is the same before and after calling `init_weights` of GroundingDINO  

decoder.layers.3.cross_attn.output_proj.bias - torch.Size([256]): 
The value is the same before and after calling `init_weights` of GroundingDINO  

decoder.layers.3.ffn.layers.0.0.weight - torch.Size([2048, 256]): 
The value is the same before and after calling `init_weights` of GroundingDINO  

decoder.layers.3.ffn.layers.0.0.bias - torch.Size([2048]): 
The value is the same before and after calling `init_weights` of GroundingDINO  

decoder.layers.3.ffn.layers.1.weight - torch.Size([256, 2048]): 
The value is the same before and after calling `init_weights` of GroundingDINO  

decoder.layers.3.ffn.layers.1.bias - torch.Size([256]): 
The value is the same before and after calling `init_weights` of GroundingDINO  

decoder.layers.3.norms.0.weight - torch.Size([256]): 
The value is the same before and after calling `init_weights` of GroundingDINO  

decoder.layers.3.norms.0.bias - torch.Size([256]): 
The value is the same before and after calling `init_weights` of GroundingDINO  

decoder.layers.3.norms.1.weight - torch.Size([256]): 
The value is the same before and after calling `init_weights` of GroundingDINO  

decoder.layers.3.norms.1.bias - torch.Size([256]): 
The value is the same before and after calling `init_weights` of GroundingDINO  

decoder.layers.3.norms.2.weight - torch.Size([256]): 
The value is the same before and after calling `init_weights` of GroundingDINO  

decoder.layers.3.norms.2.bias - torch.Size([256]): 
The value is the same before and after calling `init_weights` of GroundingDINO  

decoder.layers.3.norms.3.weight - torch.Size([256]): 
The value is the same before and after calling `init_weights` of GroundingDINO  

decoder.layers.3.norms.3.bias - torch.Size([256]): 
The value is the same before and after calling `init_weights` of GroundingDINO  

decoder.layers.4.self_attn.attn.in_proj_weight - torch.Size([768, 256]): 
The value is the same before and after calling `init_weights` of GroundingDINO  

decoder.layers.4.self_attn.attn.in_proj_bias - torch.Size([768]): 
The value is the same before and after calling `init_weights` of GroundingDINO  

decoder.layers.4.self_attn.attn.out_proj.weight - torch.Size([256, 256]): 
The value is the same before and after calling `init_weights` of GroundingDINO  

decoder.layers.4.self_attn.attn.out_proj.bias - torch.Size([256]): 
The value is the same before and after calling `init_weights` of GroundingDINO  

decoder.layers.4.cross_attn_text.attn.in_proj_weight - torch.Size([768, 256]): 
The value is the same before and after calling `init_weights` of GroundingDINO  

decoder.layers.4.cross_attn_text.attn.in_proj_bias - torch.Size([768]): 
The value is the same before and after calling `init_weights` of GroundingDINO  

decoder.layers.4.cross_attn_text.attn.out_proj.weight - torch.Size([256, 256]): 
The value is the same before and after calling `init_weights` of GroundingDINO  

decoder.layers.4.cross_attn_text.attn.out_proj.bias - torch.Size([256]): 
The value is the same before and after calling `init_weights` of GroundingDINO  

decoder.layers.4.cross_attn.sampling_offsets.weight - torch.Size([256, 256]): 
The value is the same before and after calling `init_weights` of GroundingDINO  

decoder.layers.4.cross_attn.sampling_offsets.bias - torch.Size([256]): 
The value is the same before and after calling `init_weights` of GroundingDINO  

decoder.layers.4.cross_attn.attention_weights.weight - torch.Size([128, 256]): 
The value is the same before and after calling `init_weights` of GroundingDINO  

decoder.layers.4.cross_attn.attention_weights.bias - torch.Size([128]): 
The value is the same before and after calling `init_weights` of GroundingDINO  

decoder.layers.4.cross_attn.value_proj.weight - torch.Size([256, 256]): 
The value is the same before and after calling `init_weights` of GroundingDINO  

decoder.layers.4.cross_attn.value_proj.bias - torch.Size([256]): 
The value is the same before and after calling `init_weights` of GroundingDINO  

decoder.layers.4.cross_attn.output_proj.weight - torch.Size([256, 256]): 
The value is the same before and after calling `init_weights` of GroundingDINO  

decoder.layers.4.cross_attn.output_proj.bias - torch.Size([256]): 
The value is the same before and after calling `init_weights` of GroundingDINO  

decoder.layers.4.ffn.layers.0.0.weight - torch.Size([2048, 256]): 
The value is the same before and after calling `init_weights` of GroundingDINO  

decoder.layers.4.ffn.layers.0.0.bias - torch.Size([2048]): 
The value is the same before and after calling `init_weights` of GroundingDINO  

decoder.layers.4.ffn.layers.1.weight - torch.Size([256, 2048]): 
The value is the same before and after calling `init_weights` of GroundingDINO  

decoder.layers.4.ffn.layers.1.bias - torch.Size([256]): 
The value is the same before and after calling `init_weights` of GroundingDINO  

decoder.layers.4.norms.0.weight - torch.Size([256]): 
The value is the same before and after calling `init_weights` of GroundingDINO  

decoder.layers.4.norms.0.bias - torch.Size([256]): 
The value is the same before and after calling `init_weights` of GroundingDINO  

decoder.layers.4.norms.1.weight - torch.Size([256]): 
The value is the same before and after calling `init_weights` of GroundingDINO  

decoder.layers.4.norms.1.bias - torch.Size([256]): 
The value is the same before and after calling `init_weights` of GroundingDINO  

decoder.layers.4.norms.2.weight - torch.Size([256]): 
The value is the same before and after calling `init_weights` of GroundingDINO  

decoder.layers.4.norms.2.bias - torch.Size([256]): 
The value is the same before and after calling `init_weights` of GroundingDINO  

decoder.layers.4.norms.3.weight - torch.Size([256]): 
The value is the same before and after calling `init_weights` of GroundingDINO  

decoder.layers.4.norms.3.bias - torch.Size([256]): 
The value is the same before and after calling `init_weights` of GroundingDINO  

decoder.layers.5.self_attn.attn.in_proj_weight - torch.Size([768, 256]): 
The value is the same before and after calling `init_weights` of GroundingDINO  

decoder.layers.5.self_attn.attn.in_proj_bias - torch.Size([768]): 
The value is the same before and after calling `init_weights` of GroundingDINO  

decoder.layers.5.self_attn.attn.out_proj.weight - torch.Size([256, 256]): 
The value is the same before and after calling `init_weights` of GroundingDINO  

decoder.layers.5.self_attn.attn.out_proj.bias - torch.Size([256]): 
The value is the same before and after calling `init_weights` of GroundingDINO  

decoder.layers.5.cross_attn_text.attn.in_proj_weight - torch.Size([768, 256]): 
The value is the same before and after calling `init_weights` of GroundingDINO  

decoder.layers.5.cross_attn_text.attn.in_proj_bias - torch.Size([768]): 
The value is the same before and after calling `init_weights` of GroundingDINO  

decoder.layers.5.cross_attn_text.attn.out_proj.weight - torch.Size([256, 256]): 
The value is the same before and after calling `init_weights` of GroundingDINO  

decoder.layers.5.cross_attn_text.attn.out_proj.bias - torch.Size([256]): 
The value is the same before and after calling `init_weights` of GroundingDINO  

decoder.layers.5.cross_attn.sampling_offsets.weight - torch.Size([256, 256]): 
The value is the same before and after calling `init_weights` of GroundingDINO  

decoder.layers.5.cross_attn.sampling_offsets.bias - torch.Size([256]): 
The value is the same before and after calling `init_weights` of GroundingDINO  

decoder.layers.5.cross_attn.attention_weights.weight - torch.Size([128, 256]): 
The value is the same before and after calling `init_weights` of GroundingDINO  

decoder.layers.5.cross_attn.attention_weights.bias - torch.Size([128]): 
The value is the same before and after calling `init_weights` of GroundingDINO  

decoder.layers.5.cross_attn.value_proj.weight - torch.Size([256, 256]): 
The value is the same before and after calling `init_weights` of GroundingDINO  

decoder.layers.5.cross_attn.value_proj.bias - torch.Size([256]): 
The value is the same before and after calling `init_weights` of GroundingDINO  

decoder.layers.5.cross_attn.output_proj.weight - torch.Size([256, 256]): 
The value is the same before and after calling `init_weights` of GroundingDINO  

decoder.layers.5.cross_attn.output_proj.bias - torch.Size([256]): 
The value is the same before and after calling `init_weights` of GroundingDINO  

decoder.layers.5.ffn.layers.0.0.weight - torch.Size([2048, 256]): 
The value is the same before and after calling `init_weights` of GroundingDINO  

decoder.layers.5.ffn.layers.0.0.bias - torch.Size([2048]): 
The value is the same before and after calling `init_weights` of GroundingDINO  

decoder.layers.5.ffn.layers.1.weight - torch.Size([256, 2048]): 
The value is the same before and after calling `init_weights` of GroundingDINO  

decoder.layers.5.ffn.layers.1.bias - torch.Size([256]): 
The value is the same before and after calling `init_weights` of GroundingDINO  

decoder.layers.5.norms.0.weight - torch.Size([256]): 
The value is the same before and after calling `init_weights` of GroundingDINO  

decoder.layers.5.norms.0.bias - torch.Size([256]): 
The value is the same before and after calling `init_weights` of GroundingDINO  

decoder.layers.5.norms.1.weight - torch.Size([256]): 
The value is the same before and after calling `init_weights` of GroundingDINO  

decoder.layers.5.norms.1.bias - torch.Size([256]): 
The value is the same before and after calling `init_weights` of GroundingDINO  

decoder.layers.5.norms.2.weight - torch.Size([256]): 
The value is the same before and after calling `init_weights` of GroundingDINO  

decoder.layers.5.norms.2.bias - torch.Size([256]): 
The value is the same before and after calling `init_weights` of GroundingDINO  

decoder.layers.5.norms.3.weight - torch.Size([256]): 
The value is the same before and after calling `init_weights` of GroundingDINO  

decoder.layers.5.norms.3.bias - torch.Size([256]): 
The value is the same before and after calling `init_weights` of GroundingDINO  

decoder.ref_point_head.layers.0.weight - torch.Size([256, 512]): 
The value is the same before and after calling `init_weights` of GroundingDINO  

decoder.ref_point_head.layers.0.bias - torch.Size([256]): 
The value is the same before and after calling `init_weights` of GroundingDINO  

decoder.ref_point_head.layers.1.weight - torch.Size([256, 256]): 
The value is the same before and after calling `init_weights` of GroundingDINO  

decoder.ref_point_head.layers.1.bias - torch.Size([256]): 
The value is the same before and after calling `init_weights` of GroundingDINO  

decoder.norm.weight - torch.Size([256]): 
The value is the same before and after calling `init_weights` of GroundingDINO  

decoder.norm.bias - torch.Size([256]): 
The value is the same before and after calling `init_weights` of GroundingDINO  

query_embedding.weight - torch.Size([900, 256]): 
The value is the same before and after calling `init_weights` of GroundingDINO  

memory_trans_fc.weight - torch.Size([256, 256]): 
The value is the same before and after calling `init_weights` of GroundingDINO  

memory_trans_fc.bias - torch.Size([256]): 
The value is the same before and after calling `init_weights` of GroundingDINO  

memory_trans_norm.weight - torch.Size([256]): 
The value is the same before and after calling `init_weights` of GroundingDINO  

memory_trans_norm.bias - torch.Size([256]): 
The value is the same before and after calling `init_weights` of GroundingDINO  

language_model.language_backbone.body.model.embeddings.word_embeddings.weight - torch.Size([30522, 768]): 
The value is the same before and after calling `init_weights` of GroundingDINO  

language_model.language_backbone.body.model.embeddings.position_embeddings.weight - torch.Size([512, 768]): 
The value is the same before and after calling `init_weights` of GroundingDINO  

language_model.language_backbone.body.model.embeddings.token_type_embeddings.weight - torch.Size([2, 768]): 
The value is the same before and after calling `init_weights` of GroundingDINO  

language_model.language_backbone.body.model.embeddings.LayerNorm.weight - torch.Size([768]): 
The value is the same before and after calling `init_weights` of GroundingDINO  

language_model.language_backbone.body.model.embeddings.LayerNorm.bias - torch.Size([768]): 
The value is the same before and after calling `init_weights` of GroundingDINO  

language_model.language_backbone.body.model.encoder.layer.0.attention.self.query.weight - torch.Size([768, 768]): 
The value is the same before and after calling `init_weights` of GroundingDINO  

language_model.language_backbone.body.model.encoder.layer.0.attention.self.query.bias - torch.Size([768]): 
The value is the same before and after calling `init_weights` of GroundingDINO  

language_model.language_backbone.body.model.encoder.layer.0.attention.self.key.weight - torch.Size([768, 768]): 
The value is the same before and after calling `init_weights` of GroundingDINO  

language_model.language_backbone.body.model.encoder.layer.0.attention.self.key.bias - torch.Size([768]): 
The value is the same before and after calling `init_weights` of GroundingDINO  

language_model.language_backbone.body.model.encoder.layer.0.attention.self.value.weight - torch.Size([768, 768]): 
The value is the same before and after calling `init_weights` of GroundingDINO  

language_model.language_backbone.body.model.encoder.layer.0.attention.self.value.bias - torch.Size([768]): 
The value is the same before and after calling `init_weights` of GroundingDINO  

language_model.language_backbone.body.model.encoder.layer.0.attention.output.dense.weight - torch.Size([768, 768]): 
The value is the same before and after calling `init_weights` of GroundingDINO  

language_model.language_backbone.body.model.encoder.layer.0.attention.output.dense.bias - torch.Size([768]): 
The value is the same before and after calling `init_weights` of GroundingDINO  

language_model.language_backbone.body.model.encoder.layer.0.attention.output.LayerNorm.weight - torch.Size([768]): 
The value is the same before and after calling `init_weights` of GroundingDINO  

language_model.language_backbone.body.model.encoder.layer.0.attention.output.LayerNorm.bias - torch.Size([768]): 
The value is the same before and after calling `init_weights` of GroundingDINO  

language_model.language_backbone.body.model.encoder.layer.0.intermediate.dense.weight - torch.Size([3072, 768]): 
The value is the same before and after calling `init_weights` of GroundingDINO  

language_model.language_backbone.body.model.encoder.layer.0.intermediate.dense.bias - torch.Size([3072]): 
The value is the same before and after calling `init_weights` of GroundingDINO  

language_model.language_backbone.body.model.encoder.layer.0.output.dense.weight - torch.Size([768, 3072]): 
The value is the same before and after calling `init_weights` of GroundingDINO  

language_model.language_backbone.body.model.encoder.layer.0.output.dense.bias - torch.Size([768]): 
The value is the same before and after calling `init_weights` of GroundingDINO  

language_model.language_backbone.body.model.encoder.layer.0.output.LayerNorm.weight - torch.Size([768]): 
The value is the same before and after calling `init_weights` of GroundingDINO  

language_model.language_backbone.body.model.encoder.layer.0.output.LayerNorm.bias - torch.Size([768]): 
The value is the same before and after calling `init_weights` of GroundingDINO  

language_model.language_backbone.body.model.encoder.layer.1.attention.self.query.weight - torch.Size([768, 768]): 
The value is the same before and after calling `init_weights` of GroundingDINO  

language_model.language_backbone.body.model.encoder.layer.1.attention.self.query.bias - torch.Size([768]): 
The value is the same before and after calling `init_weights` of GroundingDINO  

language_model.language_backbone.body.model.encoder.layer.1.attention.self.key.weight - torch.Size([768, 768]): 
The value is the same before and after calling `init_weights` of GroundingDINO  

language_model.language_backbone.body.model.encoder.layer.1.attention.self.key.bias - torch.Size([768]): 
The value is the same before and after calling `init_weights` of GroundingDINO  

language_model.language_backbone.body.model.encoder.layer.1.attention.self.value.weight - torch.Size([768, 768]): 
The value is the same before and after calling `init_weights` of GroundingDINO  

language_model.language_backbone.body.model.encoder.layer.1.attention.self.value.bias - torch.Size([768]): 
The value is the same before and after calling `init_weights` of GroundingDINO  

language_model.language_backbone.body.model.encoder.layer.1.attention.output.dense.weight - torch.Size([768, 768]): 
The value is the same before and after calling `init_weights` of GroundingDINO  

language_model.language_backbone.body.model.encoder.layer.1.attention.output.dense.bias - torch.Size([768]): 
The value is the same before and after calling `init_weights` of GroundingDINO  

language_model.language_backbone.body.model.encoder.layer.1.attention.output.LayerNorm.weight - torch.Size([768]): 
The value is the same before and after calling `init_weights` of GroundingDINO  

language_model.language_backbone.body.model.encoder.layer.1.attention.output.LayerNorm.bias - torch.Size([768]): 
The value is the same before and after calling `init_weights` of GroundingDINO  

language_model.language_backbone.body.model.encoder.layer.1.intermediate.dense.weight - torch.Size([3072, 768]): 
The value is the same before and after calling `init_weights` of GroundingDINO  

language_model.language_backbone.body.model.encoder.layer.1.intermediate.dense.bias - torch.Size([3072]): 
The value is the same before and after calling `init_weights` of GroundingDINO  

language_model.language_backbone.body.model.encoder.layer.1.output.dense.weight - torch.Size([768, 3072]): 
The value is the same before and after calling `init_weights` of GroundingDINO  

language_model.language_backbone.body.model.encoder.layer.1.output.dense.bias - torch.Size([768]): 
The value is the same before and after calling `init_weights` of GroundingDINO  

language_model.language_backbone.body.model.encoder.layer.1.output.LayerNorm.weight - torch.Size([768]): 
The value is the same before and after calling `init_weights` of GroundingDINO  

language_model.language_backbone.body.model.encoder.layer.1.output.LayerNorm.bias - torch.Size([768]): 
The value is the same before and after calling `init_weights` of GroundingDINO  

language_model.language_backbone.body.model.encoder.layer.2.attention.self.query.weight - torch.Size([768, 768]): 
The value is the same before and after calling `init_weights` of GroundingDINO  

language_model.language_backbone.body.model.encoder.layer.2.attention.self.query.bias - torch.Size([768]): 
The value is the same before and after calling `init_weights` of GroundingDINO  

language_model.language_backbone.body.model.encoder.layer.2.attention.self.key.weight - torch.Size([768, 768]): 
The value is the same before and after calling `init_weights` of GroundingDINO  

language_model.language_backbone.body.model.encoder.layer.2.attention.self.key.bias - torch.Size([768]): 
The value is the same before and after calling `init_weights` of GroundingDINO  

language_model.language_backbone.body.model.encoder.layer.2.attention.self.value.weight - torch.Size([768, 768]): 
The value is the same before and after calling `init_weights` of GroundingDINO  

language_model.language_backbone.body.model.encoder.layer.2.attention.self.value.bias - torch.Size([768]): 
The value is the same before and after calling `init_weights` of GroundingDINO  

language_model.language_backbone.body.model.encoder.layer.2.attention.output.dense.weight - torch.Size([768, 768]): 
The value is the same before and after calling `init_weights` of GroundingDINO  

language_model.language_backbone.body.model.encoder.layer.2.attention.output.dense.bias - torch.Size([768]): 
The value is the same before and after calling `init_weights` of GroundingDINO  

language_model.language_backbone.body.model.encoder.layer.2.attention.output.LayerNorm.weight - torch.Size([768]): 
The value is the same before and after calling `init_weights` of GroundingDINO  

language_model.language_backbone.body.model.encoder.layer.2.attention.output.LayerNorm.bias - torch.Size([768]): 
The value is the same before and after calling `init_weights` of GroundingDINO  

language_model.language_backbone.body.model.encoder.layer.2.intermediate.dense.weight - torch.Size([3072, 768]): 
The value is the same before and after calling `init_weights` of GroundingDINO  

language_model.language_backbone.body.model.encoder.layer.2.intermediate.dense.bias - torch.Size([3072]): 
The value is the same before and after calling `init_weights` of GroundingDINO  

language_model.language_backbone.body.model.encoder.layer.2.output.dense.weight - torch.Size([768, 3072]): 
The value is the same before and after calling `init_weights` of GroundingDINO  

language_model.language_backbone.body.model.encoder.layer.2.output.dense.bias - torch.Size([768]): 
The value is the same before and after calling `init_weights` of GroundingDINO  

language_model.language_backbone.body.model.encoder.layer.2.output.LayerNorm.weight - torch.Size([768]): 
The value is the same before and after calling `init_weights` of GroundingDINO  

language_model.language_backbone.body.model.encoder.layer.2.output.LayerNorm.bias - torch.Size([768]): 
The value is the same before and after calling `init_weights` of GroundingDINO  

language_model.language_backbone.body.model.encoder.layer.3.attention.self.query.weight - torch.Size([768, 768]): 
The value is the same before and after calling `init_weights` of GroundingDINO  

language_model.language_backbone.body.model.encoder.layer.3.attention.self.query.bias - torch.Size([768]): 
The value is the same before and after calling `init_weights` of GroundingDINO  

language_model.language_backbone.body.model.encoder.layer.3.attention.self.key.weight - torch.Size([768, 768]): 
The value is the same before and after calling `init_weights` of GroundingDINO  

language_model.language_backbone.body.model.encoder.layer.3.attention.self.key.bias - torch.Size([768]): 
The value is the same before and after calling `init_weights` of GroundingDINO  

language_model.language_backbone.body.model.encoder.layer.3.attention.self.value.weight - torch.Size([768, 768]): 
The value is the same before and after calling `init_weights` of GroundingDINO  

language_model.language_backbone.body.model.encoder.layer.3.attention.self.value.bias - torch.Size([768]): 
The value is the same before and after calling `init_weights` of GroundingDINO  

language_model.language_backbone.body.model.encoder.layer.3.attention.output.dense.weight - torch.Size([768, 768]): 
The value is the same before and after calling `init_weights` of GroundingDINO  

language_model.language_backbone.body.model.encoder.layer.3.attention.output.dense.bias - torch.Size([768]): 
The value is the same before and after calling `init_weights` of GroundingDINO  

language_model.language_backbone.body.model.encoder.layer.3.attention.output.LayerNorm.weight - torch.Size([768]): 
The value is the same before and after calling `init_weights` of GroundingDINO  

language_model.language_backbone.body.model.encoder.layer.3.attention.output.LayerNorm.bias - torch.Size([768]): 
The value is the same before and after calling `init_weights` of GroundingDINO  

language_model.language_backbone.body.model.encoder.layer.3.intermediate.dense.weight - torch.Size([3072, 768]): 
The value is the same before and after calling `init_weights` of GroundingDINO  

language_model.language_backbone.body.model.encoder.layer.3.intermediate.dense.bias - torch.Size([3072]): 
The value is the same before and after calling `init_weights` of GroundingDINO  

language_model.language_backbone.body.model.encoder.layer.3.output.dense.weight - torch.Size([768, 3072]): 
The value is the same before and after calling `init_weights` of GroundingDINO  

language_model.language_backbone.body.model.encoder.layer.3.output.dense.bias - torch.Size([768]): 
The value is the same before and after calling `init_weights` of GroundingDINO  

language_model.language_backbone.body.model.encoder.layer.3.output.LayerNorm.weight - torch.Size([768]): 
The value is the same before and after calling `init_weights` of GroundingDINO  

language_model.language_backbone.body.model.encoder.layer.3.output.LayerNorm.bias - torch.Size([768]): 
The value is the same before and after calling `init_weights` of GroundingDINO  

language_model.language_backbone.body.model.encoder.layer.4.attention.self.query.weight - torch.Size([768, 768]): 
The value is the same before and after calling `init_weights` of GroundingDINO  

language_model.language_backbone.body.model.encoder.layer.4.attention.self.query.bias - torch.Size([768]): 
The value is the same before and after calling `init_weights` of GroundingDINO  

language_model.language_backbone.body.model.encoder.layer.4.attention.self.key.weight - torch.Size([768, 768]): 
The value is the same before and after calling `init_weights` of GroundingDINO  

language_model.language_backbone.body.model.encoder.layer.4.attention.self.key.bias - torch.Size([768]): 
The value is the same before and after calling `init_weights` of GroundingDINO  

language_model.language_backbone.body.model.encoder.layer.4.attention.self.value.weight - torch.Size([768, 768]): 
The value is the same before and after calling `init_weights` of GroundingDINO  

language_model.language_backbone.body.model.encoder.layer.4.attention.self.value.bias - torch.Size([768]): 
The value is the same before and after calling `init_weights` of GroundingDINO  

language_model.language_backbone.body.model.encoder.layer.4.attention.output.dense.weight - torch.Size([768, 768]): 
The value is the same before and after calling `init_weights` of GroundingDINO  

language_model.language_backbone.body.model.encoder.layer.4.attention.output.dense.bias - torch.Size([768]): 
The value is the same before and after calling `init_weights` of GroundingDINO  

language_model.language_backbone.body.model.encoder.layer.4.attention.output.LayerNorm.weight - torch.Size([768]): 
The value is the same before and after calling `init_weights` of GroundingDINO  

language_model.language_backbone.body.model.encoder.layer.4.attention.output.LayerNorm.bias - torch.Size([768]): 
The value is the same before and after calling `init_weights` of GroundingDINO  

language_model.language_backbone.body.model.encoder.layer.4.intermediate.dense.weight - torch.Size([3072, 768]): 
The value is the same before and after calling `init_weights` of GroundingDINO  

language_model.language_backbone.body.model.encoder.layer.4.intermediate.dense.bias - torch.Size([3072]): 
The value is the same before and after calling `init_weights` of GroundingDINO  

language_model.language_backbone.body.model.encoder.layer.4.output.dense.weight - torch.Size([768, 3072]): 
The value is the same before and after calling `init_weights` of GroundingDINO  

language_model.language_backbone.body.model.encoder.layer.4.output.dense.bias - torch.Size([768]): 
The value is the same before and after calling `init_weights` of GroundingDINO  

language_model.language_backbone.body.model.encoder.layer.4.output.LayerNorm.weight - torch.Size([768]): 
The value is the same before and after calling `init_weights` of GroundingDINO  

language_model.language_backbone.body.model.encoder.layer.4.output.LayerNorm.bias - torch.Size([768]): 
The value is the same before and after calling `init_weights` of GroundingDINO  

language_model.language_backbone.body.model.encoder.layer.5.attention.self.query.weight - torch.Size([768, 768]): 
The value is the same before and after calling `init_weights` of GroundingDINO  

language_model.language_backbone.body.model.encoder.layer.5.attention.self.query.bias - torch.Size([768]): 
The value is the same before and after calling `init_weights` of GroundingDINO  

language_model.language_backbone.body.model.encoder.layer.5.attention.self.key.weight - torch.Size([768, 768]): 
The value is the same before and after calling `init_weights` of GroundingDINO  

language_model.language_backbone.body.model.encoder.layer.5.attention.self.key.bias - torch.Size([768]): 
The value is the same before and after calling `init_weights` of GroundingDINO  

language_model.language_backbone.body.model.encoder.layer.5.attention.self.value.weight - torch.Size([768, 768]): 
The value is the same before and after calling `init_weights` of GroundingDINO  

language_model.language_backbone.body.model.encoder.layer.5.attention.self.value.bias - torch.Size([768]): 
The value is the same before and after calling `init_weights` of GroundingDINO  

language_model.language_backbone.body.model.encoder.layer.5.attention.output.dense.weight - torch.Size([768, 768]): 
The value is the same before and after calling `init_weights` of GroundingDINO  

language_model.language_backbone.body.model.encoder.layer.5.attention.output.dense.bias - torch.Size([768]): 
The value is the same before and after calling `init_weights` of GroundingDINO  

language_model.language_backbone.body.model.encoder.layer.5.attention.output.LayerNorm.weight - torch.Size([768]): 
The value is the same before and after calling `init_weights` of GroundingDINO  

language_model.language_backbone.body.model.encoder.layer.5.attention.output.LayerNorm.bias - torch.Size([768]): 
The value is the same before and after calling `init_weights` of GroundingDINO  

language_model.language_backbone.body.model.encoder.layer.5.intermediate.dense.weight - torch.Size([3072, 768]): 
The value is the same before and after calling `init_weights` of GroundingDINO  

language_model.language_backbone.body.model.encoder.layer.5.intermediate.dense.bias - torch.Size([3072]): 
The value is the same before and after calling `init_weights` of GroundingDINO  

language_model.language_backbone.body.model.encoder.layer.5.output.dense.weight - torch.Size([768, 3072]): 
The value is the same before and after calling `init_weights` of GroundingDINO  

language_model.language_backbone.body.model.encoder.layer.5.output.dense.bias - torch.Size([768]): 
The value is the same before and after calling `init_weights` of GroundingDINO  

language_model.language_backbone.body.model.encoder.layer.5.output.LayerNorm.weight - torch.Size([768]): 
The value is the same before and after calling `init_weights` of GroundingDINO  

language_model.language_backbone.body.model.encoder.layer.5.output.LayerNorm.bias - torch.Size([768]): 
The value is the same before and after calling `init_weights` of GroundingDINO  

language_model.language_backbone.body.model.encoder.layer.6.attention.self.query.weight - torch.Size([768, 768]): 
The value is the same before and after calling `init_weights` of GroundingDINO  

language_model.language_backbone.body.model.encoder.layer.6.attention.self.query.bias - torch.Size([768]): 
The value is the same before and after calling `init_weights` of GroundingDINO  

language_model.language_backbone.body.model.encoder.layer.6.attention.self.key.weight - torch.Size([768, 768]): 
The value is the same before and after calling `init_weights` of GroundingDINO  

language_model.language_backbone.body.model.encoder.layer.6.attention.self.key.bias - torch.Size([768]): 
The value is the same before and after calling `init_weights` of GroundingDINO  

language_model.language_backbone.body.model.encoder.layer.6.attention.self.value.weight - torch.Size([768, 768]): 
The value is the same before and after calling `init_weights` of GroundingDINO  

language_model.language_backbone.body.model.encoder.layer.6.attention.self.value.bias - torch.Size([768]): 
The value is the same before and after calling `init_weights` of GroundingDINO  

language_model.language_backbone.body.model.encoder.layer.6.attention.output.dense.weight - torch.Size([768, 768]): 
The value is the same before and after calling `init_weights` of GroundingDINO  

language_model.language_backbone.body.model.encoder.layer.6.attention.output.dense.bias - torch.Size([768]): 
The value is the same before and after calling `init_weights` of GroundingDINO  

language_model.language_backbone.body.model.encoder.layer.6.attention.output.LayerNorm.weight - torch.Size([768]): 
The value is the same before and after calling `init_weights` of GroundingDINO  

language_model.language_backbone.body.model.encoder.layer.6.attention.output.LayerNorm.bias - torch.Size([768]): 
The value is the same before and after calling `init_weights` of GroundingDINO  

language_model.language_backbone.body.model.encoder.layer.6.intermediate.dense.weight - torch.Size([3072, 768]): 
The value is the same before and after calling `init_weights` of GroundingDINO  

language_model.language_backbone.body.model.encoder.layer.6.intermediate.dense.bias - torch.Size([3072]): 
The value is the same before and after calling `init_weights` of GroundingDINO  

language_model.language_backbone.body.model.encoder.layer.6.output.dense.weight - torch.Size([768, 3072]): 
The value is the same before and after calling `init_weights` of GroundingDINO  

language_model.language_backbone.body.model.encoder.layer.6.output.dense.bias - torch.Size([768]): 
The value is the same before and after calling `init_weights` of GroundingDINO  

language_model.language_backbone.body.model.encoder.layer.6.output.LayerNorm.weight - torch.Size([768]): 
The value is the same before and after calling `init_weights` of GroundingDINO  

language_model.language_backbone.body.model.encoder.layer.6.output.LayerNorm.bias - torch.Size([768]): 
The value is the same before and after calling `init_weights` of GroundingDINO  

language_model.language_backbone.body.model.encoder.layer.7.attention.self.query.weight - torch.Size([768, 768]): 
The value is the same before and after calling `init_weights` of GroundingDINO  

language_model.language_backbone.body.model.encoder.layer.7.attention.self.query.bias - torch.Size([768]): 
The value is the same before and after calling `init_weights` of GroundingDINO  

language_model.language_backbone.body.model.encoder.layer.7.attention.self.key.weight - torch.Size([768, 768]): 
The value is the same before and after calling `init_weights` of GroundingDINO  

language_model.language_backbone.body.model.encoder.layer.7.attention.self.key.bias - torch.Size([768]): 
The value is the same before and after calling `init_weights` of GroundingDINO  

language_model.language_backbone.body.model.encoder.layer.7.attention.self.value.weight - torch.Size([768, 768]): 
The value is the same before and after calling `init_weights` of GroundingDINO  

language_model.language_backbone.body.model.encoder.layer.7.attention.self.value.bias - torch.Size([768]): 
The value is the same before and after calling `init_weights` of GroundingDINO  

language_model.language_backbone.body.model.encoder.layer.7.attention.output.dense.weight - torch.Size([768, 768]): 
The value is the same before and after calling `init_weights` of GroundingDINO  

language_model.language_backbone.body.model.encoder.layer.7.attention.output.dense.bias - torch.Size([768]): 
The value is the same before and after calling `init_weights` of GroundingDINO  

language_model.language_backbone.body.model.encoder.layer.7.attention.output.LayerNorm.weight - torch.Size([768]): 
The value is the same before and after calling `init_weights` of GroundingDINO  

language_model.language_backbone.body.model.encoder.layer.7.attention.output.LayerNorm.bias - torch.Size([768]): 
The value is the same before and after calling `init_weights` of GroundingDINO  

language_model.language_backbone.body.model.encoder.layer.7.intermediate.dense.weight - torch.Size([3072, 768]): 
The value is the same before and after calling `init_weights` of GroundingDINO  

language_model.language_backbone.body.model.encoder.layer.7.intermediate.dense.bias - torch.Size([3072]): 
The value is the same before and after calling `init_weights` of GroundingDINO  

language_model.language_backbone.body.model.encoder.layer.7.output.dense.weight - torch.Size([768, 3072]): 
The value is the same before and after calling `init_weights` of GroundingDINO  

language_model.language_backbone.body.model.encoder.layer.7.output.dense.bias - torch.Size([768]): 
The value is the same before and after calling `init_weights` of GroundingDINO  

language_model.language_backbone.body.model.encoder.layer.7.output.LayerNorm.weight - torch.Size([768]): 
The value is the same before and after calling `init_weights` of GroundingDINO  

language_model.language_backbone.body.model.encoder.layer.7.output.LayerNorm.bias - torch.Size([768]): 
The value is the same before and after calling `init_weights` of GroundingDINO  

language_model.language_backbone.body.model.encoder.layer.8.attention.self.query.weight - torch.Size([768, 768]): 
The value is the same before and after calling `init_weights` of GroundingDINO  

language_model.language_backbone.body.model.encoder.layer.8.attention.self.query.bias - torch.Size([768]): 
The value is the same before and after calling `init_weights` of GroundingDINO  

language_model.language_backbone.body.model.encoder.layer.8.attention.self.key.weight - torch.Size([768, 768]): 
The value is the same before and after calling `init_weights` of GroundingDINO  

language_model.language_backbone.body.model.encoder.layer.8.attention.self.key.bias - torch.Size([768]): 
The value is the same before and after calling `init_weights` of GroundingDINO  

language_model.language_backbone.body.model.encoder.layer.8.attention.self.value.weight - torch.Size([768, 768]): 
The value is the same before and after calling `init_weights` of GroundingDINO  

language_model.language_backbone.body.model.encoder.layer.8.attention.self.value.bias - torch.Size([768]): 
The value is the same before and after calling `init_weights` of GroundingDINO  

language_model.language_backbone.body.model.encoder.layer.8.attention.output.dense.weight - torch.Size([768, 768]): 
The value is the same before and after calling `init_weights` of GroundingDINO  

language_model.language_backbone.body.model.encoder.layer.8.attention.output.dense.bias - torch.Size([768]): 
The value is the same before and after calling `init_weights` of GroundingDINO  

language_model.language_backbone.body.model.encoder.layer.8.attention.output.LayerNorm.weight - torch.Size([768]): 
The value is the same before and after calling `init_weights` of GroundingDINO  

language_model.language_backbone.body.model.encoder.layer.8.attention.output.LayerNorm.bias - torch.Size([768]): 
The value is the same before and after calling `init_weights` of GroundingDINO  

language_model.language_backbone.body.model.encoder.layer.8.intermediate.dense.weight - torch.Size([3072, 768]): 
The value is the same before and after calling `init_weights` of GroundingDINO  

language_model.language_backbone.body.model.encoder.layer.8.intermediate.dense.bias - torch.Size([3072]): 
The value is the same before and after calling `init_weights` of GroundingDINO  

language_model.language_backbone.body.model.encoder.layer.8.output.dense.weight - torch.Size([768, 3072]): 
The value is the same before and after calling `init_weights` of GroundingDINO  

language_model.language_backbone.body.model.encoder.layer.8.output.dense.bias - torch.Size([768]): 
The value is the same before and after calling `init_weights` of GroundingDINO  

language_model.language_backbone.body.model.encoder.layer.8.output.LayerNorm.weight - torch.Size([768]): 
The value is the same before and after calling `init_weights` of GroundingDINO  

language_model.language_backbone.body.model.encoder.layer.8.output.LayerNorm.bias - torch.Size([768]): 
The value is the same before and after calling `init_weights` of GroundingDINO  

language_model.language_backbone.body.model.encoder.layer.9.attention.self.query.weight - torch.Size([768, 768]): 
The value is the same before and after calling `init_weights` of GroundingDINO  

language_model.language_backbone.body.model.encoder.layer.9.attention.self.query.bias - torch.Size([768]): 
The value is the same before and after calling `init_weights` of GroundingDINO  

language_model.language_backbone.body.model.encoder.layer.9.attention.self.key.weight - torch.Size([768, 768]): 
The value is the same before and after calling `init_weights` of GroundingDINO  

language_model.language_backbone.body.model.encoder.layer.9.attention.self.key.bias - torch.Size([768]): 
The value is the same before and after calling `init_weights` of GroundingDINO  

language_model.language_backbone.body.model.encoder.layer.9.attention.self.value.weight - torch.Size([768, 768]): 
The value is the same before and after calling `init_weights` of GroundingDINO  

language_model.language_backbone.body.model.encoder.layer.9.attention.self.value.bias - torch.Size([768]): 
The value is the same before and after calling `init_weights` of GroundingDINO  

language_model.language_backbone.body.model.encoder.layer.9.attention.output.dense.weight - torch.Size([768, 768]): 
The value is the same before and after calling `init_weights` of GroundingDINO  

language_model.language_backbone.body.model.encoder.layer.9.attention.output.dense.bias - torch.Size([768]): 
The value is the same before and after calling `init_weights` of GroundingDINO  

language_model.language_backbone.body.model.encoder.layer.9.attention.output.LayerNorm.weight - torch.Size([768]): 
The value is the same before and after calling `init_weights` of GroundingDINO  

language_model.language_backbone.body.model.encoder.layer.9.attention.output.LayerNorm.bias - torch.Size([768]): 
The value is the same before and after calling `init_weights` of GroundingDINO  

language_model.language_backbone.body.model.encoder.layer.9.intermediate.dense.weight - torch.Size([3072, 768]): 
The value is the same before and after calling `init_weights` of GroundingDINO  

language_model.language_backbone.body.model.encoder.layer.9.intermediate.dense.bias - torch.Size([3072]): 
The value is the same before and after calling `init_weights` of GroundingDINO  

language_model.language_backbone.body.model.encoder.layer.9.output.dense.weight - torch.Size([768, 3072]): 
The value is the same before and after calling `init_weights` of GroundingDINO  

language_model.language_backbone.body.model.encoder.layer.9.output.dense.bias - torch.Size([768]): 
The value is the same before and after calling `init_weights` of GroundingDINO  

language_model.language_backbone.body.model.encoder.layer.9.output.LayerNorm.weight - torch.Size([768]): 
The value is the same before and after calling `init_weights` of GroundingDINO  

language_model.language_backbone.body.model.encoder.layer.9.output.LayerNorm.bias - torch.Size([768]): 
The value is the same before and after calling `init_weights` of GroundingDINO  

language_model.language_backbone.body.model.encoder.layer.10.attention.self.query.weight - torch.Size([768, 768]): 
The value is the same before and after calling `init_weights` of GroundingDINO  

language_model.language_backbone.body.model.encoder.layer.10.attention.self.query.bias - torch.Size([768]): 
The value is the same before and after calling `init_weights` of GroundingDINO  

language_model.language_backbone.body.model.encoder.layer.10.attention.self.key.weight - torch.Size([768, 768]): 
The value is the same before and after calling `init_weights` of GroundingDINO  

language_model.language_backbone.body.model.encoder.layer.10.attention.self.key.bias - torch.Size([768]): 
The value is the same before and after calling `init_weights` of GroundingDINO  

language_model.language_backbone.body.model.encoder.layer.10.attention.self.value.weight - torch.Size([768, 768]): 
The value is the same before and after calling `init_weights` of GroundingDINO  

language_model.language_backbone.body.model.encoder.layer.10.attention.self.value.bias - torch.Size([768]): 
The value is the same before and after calling `init_weights` of GroundingDINO  

language_model.language_backbone.body.model.encoder.layer.10.attention.output.dense.weight - torch.Size([768, 768]): 
The value is the same before and after calling `init_weights` of GroundingDINO  

language_model.language_backbone.body.model.encoder.layer.10.attention.output.dense.bias - torch.Size([768]): 
The value is the same before and after calling `init_weights` of GroundingDINO  

language_model.language_backbone.body.model.encoder.layer.10.attention.output.LayerNorm.weight - torch.Size([768]): 
The value is the same before and after calling `init_weights` of GroundingDINO  

language_model.language_backbone.body.model.encoder.layer.10.attention.output.LayerNorm.bias - torch.Size([768]): 
The value is the same before and after calling `init_weights` of GroundingDINO  

language_model.language_backbone.body.model.encoder.layer.10.intermediate.dense.weight - torch.Size([3072, 768]): 
The value is the same before and after calling `init_weights` of GroundingDINO  

language_model.language_backbone.body.model.encoder.layer.10.intermediate.dense.bias - torch.Size([3072]): 
The value is the same before and after calling `init_weights` of GroundingDINO  

language_model.language_backbone.body.model.encoder.layer.10.output.dense.weight - torch.Size([768, 3072]): 
The value is the same before and after calling `init_weights` of GroundingDINO  

language_model.language_backbone.body.model.encoder.layer.10.output.dense.bias - torch.Size([768]): 
The value is the same before and after calling `init_weights` of GroundingDINO  

language_model.language_backbone.body.model.encoder.layer.10.output.LayerNorm.weight - torch.Size([768]): 
The value is the same before and after calling `init_weights` of GroundingDINO  

language_model.language_backbone.body.model.encoder.layer.10.output.LayerNorm.bias - torch.Size([768]): 
The value is the same before and after calling `init_weights` of GroundingDINO  

language_model.language_backbone.body.model.encoder.layer.11.attention.self.query.weight - torch.Size([768, 768]): 
The value is the same before and after calling `init_weights` of GroundingDINO  

language_model.language_backbone.body.model.encoder.layer.11.attention.self.query.bias - torch.Size([768]): 
The value is the same before and after calling `init_weights` of GroundingDINO  

language_model.language_backbone.body.model.encoder.layer.11.attention.self.key.weight - torch.Size([768, 768]): 
The value is the same before and after calling `init_weights` of GroundingDINO  

language_model.language_backbone.body.model.encoder.layer.11.attention.self.key.bias - torch.Size([768]): 
The value is the same before and after calling `init_weights` of GroundingDINO  

language_model.language_backbone.body.model.encoder.layer.11.attention.self.value.weight - torch.Size([768, 768]): 
The value is the same before and after calling `init_weights` of GroundingDINO  

language_model.language_backbone.body.model.encoder.layer.11.attention.self.value.bias - torch.Size([768]): 
The value is the same before and after calling `init_weights` of GroundingDINO  

language_model.language_backbone.body.model.encoder.layer.11.attention.output.dense.weight - torch.Size([768, 768]): 
The value is the same before and after calling `init_weights` of GroundingDINO  

language_model.language_backbone.body.model.encoder.layer.11.attention.output.dense.bias - torch.Size([768]): 
The value is the same before and after calling `init_weights` of GroundingDINO  

language_model.language_backbone.body.model.encoder.layer.11.attention.output.LayerNorm.weight - torch.Size([768]): 
The value is the same before and after calling `init_weights` of GroundingDINO  

language_model.language_backbone.body.model.encoder.layer.11.attention.output.LayerNorm.bias - torch.Size([768]): 
The value is the same before and after calling `init_weights` of GroundingDINO  

language_model.language_backbone.body.model.encoder.layer.11.intermediate.dense.weight - torch.Size([3072, 768]): 
The value is the same before and after calling `init_weights` of GroundingDINO  

language_model.language_backbone.body.model.encoder.layer.11.intermediate.dense.bias - torch.Size([3072]): 
The value is the same before and after calling `init_weights` of GroundingDINO  

language_model.language_backbone.body.model.encoder.layer.11.output.dense.weight - torch.Size([768, 3072]): 
The value is the same before and after calling `init_weights` of GroundingDINO  

language_model.language_backbone.body.model.encoder.layer.11.output.dense.bias - torch.Size([768]): 
The value is the same before and after calling `init_weights` of GroundingDINO  

language_model.language_backbone.body.model.encoder.layer.11.output.LayerNorm.weight - torch.Size([768]): 
The value is the same before and after calling `init_weights` of GroundingDINO  

language_model.language_backbone.body.model.encoder.layer.11.output.LayerNorm.bias - torch.Size([768]): 
The value is the same before and after calling `init_weights` of GroundingDINO  

text_feat_map.weight - torch.Size([256, 768]): 
The value is the same before and after calling `init_weights` of GroundingDINO  

text_feat_map.bias - torch.Size([256]): 
The value is the same before and after calling `init_weights` of GroundingDINO  

dn_query_generator.label_embedding.weight - torch.Size([256, 256]): 
The value is the same before and after calling `init_weights` of GroundingDINO  

lmm.model.embed_tokens.weight - torch.Size([151647, 896]): 
The value is the same before and after calling `init_weights` of GroundingDINO  

lmm.model.layers.0.self_attn.q_proj.lora_A.weight - torch.Size([128, 896]): 
The value is the same before and after calling `init_weights` of GroundingDINO  

lmm.model.layers.0.self_attn.q_proj.lora_B.weight - torch.Size([896, 128]): 
The value is the same before and after calling `init_weights` of GroundingDINO  

lmm.model.layers.0.self_attn.q_proj.ori_model.weight - torch.Size([896, 896]): 
The value is the same before and after calling `init_weights` of GroundingDINO  

lmm.model.layers.0.self_attn.q_proj.ori_model.bias - torch.Size([896]): 
The value is the same before and after calling `init_weights` of GroundingDINO  

lmm.model.layers.0.self_attn.k_proj.lora_A.weight - torch.Size([128, 896]): 
The value is the same before and after calling `init_weights` of GroundingDINO  

lmm.model.layers.0.self_attn.k_proj.lora_B.weight - torch.Size([128, 128]): 
The value is the same before and after calling `init_weights` of GroundingDINO  

lmm.model.layers.0.self_attn.k_proj.ori_model.weight - torch.Size([128, 896]): 
The value is the same before and after calling `init_weights` of GroundingDINO  

lmm.model.layers.0.self_attn.k_proj.ori_model.bias - torch.Size([128]): 
The value is the same before and after calling `init_weights` of GroundingDINO  

lmm.model.layers.0.self_attn.v_proj.lora_A.weight - torch.Size([128, 896]): 
The value is the same before and after calling `init_weights` of GroundingDINO  

lmm.model.layers.0.self_attn.v_proj.lora_B.weight - torch.Size([128, 128]): 
The value is the same before and after calling `init_weights` of GroundingDINO  

lmm.model.layers.0.self_attn.v_proj.ori_model.weight - torch.Size([128, 896]): 
The value is the same before and after calling `init_weights` of GroundingDINO  

lmm.model.layers.0.self_attn.v_proj.ori_model.bias - torch.Size([128]): 
The value is the same before and after calling `init_weights` of GroundingDINO  

lmm.model.layers.0.self_attn.o_proj.lora_A.weight - torch.Size([128, 896]): 
The value is the same before and after calling `init_weights` of GroundingDINO  

lmm.model.layers.0.self_attn.o_proj.lora_B.weight - torch.Size([896, 128]): 
The value is the same before and after calling `init_weights` of GroundingDINO  

lmm.model.layers.0.self_attn.o_proj.ori_model.weight - torch.Size([896, 896]): 
The value is the same before and after calling `init_weights` of GroundingDINO  

lmm.model.layers.0.mlp.gate_proj.lora_A.weight - torch.Size([128, 896]): 
The value is the same before and after calling `init_weights` of GroundingDINO  

lmm.model.layers.0.mlp.gate_proj.lora_B.weight - torch.Size([4864, 128]): 
The value is the same before and after calling `init_weights` of GroundingDINO  

lmm.model.layers.0.mlp.gate_proj.ori_model.weight - torch.Size([4864, 896]): 
The value is the same before and after calling `init_weights` of GroundingDINO  

lmm.model.layers.0.mlp.up_proj.lora_A.weight - torch.Size([128, 896]): 
The value is the same before and after calling `init_weights` of GroundingDINO  

lmm.model.layers.0.mlp.up_proj.lora_B.weight - torch.Size([4864, 128]): 
The value is the same before and after calling `init_weights` of GroundingDINO  

lmm.model.layers.0.mlp.up_proj.ori_model.weight - torch.Size([4864, 896]): 
The value is the same before and after calling `init_weights` of GroundingDINO  

lmm.model.layers.0.mlp.down_proj.lora_A.weight - torch.Size([128, 4864]): 
The value is the same before and after calling `init_weights` of GroundingDINO  

lmm.model.layers.0.mlp.down_proj.lora_B.weight - torch.Size([896, 128]): 
The value is the same before and after calling `init_weights` of GroundingDINO  

lmm.model.layers.0.mlp.down_proj.ori_model.weight - torch.Size([896, 4864]): 
The value is the same before and after calling `init_weights` of GroundingDINO  

lmm.model.layers.0.input_layernorm.weight - torch.Size([896]): 
The value is the same before and after calling `init_weights` of GroundingDINO  

lmm.model.layers.0.post_attention_layernorm.weight - torch.Size([896]): 
The value is the same before and after calling `init_weights` of GroundingDINO  

lmm.model.layers.0.down_proj.weight - torch.Size([256, 896]): 
The value is the same before and after calling `init_weights` of GroundingDINO  

lmm.model.layers.0.down_proj.bias - torch.Size([256]): 
The value is the same before and after calling `init_weights` of GroundingDINO  

lmm.model.layers.0.up_proj.weight - torch.Size([896, 256]): 
The value is the same before and after calling `init_weights` of GroundingDINO  

lmm.model.layers.0.up_proj.bias - torch.Size([896]): 
The value is the same before and after calling `init_weights` of GroundingDINO  

lmm.model.layers.0.corss_attn_norm.weight - torch.Size([896]): 
The value is the same before and after calling `init_weights` of GroundingDINO  

lmm.model.layers.0.cross_attn.sampling_offsets.weight - torch.Size([256, 256]): 
The value is the same before and after calling `init_weights` of GroundingDINO  

lmm.model.layers.0.cross_attn.sampling_offsets.bias - torch.Size([256]): 
The value is the same before and after calling `init_weights` of GroundingDINO  

lmm.model.layers.0.cross_attn.attention_weights.weight - torch.Size([128, 256]): 
The value is the same before and after calling `init_weights` of GroundingDINO  

lmm.model.layers.0.cross_attn.attention_weights.bias - torch.Size([128]): 
The value is the same before and after calling `init_weights` of GroundingDINO  

lmm.model.layers.0.cross_attn.value_proj.weight - torch.Size([256, 256]): 
The value is the same before and after calling `init_weights` of GroundingDINO  

lmm.model.layers.0.cross_attn.value_proj.bias - torch.Size([256]): 
The value is the same before and after calling `init_weights` of GroundingDINO  

lmm.model.layers.0.cross_attn.output_proj.weight - torch.Size([256, 256]): 
The value is the same before and after calling `init_weights` of GroundingDINO  

lmm.model.layers.0.cross_attn.output_proj.bias - torch.Size([256]): 
The value is the same before and after calling `init_weights` of GroundingDINO  

lmm.model.layers.1.self_attn.q_proj.lora_A.weight - torch.Size([128, 896]): 
The value is the same before and after calling `init_weights` of GroundingDINO  

lmm.model.layers.1.self_attn.q_proj.lora_B.weight - torch.Size([896, 128]): 
The value is the same before and after calling `init_weights` of GroundingDINO  

lmm.model.layers.1.self_attn.q_proj.ori_model.weight - torch.Size([896, 896]): 
The value is the same before and after calling `init_weights` of GroundingDINO  

lmm.model.layers.1.self_attn.q_proj.ori_model.bias - torch.Size([896]): 
The value is the same before and after calling `init_weights` of GroundingDINO  

lmm.model.layers.1.self_attn.k_proj.lora_A.weight - torch.Size([128, 896]): 
The value is the same before and after calling `init_weights` of GroundingDINO  

lmm.model.layers.1.self_attn.k_proj.lora_B.weight - torch.Size([128, 128]): 
The value is the same before and after calling `init_weights` of GroundingDINO  

lmm.model.layers.1.self_attn.k_proj.ori_model.weight - torch.Size([128, 896]): 
The value is the same before and after calling `init_weights` of GroundingDINO  

lmm.model.layers.1.self_attn.k_proj.ori_model.bias - torch.Size([128]): 
The value is the same before and after calling `init_weights` of GroundingDINO  

lmm.model.layers.1.self_attn.v_proj.lora_A.weight - torch.Size([128, 896]): 
The value is the same before and after calling `init_weights` of GroundingDINO  

lmm.model.layers.1.self_attn.v_proj.lora_B.weight - torch.Size([128, 128]): 
The value is the same before and after calling `init_weights` of GroundingDINO  

lmm.model.layers.1.self_attn.v_proj.ori_model.weight - torch.Size([128, 896]): 
The value is the same before and after calling `init_weights` of GroundingDINO  

lmm.model.layers.1.self_attn.v_proj.ori_model.bias - torch.Size([128]): 
The value is the same before and after calling `init_weights` of GroundingDINO  

lmm.model.layers.1.self_attn.o_proj.lora_A.weight - torch.Size([128, 896]): 
The value is the same before and after calling `init_weights` of GroundingDINO  

lmm.model.layers.1.self_attn.o_proj.lora_B.weight - torch.Size([896, 128]): 
The value is the same before and after calling `init_weights` of GroundingDINO  

lmm.model.layers.1.self_attn.o_proj.ori_model.weight - torch.Size([896, 896]): 
The value is the same before and after calling `init_weights` of GroundingDINO  

lmm.model.layers.1.mlp.gate_proj.lora_A.weight - torch.Size([128, 896]): 
The value is the same before and after calling `init_weights` of GroundingDINO  

lmm.model.layers.1.mlp.gate_proj.lora_B.weight - torch.Size([4864, 128]): 
The value is the same before and after calling `init_weights` of GroundingDINO  

lmm.model.layers.1.mlp.gate_proj.ori_model.weight - torch.Size([4864, 896]): 
The value is the same before and after calling `init_weights` of GroundingDINO  

lmm.model.layers.1.mlp.up_proj.lora_A.weight - torch.Size([128, 896]): 
The value is the same before and after calling `init_weights` of GroundingDINO  

lmm.model.layers.1.mlp.up_proj.lora_B.weight - torch.Size([4864, 128]): 
The value is the same before and after calling `init_weights` of GroundingDINO  

lmm.model.layers.1.mlp.up_proj.ori_model.weight - torch.Size([4864, 896]): 
The value is the same before and after calling `init_weights` of GroundingDINO  

lmm.model.layers.1.mlp.down_proj.lora_A.weight - torch.Size([128, 4864]): 
The value is the same before and after calling `init_weights` of GroundingDINO  

lmm.model.layers.1.mlp.down_proj.lora_B.weight - torch.Size([896, 128]): 
The value is the same before and after calling `init_weights` of GroundingDINO  

lmm.model.layers.1.mlp.down_proj.ori_model.weight - torch.Size([896, 4864]): 
The value is the same before and after calling `init_weights` of GroundingDINO  

lmm.model.layers.1.input_layernorm.weight - torch.Size([896]): 
The value is the same before and after calling `init_weights` of GroundingDINO  

lmm.model.layers.1.post_attention_layernorm.weight - torch.Size([896]): 
The value is the same before and after calling `init_weights` of GroundingDINO  

lmm.model.layers.2.self_attn.q_proj.lora_A.weight - torch.Size([128, 896]): 
The value is the same before and after calling `init_weights` of GroundingDINO  

lmm.model.layers.2.self_attn.q_proj.lora_B.weight - torch.Size([896, 128]): 
The value is the same before and after calling `init_weights` of GroundingDINO  

lmm.model.layers.2.self_attn.q_proj.ori_model.weight - torch.Size([896, 896]): 
The value is the same before and after calling `init_weights` of GroundingDINO  

lmm.model.layers.2.self_attn.q_proj.ori_model.bias - torch.Size([896]): 
The value is the same before and after calling `init_weights` of GroundingDINO  

lmm.model.layers.2.self_attn.k_proj.lora_A.weight - torch.Size([128, 896]): 
The value is the same before and after calling `init_weights` of GroundingDINO  

lmm.model.layers.2.self_attn.k_proj.lora_B.weight - torch.Size([128, 128]): 
The value is the same before and after calling `init_weights` of GroundingDINO  

lmm.model.layers.2.self_attn.k_proj.ori_model.weight - torch.Size([128, 896]): 
The value is the same before and after calling `init_weights` of GroundingDINO  

lmm.model.layers.2.self_attn.k_proj.ori_model.bias - torch.Size([128]): 
The value is the same before and after calling `init_weights` of GroundingDINO  

lmm.model.layers.2.self_attn.v_proj.lora_A.weight - torch.Size([128, 896]): 
The value is the same before and after calling `init_weights` of GroundingDINO  

lmm.model.layers.2.self_attn.v_proj.lora_B.weight - torch.Size([128, 128]): 
The value is the same before and after calling `init_weights` of GroundingDINO  

lmm.model.layers.2.self_attn.v_proj.ori_model.weight - torch.Size([128, 896]): 
The value is the same before and after calling `init_weights` of GroundingDINO  

lmm.model.layers.2.self_attn.v_proj.ori_model.bias - torch.Size([128]): 
The value is the same before and after calling `init_weights` of GroundingDINO  

lmm.model.layers.2.self_attn.o_proj.lora_A.weight - torch.Size([128, 896]): 
The value is the same before and after calling `init_weights` of GroundingDINO  

lmm.model.layers.2.self_attn.o_proj.lora_B.weight - torch.Size([896, 128]): 
The value is the same before and after calling `init_weights` of GroundingDINO  

lmm.model.layers.2.self_attn.o_proj.ori_model.weight - torch.Size([896, 896]): 
The value is the same before and after calling `init_weights` of GroundingDINO  

lmm.model.layers.2.mlp.gate_proj.lora_A.weight - torch.Size([128, 896]): 
The value is the same before and after calling `init_weights` of GroundingDINO  

lmm.model.layers.2.mlp.gate_proj.lora_B.weight - torch.Size([4864, 128]): 
The value is the same before and after calling `init_weights` of GroundingDINO  

lmm.model.layers.2.mlp.gate_proj.ori_model.weight - torch.Size([4864, 896]): 
The value is the same before and after calling `init_weights` of GroundingDINO  

lmm.model.layers.2.mlp.up_proj.lora_A.weight - torch.Size([128, 896]): 
The value is the same before and after calling `init_weights` of GroundingDINO  

lmm.model.layers.2.mlp.up_proj.lora_B.weight - torch.Size([4864, 128]): 
The value is the same before and after calling `init_weights` of GroundingDINO  

lmm.model.layers.2.mlp.up_proj.ori_model.weight - torch.Size([4864, 896]): 
The value is the same before and after calling `init_weights` of GroundingDINO  

lmm.model.layers.2.mlp.down_proj.lora_A.weight - torch.Size([128, 4864]): 
The value is the same before and after calling `init_weights` of GroundingDINO  

lmm.model.layers.2.mlp.down_proj.lora_B.weight - torch.Size([896, 128]): 
The value is the same before and after calling `init_weights` of GroundingDINO  

lmm.model.layers.2.mlp.down_proj.ori_model.weight - torch.Size([896, 4864]): 
The value is the same before and after calling `init_weights` of GroundingDINO  

lmm.model.layers.2.input_layernorm.weight - torch.Size([896]): 
The value is the same before and after calling `init_weights` of GroundingDINO  

lmm.model.layers.2.post_attention_layernorm.weight - torch.Size([896]): 
The value is the same before and after calling `init_weights` of GroundingDINO  

lmm.model.layers.3.self_attn.q_proj.lora_A.weight - torch.Size([128, 896]): 
The value is the same before and after calling `init_weights` of GroundingDINO  

lmm.model.layers.3.self_attn.q_proj.lora_B.weight - torch.Size([896, 128]): 
The value is the same before and after calling `init_weights` of GroundingDINO  

lmm.model.layers.3.self_attn.q_proj.ori_model.weight - torch.Size([896, 896]): 
The value is the same before and after calling `init_weights` of GroundingDINO  

lmm.model.layers.3.self_attn.q_proj.ori_model.bias - torch.Size([896]): 
The value is the same before and after calling `init_weights` of GroundingDINO  

lmm.model.layers.3.self_attn.k_proj.lora_A.weight - torch.Size([128, 896]): 
The value is the same before and after calling `init_weights` of GroundingDINO  

lmm.model.layers.3.self_attn.k_proj.lora_B.weight - torch.Size([128, 128]): 
The value is the same before and after calling `init_weights` of GroundingDINO  

lmm.model.layers.3.self_attn.k_proj.ori_model.weight - torch.Size([128, 896]): 
The value is the same before and after calling `init_weights` of GroundingDINO  

lmm.model.layers.3.self_attn.k_proj.ori_model.bias - torch.Size([128]): 
The value is the same before and after calling `init_weights` of GroundingDINO  

lmm.model.layers.3.self_attn.v_proj.lora_A.weight - torch.Size([128, 896]): 
The value is the same before and after calling `init_weights` of GroundingDINO  

lmm.model.layers.3.self_attn.v_proj.lora_B.weight - torch.Size([128, 128]): 
The value is the same before and after calling `init_weights` of GroundingDINO  

lmm.model.layers.3.self_attn.v_proj.ori_model.weight - torch.Size([128, 896]): 
The value is the same before and after calling `init_weights` of GroundingDINO  

lmm.model.layers.3.self_attn.v_proj.ori_model.bias - torch.Size([128]): 
The value is the same before and after calling `init_weights` of GroundingDINO  

lmm.model.layers.3.self_attn.o_proj.lora_A.weight - torch.Size([128, 896]): 
The value is the same before and after calling `init_weights` of GroundingDINO  

lmm.model.layers.3.self_attn.o_proj.lora_B.weight - torch.Size([896, 128]): 
The value is the same before and after calling `init_weights` of GroundingDINO  

lmm.model.layers.3.self_attn.o_proj.ori_model.weight - torch.Size([896, 896]): 
The value is the same before and after calling `init_weights` of GroundingDINO  

lmm.model.layers.3.mlp.gate_proj.lora_A.weight - torch.Size([128, 896]): 
The value is the same before and after calling `init_weights` of GroundingDINO  

lmm.model.layers.3.mlp.gate_proj.lora_B.weight - torch.Size([4864, 128]): 
The value is the same before and after calling `init_weights` of GroundingDINO  

lmm.model.layers.3.mlp.gate_proj.ori_model.weight - torch.Size([4864, 896]): 
The value is the same before and after calling `init_weights` of GroundingDINO  

lmm.model.layers.3.mlp.up_proj.lora_A.weight - torch.Size([128, 896]): 
The value is the same before and after calling `init_weights` of GroundingDINO  

lmm.model.layers.3.mlp.up_proj.lora_B.weight - torch.Size([4864, 128]): 
The value is the same before and after calling `init_weights` of GroundingDINO  

lmm.model.layers.3.mlp.up_proj.ori_model.weight - torch.Size([4864, 896]): 
The value is the same before and after calling `init_weights` of GroundingDINO  

lmm.model.layers.3.mlp.down_proj.lora_A.weight - torch.Size([128, 4864]): 
The value is the same before and after calling `init_weights` of GroundingDINO  

lmm.model.layers.3.mlp.down_proj.lora_B.weight - torch.Size([896, 128]): 
The value is the same before and after calling `init_weights` of GroundingDINO  

lmm.model.layers.3.mlp.down_proj.ori_model.weight - torch.Size([896, 4864]): 
The value is the same before and after calling `init_weights` of GroundingDINO  

lmm.model.layers.3.input_layernorm.weight - torch.Size([896]): 
The value is the same before and after calling `init_weights` of GroundingDINO  

lmm.model.layers.3.post_attention_layernorm.weight - torch.Size([896]): 
The value is the same before and after calling `init_weights` of GroundingDINO  

lmm.model.layers.4.self_attn.q_proj.lora_A.weight - torch.Size([128, 896]): 
The value is the same before and after calling `init_weights` of GroundingDINO  

lmm.model.layers.4.self_attn.q_proj.lora_B.weight - torch.Size([896, 128]): 
The value is the same before and after calling `init_weights` of GroundingDINO  

lmm.model.layers.4.self_attn.q_proj.ori_model.weight - torch.Size([896, 896]): 
The value is the same before and after calling `init_weights` of GroundingDINO  

lmm.model.layers.4.self_attn.q_proj.ori_model.bias - torch.Size([896]): 
The value is the same before and after calling `init_weights` of GroundingDINO  

lmm.model.layers.4.self_attn.k_proj.lora_A.weight - torch.Size([128, 896]): 
The value is the same before and after calling `init_weights` of GroundingDINO  

lmm.model.layers.4.self_attn.k_proj.lora_B.weight - torch.Size([128, 128]): 
The value is the same before and after calling `init_weights` of GroundingDINO  

lmm.model.layers.4.self_attn.k_proj.ori_model.weight - torch.Size([128, 896]): 
The value is the same before and after calling `init_weights` of GroundingDINO  

lmm.model.layers.4.self_attn.k_proj.ori_model.bias - torch.Size([128]): 
The value is the same before and after calling `init_weights` of GroundingDINO  

lmm.model.layers.4.self_attn.v_proj.lora_A.weight - torch.Size([128, 896]): 
The value is the same before and after calling `init_weights` of GroundingDINO  

lmm.model.layers.4.self_attn.v_proj.lora_B.weight - torch.Size([128, 128]): 
The value is the same before and after calling `init_weights` of GroundingDINO  

lmm.model.layers.4.self_attn.v_proj.ori_model.weight - torch.Size([128, 896]): 
The value is the same before and after calling `init_weights` of GroundingDINO  

lmm.model.layers.4.self_attn.v_proj.ori_model.bias - torch.Size([128]): 
The value is the same before and after calling `init_weights` of GroundingDINO  

lmm.model.layers.4.self_attn.o_proj.lora_A.weight - torch.Size([128, 896]): 
The value is the same before and after calling `init_weights` of GroundingDINO  

lmm.model.layers.4.self_attn.o_proj.lora_B.weight - torch.Size([896, 128]): 
The value is the same before and after calling `init_weights` of GroundingDINO  

lmm.model.layers.4.self_attn.o_proj.ori_model.weight - torch.Size([896, 896]): 
The value is the same before and after calling `init_weights` of GroundingDINO  

lmm.model.layers.4.mlp.gate_proj.lora_A.weight - torch.Size([128, 896]): 
The value is the same before and after calling `init_weights` of GroundingDINO  

lmm.model.layers.4.mlp.gate_proj.lora_B.weight - torch.Size([4864, 128]): 
The value is the same before and after calling `init_weights` of GroundingDINO  

lmm.model.layers.4.mlp.gate_proj.ori_model.weight - torch.Size([4864, 896]): 
The value is the same before and after calling `init_weights` of GroundingDINO  

lmm.model.layers.4.mlp.up_proj.lora_A.weight - torch.Size([128, 896]): 
The value is the same before and after calling `init_weights` of GroundingDINO  

lmm.model.layers.4.mlp.up_proj.lora_B.weight - torch.Size([4864, 128]): 
The value is the same before and after calling `init_weights` of GroundingDINO  

lmm.model.layers.4.mlp.up_proj.ori_model.weight - torch.Size([4864, 896]): 
The value is the same before and after calling `init_weights` of GroundingDINO  

lmm.model.layers.4.mlp.down_proj.lora_A.weight - torch.Size([128, 4864]): 
The value is the same before and after calling `init_weights` of GroundingDINO  

lmm.model.layers.4.mlp.down_proj.lora_B.weight - torch.Size([896, 128]): 
The value is the same before and after calling `init_weights` of GroundingDINO  

lmm.model.layers.4.mlp.down_proj.ori_model.weight - torch.Size([896, 4864]): 
The value is the same before and after calling `init_weights` of GroundingDINO  

lmm.model.layers.4.input_layernorm.weight - torch.Size([896]): 
The value is the same before and after calling `init_weights` of GroundingDINO  

lmm.model.layers.4.post_attention_layernorm.weight - torch.Size([896]): 
The value is the same before and after calling `init_weights` of GroundingDINO  

lmm.model.layers.4.down_proj.weight - torch.Size([256, 896]): 
The value is the same before and after calling `init_weights` of GroundingDINO  

lmm.model.layers.4.down_proj.bias - torch.Size([256]): 
The value is the same before and after calling `init_weights` of GroundingDINO  

lmm.model.layers.4.up_proj.weight - torch.Size([896, 256]): 
The value is the same before and after calling `init_weights` of GroundingDINO  

lmm.model.layers.4.up_proj.bias - torch.Size([896]): 
The value is the same before and after calling `init_weights` of GroundingDINO  

lmm.model.layers.4.corss_attn_norm.weight - torch.Size([896]): 
The value is the same before and after calling `init_weights` of GroundingDINO  

lmm.model.layers.4.cross_attn.sampling_offsets.weight - torch.Size([256, 256]): 
The value is the same before and after calling `init_weights` of GroundingDINO  

lmm.model.layers.4.cross_attn.sampling_offsets.bias - torch.Size([256]): 
The value is the same before and after calling `init_weights` of GroundingDINO  

lmm.model.layers.4.cross_attn.attention_weights.weight - torch.Size([128, 256]): 
The value is the same before and after calling `init_weights` of GroundingDINO  

lmm.model.layers.4.cross_attn.attention_weights.bias - torch.Size([128]): 
The value is the same before and after calling `init_weights` of GroundingDINO  

lmm.model.layers.4.cross_attn.value_proj.weight - torch.Size([256, 256]): 
The value is the same before and after calling `init_weights` of GroundingDINO  

lmm.model.layers.4.cross_attn.value_proj.bias - torch.Size([256]): 
The value is the same before and after calling `init_weights` of GroundingDINO  

lmm.model.layers.4.cross_attn.output_proj.weight - torch.Size([256, 256]): 
The value is the same before and after calling `init_weights` of GroundingDINO  

lmm.model.layers.4.cross_attn.output_proj.bias - torch.Size([256]): 
The value is the same before and after calling `init_weights` of GroundingDINO  

lmm.model.layers.5.self_attn.q_proj.lora_A.weight - torch.Size([128, 896]): 
The value is the same before and after calling `init_weights` of GroundingDINO  

lmm.model.layers.5.self_attn.q_proj.lora_B.weight - torch.Size([896, 128]): 
The value is the same before and after calling `init_weights` of GroundingDINO  

lmm.model.layers.5.self_attn.q_proj.ori_model.weight - torch.Size([896, 896]): 
The value is the same before and after calling `init_weights` of GroundingDINO  

lmm.model.layers.5.self_attn.q_proj.ori_model.bias - torch.Size([896]): 
The value is the same before and after calling `init_weights` of GroundingDINO  

lmm.model.layers.5.self_attn.k_proj.lora_A.weight - torch.Size([128, 896]): 
The value is the same before and after calling `init_weights` of GroundingDINO  

lmm.model.layers.5.self_attn.k_proj.lora_B.weight - torch.Size([128, 128]): 
The value is the same before and after calling `init_weights` of GroundingDINO  

lmm.model.layers.5.self_attn.k_proj.ori_model.weight - torch.Size([128, 896]): 
The value is the same before and after calling `init_weights` of GroundingDINO  

lmm.model.layers.5.self_attn.k_proj.ori_model.bias - torch.Size([128]): 
The value is the same before and after calling `init_weights` of GroundingDINO  

lmm.model.layers.5.self_attn.v_proj.lora_A.weight - torch.Size([128, 896]): 
The value is the same before and after calling `init_weights` of GroundingDINO  

lmm.model.layers.5.self_attn.v_proj.lora_B.weight - torch.Size([128, 128]): 
The value is the same before and after calling `init_weights` of GroundingDINO  

lmm.model.layers.5.self_attn.v_proj.ori_model.weight - torch.Size([128, 896]): 
The value is the same before and after calling `init_weights` of GroundingDINO  

lmm.model.layers.5.self_attn.v_proj.ori_model.bias - torch.Size([128]): 
The value is the same before and after calling `init_weights` of GroundingDINO  

lmm.model.layers.5.self_attn.o_proj.lora_A.weight - torch.Size([128, 896]): 
The value is the same before and after calling `init_weights` of GroundingDINO  

lmm.model.layers.5.self_attn.o_proj.lora_B.weight - torch.Size([896, 128]): 
The value is the same before and after calling `init_weights` of GroundingDINO  

lmm.model.layers.5.self_attn.o_proj.ori_model.weight - torch.Size([896, 896]): 
The value is the same before and after calling `init_weights` of GroundingDINO  

lmm.model.layers.5.mlp.gate_proj.lora_A.weight - torch.Size([128, 896]): 
The value is the same before and after calling `init_weights` of GroundingDINO  

lmm.model.layers.5.mlp.gate_proj.lora_B.weight - torch.Size([4864, 128]): 
The value is the same before and after calling `init_weights` of GroundingDINO  

lmm.model.layers.5.mlp.gate_proj.ori_model.weight - torch.Size([4864, 896]): 
The value is the same before and after calling `init_weights` of GroundingDINO  

lmm.model.layers.5.mlp.up_proj.lora_A.weight - torch.Size([128, 896]): 
The value is the same before and after calling `init_weights` of GroundingDINO  

lmm.model.layers.5.mlp.up_proj.lora_B.weight - torch.Size([4864, 128]): 
The value is the same before and after calling `init_weights` of GroundingDINO  

lmm.model.layers.5.mlp.up_proj.ori_model.weight - torch.Size([4864, 896]): 
The value is the same before and after calling `init_weights` of GroundingDINO  

lmm.model.layers.5.mlp.down_proj.lora_A.weight - torch.Size([128, 4864]): 
The value is the same before and after calling `init_weights` of GroundingDINO  

lmm.model.layers.5.mlp.down_proj.lora_B.weight - torch.Size([896, 128]): 
The value is the same before and after calling `init_weights` of GroundingDINO  

lmm.model.layers.5.mlp.down_proj.ori_model.weight - torch.Size([896, 4864]): 
The value is the same before and after calling `init_weights` of GroundingDINO  

lmm.model.layers.5.input_layernorm.weight - torch.Size([896]): 
The value is the same before and after calling `init_weights` of GroundingDINO  

lmm.model.layers.5.post_attention_layernorm.weight - torch.Size([896]): 
The value is the same before and after calling `init_weights` of GroundingDINO  

lmm.model.layers.6.self_attn.q_proj.lora_A.weight - torch.Size([128, 896]): 
The value is the same before and after calling `init_weights` of GroundingDINO  

lmm.model.layers.6.self_attn.q_proj.lora_B.weight - torch.Size([896, 128]): 
The value is the same before and after calling `init_weights` of GroundingDINO  

lmm.model.layers.6.self_attn.q_proj.ori_model.weight - torch.Size([896, 896]): 
The value is the same before and after calling `init_weights` of GroundingDINO  

lmm.model.layers.6.self_attn.q_proj.ori_model.bias - torch.Size([896]): 
The value is the same before and after calling `init_weights` of GroundingDINO  

lmm.model.layers.6.self_attn.k_proj.lora_A.weight - torch.Size([128, 896]): 
The value is the same before and after calling `init_weights` of GroundingDINO  

lmm.model.layers.6.self_attn.k_proj.lora_B.weight - torch.Size([128, 128]): 
The value is the same before and after calling `init_weights` of GroundingDINO  

lmm.model.layers.6.self_attn.k_proj.ori_model.weight - torch.Size([128, 896]): 
The value is the same before and after calling `init_weights` of GroundingDINO  

lmm.model.layers.6.self_attn.k_proj.ori_model.bias - torch.Size([128]): 
The value is the same before and after calling `init_weights` of GroundingDINO  

lmm.model.layers.6.self_attn.v_proj.lora_A.weight - torch.Size([128, 896]): 
The value is the same before and after calling `init_weights` of GroundingDINO  

lmm.model.layers.6.self_attn.v_proj.lora_B.weight - torch.Size([128, 128]): 
The value is the same before and after calling `init_weights` of GroundingDINO  

lmm.model.layers.6.self_attn.v_proj.ori_model.weight - torch.Size([128, 896]): 
The value is the same before and after calling `init_weights` of GroundingDINO  

lmm.model.layers.6.self_attn.v_proj.ori_model.bias - torch.Size([128]): 
The value is the same before and after calling `init_weights` of GroundingDINO  

lmm.model.layers.6.self_attn.o_proj.lora_A.weight - torch.Size([128, 896]): 
The value is the same before and after calling `init_weights` of GroundingDINO  

lmm.model.layers.6.self_attn.o_proj.lora_B.weight - torch.Size([896, 128]): 
The value is the same before and after calling `init_weights` of GroundingDINO  

lmm.model.layers.6.self_attn.o_proj.ori_model.weight - torch.Size([896, 896]): 
The value is the same before and after calling `init_weights` of GroundingDINO  

lmm.model.layers.6.mlp.gate_proj.lora_A.weight - torch.Size([128, 896]): 
The value is the same before and after calling `init_weights` of GroundingDINO  

lmm.model.layers.6.mlp.gate_proj.lora_B.weight - torch.Size([4864, 128]): 
The value is the same before and after calling `init_weights` of GroundingDINO  

lmm.model.layers.6.mlp.gate_proj.ori_model.weight - torch.Size([4864, 896]): 
The value is the same before and after calling `init_weights` of GroundingDINO  

lmm.model.layers.6.mlp.up_proj.lora_A.weight - torch.Size([128, 896]): 
The value is the same before and after calling `init_weights` of GroundingDINO  

lmm.model.layers.6.mlp.up_proj.lora_B.weight - torch.Size([4864, 128]): 
The value is the same before and after calling `init_weights` of GroundingDINO  

lmm.model.layers.6.mlp.up_proj.ori_model.weight - torch.Size([4864, 896]): 
The value is the same before and after calling `init_weights` of GroundingDINO  

lmm.model.layers.6.mlp.down_proj.lora_A.weight - torch.Size([128, 4864]): 
The value is the same before and after calling `init_weights` of GroundingDINO  

lmm.model.layers.6.mlp.down_proj.lora_B.weight - torch.Size([896, 128]): 
The value is the same before and after calling `init_weights` of GroundingDINO  

lmm.model.layers.6.mlp.down_proj.ori_model.weight - torch.Size([896, 4864]): 
The value is the same before and after calling `init_weights` of GroundingDINO  

lmm.model.layers.6.input_layernorm.weight - torch.Size([896]): 
The value is the same before and after calling `init_weights` of GroundingDINO  

lmm.model.layers.6.post_attention_layernorm.weight - torch.Size([896]): 
The value is the same before and after calling `init_weights` of GroundingDINO  

lmm.model.layers.7.self_attn.q_proj.lora_A.weight - torch.Size([128, 896]): 
The value is the same before and after calling `init_weights` of GroundingDINO  

lmm.model.layers.7.self_attn.q_proj.lora_B.weight - torch.Size([896, 128]): 
The value is the same before and after calling `init_weights` of GroundingDINO  

lmm.model.layers.7.self_attn.q_proj.ori_model.weight - torch.Size([896, 896]): 
The value is the same before and after calling `init_weights` of GroundingDINO  

lmm.model.layers.7.self_attn.q_proj.ori_model.bias - torch.Size([896]): 
The value is the same before and after calling `init_weights` of GroundingDINO  

lmm.model.layers.7.self_attn.k_proj.lora_A.weight - torch.Size([128, 896]): 
The value is the same before and after calling `init_weights` of GroundingDINO  

lmm.model.layers.7.self_attn.k_proj.lora_B.weight - torch.Size([128, 128]): 
The value is the same before and after calling `init_weights` of GroundingDINO  

lmm.model.layers.7.self_attn.k_proj.ori_model.weight - torch.Size([128, 896]): 
The value is the same before and after calling `init_weights` of GroundingDINO  

lmm.model.layers.7.self_attn.k_proj.ori_model.bias - torch.Size([128]): 
The value is the same before and after calling `init_weights` of GroundingDINO  

lmm.model.layers.7.self_attn.v_proj.lora_A.weight - torch.Size([128, 896]): 
The value is the same before and after calling `init_weights` of GroundingDINO  

lmm.model.layers.7.self_attn.v_proj.lora_B.weight - torch.Size([128, 128]): 
The value is the same before and after calling `init_weights` of GroundingDINO  

lmm.model.layers.7.self_attn.v_proj.ori_model.weight - torch.Size([128, 896]): 
The value is the same before and after calling `init_weights` of GroundingDINO  

lmm.model.layers.7.self_attn.v_proj.ori_model.bias - torch.Size([128]): 
The value is the same before and after calling `init_weights` of GroundingDINO  

lmm.model.layers.7.self_attn.o_proj.lora_A.weight - torch.Size([128, 896]): 
The value is the same before and after calling `init_weights` of GroundingDINO  

lmm.model.layers.7.self_attn.o_proj.lora_B.weight - torch.Size([896, 128]): 
The value is the same before and after calling `init_weights` of GroundingDINO  

lmm.model.layers.7.self_attn.o_proj.ori_model.weight - torch.Size([896, 896]): 
The value is the same before and after calling `init_weights` of GroundingDINO  

lmm.model.layers.7.mlp.gate_proj.lora_A.weight - torch.Size([128, 896]): 
The value is the same before and after calling `init_weights` of GroundingDINO  

lmm.model.layers.7.mlp.gate_proj.lora_B.weight - torch.Size([4864, 128]): 
The value is the same before and after calling `init_weights` of GroundingDINO  

lmm.model.layers.7.mlp.gate_proj.ori_model.weight - torch.Size([4864, 896]): 
The value is the same before and after calling `init_weights` of GroundingDINO  

lmm.model.layers.7.mlp.up_proj.lora_A.weight - torch.Size([128, 896]): 
The value is the same before and after calling `init_weights` of GroundingDINO  

lmm.model.layers.7.mlp.up_proj.lora_B.weight - torch.Size([4864, 128]): 
The value is the same before and after calling `init_weights` of GroundingDINO  

lmm.model.layers.7.mlp.up_proj.ori_model.weight - torch.Size([4864, 896]): 
The value is the same before and after calling `init_weights` of GroundingDINO  

lmm.model.layers.7.mlp.down_proj.lora_A.weight - torch.Size([128, 4864]): 
The value is the same before and after calling `init_weights` of GroundingDINO  

lmm.model.layers.7.mlp.down_proj.lora_B.weight - torch.Size([896, 128]): 
The value is the same before and after calling `init_weights` of GroundingDINO  

lmm.model.layers.7.mlp.down_proj.ori_model.weight - torch.Size([896, 4864]): 
The value is the same before and after calling `init_weights` of GroundingDINO  

lmm.model.layers.7.input_layernorm.weight - torch.Size([896]): 
The value is the same before and after calling `init_weights` of GroundingDINO  

lmm.model.layers.7.post_attention_layernorm.weight - torch.Size([896]): 
The value is the same before and after calling `init_weights` of GroundingDINO  

lmm.model.layers.8.self_attn.q_proj.lora_A.weight - torch.Size([128, 896]): 
The value is the same before and after calling `init_weights` of GroundingDINO  

lmm.model.layers.8.self_attn.q_proj.lora_B.weight - torch.Size([896, 128]): 
The value is the same before and after calling `init_weights` of GroundingDINO  

lmm.model.layers.8.self_attn.q_proj.ori_model.weight - torch.Size([896, 896]): 
The value is the same before and after calling `init_weights` of GroundingDINO  

lmm.model.layers.8.self_attn.q_proj.ori_model.bias - torch.Size([896]): 
The value is the same before and after calling `init_weights` of GroundingDINO  

lmm.model.layers.8.self_attn.k_proj.lora_A.weight - torch.Size([128, 896]): 
The value is the same before and after calling `init_weights` of GroundingDINO  

lmm.model.layers.8.self_attn.k_proj.lora_B.weight - torch.Size([128, 128]): 
The value is the same before and after calling `init_weights` of GroundingDINO  

lmm.model.layers.8.self_attn.k_proj.ori_model.weight - torch.Size([128, 896]): 
The value is the same before and after calling `init_weights` of GroundingDINO  

lmm.model.layers.8.self_attn.k_proj.ori_model.bias - torch.Size([128]): 
The value is the same before and after calling `init_weights` of GroundingDINO  

lmm.model.layers.8.self_attn.v_proj.lora_A.weight - torch.Size([128, 896]): 
The value is the same before and after calling `init_weights` of GroundingDINO  

lmm.model.layers.8.self_attn.v_proj.lora_B.weight - torch.Size([128, 128]): 
The value is the same before and after calling `init_weights` of GroundingDINO  

lmm.model.layers.8.self_attn.v_proj.ori_model.weight - torch.Size([128, 896]): 
The value is the same before and after calling `init_weights` of GroundingDINO  

lmm.model.layers.8.self_attn.v_proj.ori_model.bias - torch.Size([128]): 
The value is the same before and after calling `init_weights` of GroundingDINO  

lmm.model.layers.8.self_attn.o_proj.lora_A.weight - torch.Size([128, 896]): 
The value is the same before and after calling `init_weights` of GroundingDINO  

lmm.model.layers.8.self_attn.o_proj.lora_B.weight - torch.Size([896, 128]): 
The value is the same before and after calling `init_weights` of GroundingDINO  

lmm.model.layers.8.self_attn.o_proj.ori_model.weight - torch.Size([896, 896]): 
The value is the same before and after calling `init_weights` of GroundingDINO  

lmm.model.layers.8.mlp.gate_proj.lora_A.weight - torch.Size([128, 896]): 
The value is the same before and after calling `init_weights` of GroundingDINO  

lmm.model.layers.8.mlp.gate_proj.lora_B.weight - torch.Size([4864, 128]): 
The value is the same before and after calling `init_weights` of GroundingDINO  

lmm.model.layers.8.mlp.gate_proj.ori_model.weight - torch.Size([4864, 896]): 
The value is the same before and after calling `init_weights` of GroundingDINO  

lmm.model.layers.8.mlp.up_proj.lora_A.weight - torch.Size([128, 896]): 
The value is the same before and after calling `init_weights` of GroundingDINO  

lmm.model.layers.8.mlp.up_proj.lora_B.weight - torch.Size([4864, 128]): 
The value is the same before and after calling `init_weights` of GroundingDINO  

lmm.model.layers.8.mlp.up_proj.ori_model.weight - torch.Size([4864, 896]): 
The value is the same before and after calling `init_weights` of GroundingDINO  

lmm.model.layers.8.mlp.down_proj.lora_A.weight - torch.Size([128, 4864]): 
The value is the same before and after calling `init_weights` of GroundingDINO  

lmm.model.layers.8.mlp.down_proj.lora_B.weight - torch.Size([896, 128]): 
The value is the same before and after calling `init_weights` of GroundingDINO  

lmm.model.layers.8.mlp.down_proj.ori_model.weight - torch.Size([896, 4864]): 
The value is the same before and after calling `init_weights` of GroundingDINO  

lmm.model.layers.8.input_layernorm.weight - torch.Size([896]): 
The value is the same before and after calling `init_weights` of GroundingDINO  

lmm.model.layers.8.post_attention_layernorm.weight - torch.Size([896]): 
The value is the same before and after calling `init_weights` of GroundingDINO  

lmm.model.layers.8.down_proj.weight - torch.Size([256, 896]): 
The value is the same before and after calling `init_weights` of GroundingDINO  

lmm.model.layers.8.down_proj.bias - torch.Size([256]): 
The value is the same before and after calling `init_weights` of GroundingDINO  

lmm.model.layers.8.up_proj.weight - torch.Size([896, 256]): 
The value is the same before and after calling `init_weights` of GroundingDINO  

lmm.model.layers.8.up_proj.bias - torch.Size([896]): 
The value is the same before and after calling `init_weights` of GroundingDINO  

lmm.model.layers.8.corss_attn_norm.weight - torch.Size([896]): 
The value is the same before and after calling `init_weights` of GroundingDINO  

lmm.model.layers.8.cross_attn.sampling_offsets.weight - torch.Size([256, 256]): 
The value is the same before and after calling `init_weights` of GroundingDINO  

lmm.model.layers.8.cross_attn.sampling_offsets.bias - torch.Size([256]): 
The value is the same before and after calling `init_weights` of GroundingDINO  

lmm.model.layers.8.cross_attn.attention_weights.weight - torch.Size([128, 256]): 
The value is the same before and after calling `init_weights` of GroundingDINO  

lmm.model.layers.8.cross_attn.attention_weights.bias - torch.Size([128]): 
The value is the same before and after calling `init_weights` of GroundingDINO  

lmm.model.layers.8.cross_attn.value_proj.weight - torch.Size([256, 256]): 
The value is the same before and after calling `init_weights` of GroundingDINO  

lmm.model.layers.8.cross_attn.value_proj.bias - torch.Size([256]): 
The value is the same before and after calling `init_weights` of GroundingDINO  

lmm.model.layers.8.cross_attn.output_proj.weight - torch.Size([256, 256]): 
The value is the same before and after calling `init_weights` of GroundingDINO  

lmm.model.layers.8.cross_attn.output_proj.bias - torch.Size([256]): 
The value is the same before and after calling `init_weights` of GroundingDINO  

lmm.model.layers.9.self_attn.q_proj.lora_A.weight - torch.Size([128, 896]): 
The value is the same before and after calling `init_weights` of GroundingDINO  

lmm.model.layers.9.self_attn.q_proj.lora_B.weight - torch.Size([896, 128]): 
The value is the same before and after calling `init_weights` of GroundingDINO  

lmm.model.layers.9.self_attn.q_proj.ori_model.weight - torch.Size([896, 896]): 
The value is the same before and after calling `init_weights` of GroundingDINO  

lmm.model.layers.9.self_attn.q_proj.ori_model.bias - torch.Size([896]): 
The value is the same before and after calling `init_weights` of GroundingDINO  

lmm.model.layers.9.self_attn.k_proj.lora_A.weight - torch.Size([128, 896]): 
The value is the same before and after calling `init_weights` of GroundingDINO  

lmm.model.layers.9.self_attn.k_proj.lora_B.weight - torch.Size([128, 128]): 
The value is the same before and after calling `init_weights` of GroundingDINO  

lmm.model.layers.9.self_attn.k_proj.ori_model.weight - torch.Size([128, 896]): 
The value is the same before and after calling `init_weights` of GroundingDINO  

lmm.model.layers.9.self_attn.k_proj.ori_model.bias - torch.Size([128]): 
The value is the same before and after calling `init_weights` of GroundingDINO  

lmm.model.layers.9.self_attn.v_proj.lora_A.weight - torch.Size([128, 896]): 
The value is the same before and after calling `init_weights` of GroundingDINO  

lmm.model.layers.9.self_attn.v_proj.lora_B.weight - torch.Size([128, 128]): 
The value is the same before and after calling `init_weights` of GroundingDINO  

lmm.model.layers.9.self_attn.v_proj.ori_model.weight - torch.Size([128, 896]): 
The value is the same before and after calling `init_weights` of GroundingDINO  

lmm.model.layers.9.self_attn.v_proj.ori_model.bias - torch.Size([128]): 
The value is the same before and after calling `init_weights` of GroundingDINO  

lmm.model.layers.9.self_attn.o_proj.lora_A.weight - torch.Size([128, 896]): 
The value is the same before and after calling `init_weights` of GroundingDINO  

lmm.model.layers.9.self_attn.o_proj.lora_B.weight - torch.Size([896, 128]): 
The value is the same before and after calling `init_weights` of GroundingDINO  

lmm.model.layers.9.self_attn.o_proj.ori_model.weight - torch.Size([896, 896]): 
The value is the same before and after calling `init_weights` of GroundingDINO  

lmm.model.layers.9.mlp.gate_proj.lora_A.weight - torch.Size([128, 896]): 
The value is the same before and after calling `init_weights` of GroundingDINO  

lmm.model.layers.9.mlp.gate_proj.lora_B.weight - torch.Size([4864, 128]): 
The value is the same before and after calling `init_weights` of GroundingDINO  

lmm.model.layers.9.mlp.gate_proj.ori_model.weight - torch.Size([4864, 896]): 
The value is the same before and after calling `init_weights` of GroundingDINO  

lmm.model.layers.9.mlp.up_proj.lora_A.weight - torch.Size([128, 896]): 
The value is the same before and after calling `init_weights` of GroundingDINO  

lmm.model.layers.9.mlp.up_proj.lora_B.weight - torch.Size([4864, 128]): 
The value is the same before and after calling `init_weights` of GroundingDINO  

lmm.model.layers.9.mlp.up_proj.ori_model.weight - torch.Size([4864, 896]): 
The value is the same before and after calling `init_weights` of GroundingDINO  

lmm.model.layers.9.mlp.down_proj.lora_A.weight - torch.Size([128, 4864]): 
The value is the same before and after calling `init_weights` of GroundingDINO  

lmm.model.layers.9.mlp.down_proj.lora_B.weight - torch.Size([896, 128]): 
The value is the same before and after calling `init_weights` of GroundingDINO  

lmm.model.layers.9.mlp.down_proj.ori_model.weight - torch.Size([896, 4864]): 
The value is the same before and after calling `init_weights` of GroundingDINO  

lmm.model.layers.9.input_layernorm.weight - torch.Size([896]): 
The value is the same before and after calling `init_weights` of GroundingDINO  

lmm.model.layers.9.post_attention_layernorm.weight - torch.Size([896]): 
The value is the same before and after calling `init_weights` of GroundingDINO  

lmm.model.layers.10.self_attn.q_proj.lora_A.weight - torch.Size([128, 896]): 
The value is the same before and after calling `init_weights` of GroundingDINO  

lmm.model.layers.10.self_attn.q_proj.lora_B.weight - torch.Size([896, 128]): 
The value is the same before and after calling `init_weights` of GroundingDINO  

lmm.model.layers.10.self_attn.q_proj.ori_model.weight - torch.Size([896, 896]): 
The value is the same before and after calling `init_weights` of GroundingDINO  

lmm.model.layers.10.self_attn.q_proj.ori_model.bias - torch.Size([896]): 
The value is the same before and after calling `init_weights` of GroundingDINO  

lmm.model.layers.10.self_attn.k_proj.lora_A.weight - torch.Size([128, 896]): 
The value is the same before and after calling `init_weights` of GroundingDINO  

lmm.model.layers.10.self_attn.k_proj.lora_B.weight - torch.Size([128, 128]): 
The value is the same before and after calling `init_weights` of GroundingDINO  

lmm.model.layers.10.self_attn.k_proj.ori_model.weight - torch.Size([128, 896]): 
The value is the same before and after calling `init_weights` of GroundingDINO  

lmm.model.layers.10.self_attn.k_proj.ori_model.bias - torch.Size([128]): 
The value is the same before and after calling `init_weights` of GroundingDINO  

lmm.model.layers.10.self_attn.v_proj.lora_A.weight - torch.Size([128, 896]): 
The value is the same before and after calling `init_weights` of GroundingDINO  

lmm.model.layers.10.self_attn.v_proj.lora_B.weight - torch.Size([128, 128]): 
The value is the same before and after calling `init_weights` of GroundingDINO  

lmm.model.layers.10.self_attn.v_proj.ori_model.weight - torch.Size([128, 896]): 
The value is the same before and after calling `init_weights` of GroundingDINO  

lmm.model.layers.10.self_attn.v_proj.ori_model.bias - torch.Size([128]): 
The value is the same before and after calling `init_weights` of GroundingDINO  

lmm.model.layers.10.self_attn.o_proj.lora_A.weight - torch.Size([128, 896]): 
The value is the same before and after calling `init_weights` of GroundingDINO  

lmm.model.layers.10.self_attn.o_proj.lora_B.weight - torch.Size([896, 128]): 
The value is the same before and after calling `init_weights` of GroundingDINO  

lmm.model.layers.10.self_attn.o_proj.ori_model.weight - torch.Size([896, 896]): 
The value is the same before and after calling `init_weights` of GroundingDINO  

lmm.model.layers.10.mlp.gate_proj.lora_A.weight - torch.Size([128, 896]): 
The value is the same before and after calling `init_weights` of GroundingDINO  

lmm.model.layers.10.mlp.gate_proj.lora_B.weight - torch.Size([4864, 128]): 
The value is the same before and after calling `init_weights` of GroundingDINO  

lmm.model.layers.10.mlp.gate_proj.ori_model.weight - torch.Size([4864, 896]): 
The value is the same before and after calling `init_weights` of GroundingDINO  

lmm.model.layers.10.mlp.up_proj.lora_A.weight - torch.Size([128, 896]): 
The value is the same before and after calling `init_weights` of GroundingDINO  

lmm.model.layers.10.mlp.up_proj.lora_B.weight - torch.Size([4864, 128]): 
The value is the same before and after calling `init_weights` of GroundingDINO  

lmm.model.layers.10.mlp.up_proj.ori_model.weight - torch.Size([4864, 896]): 
The value is the same before and after calling `init_weights` of GroundingDINO  

lmm.model.layers.10.mlp.down_proj.lora_A.weight - torch.Size([128, 4864]): 
The value is the same before and after calling `init_weights` of GroundingDINO  

lmm.model.layers.10.mlp.down_proj.lora_B.weight - torch.Size([896, 128]): 
The value is the same before and after calling `init_weights` of GroundingDINO  

lmm.model.layers.10.mlp.down_proj.ori_model.weight - torch.Size([896, 4864]): 
The value is the same before and after calling `init_weights` of GroundingDINO  

lmm.model.layers.10.input_layernorm.weight - torch.Size([896]): 
The value is the same before and after calling `init_weights` of GroundingDINO  

lmm.model.layers.10.post_attention_layernorm.weight - torch.Size([896]): 
The value is the same before and after calling `init_weights` of GroundingDINO  

lmm.model.layers.11.self_attn.q_proj.lora_A.weight - torch.Size([128, 896]): 
The value is the same before and after calling `init_weights` of GroundingDINO  

lmm.model.layers.11.self_attn.q_proj.lora_B.weight - torch.Size([896, 128]): 
The value is the same before and after calling `init_weights` of GroundingDINO  

lmm.model.layers.11.self_attn.q_proj.ori_model.weight - torch.Size([896, 896]): 
The value is the same before and after calling `init_weights` of GroundingDINO  

lmm.model.layers.11.self_attn.q_proj.ori_model.bias - torch.Size([896]): 
The value is the same before and after calling `init_weights` of GroundingDINO  

lmm.model.layers.11.self_attn.k_proj.lora_A.weight - torch.Size([128, 896]): 
The value is the same before and after calling `init_weights` of GroundingDINO  

lmm.model.layers.11.self_attn.k_proj.lora_B.weight - torch.Size([128, 128]): 
The value is the same before and after calling `init_weights` of GroundingDINO  

lmm.model.layers.11.self_attn.k_proj.ori_model.weight - torch.Size([128, 896]): 
The value is the same before and after calling `init_weights` of GroundingDINO  

lmm.model.layers.11.self_attn.k_proj.ori_model.bias - torch.Size([128]): 
The value is the same before and after calling `init_weights` of GroundingDINO  

lmm.model.layers.11.self_attn.v_proj.lora_A.weight - torch.Size([128, 896]): 
The value is the same before and after calling `init_weights` of GroundingDINO  

lmm.model.layers.11.self_attn.v_proj.lora_B.weight - torch.Size([128, 128]): 
The value is the same before and after calling `init_weights` of GroundingDINO  

lmm.model.layers.11.self_attn.v_proj.ori_model.weight - torch.Size([128, 896]): 
The value is the same before and after calling `init_weights` of GroundingDINO  

lmm.model.layers.11.self_attn.v_proj.ori_model.bias - torch.Size([128]): 
The value is the same before and after calling `init_weights` of GroundingDINO  

lmm.model.layers.11.self_attn.o_proj.lora_A.weight - torch.Size([128, 896]): 
The value is the same before and after calling `init_weights` of GroundingDINO  

lmm.model.layers.11.self_attn.o_proj.lora_B.weight - torch.Size([896, 128]): 
The value is the same before and after calling `init_weights` of GroundingDINO  

lmm.model.layers.11.self_attn.o_proj.ori_model.weight - torch.Size([896, 896]): 
The value is the same before and after calling `init_weights` of GroundingDINO  

lmm.model.layers.11.mlp.gate_proj.lora_A.weight - torch.Size([128, 896]): 
The value is the same before and after calling `init_weights` of GroundingDINO  

lmm.model.layers.11.mlp.gate_proj.lora_B.weight - torch.Size([4864, 128]): 
The value is the same before and after calling `init_weights` of GroundingDINO  

lmm.model.layers.11.mlp.gate_proj.ori_model.weight - torch.Size([4864, 896]): 
The value is the same before and after calling `init_weights` of GroundingDINO  

lmm.model.layers.11.mlp.up_proj.lora_A.weight - torch.Size([128, 896]): 
The value is the same before and after calling `init_weights` of GroundingDINO  

lmm.model.layers.11.mlp.up_proj.lora_B.weight - torch.Size([4864, 128]): 
The value is the same before and after calling `init_weights` of GroundingDINO  

lmm.model.layers.11.mlp.up_proj.ori_model.weight - torch.Size([4864, 896]): 
The value is the same before and after calling `init_weights` of GroundingDINO  

lmm.model.layers.11.mlp.down_proj.lora_A.weight - torch.Size([128, 4864]): 
The value is the same before and after calling `init_weights` of GroundingDINO  

lmm.model.layers.11.mlp.down_proj.lora_B.weight - torch.Size([896, 128]): 
The value is the same before and after calling `init_weights` of GroundingDINO  

lmm.model.layers.11.mlp.down_proj.ori_model.weight - torch.Size([896, 4864]): 
The value is the same before and after calling `init_weights` of GroundingDINO  

lmm.model.layers.11.input_layernorm.weight - torch.Size([896]): 
The value is the same before and after calling `init_weights` of GroundingDINO  

lmm.model.layers.11.post_attention_layernorm.weight - torch.Size([896]): 
The value is the same before and after calling `init_weights` of GroundingDINO  

lmm.model.layers.12.self_attn.q_proj.lora_A.weight - torch.Size([128, 896]): 
The value is the same before and after calling `init_weights` of GroundingDINO  

lmm.model.layers.12.self_attn.q_proj.lora_B.weight - torch.Size([896, 128]): 
The value is the same before and after calling `init_weights` of GroundingDINO  

lmm.model.layers.12.self_attn.q_proj.ori_model.weight - torch.Size([896, 896]): 
The value is the same before and after calling `init_weights` of GroundingDINO  

lmm.model.layers.12.self_attn.q_proj.ori_model.bias - torch.Size([896]): 
The value is the same before and after calling `init_weights` of GroundingDINO  

lmm.model.layers.12.self_attn.k_proj.lora_A.weight - torch.Size([128, 896]): 
The value is the same before and after calling `init_weights` of GroundingDINO  

lmm.model.layers.12.self_attn.k_proj.lora_B.weight - torch.Size([128, 128]): 
The value is the same before and after calling `init_weights` of GroundingDINO  

lmm.model.layers.12.self_attn.k_proj.ori_model.weight - torch.Size([128, 896]): 
The value is the same before and after calling `init_weights` of GroundingDINO  

lmm.model.layers.12.self_attn.k_proj.ori_model.bias - torch.Size([128]): 
The value is the same before and after calling `init_weights` of GroundingDINO  

lmm.model.layers.12.self_attn.v_proj.lora_A.weight - torch.Size([128, 896]): 
The value is the same before and after calling `init_weights` of GroundingDINO  

lmm.model.layers.12.self_attn.v_proj.lora_B.weight - torch.Size([128, 128]): 
The value is the same before and after calling `init_weights` of GroundingDINO  

lmm.model.layers.12.self_attn.v_proj.ori_model.weight - torch.Size([128, 896]): 
The value is the same before and after calling `init_weights` of GroundingDINO  

lmm.model.layers.12.self_attn.v_proj.ori_model.bias - torch.Size([128]): 
The value is the same before and after calling `init_weights` of GroundingDINO  

lmm.model.layers.12.self_attn.o_proj.lora_A.weight - torch.Size([128, 896]): 
The value is the same before and after calling `init_weights` of GroundingDINO  

lmm.model.layers.12.self_attn.o_proj.lora_B.weight - torch.Size([896, 128]): 
The value is the same before and after calling `init_weights` of GroundingDINO  

lmm.model.layers.12.self_attn.o_proj.ori_model.weight - torch.Size([896, 896]): 
The value is the same before and after calling `init_weights` of GroundingDINO  

lmm.model.layers.12.mlp.gate_proj.lora_A.weight - torch.Size([128, 896]): 
The value is the same before and after calling `init_weights` of GroundingDINO  

lmm.model.layers.12.mlp.gate_proj.lora_B.weight - torch.Size([4864, 128]): 
The value is the same before and after calling `init_weights` of GroundingDINO  

lmm.model.layers.12.mlp.gate_proj.ori_model.weight - torch.Size([4864, 896]): 
The value is the same before and after calling `init_weights` of GroundingDINO  

lmm.model.layers.12.mlp.up_proj.lora_A.weight - torch.Size([128, 896]): 
The value is the same before and after calling `init_weights` of GroundingDINO  

lmm.model.layers.12.mlp.up_proj.lora_B.weight - torch.Size([4864, 128]): 
The value is the same before and after calling `init_weights` of GroundingDINO  

lmm.model.layers.12.mlp.up_proj.ori_model.weight - torch.Size([4864, 896]): 
The value is the same before and after calling `init_weights` of GroundingDINO  

lmm.model.layers.12.mlp.down_proj.lora_A.weight - torch.Size([128, 4864]): 
The value is the same before and after calling `init_weights` of GroundingDINO  

lmm.model.layers.12.mlp.down_proj.lora_B.weight - torch.Size([896, 128]): 
The value is the same before and after calling `init_weights` of GroundingDINO  

lmm.model.layers.12.mlp.down_proj.ori_model.weight - torch.Size([896, 4864]): 
The value is the same before and after calling `init_weights` of GroundingDINO  

lmm.model.layers.12.input_layernorm.weight - torch.Size([896]): 
The value is the same before and after calling `init_weights` of GroundingDINO  

lmm.model.layers.12.post_attention_layernorm.weight - torch.Size([896]): 
The value is the same before and after calling `init_weights` of GroundingDINO  

lmm.model.layers.12.down_proj.weight - torch.Size([256, 896]): 
The value is the same before and after calling `init_weights` of GroundingDINO  

lmm.model.layers.12.down_proj.bias - torch.Size([256]): 
The value is the same before and after calling `init_weights` of GroundingDINO  

lmm.model.layers.12.up_proj.weight - torch.Size([896, 256]): 
The value is the same before and after calling `init_weights` of GroundingDINO  

lmm.model.layers.12.up_proj.bias - torch.Size([896]): 
The value is the same before and after calling `init_weights` of GroundingDINO  

lmm.model.layers.12.corss_attn_norm.weight - torch.Size([896]): 
The value is the same before and after calling `init_weights` of GroundingDINO  

lmm.model.layers.12.cross_attn.sampling_offsets.weight - torch.Size([256, 256]): 
The value is the same before and after calling `init_weights` of GroundingDINO  

lmm.model.layers.12.cross_attn.sampling_offsets.bias - torch.Size([256]): 
The value is the same before and after calling `init_weights` of GroundingDINO  

lmm.model.layers.12.cross_attn.attention_weights.weight - torch.Size([128, 256]): 
The value is the same before and after calling `init_weights` of GroundingDINO  

lmm.model.layers.12.cross_attn.attention_weights.bias - torch.Size([128]): 
The value is the same before and after calling `init_weights` of GroundingDINO  

lmm.model.layers.12.cross_attn.value_proj.weight - torch.Size([256, 256]): 
The value is the same before and after calling `init_weights` of GroundingDINO  

lmm.model.layers.12.cross_attn.value_proj.bias - torch.Size([256]): 
The value is the same before and after calling `init_weights` of GroundingDINO  

lmm.model.layers.12.cross_attn.output_proj.weight - torch.Size([256, 256]): 
The value is the same before and after calling `init_weights` of GroundingDINO  

lmm.model.layers.12.cross_attn.output_proj.bias - torch.Size([256]): 
The value is the same before and after calling `init_weights` of GroundingDINO  

lmm.model.layers.13.self_attn.q_proj.lora_A.weight - torch.Size([128, 896]): 
The value is the same before and after calling `init_weights` of GroundingDINO  

lmm.model.layers.13.self_attn.q_proj.lora_B.weight - torch.Size([896, 128]): 
The value is the same before and after calling `init_weights` of GroundingDINO  

lmm.model.layers.13.self_attn.q_proj.ori_model.weight - torch.Size([896, 896]): 
The value is the same before and after calling `init_weights` of GroundingDINO  

lmm.model.layers.13.self_attn.q_proj.ori_model.bias - torch.Size([896]): 
The value is the same before and after calling `init_weights` of GroundingDINO  

lmm.model.layers.13.self_attn.k_proj.lora_A.weight - torch.Size([128, 896]): 
The value is the same before and after calling `init_weights` of GroundingDINO  

lmm.model.layers.13.self_attn.k_proj.lora_B.weight - torch.Size([128, 128]): 
The value is the same before and after calling `init_weights` of GroundingDINO  

lmm.model.layers.13.self_attn.k_proj.ori_model.weight - torch.Size([128, 896]): 
The value is the same before and after calling `init_weights` of GroundingDINO  

lmm.model.layers.13.self_attn.k_proj.ori_model.bias - torch.Size([128]): 
The value is the same before and after calling `init_weights` of GroundingDINO  

lmm.model.layers.13.self_attn.v_proj.lora_A.weight - torch.Size([128, 896]): 
The value is the same before and after calling `init_weights` of GroundingDINO  

lmm.model.layers.13.self_attn.v_proj.lora_B.weight - torch.Size([128, 128]): 
The value is the same before and after calling `init_weights` of GroundingDINO  

lmm.model.layers.13.self_attn.v_proj.ori_model.weight - torch.Size([128, 896]): 
The value is the same before and after calling `init_weights` of GroundingDINO  

lmm.model.layers.13.self_attn.v_proj.ori_model.bias - torch.Size([128]): 
The value is the same before and after calling `init_weights` of GroundingDINO  

lmm.model.layers.13.self_attn.o_proj.lora_A.weight - torch.Size([128, 896]): 
The value is the same before and after calling `init_weights` of GroundingDINO  

lmm.model.layers.13.self_attn.o_proj.lora_B.weight - torch.Size([896, 128]): 
The value is the same before and after calling `init_weights` of GroundingDINO  

lmm.model.layers.13.self_attn.o_proj.ori_model.weight - torch.Size([896, 896]): 
The value is the same before and after calling `init_weights` of GroundingDINO  

lmm.model.layers.13.mlp.gate_proj.lora_A.weight - torch.Size([128, 896]): 
The value is the same before and after calling `init_weights` of GroundingDINO  

lmm.model.layers.13.mlp.gate_proj.lora_B.weight - torch.Size([4864, 128]): 
The value is the same before and after calling `init_weights` of GroundingDINO  

lmm.model.layers.13.mlp.gate_proj.ori_model.weight - torch.Size([4864, 896]): 
The value is the same before and after calling `init_weights` of GroundingDINO  

lmm.model.layers.13.mlp.up_proj.lora_A.weight - torch.Size([128, 896]): 
The value is the same before and after calling `init_weights` of GroundingDINO  

lmm.model.layers.13.mlp.up_proj.lora_B.weight - torch.Size([4864, 128]): 
The value is the same before and after calling `init_weights` of GroundingDINO  

lmm.model.layers.13.mlp.up_proj.ori_model.weight - torch.Size([4864, 896]): 
The value is the same before and after calling `init_weights` of GroundingDINO  

lmm.model.layers.13.mlp.down_proj.lora_A.weight - torch.Size([128, 4864]): 
The value is the same before and after calling `init_weights` of GroundingDINO  

lmm.model.layers.13.mlp.down_proj.lora_B.weight - torch.Size([896, 128]): 
The value is the same before and after calling `init_weights` of GroundingDINO  

lmm.model.layers.13.mlp.down_proj.ori_model.weight - torch.Size([896, 4864]): 
The value is the same before and after calling `init_weights` of GroundingDINO  

lmm.model.layers.13.input_layernorm.weight - torch.Size([896]): 
The value is the same before and after calling `init_weights` of GroundingDINO  

lmm.model.layers.13.post_attention_layernorm.weight - torch.Size([896]): 
The value is the same before and after calling `init_weights` of GroundingDINO  

lmm.model.layers.14.self_attn.q_proj.lora_A.weight - torch.Size([128, 896]): 
The value is the same before and after calling `init_weights` of GroundingDINO  

lmm.model.layers.14.self_attn.q_proj.lora_B.weight - torch.Size([896, 128]): 
The value is the same before and after calling `init_weights` of GroundingDINO  

lmm.model.layers.14.self_attn.q_proj.ori_model.weight - torch.Size([896, 896]): 
The value is the same before and after calling `init_weights` of GroundingDINO  

lmm.model.layers.14.self_attn.q_proj.ori_model.bias - torch.Size([896]): 
The value is the same before and after calling `init_weights` of GroundingDINO  

lmm.model.layers.14.self_attn.k_proj.lora_A.weight - torch.Size([128, 896]): 
The value is the same before and after calling `init_weights` of GroundingDINO  

lmm.model.layers.14.self_attn.k_proj.lora_B.weight - torch.Size([128, 128]): 
The value is the same before and after calling `init_weights` of GroundingDINO  

lmm.model.layers.14.self_attn.k_proj.ori_model.weight - torch.Size([128, 896]): 
The value is the same before and after calling `init_weights` of GroundingDINO  

lmm.model.layers.14.self_attn.k_proj.ori_model.bias - torch.Size([128]): 
The value is the same before and after calling `init_weights` of GroundingDINO  

lmm.model.layers.14.self_attn.v_proj.lora_A.weight - torch.Size([128, 896]): 
The value is the same before and after calling `init_weights` of GroundingDINO  

lmm.model.layers.14.self_attn.v_proj.lora_B.weight - torch.Size([128, 128]): 
The value is the same before and after calling `init_weights` of GroundingDINO  

lmm.model.layers.14.self_attn.v_proj.ori_model.weight - torch.Size([128, 896]): 
The value is the same before and after calling `init_weights` of GroundingDINO  

lmm.model.layers.14.self_attn.v_proj.ori_model.bias - torch.Size([128]): 
The value is the same before and after calling `init_weights` of GroundingDINO  

lmm.model.layers.14.self_attn.o_proj.lora_A.weight - torch.Size([128, 896]): 
The value is the same before and after calling `init_weights` of GroundingDINO  

lmm.model.layers.14.self_attn.o_proj.lora_B.weight - torch.Size([896, 128]): 
The value is the same before and after calling `init_weights` of GroundingDINO  

lmm.model.layers.14.self_attn.o_proj.ori_model.weight - torch.Size([896, 896]): 
The value is the same before and after calling `init_weights` of GroundingDINO  

lmm.model.layers.14.mlp.gate_proj.lora_A.weight - torch.Size([128, 896]): 
The value is the same before and after calling `init_weights` of GroundingDINO  

lmm.model.layers.14.mlp.gate_proj.lora_B.weight - torch.Size([4864, 128]): 
The value is the same before and after calling `init_weights` of GroundingDINO  

lmm.model.layers.14.mlp.gate_proj.ori_model.weight - torch.Size([4864, 896]): 
The value is the same before and after calling `init_weights` of GroundingDINO  

lmm.model.layers.14.mlp.up_proj.lora_A.weight - torch.Size([128, 896]): 
The value is the same before and after calling `init_weights` of GroundingDINO  

lmm.model.layers.14.mlp.up_proj.lora_B.weight - torch.Size([4864, 128]): 
The value is the same before and after calling `init_weights` of GroundingDINO  

lmm.model.layers.14.mlp.up_proj.ori_model.weight - torch.Size([4864, 896]): 
The value is the same before and after calling `init_weights` of GroundingDINO  

lmm.model.layers.14.mlp.down_proj.lora_A.weight - torch.Size([128, 4864]): 
The value is the same before and after calling `init_weights` of GroundingDINO  

lmm.model.layers.14.mlp.down_proj.lora_B.weight - torch.Size([896, 128]): 
The value is the same before and after calling `init_weights` of GroundingDINO  

lmm.model.layers.14.mlp.down_proj.ori_model.weight - torch.Size([896, 4864]): 
The value is the same before and after calling `init_weights` of GroundingDINO  

lmm.model.layers.14.input_layernorm.weight - torch.Size([896]): 
The value is the same before and after calling `init_weights` of GroundingDINO  

lmm.model.layers.14.post_attention_layernorm.weight - torch.Size([896]): 
The value is the same before and after calling `init_weights` of GroundingDINO  

lmm.model.layers.15.self_attn.q_proj.lora_A.weight - torch.Size([128, 896]): 
The value is the same before and after calling `init_weights` of GroundingDINO  

lmm.model.layers.15.self_attn.q_proj.lora_B.weight - torch.Size([896, 128]): 
The value is the same before and after calling `init_weights` of GroundingDINO  

lmm.model.layers.15.self_attn.q_proj.ori_model.weight - torch.Size([896, 896]): 
The value is the same before and after calling `init_weights` of GroundingDINO  

lmm.model.layers.15.self_attn.q_proj.ori_model.bias - torch.Size([896]): 
The value is the same before and after calling `init_weights` of GroundingDINO  

lmm.model.layers.15.self_attn.k_proj.lora_A.weight - torch.Size([128, 896]): 
The value is the same before and after calling `init_weights` of GroundingDINO  

lmm.model.layers.15.self_attn.k_proj.lora_B.weight - torch.Size([128, 128]): 
The value is the same before and after calling `init_weights` of GroundingDINO  

lmm.model.layers.15.self_attn.k_proj.ori_model.weight - torch.Size([128, 896]): 
The value is the same before and after calling `init_weights` of GroundingDINO  

lmm.model.layers.15.self_attn.k_proj.ori_model.bias - torch.Size([128]): 
The value is the same before and after calling `init_weights` of GroundingDINO  

lmm.model.layers.15.self_attn.v_proj.lora_A.weight - torch.Size([128, 896]): 
The value is the same before and after calling `init_weights` of GroundingDINO  

lmm.model.layers.15.self_attn.v_proj.lora_B.weight - torch.Size([128, 128]): 
The value is the same before and after calling `init_weights` of GroundingDINO  

lmm.model.layers.15.self_attn.v_proj.ori_model.weight - torch.Size([128, 896]): 
The value is the same before and after calling `init_weights` of GroundingDINO  

lmm.model.layers.15.self_attn.v_proj.ori_model.bias - torch.Size([128]): 
The value is the same before and after calling `init_weights` of GroundingDINO  

lmm.model.layers.15.self_attn.o_proj.lora_A.weight - torch.Size([128, 896]): 
The value is the same before and after calling `init_weights` of GroundingDINO  

lmm.model.layers.15.self_attn.o_proj.lora_B.weight - torch.Size([896, 128]): 
The value is the same before and after calling `init_weights` of GroundingDINO  

lmm.model.layers.15.self_attn.o_proj.ori_model.weight - torch.Size([896, 896]): 
The value is the same before and after calling `init_weights` of GroundingDINO  

lmm.model.layers.15.mlp.gate_proj.lora_A.weight - torch.Size([128, 896]): 
The value is the same before and after calling `init_weights` of GroundingDINO  

lmm.model.layers.15.mlp.gate_proj.lora_B.weight - torch.Size([4864, 128]): 
The value is the same before and after calling `init_weights` of GroundingDINO  

lmm.model.layers.15.mlp.gate_proj.ori_model.weight - torch.Size([4864, 896]): 
The value is the same before and after calling `init_weights` of GroundingDINO  

lmm.model.layers.15.mlp.up_proj.lora_A.weight - torch.Size([128, 896]): 
The value is the same before and after calling `init_weights` of GroundingDINO  

lmm.model.layers.15.mlp.up_proj.lora_B.weight - torch.Size([4864, 128]): 
The value is the same before and after calling `init_weights` of GroundingDINO  

lmm.model.layers.15.mlp.up_proj.ori_model.weight - torch.Size([4864, 896]): 
The value is the same before and after calling `init_weights` of GroundingDINO  

lmm.model.layers.15.mlp.down_proj.lora_A.weight - torch.Size([128, 4864]): 
The value is the same before and after calling `init_weights` of GroundingDINO  

lmm.model.layers.15.mlp.down_proj.lora_B.weight - torch.Size([896, 128]): 
The value is the same before and after calling `init_weights` of GroundingDINO  

lmm.model.layers.15.mlp.down_proj.ori_model.weight - torch.Size([896, 4864]): 
The value is the same before and after calling `init_weights` of GroundingDINO  

lmm.model.layers.15.input_layernorm.weight - torch.Size([896]): 
The value is the same before and after calling `init_weights` of GroundingDINO  

lmm.model.layers.15.post_attention_layernorm.weight - torch.Size([896]): 
The value is the same before and after calling `init_weights` of GroundingDINO  

lmm.model.layers.16.self_attn.q_proj.lora_A.weight - torch.Size([128, 896]): 
The value is the same before and after calling `init_weights` of GroundingDINO  

lmm.model.layers.16.self_attn.q_proj.lora_B.weight - torch.Size([896, 128]): 
The value is the same before and after calling `init_weights` of GroundingDINO  

lmm.model.layers.16.self_attn.q_proj.ori_model.weight - torch.Size([896, 896]): 
The value is the same before and after calling `init_weights` of GroundingDINO  

lmm.model.layers.16.self_attn.q_proj.ori_model.bias - torch.Size([896]): 
The value is the same before and after calling `init_weights` of GroundingDINO  

lmm.model.layers.16.self_attn.k_proj.lora_A.weight - torch.Size([128, 896]): 
The value is the same before and after calling `init_weights` of GroundingDINO  

lmm.model.layers.16.self_attn.k_proj.lora_B.weight - torch.Size([128, 128]): 
The value is the same before and after calling `init_weights` of GroundingDINO  

lmm.model.layers.16.self_attn.k_proj.ori_model.weight - torch.Size([128, 896]): 
The value is the same before and after calling `init_weights` of GroundingDINO  

lmm.model.layers.16.self_attn.k_proj.ori_model.bias - torch.Size([128]): 
The value is the same before and after calling `init_weights` of GroundingDINO  

lmm.model.layers.16.self_attn.v_proj.lora_A.weight - torch.Size([128, 896]): 
The value is the same before and after calling `init_weights` of GroundingDINO  

lmm.model.layers.16.self_attn.v_proj.lora_B.weight - torch.Size([128, 128]): 
The value is the same before and after calling `init_weights` of GroundingDINO  

lmm.model.layers.16.self_attn.v_proj.ori_model.weight - torch.Size([128, 896]): 
The value is the same before and after calling `init_weights` of GroundingDINO  

lmm.model.layers.16.self_attn.v_proj.ori_model.bias - torch.Size([128]): 
The value is the same before and after calling `init_weights` of GroundingDINO  

lmm.model.layers.16.self_attn.o_proj.lora_A.weight - torch.Size([128, 896]): 
The value is the same before and after calling `init_weights` of GroundingDINO  

lmm.model.layers.16.self_attn.o_proj.lora_B.weight - torch.Size([896, 128]): 
The value is the same before and after calling `init_weights` of GroundingDINO  

lmm.model.layers.16.self_attn.o_proj.ori_model.weight - torch.Size([896, 896]): 
The value is the same before and after calling `init_weights` of GroundingDINO  

lmm.model.layers.16.mlp.gate_proj.lora_A.weight - torch.Size([128, 896]): 
The value is the same before and after calling `init_weights` of GroundingDINO  

lmm.model.layers.16.mlp.gate_proj.lora_B.weight - torch.Size([4864, 128]): 
The value is the same before and after calling `init_weights` of GroundingDINO  

lmm.model.layers.16.mlp.gate_proj.ori_model.weight - torch.Size([4864, 896]): 
The value is the same before and after calling `init_weights` of GroundingDINO  

lmm.model.layers.16.mlp.up_proj.lora_A.weight - torch.Size([128, 896]): 
The value is the same before and after calling `init_weights` of GroundingDINO  

lmm.model.layers.16.mlp.up_proj.lora_B.weight - torch.Size([4864, 128]): 
The value is the same before and after calling `init_weights` of GroundingDINO  

lmm.model.layers.16.mlp.up_proj.ori_model.weight - torch.Size([4864, 896]): 
The value is the same before and after calling `init_weights` of GroundingDINO  

lmm.model.layers.16.mlp.down_proj.lora_A.weight - torch.Size([128, 4864]): 
The value is the same before and after calling `init_weights` of GroundingDINO  

lmm.model.layers.16.mlp.down_proj.lora_B.weight - torch.Size([896, 128]): 
The value is the same before and after calling `init_weights` of GroundingDINO  

lmm.model.layers.16.mlp.down_proj.ori_model.weight - torch.Size([896, 4864]): 
The value is the same before and after calling `init_weights` of GroundingDINO  

lmm.model.layers.16.input_layernorm.weight - torch.Size([896]): 
The value is the same before and after calling `init_weights` of GroundingDINO  

lmm.model.layers.16.post_attention_layernorm.weight - torch.Size([896]): 
The value is the same before and after calling `init_weights` of GroundingDINO  

lmm.model.layers.16.down_proj.weight - torch.Size([256, 896]): 
The value is the same before and after calling `init_weights` of GroundingDINO  

lmm.model.layers.16.down_proj.bias - torch.Size([256]): 
The value is the same before and after calling `init_weights` of GroundingDINO  

lmm.model.layers.16.up_proj.weight - torch.Size([896, 256]): 
The value is the same before and after calling `init_weights` of GroundingDINO  

lmm.model.layers.16.up_proj.bias - torch.Size([896]): 
The value is the same before and after calling `init_weights` of GroundingDINO  

lmm.model.layers.16.corss_attn_norm.weight - torch.Size([896]): 
The value is the same before and after calling `init_weights` of GroundingDINO  

lmm.model.layers.16.cross_attn.sampling_offsets.weight - torch.Size([256, 256]): 
The value is the same before and after calling `init_weights` of GroundingDINO  

lmm.model.layers.16.cross_attn.sampling_offsets.bias - torch.Size([256]): 
The value is the same before and after calling `init_weights` of GroundingDINO  

lmm.model.layers.16.cross_attn.attention_weights.weight - torch.Size([128, 256]): 
The value is the same before and after calling `init_weights` of GroundingDINO  

lmm.model.layers.16.cross_attn.attention_weights.bias - torch.Size([128]): 
The value is the same before and after calling `init_weights` of GroundingDINO  

lmm.model.layers.16.cross_attn.value_proj.weight - torch.Size([256, 256]): 
The value is the same before and after calling `init_weights` of GroundingDINO  

lmm.model.layers.16.cross_attn.value_proj.bias - torch.Size([256]): 
The value is the same before and after calling `init_weights` of GroundingDINO  

lmm.model.layers.16.cross_attn.output_proj.weight - torch.Size([256, 256]): 
The value is the same before and after calling `init_weights` of GroundingDINO  

lmm.model.layers.16.cross_attn.output_proj.bias - torch.Size([256]): 
The value is the same before and after calling `init_weights` of GroundingDINO  

lmm.model.layers.17.self_attn.q_proj.lora_A.weight - torch.Size([128, 896]): 
The value is the same before and after calling `init_weights` of GroundingDINO  

lmm.model.layers.17.self_attn.q_proj.lora_B.weight - torch.Size([896, 128]): 
The value is the same before and after calling `init_weights` of GroundingDINO  

lmm.model.layers.17.self_attn.q_proj.ori_model.weight - torch.Size([896, 896]): 
The value is the same before and after calling `init_weights` of GroundingDINO  

lmm.model.layers.17.self_attn.q_proj.ori_model.bias - torch.Size([896]): 
The value is the same before and after calling `init_weights` of GroundingDINO  

lmm.model.layers.17.self_attn.k_proj.lora_A.weight - torch.Size([128, 896]): 
The value is the same before and after calling `init_weights` of GroundingDINO  

lmm.model.layers.17.self_attn.k_proj.lora_B.weight - torch.Size([128, 128]): 
The value is the same before and after calling `init_weights` of GroundingDINO  

lmm.model.layers.17.self_attn.k_proj.ori_model.weight - torch.Size([128, 896]): 
The value is the same before and after calling `init_weights` of GroundingDINO  

lmm.model.layers.17.self_attn.k_proj.ori_model.bias - torch.Size([128]): 
The value is the same before and after calling `init_weights` of GroundingDINO  

lmm.model.layers.17.self_attn.v_proj.lora_A.weight - torch.Size([128, 896]): 
The value is the same before and after calling `init_weights` of GroundingDINO  

lmm.model.layers.17.self_attn.v_proj.lora_B.weight - torch.Size([128, 128]): 
The value is the same before and after calling `init_weights` of GroundingDINO  

lmm.model.layers.17.self_attn.v_proj.ori_model.weight - torch.Size([128, 896]): 
The value is the same before and after calling `init_weights` of GroundingDINO  

lmm.model.layers.17.self_attn.v_proj.ori_model.bias - torch.Size([128]): 
The value is the same before and after calling `init_weights` of GroundingDINO  

lmm.model.layers.17.self_attn.o_proj.lora_A.weight - torch.Size([128, 896]): 
The value is the same before and after calling `init_weights` of GroundingDINO  

lmm.model.layers.17.self_attn.o_proj.lora_B.weight - torch.Size([896, 128]): 
The value is the same before and after calling `init_weights` of GroundingDINO  

lmm.model.layers.17.self_attn.o_proj.ori_model.weight - torch.Size([896, 896]): 
The value is the same before and after calling `init_weights` of GroundingDINO  

lmm.model.layers.17.mlp.gate_proj.lora_A.weight - torch.Size([128, 896]): 
The value is the same before and after calling `init_weights` of GroundingDINO  

lmm.model.layers.17.mlp.gate_proj.lora_B.weight - torch.Size([4864, 128]): 
The value is the same before and after calling `init_weights` of GroundingDINO  

lmm.model.layers.17.mlp.gate_proj.ori_model.weight - torch.Size([4864, 896]): 
The value is the same before and after calling `init_weights` of GroundingDINO  

lmm.model.layers.17.mlp.up_proj.lora_A.weight - torch.Size([128, 896]): 
The value is the same before and after calling `init_weights` of GroundingDINO  

lmm.model.layers.17.mlp.up_proj.lora_B.weight - torch.Size([4864, 128]): 
The value is the same before and after calling `init_weights` of GroundingDINO  

lmm.model.layers.17.mlp.up_proj.ori_model.weight - torch.Size([4864, 896]): 
The value is the same before and after calling `init_weights` of GroundingDINO  

lmm.model.layers.17.mlp.down_proj.lora_A.weight - torch.Size([128, 4864]): 
The value is the same before and after calling `init_weights` of GroundingDINO  

lmm.model.layers.17.mlp.down_proj.lora_B.weight - torch.Size([896, 128]): 
The value is the same before and after calling `init_weights` of GroundingDINO  

lmm.model.layers.17.mlp.down_proj.ori_model.weight - torch.Size([896, 4864]): 
The value is the same before and after calling `init_weights` of GroundingDINO  

lmm.model.layers.17.input_layernorm.weight - torch.Size([896]): 
The value is the same before and after calling `init_weights` of GroundingDINO  

lmm.model.layers.17.post_attention_layernorm.weight - torch.Size([896]): 
The value is the same before and after calling `init_weights` of GroundingDINO  

lmm.model.layers.18.self_attn.q_proj.lora_A.weight - torch.Size([128, 896]): 
The value is the same before and after calling `init_weights` of GroundingDINO  

lmm.model.layers.18.self_attn.q_proj.lora_B.weight - torch.Size([896, 128]): 
The value is the same before and after calling `init_weights` of GroundingDINO  

lmm.model.layers.18.self_attn.q_proj.ori_model.weight - torch.Size([896, 896]): 
The value is the same before and after calling `init_weights` of GroundingDINO  

lmm.model.layers.18.self_attn.q_proj.ori_model.bias - torch.Size([896]): 
The value is the same before and after calling `init_weights` of GroundingDINO  

lmm.model.layers.18.self_attn.k_proj.lora_A.weight - torch.Size([128, 896]): 
The value is the same before and after calling `init_weights` of GroundingDINO  

lmm.model.layers.18.self_attn.k_proj.lora_B.weight - torch.Size([128, 128]): 
The value is the same before and after calling `init_weights` of GroundingDINO  

lmm.model.layers.18.self_attn.k_proj.ori_model.weight - torch.Size([128, 896]): 
The value is the same before and after calling `init_weights` of GroundingDINO  

lmm.model.layers.18.self_attn.k_proj.ori_model.bias - torch.Size([128]): 
The value is the same before and after calling `init_weights` of GroundingDINO  

lmm.model.layers.18.self_attn.v_proj.lora_A.weight - torch.Size([128, 896]): 
The value is the same before and after calling `init_weights` of GroundingDINO  

lmm.model.layers.18.self_attn.v_proj.lora_B.weight - torch.Size([128, 128]): 
The value is the same before and after calling `init_weights` of GroundingDINO  

lmm.model.layers.18.self_attn.v_proj.ori_model.weight - torch.Size([128, 896]): 
The value is the same before and after calling `init_weights` of GroundingDINO  

lmm.model.layers.18.self_attn.v_proj.ori_model.bias - torch.Size([128]): 
The value is the same before and after calling `init_weights` of GroundingDINO  

lmm.model.layers.18.self_attn.o_proj.lora_A.weight - torch.Size([128, 896]): 
The value is the same before and after calling `init_weights` of GroundingDINO  

lmm.model.layers.18.self_attn.o_proj.lora_B.weight - torch.Size([896, 128]): 
The value is the same before and after calling `init_weights` of GroundingDINO  

lmm.model.layers.18.self_attn.o_proj.ori_model.weight - torch.Size([896, 896]): 
The value is the same before and after calling `init_weights` of GroundingDINO  

lmm.model.layers.18.mlp.gate_proj.lora_A.weight - torch.Size([128, 896]): 
The value is the same before and after calling `init_weights` of GroundingDINO  

lmm.model.layers.18.mlp.gate_proj.lora_B.weight - torch.Size([4864, 128]): 
The value is the same before and after calling `init_weights` of GroundingDINO  

lmm.model.layers.18.mlp.gate_proj.ori_model.weight - torch.Size([4864, 896]): 
The value is the same before and after calling `init_weights` of GroundingDINO  

lmm.model.layers.18.mlp.up_proj.lora_A.weight - torch.Size([128, 896]): 
The value is the same before and after calling `init_weights` of GroundingDINO  

lmm.model.layers.18.mlp.up_proj.lora_B.weight - torch.Size([4864, 128]): 
The value is the same before and after calling `init_weights` of GroundingDINO  

lmm.model.layers.18.mlp.up_proj.ori_model.weight - torch.Size([4864, 896]): 
The value is the same before and after calling `init_weights` of GroundingDINO  

lmm.model.layers.18.mlp.down_proj.lora_A.weight - torch.Size([128, 4864]): 
The value is the same before and after calling `init_weights` of GroundingDINO  

lmm.model.layers.18.mlp.down_proj.lora_B.weight - torch.Size([896, 128]): 
The value is the same before and after calling `init_weights` of GroundingDINO  

lmm.model.layers.18.mlp.down_proj.ori_model.weight - torch.Size([896, 4864]): 
The value is the same before and after calling `init_weights` of GroundingDINO  

lmm.model.layers.18.input_layernorm.weight - torch.Size([896]): 
The value is the same before and after calling `init_weights` of GroundingDINO  

lmm.model.layers.18.post_attention_layernorm.weight - torch.Size([896]): 
The value is the same before and after calling `init_weights` of GroundingDINO  

lmm.model.layers.19.self_attn.q_proj.lora_A.weight - torch.Size([128, 896]): 
The value is the same before and after calling `init_weights` of GroundingDINO  

lmm.model.layers.19.self_attn.q_proj.lora_B.weight - torch.Size([896, 128]): 
The value is the same before and after calling `init_weights` of GroundingDINO  

lmm.model.layers.19.self_attn.q_proj.ori_model.weight - torch.Size([896, 896]): 
The value is the same before and after calling `init_weights` of GroundingDINO  

lmm.model.layers.19.self_attn.q_proj.ori_model.bias - torch.Size([896]): 
The value is the same before and after calling `init_weights` of GroundingDINO  

lmm.model.layers.19.self_attn.k_proj.lora_A.weight - torch.Size([128, 896]): 
The value is the same before and after calling `init_weights` of GroundingDINO  

lmm.model.layers.19.self_attn.k_proj.lora_B.weight - torch.Size([128, 128]): 
The value is the same before and after calling `init_weights` of GroundingDINO  

lmm.model.layers.19.self_attn.k_proj.ori_model.weight - torch.Size([128, 896]): 
The value is the same before and after calling `init_weights` of GroundingDINO  

lmm.model.layers.19.self_attn.k_proj.ori_model.bias - torch.Size([128]): 
The value is the same before and after calling `init_weights` of GroundingDINO  

lmm.model.layers.19.self_attn.v_proj.lora_A.weight - torch.Size([128, 896]): 
The value is the same before and after calling `init_weights` of GroundingDINO  

lmm.model.layers.19.self_attn.v_proj.lora_B.weight - torch.Size([128, 128]): 
The value is the same before and after calling `init_weights` of GroundingDINO  

lmm.model.layers.19.self_attn.v_proj.ori_model.weight - torch.Size([128, 896]): 
The value is the same before and after calling `init_weights` of GroundingDINO  

lmm.model.layers.19.self_attn.v_proj.ori_model.bias - torch.Size([128]): 
The value is the same before and after calling `init_weights` of GroundingDINO  

lmm.model.layers.19.self_attn.o_proj.lora_A.weight - torch.Size([128, 896]): 
The value is the same before and after calling `init_weights` of GroundingDINO  

lmm.model.layers.19.self_attn.o_proj.lora_B.weight - torch.Size([896, 128]): 
The value is the same before and after calling `init_weights` of GroundingDINO  

lmm.model.layers.19.self_attn.o_proj.ori_model.weight - torch.Size([896, 896]): 
The value is the same before and after calling `init_weights` of GroundingDINO  

lmm.model.layers.19.mlp.gate_proj.lora_A.weight - torch.Size([128, 896]): 
The value is the same before and after calling `init_weights` of GroundingDINO  

lmm.model.layers.19.mlp.gate_proj.lora_B.weight - torch.Size([4864, 128]): 
The value is the same before and after calling `init_weights` of GroundingDINO  

lmm.model.layers.19.mlp.gate_proj.ori_model.weight - torch.Size([4864, 896]): 
The value is the same before and after calling `init_weights` of GroundingDINO  

lmm.model.layers.19.mlp.up_proj.lora_A.weight - torch.Size([128, 896]): 
The value is the same before and after calling `init_weights` of GroundingDINO  

lmm.model.layers.19.mlp.up_proj.lora_B.weight - torch.Size([4864, 128]): 
The value is the same before and after calling `init_weights` of GroundingDINO  

lmm.model.layers.19.mlp.up_proj.ori_model.weight - torch.Size([4864, 896]): 
The value is the same before and after calling `init_weights` of GroundingDINO  

lmm.model.layers.19.mlp.down_proj.lora_A.weight - torch.Size([128, 4864]): 
The value is the same before and after calling `init_weights` of GroundingDINO  

lmm.model.layers.19.mlp.down_proj.lora_B.weight - torch.Size([896, 128]): 
The value is the same before and after calling `init_weights` of GroundingDINO  

lmm.model.layers.19.mlp.down_proj.ori_model.weight - torch.Size([896, 4864]): 
The value is the same before and after calling `init_weights` of GroundingDINO  

lmm.model.layers.19.input_layernorm.weight - torch.Size([896]): 
The value is the same before and after calling `init_weights` of GroundingDINO  

lmm.model.layers.19.post_attention_layernorm.weight - torch.Size([896]): 
The value is the same before and after calling `init_weights` of GroundingDINO  

lmm.model.layers.20.self_attn.q_proj.lora_A.weight - torch.Size([128, 896]): 
The value is the same before and after calling `init_weights` of GroundingDINO  

lmm.model.layers.20.self_attn.q_proj.lora_B.weight - torch.Size([896, 128]): 
The value is the same before and after calling `init_weights` of GroundingDINO  

lmm.model.layers.20.self_attn.q_proj.ori_model.weight - torch.Size([896, 896]): 
The value is the same before and after calling `init_weights` of GroundingDINO  

lmm.model.layers.20.self_attn.q_proj.ori_model.bias - torch.Size([896]): 
The value is the same before and after calling `init_weights` of GroundingDINO  

lmm.model.layers.20.self_attn.k_proj.lora_A.weight - torch.Size([128, 896]): 
The value is the same before and after calling `init_weights` of GroundingDINO  

lmm.model.layers.20.self_attn.k_proj.lora_B.weight - torch.Size([128, 128]): 
The value is the same before and after calling `init_weights` of GroundingDINO  

lmm.model.layers.20.self_attn.k_proj.ori_model.weight - torch.Size([128, 896]): 
The value is the same before and after calling `init_weights` of GroundingDINO  

lmm.model.layers.20.self_attn.k_proj.ori_model.bias - torch.Size([128]): 
The value is the same before and after calling `init_weights` of GroundingDINO  

lmm.model.layers.20.self_attn.v_proj.lora_A.weight - torch.Size([128, 896]): 
The value is the same before and after calling `init_weights` of GroundingDINO  

lmm.model.layers.20.self_attn.v_proj.lora_B.weight - torch.Size([128, 128]): 
The value is the same before and after calling `init_weights` of GroundingDINO  

lmm.model.layers.20.self_attn.v_proj.ori_model.weight - torch.Size([128, 896]): 
The value is the same before and after calling `init_weights` of GroundingDINO  

lmm.model.layers.20.self_attn.v_proj.ori_model.bias - torch.Size([128]): 
The value is the same before and after calling `init_weights` of GroundingDINO  

lmm.model.layers.20.self_attn.o_proj.lora_A.weight - torch.Size([128, 896]): 
The value is the same before and after calling `init_weights` of GroundingDINO  

lmm.model.layers.20.self_attn.o_proj.lora_B.weight - torch.Size([896, 128]): 
The value is the same before and after calling `init_weights` of GroundingDINO  

lmm.model.layers.20.self_attn.o_proj.ori_model.weight - torch.Size([896, 896]): 
The value is the same before and after calling `init_weights` of GroundingDINO  

lmm.model.layers.20.mlp.gate_proj.lora_A.weight - torch.Size([128, 896]): 
The value is the same before and after calling `init_weights` of GroundingDINO  

lmm.model.layers.20.mlp.gate_proj.lora_B.weight - torch.Size([4864, 128]): 
The value is the same before and after calling `init_weights` of GroundingDINO  

lmm.model.layers.20.mlp.gate_proj.ori_model.weight - torch.Size([4864, 896]): 
The value is the same before and after calling `init_weights` of GroundingDINO  

lmm.model.layers.20.mlp.up_proj.lora_A.weight - torch.Size([128, 896]): 
The value is the same before and after calling `init_weights` of GroundingDINO  

lmm.model.layers.20.mlp.up_proj.lora_B.weight - torch.Size([4864, 128]): 
The value is the same before and after calling `init_weights` of GroundingDINO  

lmm.model.layers.20.mlp.up_proj.ori_model.weight - torch.Size([4864, 896]): 
The value is the same before and after calling `init_weights` of GroundingDINO  

lmm.model.layers.20.mlp.down_proj.lora_A.weight - torch.Size([128, 4864]): 
The value is the same before and after calling `init_weights` of GroundingDINO  

lmm.model.layers.20.mlp.down_proj.lora_B.weight - torch.Size([896, 128]): 
The value is the same before and after calling `init_weights` of GroundingDINO  

lmm.model.layers.20.mlp.down_proj.ori_model.weight - torch.Size([896, 4864]): 
The value is the same before and after calling `init_weights` of GroundingDINO  

lmm.model.layers.20.input_layernorm.weight - torch.Size([896]): 
The value is the same before and after calling `init_weights` of GroundingDINO  

lmm.model.layers.20.post_attention_layernorm.weight - torch.Size([896]): 
The value is the same before and after calling `init_weights` of GroundingDINO  

lmm.model.layers.20.down_proj.weight - torch.Size([256, 896]): 
The value is the same before and after calling `init_weights` of GroundingDINO  

lmm.model.layers.20.down_proj.bias - torch.Size([256]): 
The value is the same before and after calling `init_weights` of GroundingDINO  

lmm.model.layers.20.up_proj.weight - torch.Size([896, 256]): 
The value is the same before and after calling `init_weights` of GroundingDINO  

lmm.model.layers.20.up_proj.bias - torch.Size([896]): 
The value is the same before and after calling `init_weights` of GroundingDINO  

lmm.model.layers.20.corss_attn_norm.weight - torch.Size([896]): 
The value is the same before and after calling `init_weights` of GroundingDINO  

lmm.model.layers.20.cross_attn.sampling_offsets.weight - torch.Size([256, 256]): 
The value is the same before and after calling `init_weights` of GroundingDINO  

lmm.model.layers.20.cross_attn.sampling_offsets.bias - torch.Size([256]): 
The value is the same before and after calling `init_weights` of GroundingDINO  

lmm.model.layers.20.cross_attn.attention_weights.weight - torch.Size([128, 256]): 
The value is the same before and after calling `init_weights` of GroundingDINO  

lmm.model.layers.20.cross_attn.attention_weights.bias - torch.Size([128]): 
The value is the same before and after calling `init_weights` of GroundingDINO  

lmm.model.layers.20.cross_attn.value_proj.weight - torch.Size([256, 256]): 
The value is the same before and after calling `init_weights` of GroundingDINO  

lmm.model.layers.20.cross_attn.value_proj.bias - torch.Size([256]): 
The value is the same before and after calling `init_weights` of GroundingDINO  

lmm.model.layers.20.cross_attn.output_proj.weight - torch.Size([256, 256]): 
The value is the same before and after calling `init_weights` of GroundingDINO  

lmm.model.layers.20.cross_attn.output_proj.bias - torch.Size([256]): 
The value is the same before and after calling `init_weights` of GroundingDINO  

lmm.model.layers.21.self_attn.q_proj.lora_A.weight - torch.Size([128, 896]): 
The value is the same before and after calling `init_weights` of GroundingDINO  

lmm.model.layers.21.self_attn.q_proj.lora_B.weight - torch.Size([896, 128]): 
The value is the same before and after calling `init_weights` of GroundingDINO  

lmm.model.layers.21.self_attn.q_proj.ori_model.weight - torch.Size([896, 896]): 
The value is the same before and after calling `init_weights` of GroundingDINO  

lmm.model.layers.21.self_attn.q_proj.ori_model.bias - torch.Size([896]): 
The value is the same before and after calling `init_weights` of GroundingDINO  

lmm.model.layers.21.self_attn.k_proj.lora_A.weight - torch.Size([128, 896]): 
The value is the same before and after calling `init_weights` of GroundingDINO  

lmm.model.layers.21.self_attn.k_proj.lora_B.weight - torch.Size([128, 128]): 
The value is the same before and after calling `init_weights` of GroundingDINO  

lmm.model.layers.21.self_attn.k_proj.ori_model.weight - torch.Size([128, 896]): 
The value is the same before and after calling `init_weights` of GroundingDINO  

lmm.model.layers.21.self_attn.k_proj.ori_model.bias - torch.Size([128]): 
The value is the same before and after calling `init_weights` of GroundingDINO  

lmm.model.layers.21.self_attn.v_proj.lora_A.weight - torch.Size([128, 896]): 
The value is the same before and after calling `init_weights` of GroundingDINO  

lmm.model.layers.21.self_attn.v_proj.lora_B.weight - torch.Size([128, 128]): 
The value is the same before and after calling `init_weights` of GroundingDINO  

lmm.model.layers.21.self_attn.v_proj.ori_model.weight - torch.Size([128, 896]): 
The value is the same before and after calling `init_weights` of GroundingDINO  

lmm.model.layers.21.self_attn.v_proj.ori_model.bias - torch.Size([128]): 
The value is the same before and after calling `init_weights` of GroundingDINO  

lmm.model.layers.21.self_attn.o_proj.lora_A.weight - torch.Size([128, 896]): 
The value is the same before and after calling `init_weights` of GroundingDINO  

lmm.model.layers.21.self_attn.o_proj.lora_B.weight - torch.Size([896, 128]): 
The value is the same before and after calling `init_weights` of GroundingDINO  

lmm.model.layers.21.self_attn.o_proj.ori_model.weight - torch.Size([896, 896]): 
The value is the same before and after calling `init_weights` of GroundingDINO  

lmm.model.layers.21.mlp.gate_proj.lora_A.weight - torch.Size([128, 896]): 
The value is the same before and after calling `init_weights` of GroundingDINO  

lmm.model.layers.21.mlp.gate_proj.lora_B.weight - torch.Size([4864, 128]): 
The value is the same before and after calling `init_weights` of GroundingDINO  

lmm.model.layers.21.mlp.gate_proj.ori_model.weight - torch.Size([4864, 896]): 
The value is the same before and after calling `init_weights` of GroundingDINO  

lmm.model.layers.21.mlp.up_proj.lora_A.weight - torch.Size([128, 896]): 
The value is the same before and after calling `init_weights` of GroundingDINO  

lmm.model.layers.21.mlp.up_proj.lora_B.weight - torch.Size([4864, 128]): 
The value is the same before and after calling `init_weights` of GroundingDINO  

lmm.model.layers.21.mlp.up_proj.ori_model.weight - torch.Size([4864, 896]): 
The value is the same before and after calling `init_weights` of GroundingDINO  

lmm.model.layers.21.mlp.down_proj.lora_A.weight - torch.Size([128, 4864]): 
The value is the same before and after calling `init_weights` of GroundingDINO  

lmm.model.layers.21.mlp.down_proj.lora_B.weight - torch.Size([896, 128]): 
The value is the same before and after calling `init_weights` of GroundingDINO  

lmm.model.layers.21.mlp.down_proj.ori_model.weight - torch.Size([896, 4864]): 
The value is the same before and after calling `init_weights` of GroundingDINO  

lmm.model.layers.21.input_layernorm.weight - torch.Size([896]): 
The value is the same before and after calling `init_weights` of GroundingDINO  

lmm.model.layers.21.post_attention_layernorm.weight - torch.Size([896]): 
The value is the same before and after calling `init_weights` of GroundingDINO  

lmm.model.layers.22.self_attn.q_proj.lora_A.weight - torch.Size([128, 896]): 
The value is the same before and after calling `init_weights` of GroundingDINO  

lmm.model.layers.22.self_attn.q_proj.lora_B.weight - torch.Size([896, 128]): 
The value is the same before and after calling `init_weights` of GroundingDINO  

lmm.model.layers.22.self_attn.q_proj.ori_model.weight - torch.Size([896, 896]): 
The value is the same before and after calling `init_weights` of GroundingDINO  

lmm.model.layers.22.self_attn.q_proj.ori_model.bias - torch.Size([896]): 
The value is the same before and after calling `init_weights` of GroundingDINO  

lmm.model.layers.22.self_attn.k_proj.lora_A.weight - torch.Size([128, 896]): 
The value is the same before and after calling `init_weights` of GroundingDINO  

lmm.model.layers.22.self_attn.k_proj.lora_B.weight - torch.Size([128, 128]): 
The value is the same before and after calling `init_weights` of GroundingDINO  

lmm.model.layers.22.self_attn.k_proj.ori_model.weight - torch.Size([128, 896]): 
The value is the same before and after calling `init_weights` of GroundingDINO  

lmm.model.layers.22.self_attn.k_proj.ori_model.bias - torch.Size([128]): 
The value is the same before and after calling `init_weights` of GroundingDINO  

lmm.model.layers.22.self_attn.v_proj.lora_A.weight - torch.Size([128, 896]): 
The value is the same before and after calling `init_weights` of GroundingDINO  

lmm.model.layers.22.self_attn.v_proj.lora_B.weight - torch.Size([128, 128]): 
The value is the same before and after calling `init_weights` of GroundingDINO  

lmm.model.layers.22.self_attn.v_proj.ori_model.weight - torch.Size([128, 896]): 
The value is the same before and after calling `init_weights` of GroundingDINO  

lmm.model.layers.22.self_attn.v_proj.ori_model.bias - torch.Size([128]): 
The value is the same before and after calling `init_weights` of GroundingDINO  

lmm.model.layers.22.self_attn.o_proj.lora_A.weight - torch.Size([128, 896]): 
The value is the same before and after calling `init_weights` of GroundingDINO  

lmm.model.layers.22.self_attn.o_proj.lora_B.weight - torch.Size([896, 128]): 
The value is the same before and after calling `init_weights` of GroundingDINO  

lmm.model.layers.22.self_attn.o_proj.ori_model.weight - torch.Size([896, 896]): 
The value is the same before and after calling `init_weights` of GroundingDINO  

lmm.model.layers.22.mlp.gate_proj.lora_A.weight - torch.Size([128, 896]): 
The value is the same before and after calling `init_weights` of GroundingDINO  

lmm.model.layers.22.mlp.gate_proj.lora_B.weight - torch.Size([4864, 128]): 
The value is the same before and after calling `init_weights` of GroundingDINO  

lmm.model.layers.22.mlp.gate_proj.ori_model.weight - torch.Size([4864, 896]): 
The value is the same before and after calling `init_weights` of GroundingDINO  

lmm.model.layers.22.mlp.up_proj.lora_A.weight - torch.Size([128, 896]): 
The value is the same before and after calling `init_weights` of GroundingDINO  

lmm.model.layers.22.mlp.up_proj.lora_B.weight - torch.Size([4864, 128]): 
The value is the same before and after calling `init_weights` of GroundingDINO  

lmm.model.layers.22.mlp.up_proj.ori_model.weight - torch.Size([4864, 896]): 
The value is the same before and after calling `init_weights` of GroundingDINO  

lmm.model.layers.22.mlp.down_proj.lora_A.weight - torch.Size([128, 4864]): 
The value is the same before and after calling `init_weights` of GroundingDINO  

lmm.model.layers.22.mlp.down_proj.lora_B.weight - torch.Size([896, 128]): 
The value is the same before and after calling `init_weights` of GroundingDINO  

lmm.model.layers.22.mlp.down_proj.ori_model.weight - torch.Size([896, 4864]): 
The value is the same before and after calling `init_weights` of GroundingDINO  

lmm.model.layers.22.input_layernorm.weight - torch.Size([896]): 
The value is the same before and after calling `init_weights` of GroundingDINO  

lmm.model.layers.22.post_attention_layernorm.weight - torch.Size([896]): 
The value is the same before and after calling `init_weights` of GroundingDINO  

lmm.model.layers.23.self_attn.q_proj.lora_A.weight - torch.Size([128, 896]): 
The value is the same before and after calling `init_weights` of GroundingDINO  

lmm.model.layers.23.self_attn.q_proj.lora_B.weight - torch.Size([896, 128]): 
The value is the same before and after calling `init_weights` of GroundingDINO  

lmm.model.layers.23.self_attn.q_proj.ori_model.weight - torch.Size([896, 896]): 
The value is the same before and after calling `init_weights` of GroundingDINO  

lmm.model.layers.23.self_attn.q_proj.ori_model.bias - torch.Size([896]): 
The value is the same before and after calling `init_weights` of GroundingDINO  

lmm.model.layers.23.self_attn.k_proj.lora_A.weight - torch.Size([128, 896]): 
The value is the same before and after calling `init_weights` of GroundingDINO  

lmm.model.layers.23.self_attn.k_proj.lora_B.weight - torch.Size([128, 128]): 
The value is the same before and after calling `init_weights` of GroundingDINO  

lmm.model.layers.23.self_attn.k_proj.ori_model.weight - torch.Size([128, 896]): 
The value is the same before and after calling `init_weights` of GroundingDINO  

lmm.model.layers.23.self_attn.k_proj.ori_model.bias - torch.Size([128]): 
The value is the same before and after calling `init_weights` of GroundingDINO  

lmm.model.layers.23.self_attn.v_proj.lora_A.weight - torch.Size([128, 896]): 
The value is the same before and after calling `init_weights` of GroundingDINO  

lmm.model.layers.23.self_attn.v_proj.lora_B.weight - torch.Size([128, 128]): 
The value is the same before and after calling `init_weights` of GroundingDINO  

lmm.model.layers.23.self_attn.v_proj.ori_model.weight - torch.Size([128, 896]): 
The value is the same before and after calling `init_weights` of GroundingDINO  

lmm.model.layers.23.self_attn.v_proj.ori_model.bias - torch.Size([128]): 
The value is the same before and after calling `init_weights` of GroundingDINO  

lmm.model.layers.23.self_attn.o_proj.lora_A.weight - torch.Size([128, 896]): 
The value is the same before and after calling `init_weights` of GroundingDINO  

lmm.model.layers.23.self_attn.o_proj.lora_B.weight - torch.Size([896, 128]): 
The value is the same before and after calling `init_weights` of GroundingDINO  

lmm.model.layers.23.self_attn.o_proj.ori_model.weight - torch.Size([896, 896]): 
The value is the same before and after calling `init_weights` of GroundingDINO  

lmm.model.layers.23.mlp.gate_proj.lora_A.weight - torch.Size([128, 896]): 
The value is the same before and after calling `init_weights` of GroundingDINO  

lmm.model.layers.23.mlp.gate_proj.lora_B.weight - torch.Size([4864, 128]): 
The value is the same before and after calling `init_weights` of GroundingDINO  

lmm.model.layers.23.mlp.gate_proj.ori_model.weight - torch.Size([4864, 896]): 
The value is the same before and after calling `init_weights` of GroundingDINO  

lmm.model.layers.23.mlp.up_proj.lora_A.weight - torch.Size([128, 896]): 
The value is the same before and after calling `init_weights` of GroundingDINO  

lmm.model.layers.23.mlp.up_proj.lora_B.weight - torch.Size([4864, 128]): 
The value is the same before and after calling `init_weights` of GroundingDINO  

lmm.model.layers.23.mlp.up_proj.ori_model.weight - torch.Size([4864, 896]): 
The value is the same before and after calling `init_weights` of GroundingDINO  

lmm.model.layers.23.mlp.down_proj.lora_A.weight - torch.Size([128, 4864]): 
The value is the same before and after calling `init_weights` of GroundingDINO  

lmm.model.layers.23.mlp.down_proj.lora_B.weight - torch.Size([896, 128]): 
The value is the same before and after calling `init_weights` of GroundingDINO  

lmm.model.layers.23.mlp.down_proj.ori_model.weight - torch.Size([896, 4864]): 
The value is the same before and after calling `init_weights` of GroundingDINO  

lmm.model.layers.23.input_layernorm.weight - torch.Size([896]): 
The value is the same before and after calling `init_weights` of GroundingDINO  

lmm.model.layers.23.post_attention_layernorm.weight - torch.Size([896]): 
The value is the same before and after calling `init_weights` of GroundingDINO  

lmm.model.norm.weight - torch.Size([896]): 
The value is the same before and after calling `init_weights` of GroundingDINO  

ref_point_head.layers.0.weight - torch.Size([256, 512]): 
The value is the same before and after calling `init_weights` of GroundingDINO  

ref_point_head.layers.0.bias - torch.Size([256]): 
The value is the same before and after calling `init_weights` of GroundingDINO  

ref_point_head.layers.1.weight - torch.Size([256, 256]): 
The value is the same before and after calling `init_weights` of GroundingDINO  

ref_point_head.layers.1.bias - torch.Size([256]): 
The value is the same before and after calling `init_weights` of GroundingDINO  

connector.vision_projector.0.0.weight - torch.Size([896, 256]): 
The value is the same before and after calling `init_weights` of GroundingDINO  

connector.vision_projector.0.0.bias - torch.Size([896]): 
The value is the same before and after calling `init_weights` of GroundingDINO  

connector.vision_projector.0.2.weight - torch.Size([896, 896]): 
The value is the same before and after calling `init_weights` of GroundingDINO  

connector.vision_projector.0.2.bias - torch.Size([896]): 
The value is the same before and after calling `init_weights` of GroundingDINO  

connector.pos_proj.weight - torch.Size([896, 512]): 
The value is the same before and after calling `init_weights` of GroundingDINO  

connector.pos_proj.bias - torch.Size([896]): 
The value is the same before and after calling `init_weights` of GroundingDINO  

region_connector.vision_projector.0.0.weight - torch.Size([896, 256]): 
The value is the same before and after calling `init_weights` of GroundingDINO  

region_connector.vision_projector.0.0.bias - torch.Size([896]): 
The value is the same before and after calling `init_weights` of GroundingDINO  

region_connector.vision_projector.0.2.weight - torch.Size([896, 896]): 
The value is the same before and after calling `init_weights` of GroundingDINO  

region_connector.vision_projector.0.2.bias - torch.Size([896]): 
The value is the same before and after calling `init_weights` of GroundingDINO  

region_connector.pos_proj.weight - torch.Size([896, 512]): 
The value is the same before and after calling `init_weights` of GroundingDINO  

region_connector.pos_proj.bias - torch.Size([896]): 
The value is the same before and after calling `init_weights` of GroundingDINO  

image_seperate.weight - torch.Size([1, 896]): 
The value is the same before and after calling `init_weights` of GroundingDINO  
2026/02/05 17:28:25 - mmengine - INFO - Load checkpoint from /home/jovyan/Computer_vision/LLMDet/work_dirs/grounding_dino_swin_t/iter_15000.pth
2026/02/05 17:28:25 - mmengine - WARNING - The dataset metainfo from the resumed checkpoint is different from the current training dataset, please check the correctness of the checkpoint or the training dataset.
2026/02/05 17:28:25 - mmengine - INFO - resumed epoch: 0, iter: 15000
2026/02/05 17:28:25 - mmengine - WARNING - "FileClient" will be deprecated in future. Please use io functions in https://mmengine.readthedocs.io/en/latest/api/fileio.html#file-io
2026/02/05 17:28:25 - mmengine - WARNING - "HardDiskBackend" is the alias of "LocalBackend" and the former will be deprecated in future.
2026/02/05 17:28:25 - mmengine - INFO - Checkpoints will be saved to /home/jovyan/Computer_vision/LLMDet/work_dirs/grounding_dino_swin_t.
2026/02/05 17:28:25 - mmengine - WARNING - Advance dataloader 15000 steps to skip data that has already been trained
2026/02/05 17:29:07 - mmengine - WARNING - Reach the end of the dataloader, it will be restarted and continue to iterate. It is recommended to use `mmengine.dataset.InfiniteSampler` to enable the dataloader to iterate infinitely.
2026/02/05 17:32:27 - mmengine - INFO - Iter(train) [15100/18000]  base_lr: 1.0000e-06 lr: 1.0000e-06  eta: 1:56:45  time: 1.0324  data_time: 0.0153  memory: 25256  grad_norm: 65.0209  loss: 15.9582  loss_cls: 1.0123  loss_bbox: 0.0430  loss_iou: 0.1006  d0.loss_cls: 1.1770  d0.loss_bbox: 0.0495  d0.loss_iou: 0.1071  d1.loss_cls: 1.0765  d1.loss_bbox: 0.0433  d1.loss_iou: 0.0997  d2.loss_cls: 1.0885  d2.loss_bbox: 0.0421  d2.loss_iou: 0.1007  d3.loss_cls: 1.0798  d3.loss_bbox: 0.0425  d3.loss_iou: 0.1014  d4.loss_cls: 1.0120  d4.loss_bbox: 0.0432  d4.loss_iou: 0.1015  enc_loss_cls: 1.0761  enc_loss_bbox: 0.0766  enc_loss_iou: 0.1560  dn_loss_cls: 0.5537  dn_loss_bbox: 0.0977  dn_loss_iou: 0.1541  d0.dn_loss_cls: 0.6405  d0.dn_loss_bbox: 0.1534  d0.dn_loss_iou: 0.2671  d1.dn_loss_cls: 0.6179  d1.dn_loss_bbox: 0.1279  d1.dn_loss_iou: 0.2089  d2.dn_loss_cls: 0.5967  d2.dn_loss_bbox: 0.1042  d2.dn_loss_iou: 0.1690  d3.dn_loss_cls: 0.5851  d3.dn_loss_bbox: 0.0985  d3.dn_loss_iou: 0.1577  d4.dn_loss_cls: 0.5681  d4.dn_loss_bbox: 0.0978  d4.dn_loss_iou: 0.1545  d1.loss_lmm_region: 0.6894  loss_lmm_image: 1.2868
2026/02/05 17:34:12 - mmengine - INFO - Iter(train) [15200/18000]  base_lr: 1.0000e-06 lr: 1.0000e-06  eta: 1:20:53  time: 1.0584  data_time: 0.0149  memory: 25179  grad_norm: 44.2049  loss: 11.0034  loss_cls: 0.7203  loss_bbox: 0.0291  loss_iou: 0.0700  d0.loss_cls: 0.8090  d0.loss_bbox: 0.0364  d0.loss_iou: 0.0851  d1.loss_cls: 0.7513  d1.loss_bbox: 0.0308  d1.loss_iou: 0.0732  d2.loss_cls: 0.7622  d2.loss_bbox: 0.0297  d2.loss_iou: 0.0724  d3.loss_cls: 0.7435  d3.loss_bbox: 0.0287  d3.loss_iou: 0.0696  d4.loss_cls: 0.7192  d4.loss_bbox: 0.0293  d4.loss_iou: 0.0708  enc_loss_cls: 0.7612  enc_loss_bbox: 0.0546  enc_loss_iou: 0.1157  dn_loss_cls: 0.4148  dn_loss_bbox: 0.0502  dn_loss_iou: 0.0919  d0.dn_loss_cls: 0.4777  d0.dn_loss_bbox: 0.1079  d0.dn_loss_iou: 0.1963  d1.dn_loss_cls: 0.4505  d1.dn_loss_bbox: 0.0738  d1.dn_loss_iou: 0.1336  d2.dn_loss_cls: 0.4354  d2.dn_loss_bbox: 0.0583  d2.dn_loss_iou: 0.1046  d3.dn_loss_cls: 0.4367  d3.dn_loss_bbox: 0.0521  d3.dn_loss_iou: 0.0952  d4.dn_loss_cls: 0.4214  d4.dn_loss_bbox: 0.0502  d4.dn_loss_iou: 0.0920  d1.loss_lmm_region: 0.3325  loss_lmm_image: 0.8660
2026/02/05 17:35:55 - mmengine - INFO - Iter(train) [15300/18000]  base_lr: 1.0000e-06 lr: 1.0000e-06  eta: 1:07:26  time: 1.0305  data_time: 0.0152  memory: 25191  grad_norm: 36.3012  loss: 9.0522  loss_cls: 0.5795  loss_bbox: 0.0266  loss_iou: 0.0577  d0.loss_cls: 0.6408  d0.loss_bbox: 0.0321  d0.loss_iou: 0.0692  d1.loss_cls: 0.5986  d1.loss_bbox: 0.0279  d1.loss_iou: 0.0591  d2.loss_cls: 0.6138  d2.loss_bbox: 0.0271  d2.loss_iou: 0.0582  d3.loss_cls: 0.5854  d3.loss_bbox: 0.0270  d3.loss_iou: 0.0583  d4.loss_cls: 0.5724  d4.loss_bbox: 0.0267  d4.loss_iou: 0.0581  enc_loss_cls: 0.6221  enc_loss_bbox: 0.0506  enc_loss_iou: 0.1025  dn_loss_cls: 0.3691  dn_loss_bbox: 0.0344  dn_loss_iou: 0.0641  d0.dn_loss_cls: 0.4128  d0.dn_loss_bbox: 0.0814  d0.dn_loss_iou: 0.1482  d1.dn_loss_cls: 0.3902  d1.dn_loss_bbox: 0.0478  d1.dn_loss_iou: 0.0896  d2.dn_loss_cls: 0.3838  d2.dn_loss_bbox: 0.0384  d2.dn_loss_iou: 0.0717  d3.dn_loss_cls: 0.3815  d3.dn_loss_bbox: 0.0352  d3.dn_loss_iou: 0.0660  d4.dn_loss_cls: 0.3718  d4.dn_loss_bbox: 0.0344  d4.dn_loss_iou: 0.0642  d1.loss_lmm_region: 0.2488  loss_lmm_image: 0.8248
2026/02/05 17:37:39 - mmengine - INFO - Iter(train) [15400/18000]  base_lr: 1.0000e-06 lr: 1.0000e-06  eta: 1:00:01  time: 1.0309  data_time: 0.0149  memory: 25283  grad_norm: 32.1792  loss: 7.9948  loss_cls: 0.4978  loss_bbox: 0.0262  loss_iou: 0.0524  d0.loss_cls: 0.5442  d0.loss_bbox: 0.0327  d0.loss_iou: 0.0647  d1.loss_cls: 0.5146  d1.loss_bbox: 0.0256  d1.loss_iou: 0.0521  d2.loss_cls: 0.5216  d2.loss_bbox: 0.0267  d2.loss_iou: 0.0540  d3.loss_cls: 0.4989  d3.loss_bbox: 0.0265  d3.loss_iou: 0.0529  d4.loss_cls: 0.4896  d4.loss_bbox: 0.0263  d4.loss_iou: 0.0527  enc_loss_cls: 0.5313  enc_loss_bbox: 0.0508  enc_loss_iou: 0.0970  dn_loss_cls: 0.3385  dn_loss_bbox: 0.0310  dn_loss_iou: 0.0545  d0.dn_loss_cls: 0.3713  d0.dn_loss_bbox: 0.0817  d0.dn_loss_iou: 0.1437  d1.dn_loss_cls: 0.3544  d1.dn_loss_bbox: 0.0425  d1.dn_loss_iou: 0.0775  d2.dn_loss_cls: 0.3539  d2.dn_loss_bbox: 0.0338  d2.dn_loss_iou: 0.0603  d3.dn_loss_cls: 0.3485  d3.dn_loss_bbox: 0.0319  d3.dn_loss_iou: 0.0565  d4.dn_loss_cls: 0.3416  d4.dn_loss_bbox: 0.0309  d4.dn_loss_iou: 0.0545  d1.loss_lmm_region: 0.2300  loss_lmm_image: 0.7192
2026/02/05 17:39:23 - mmengine - INFO - Iter(train) [15500/18000]  base_lr: 1.0000e-06 lr: 1.0000e-06  eta: 0:54:51  time: 1.0541  data_time: 0.0148  memory: 25237  grad_norm: 29.3210  loss: 7.2172  loss_cls: 0.4493  loss_bbox: 0.0217  loss_iou: 0.0416  d0.loss_cls: 0.4876  d0.loss_bbox: 0.0291  d0.loss_iou: 0.0559  d1.loss_cls: 0.4641  d1.loss_bbox: 0.0232  d1.loss_iou: 0.0447  d2.loss_cls: 0.4754  d2.loss_bbox: 0.0219  d2.loss_iou: 0.0425  d3.loss_cls: 0.4534  d3.loss_bbox: 0.0219  d3.loss_iou: 0.0417  d4.loss_cls: 0.4446  d4.loss_bbox: 0.0217  d4.loss_iou: 0.0415  enc_loss_cls: 0.4896  enc_loss_bbox: 0.0471  enc_loss_iou: 0.0881  dn_loss_cls: 0.3272  dn_loss_bbox: 0.0250  dn_loss_iou: 0.0457  d0.dn_loss_cls: 0.3576  d0.dn_loss_bbox: 0.0764  d0.dn_loss_iou: 0.1410  d1.dn_loss_cls: 0.3429  d1.dn_loss_bbox: 0.0364  d1.dn_loss_iou: 0.0684  d2.dn_loss_cls: 0.3413  d2.dn_loss_bbox: 0.0279  d2.dn_loss_iou: 0.0516  d3.dn_loss_cls: 0.3379  d3.dn_loss_bbox: 0.0254  d3.dn_loss_iou: 0.0466  d4.dn_loss_cls: 0.3314  d4.dn_loss_bbox: 0.0249  d4.dn_loss_iou: 0.0456  d1.loss_lmm_region: 0.2174  loss_lmm_image: 0.5403
2026/02/05 17:41:06 - mmengine - INFO - Iter(train) [15600/18000]  base_lr: 1.0000e-06 lr: 1.0000e-06  eta: 0:50:44  time: 1.0271  data_time: 0.0150  memory: 25058  grad_norm: 30.2332  loss: 7.7554  loss_cls: 0.4643  loss_bbox: 0.0242  loss_iou: 0.0548  d0.loss_cls: 0.4941  d0.loss_bbox: 0.0296  d0.loss_iou: 0.0665  d1.loss_cls: 0.4761  d1.loss_bbox: 0.0255  d1.loss_iou: 0.0568  d2.loss_cls: 0.4860  d2.loss_bbox: 0.0248  d2.loss_iou: 0.0559  d3.loss_cls: 0.4670  d3.loss_bbox: 0.0248  d3.loss_iou: 0.0553  d4.loss_cls: 0.4587  d4.loss_bbox: 0.0241  d4.loss_iou: 0.0548  enc_loss_cls: 0.5002  enc_loss_bbox: 0.0487  enc_loss_iou: 0.1015  dn_loss_cls: 0.3400  dn_loss_bbox: 0.0258  dn_loss_iou: 0.0548  d0.dn_loss_cls: 0.3606  d0.dn_loss_bbox: 0.0738  d0.dn_loss_iou: 0.1450  d1.dn_loss_cls: 0.3513  d1.dn_loss_bbox: 0.0351  d1.dn_loss_iou: 0.0747  d2.dn_loss_cls: 0.3519  d2.dn_loss_bbox: 0.0277  d2.dn_loss_iou: 0.0581  d3.dn_loss_cls: 0.3507  d3.dn_loss_bbox: 0.0262  d3.dn_loss_iou: 0.0556  d4.dn_loss_cls: 0.3453  d4.dn_loss_bbox: 0.0258  d4.dn_loss_iou: 0.0548  d1.loss_lmm_region: 0.2385  loss_lmm_image: 0.7655
2026/02/05 17:42:51 - mmengine - INFO - Iter(train) [15700/18000]  base_lr: 1.0000e-06 lr: 1.0000e-06  eta: 0:47:23  time: 1.0501  data_time: 0.0146  memory: 25248  grad_norm: 32.3191  loss: 6.6446  loss_cls: 0.3905  loss_bbox: 0.0249  loss_iou: 0.0476  d0.loss_cls: 0.4112  d0.loss_bbox: 0.0317  d0.loss_iou: 0.0597  d1.loss_cls: 0.3948  d1.loss_bbox: 0.0258  d1.loss_iou: 0.0493  d2.loss_cls: 0.4022  d2.loss_bbox: 0.0257  d2.loss_iou: 0.0487  d3.loss_cls: 0.3905  d3.loss_bbox: 0.0251  d3.loss_iou: 0.0475  d4.loss_cls: 0.3866  d4.loss_bbox: 0.0251  d4.loss_iou: 0.0477  enc_loss_cls: 0.4054  enc_loss_bbox: 0.0443  enc_loss_iou: 0.0859  dn_loss_cls: 0.2867  dn_loss_bbox: 0.0267  dn_loss_iou: 0.0493  d0.dn_loss_cls: 0.3085  d0.dn_loss_bbox: 0.0699  d0.dn_loss_iou: 0.1303  d1.dn_loss_cls: 0.2988  d1.dn_loss_bbox: 0.0365  d1.dn_loss_iou: 0.0682  d2.dn_loss_cls: 0.2990  d2.dn_loss_bbox: 0.0289  d2.dn_loss_iou: 0.0537  d3.dn_loss_cls: 0.2940  d3.dn_loss_bbox: 0.0272  d3.dn_loss_iou: 0.0502  d4.dn_loss_cls: 0.2897  d4.dn_loss_bbox: 0.0267  d4.dn_loss_iou: 0.0494  d1.loss_lmm_region: 0.2183  loss_lmm_image: 0.6623
2026/02/05 17:44:33 - mmengine - INFO - Iter(train) [15800/18000]  base_lr: 1.0000e-06 lr: 1.0000e-06  eta: 0:44:22  time: 1.0290  data_time: 0.0145  memory: 25049  grad_norm: 27.1171  loss: 6.4172  loss_cls: 0.3834  loss_bbox: 0.0216  loss_iou: 0.0438  d0.loss_cls: 0.3981  d0.loss_bbox: 0.0276  d0.loss_iou: 0.0563  d1.loss_cls: 0.3850  d1.loss_bbox: 0.0238  d1.loss_iou: 0.0480  d2.loss_cls: 0.3927  d2.loss_bbox: 0.0221  d2.loss_iou: 0.0446  d3.loss_cls: 0.3847  d3.loss_bbox: 0.0220  d3.loss_iou: 0.0445  d4.loss_cls: 0.3817  d4.loss_bbox: 0.0217  d4.loss_iou: 0.0437  enc_loss_cls: 0.4008  enc_loss_bbox: 0.0418  enc_loss_iou: 0.0856  dn_loss_cls: 0.2881  dn_loss_bbox: 0.0233  dn_loss_iou: 0.0468  d0.dn_loss_cls: 0.3090  d0.dn_loss_bbox: 0.0633  d0.dn_loss_iou: 0.1233  d1.dn_loss_cls: 0.2985  d1.dn_loss_bbox: 0.0312  d1.dn_loss_iou: 0.0631  d2.dn_loss_cls: 0.2981  d2.dn_loss_bbox: 0.0243  d2.dn_loss_iou: 0.0495  d3.dn_loss_cls: 0.2939  d3.dn_loss_bbox: 0.0235  d3.dn_loss_iou: 0.0471  d4.dn_loss_cls: 0.2896  d4.dn_loss_bbox: 0.0233  d4.dn_loss_iou: 0.0467  d1.loss_lmm_region: 0.2098  loss_lmm_image: 0.5914
2026/02/05 17:46:18 - mmengine - INFO - Iter(train) [15900/18000]  base_lr: 1.0000e-06 lr: 1.0000e-06  eta: 0:41:42  time: 1.0252  data_time: 0.0147  memory: 25183  grad_norm: 28.8088  loss: 6.9336  loss_cls: 0.4119  loss_bbox: 0.0248  loss_iou: 0.0512  d0.loss_cls: 0.4324  d0.loss_bbox: 0.0311  d0.loss_iou: 0.0644  d1.loss_cls: 0.4197  d1.loss_bbox: 0.0255  d1.loss_iou: 0.0536  d2.loss_cls: 0.4235  d2.loss_bbox: 0.0254  d2.loss_iou: 0.0516  d3.loss_cls: 0.4131  d3.loss_bbox: 0.0252  d3.loss_iou: 0.0521  d4.loss_cls: 0.4103  d4.loss_bbox: 0.0249  d4.loss_iou: 0.0514  enc_loss_cls: 0.4339  enc_loss_bbox: 0.0504  enc_loss_iou: 0.0994  dn_loss_cls: 0.3070  dn_loss_bbox: 0.0260  dn_loss_iou: 0.0517  d0.dn_loss_cls: 0.3263  d0.dn_loss_bbox: 0.0703  d0.dn_loss_iou: 0.1367  d1.dn_loss_cls: 0.3186  d1.dn_loss_bbox: 0.0350  d1.dn_loss_iou: 0.0687  d2.dn_loss_cls: 0.3189  d2.dn_loss_bbox: 0.0278  d2.dn_loss_iou: 0.0553  d3.dn_loss_cls: 0.3148  d3.dn_loss_bbox: 0.0265  d3.dn_loss_iou: 0.0528  d4.dn_loss_cls: 0.3079  d4.dn_loss_bbox: 0.0259  d4.dn_loss_iou: 0.0517  d1.loss_lmm_region: 0.2164  loss_lmm_image: 0.6197
2026/02/05 17:48:02 - mmengine - INFO - Exp name: grounding_dino_swin_t_20260205_172734
2026/02/05 17:48:02 - mmengine - INFO - Iter(train) [16000/18000]  base_lr: 1.0000e-06 lr: 1.0000e-06  eta: 0:39:13  time: 1.0548  data_time: 0.0151  memory: 25368  grad_norm: 29.4820  loss: 6.4963  loss_cls: 0.3821  loss_bbox: 0.0229  loss_iou: 0.0437  d0.loss_cls: 0.4057  d0.loss_bbox: 0.0295  d0.loss_iou: 0.0551  d1.loss_cls: 0.3931  d1.loss_bbox: 0.0249  d1.loss_iou: 0.0463  d2.loss_cls: 0.3988  d2.loss_bbox: 0.0231  d2.loss_iou: 0.0450  d3.loss_cls: 0.3877  d3.loss_bbox: 0.0227  d3.loss_iou: 0.0438  d4.loss_cls: 0.3790  d4.loss_bbox: 0.0236  d4.loss_iou: 0.0439  enc_loss_cls: 0.4109  enc_loss_bbox: 0.0479  enc_loss_iou: 0.0875  dn_loss_cls: 0.2897  dn_loss_bbox: 0.0247  dn_loss_iou: 0.0458  d0.dn_loss_cls: 0.3104  d0.dn_loss_bbox: 0.0680  d0.dn_loss_iou: 0.1270  d1.dn_loss_cls: 0.3023  d1.dn_loss_bbox: 0.0319  d1.dn_loss_iou: 0.0601  d2.dn_loss_cls: 0.2991  d2.dn_loss_bbox: 0.0268  d2.dn_loss_iou: 0.0491  d3.dn_loss_cls: 0.2976  d3.dn_loss_bbox: 0.0252  d3.dn_loss_iou: 0.0463  d4.dn_loss_cls: 0.2914  d4.dn_loss_bbox: 0.0247  d4.dn_loss_iou: 0.0457  d1.loss_lmm_region: 0.2309  loss_lmm_image: 0.5822
2026/02/05 17:48:14 - mmengine - INFO - Iter(val) [ 100/2445]    eta: 0:04:41  time: 0.1138  data_time: 0.0015  memory: 5168  
2026/02/05 17:48:25 - mmengine - INFO - Iter(val) [ 200/2445]    eta: 0:04:22  time: 0.1134  data_time: 0.0015  memory: 5137  
2026/02/05 17:48:37 - mmengine - INFO - Iter(val) [ 300/2445]    eta: 0:04:10  time: 0.1156  data_time: 0.0016  memory: 5138  
2026/02/05 17:48:48 - mmengine - INFO - Iter(val) [ 400/2445]    eta: 0:03:57  time: 0.1139  data_time: 0.0015  memory: 5145  
2026/02/05 17:49:00 - mmengine - INFO - Iter(val) [ 500/2445]    eta: 0:03:44  time: 0.1136  data_time: 0.0015  memory: 5152  
2026/02/05 17:49:11 - mmengine - INFO - Iter(val) [ 600/2445]    eta: 0:03:32  time: 0.1153  data_time: 0.0015  memory: 5130  
2026/02/05 17:49:23 - mmengine - INFO - Iter(val) [ 700/2445]    eta: 0:03:21  time: 0.1147  data_time: 0.0015  memory: 5144  
2026/02/05 17:49:34 - mmengine - INFO - Iter(val) [ 800/2445]    eta: 0:03:09  time: 0.1139  data_time: 0.0015  memory: 5130  
2026/02/05 17:49:45 - mmengine - INFO - Iter(val) [ 900/2445]    eta: 0:02:57  time: 0.1139  data_time: 0.0015  memory: 5152  
2026/02/05 17:49:57 - mmengine - INFO - Iter(val) [1000/2445]    eta: 0:02:46  time: 0.1144  data_time: 0.0015  memory: 5130  
2026/02/05 17:50:08 - mmengine - INFO - Iter(val) [1100/2445]    eta: 0:02:34  time: 0.1142  data_time: 0.0015  memory: 5140  
2026/02/05 17:50:20 - mmengine - INFO - Iter(val) [1200/2445]    eta: 0:02:23  time: 0.1146  data_time: 0.0015  memory: 5134  
2026/02/05 17:50:31 - mmengine - INFO - Iter(val) [1300/2445]    eta: 0:02:11  time: 0.1145  data_time: 0.0016  memory: 5122  
2026/02/05 17:50:43 - mmengine - INFO - Iter(val) [1400/2445]    eta: 0:02:00  time: 0.1151  data_time: 0.0017  memory: 5134  
2026/02/05 17:50:54 - mmengine - INFO - Iter(val) [1500/2445]    eta: 0:01:48  time: 0.1142  data_time: 0.0016  memory: 5151  
2026/02/05 17:51:06 - mmengine - INFO - Iter(val) [1600/2445]    eta: 0:01:36  time: 0.1141  data_time: 0.0014  memory: 5130  
2026/02/05 17:51:17 - mmengine - INFO - Iter(val) [1700/2445]    eta: 0:01:25  time: 0.1145  data_time: 0.0015  memory: 5132  
2026/02/05 17:51:28 - mmengine - INFO - Iter(val) [1800/2445]    eta: 0:01:13  time: 0.1137  data_time: 0.0015  memory: 5144  
2026/02/05 17:51:40 - mmengine - INFO - Iter(val) [1900/2445]    eta: 0:01:02  time: 0.1147  data_time: 0.0016  memory: 5132  
2026/02/05 17:51:51 - mmengine - INFO - Iter(val) [2000/2445]    eta: 0:00:51  time: 0.1142  data_time: 0.0016  memory: 5137  
2026/02/05 17:52:03 - mmengine - INFO - Iter(val) [2100/2445]    eta: 0:00:39  time: 0.1139  data_time: 0.0017  memory: 5137  
2026/02/05 17:52:14 - mmengine - INFO - Iter(val) [2200/2445]    eta: 0:00:28  time: 0.1146  data_time: 0.0017  memory: 5136  
2026/02/05 17:52:26 - mmengine - INFO - Iter(val) [2300/2445]    eta: 0:00:16  time: 0.1143  data_time: 0.0016  memory: 5148  
2026/02/05 17:52:37 - mmengine - INFO - Iter(val) [2400/2445]    eta: 0:00:05  time: 0.1142  data_time: 0.0016  memory: 5129  
2026/02/05 17:52:53 - mmengine - INFO - {'recall@1': 0.18449447182629547, 'recall@5': 0.4679995640432566, 'recall@10': 0.584121486612495}
2026/02/05 17:52:53 - mmengine - INFO - Iter(val) [2445/2445]    lvis_fixed_ap/AP: 0.4160  lvis_fixed_ap/AP50: 0.5257  lvis_fixed_ap/AP75: 0.4424  lvis_fixed_ap/APs: 0.3797  lvis_fixed_ap/APm: 0.5411  lvis_fixed_ap/APl: 0.6120  lvis_fixed_ap/APr: 0.2916  lvis_fixed_ap/APc: 0.3625  lvis_fixed_ap/APf: 0.4858  odvg/recall@1: 0.1845  odvg/recall@5: 0.4680  odvg/recall@10: 0.5841  data_time: 0.0017  time: 0.1170
2026/02/05 17:54:35 - mmengine - INFO - Iter(train) [16100/18000]  base_lr: 1.0000e-06 lr: 1.0000e-06  eta: 0:37:08  time: 1.0266  data_time: 0.0145  memory: 25170  grad_norm: 27.5739  loss: 5.6317  loss_cls: 0.3239  loss_bbox: 0.0187  loss_iou: 0.0363  d0.loss_cls: 0.3428  d0.loss_bbox: 0.0240  d0.loss_iou: 0.0473  d1.loss_cls: 0.3353  d1.loss_bbox: 0.0204  d1.loss_iou: 0.0398  d2.loss_cls: 0.3351  d2.loss_bbox: 0.0193  d2.loss_iou: 0.0376  d3.loss_cls: 0.3261  d3.loss_bbox: 0.0191  d3.loss_iou: 0.0370  d4.loss_cls: 0.3234  d4.loss_bbox: 0.0191  d4.loss_iou: 0.0371  enc_loss_cls: 0.3455  enc_loss_bbox: 0.0375  enc_loss_iou: 0.0722  dn_loss_cls: 0.2477  dn_loss_bbox: 0.0202  dn_loss_iou: 0.0391  d0.dn_loss_cls: 0.2662  d0.dn_loss_bbox: 0.0601  d0.dn_loss_iou: 0.1125  d1.dn_loss_cls: 0.2584  d1.dn_loss_bbox: 0.0288  d1.dn_loss_iou: 0.0551  d2.dn_loss_cls: 0.2556  d2.dn_loss_bbox: 0.0229  d2.dn_loss_iou: 0.0436  d3.dn_loss_cls: 0.2527  d3.dn_loss_bbox: 0.0206  d3.dn_loss_iou: 0.0397  d4.dn_loss_cls: 0.2501  d4.dn_loss_bbox: 0.0202  d4.dn_loss_iou: 0.0391  d1.loss_lmm_region: 0.2043  loss_lmm_image: 0.5971
2026/02/05 17:56:20 - mmengine - INFO - Iter(train) [16200/18000]  base_lr: 1.0000e-06 lr: 1.0000e-06  eta: 0:34:51  time: 1.0282  data_time: 0.0146  memory: 25112  grad_norm: 26.1828  loss: 6.4646  loss_cls: 0.3861  loss_bbox: 0.0217  loss_iou: 0.0451  d0.loss_cls: 0.4060  d0.loss_bbox: 0.0284  d0.loss_iou: 0.0573  d1.loss_cls: 0.3973  d1.loss_bbox: 0.0231  d1.loss_iou: 0.0478  d2.loss_cls: 0.4011  d2.loss_bbox: 0.0220  d2.loss_iou: 0.0458  d3.loss_cls: 0.3891  d3.loss_bbox: 0.0218  d3.loss_iou: 0.0453  d4.loss_cls: 0.3872  d4.loss_bbox: 0.0217  d4.loss_iou: 0.0451  enc_loss_cls: 0.4119  enc_loss_bbox: 0.0478  enc_loss_iou: 0.0929  dn_loss_cls: 0.2931  dn_loss_bbox: 0.0224  dn_loss_iou: 0.0458  d0.dn_loss_cls: 0.3113  d0.dn_loss_bbox: 0.0703  d0.dn_loss_iou: 0.1343  d1.dn_loss_cls: 0.3010  d1.dn_loss_bbox: 0.0308  d1.dn_loss_iou: 0.0619  d2.dn_loss_cls: 0.2989  d2.dn_loss_bbox: 0.0243  d2.dn_loss_iou: 0.0493  d3.dn_loss_cls: 0.2952  d3.dn_loss_bbox: 0.0224  d3.dn_loss_iou: 0.0457  d4.dn_loss_cls: 0.2960  d4.dn_loss_bbox: 0.0224  d4.dn_loss_iou: 0.0459  d1.loss_lmm_region: 0.2140  loss_lmm_image: 0.5351
2026/02/05 17:58:04 - mmengine - INFO - Iter(train) [16300/18000]  base_lr: 1.0000e-06 lr: 1.0000e-06  eta: 0:32:39  time: 1.0520  data_time: 0.0143  memory: 25257  grad_norm: 26.5561  loss: 5.8384  loss_cls: 0.3415  loss_bbox: 0.0203  loss_iou: 0.0385  d0.loss_cls: 0.3661  d0.loss_bbox: 0.0244  d0.loss_iou: 0.0474  d1.loss_cls: 0.3551  d1.loss_bbox: 0.0204  d1.loss_iou: 0.0394  d2.loss_cls: 0.3551  d2.loss_bbox: 0.0203  d2.loss_iou: 0.0388  d3.loss_cls: 0.3455  d3.loss_bbox: 0.0204  d3.loss_iou: 0.0386  d4.loss_cls: 0.3433  d4.loss_bbox: 0.0202  d4.loss_iou: 0.0384  enc_loss_cls: 0.3686  enc_loss_bbox: 0.0407  enc_loss_iou: 0.0765  dn_loss_cls: 0.2688  dn_loss_bbox: 0.0208  dn_loss_iou: 0.0393  d0.dn_loss_cls: 0.2915  d0.dn_loss_bbox: 0.0613  d0.dn_loss_iou: 0.1159  d1.dn_loss_cls: 0.2840  d1.dn_loss_bbox: 0.0278  d1.dn_loss_iou: 0.0532  d2.dn_loss_cls: 0.2815  d2.dn_loss_bbox: 0.0219  d2.dn_loss_iou: 0.0418  d3.dn_loss_cls: 0.2741  d3.dn_loss_bbox: 0.0210  d3.dn_loss_iou: 0.0397  d4.dn_loss_cls: 0.2715  d4.dn_loss_bbox: 0.0208  d4.dn_loss_iou: 0.0393  d1.loss_lmm_region: 0.2035  loss_lmm_image: 0.5009
2026/02/05 17:59:48 - mmengine - INFO - Iter(train) [16400/18000]  base_lr: 1.0000e-06 lr: 1.0000e-06  eta: 0:30:31  time: 1.0291  data_time: 0.0142  memory: 25240  grad_norm: 25.7923  loss: 5.3882  loss_cls: 0.3107  loss_bbox: 0.0181  loss_iou: 0.0391  d0.loss_cls: 0.3333  d0.loss_bbox: 0.0214  d0.loss_iou: 0.0460  d1.loss_cls: 0.3222  d1.loss_bbox: 0.0191  d1.loss_iou: 0.0408  d2.loss_cls: 0.3209  d2.loss_bbox: 0.0190  d2.loss_iou: 0.0404  d3.loss_cls: 0.3129  d3.loss_bbox: 0.0183  d3.loss_iou: 0.0392  d4.loss_cls: 0.3108  d4.loss_bbox: 0.0182  d4.loss_iou: 0.0391  enc_loss_cls: 0.3362  enc_loss_bbox: 0.0333  enc_loss_iou: 0.0719  dn_loss_cls: 0.2349  dn_loss_bbox: 0.0190  dn_loss_iou: 0.0405  d0.dn_loss_cls: 0.2564  d0.dn_loss_bbox: 0.0548  d0.dn_loss_iou: 0.1124  d1.dn_loss_cls: 0.2471  d1.dn_loss_bbox: 0.0252  d1.dn_loss_iou: 0.0536  d2.dn_loss_cls: 0.2431  d2.dn_loss_bbox: 0.0206  d2.dn_loss_iou: 0.0439  d3.dn_loss_cls: 0.2410  d3.dn_loss_bbox: 0.0191  d3.dn_loss_iou: 0.0408  d4.dn_loss_cls: 0.2368  d4.dn_loss_bbox: 0.0190  d4.dn_loss_iou: 0.0406  d1.loss_lmm_region: 0.2028  loss_lmm_image: 0.5257
2026/02/05 18:01:32 - mmengine - INFO - Iter(train) [16500/18000]  base_lr: 1.0000e-06 lr: 1.0000e-06  eta: 0:28:26  time: 1.0442  data_time: 0.0146  memory: 25292  grad_norm: 28.8298  loss: 6.4109  loss_cls: 0.3668  loss_bbox: 0.0281  loss_iou: 0.0537  d0.loss_cls: 0.3919  d0.loss_bbox: 0.0320  d0.loss_iou: 0.0637  d1.loss_cls: 0.3777  d1.loss_bbox: 0.0259  d1.loss_iou: 0.0533  d2.loss_cls: 0.3779  d2.loss_bbox: 0.0254  d2.loss_iou: 0.0519  d3.loss_cls: 0.3685  d3.loss_bbox: 0.0280  d3.loss_iou: 0.0536  d4.loss_cls: 0.3663  d4.loss_bbox: 0.0289  d4.loss_iou: 0.0544  enc_loss_cls: 0.3959  enc_loss_bbox: 0.0469  enc_loss_iou: 0.0928  dn_loss_cls: 0.2754  dn_loss_bbox: 0.0285  dn_loss_iou: 0.0540  d0.dn_loss_cls: 0.3021  d0.dn_loss_bbox: 0.0758  d0.dn_loss_iou: 0.1426  d1.dn_loss_cls: 0.2900  d1.dn_loss_bbox: 0.0382  d1.dn_loss_iou: 0.0740  d2.dn_loss_cls: 0.2869  d2.dn_loss_bbox: 0.0305  d2.dn_loss_iou: 0.0580  d3.dn_loss_cls: 0.2822  d3.dn_loss_bbox: 0.0287  d3.dn_loss_iou: 0.0546  d4.dn_loss_cls: 0.2786  d4.dn_loss_bbox: 0.0285  d4.dn_loss_iou: 0.0540  d1.loss_lmm_region: 0.2121  loss_lmm_image: 0.5326
2026/02/05 18:01:32 - mmengine - INFO - Saving checkpoint at 16500 iterations
2026/02/05 18:03:24 - mmengine - INFO - Iter(train) [16600/18000]  base_lr: 1.0000e-06 lr: 1.0000e-06  eta: 0:26:30  time: 1.0269  data_time: 0.0146  memory: 25424  grad_norm: 25.2935  loss: 5.6472  loss_cls: 0.3212  loss_bbox: 0.0219  loss_iou: 0.0430  d0.loss_cls: 0.3450  d0.loss_bbox: 0.0272  d0.loss_iou: 0.0512  d1.loss_cls: 0.3336  d1.loss_bbox: 0.0224  d1.loss_iou: 0.0438  d2.loss_cls: 0.3305  d2.loss_bbox: 0.0214  d2.loss_iou: 0.0422  d3.loss_cls: 0.3263  d3.loss_bbox: 0.0221  d3.loss_iou: 0.0435  d4.loss_cls: 0.3228  d4.loss_bbox: 0.0219  d4.loss_iou: 0.0431  enc_loss_cls: 0.3520  enc_loss_bbox: 0.0420  enc_loss_iou: 0.0785  dn_loss_cls: 0.2456  dn_loss_bbox: 0.0225  dn_loss_iou: 0.0445  d0.dn_loss_cls: 0.2689  d0.dn_loss_bbox: 0.0658  d0.dn_loss_iou: 0.1188  d1.dn_loss_cls: 0.2599  d1.dn_loss_bbox: 0.0303  d1.dn_loss_iou: 0.0582  d2.dn_loss_cls: 0.2565  d2.dn_loss_bbox: 0.0238  d2.dn_loss_iou: 0.0470  d3.dn_loss_cls: 0.2518  d3.dn_loss_bbox: 0.0229  d3.dn_loss_iou: 0.0453  d4.dn_loss_cls: 0.2470  d4.dn_loss_bbox: 0.0225  d4.dn_loss_iou: 0.0445  d1.loss_lmm_region: 0.2009  loss_lmm_image: 0.5149
2026/02/05 18:05:08 - mmengine - INFO - Iter(train) [16700/18000]  base_lr: 1.0000e-06 lr: 1.0000e-06  eta: 0:24:30  time: 1.0407  data_time: 0.0145  memory: 25287  grad_norm: 29.3077  loss: 6.0010  loss_cls: 0.3455  loss_bbox: 0.0225  loss_iou: 0.0444  d0.loss_cls: 0.3694  d0.loss_bbox: 0.0284  d0.loss_iou: 0.0546  d1.loss_cls: 0.3615  d1.loss_bbox: 0.0231  d1.loss_iou: 0.0459  d2.loss_cls: 0.3558  d2.loss_bbox: 0.0226  d2.loss_iou: 0.0446  d3.loss_cls: 0.3493  d3.loss_bbox: 0.0225  d3.loss_iou: 0.0444  d4.loss_cls: 0.3474  d4.loss_bbox: 0.0224  d4.loss_iou: 0.0442  enc_loss_cls: 0.3735  enc_loss_bbox: 0.0449  enc_loss_iou: 0.0876  dn_loss_cls: 0.2645  dn_loss_bbox: 0.0238  dn_loss_iou: 0.0446  d0.dn_loss_cls: 0.2908  d0.dn_loss_bbox: 0.0670  d0.dn_loss_iou: 0.1239  d1.dn_loss_cls: 0.2818  d1.dn_loss_bbox: 0.0301  d1.dn_loss_iou: 0.0575  d2.dn_loss_cls: 0.2768  d2.dn_loss_bbox: 0.0254  d2.dn_loss_iou: 0.0477  d3.dn_loss_cls: 0.2703  d3.dn_loss_bbox: 0.0242  d3.dn_loss_iou: 0.0454  d4.dn_loss_cls: 0.2663  d4.dn_loss_bbox: 0.0238  d4.dn_loss_iou: 0.0447  d1.loss_lmm_region: 0.2312  loss_lmm_image: 0.5068
2026/02/05 18:06:51 - mmengine - INFO - Iter(train) [16800/18000]  base_lr: 1.0000e-06 lr: 1.0000e-06  eta: 0:22:30  time: 1.0330  data_time: 0.0146  memory: 25274  grad_norm: 26.7262  loss: 6.0362  loss_cls: 0.3404  loss_bbox: 0.0239  loss_iou: 0.0493  d0.loss_cls: 0.3661  d0.loss_bbox: 0.0284  d0.loss_iou: 0.0601  d1.loss_cls: 0.3565  d1.loss_bbox: 0.0243  d1.loss_iou: 0.0502  d2.loss_cls: 0.3517  d2.loss_bbox: 0.0237  d2.loss_iou: 0.0495  d3.loss_cls: 0.3454  d3.loss_bbox: 0.0239  d3.loss_iou: 0.0492  d4.loss_cls: 0.3439  d4.loss_bbox: 0.0240  d4.loss_iou: 0.0493  enc_loss_cls: 0.3767  enc_loss_bbox: 0.0425  enc_loss_iou: 0.0905  dn_loss_cls: 0.2673  dn_loss_bbox: 0.0241  dn_loss_iou: 0.0480  d0.dn_loss_cls: 0.2886  d0.dn_loss_bbox: 0.0620  d0.dn_loss_iou: 0.1245  d1.dn_loss_cls: 0.2803  d1.dn_loss_bbox: 0.0296  d1.dn_loss_iou: 0.0614  d2.dn_loss_cls: 0.2770  d2.dn_loss_bbox: 0.0254  d2.dn_loss_iou: 0.0512  d3.dn_loss_cls: 0.2737  d3.dn_loss_bbox: 0.0242  d3.dn_loss_iou: 0.0483  d4.dn_loss_cls: 0.2693  d4.dn_loss_bbox: 0.0241  d4.dn_loss_iou: 0.0480  d1.loss_lmm_region: 0.2226  loss_lmm_image: 0.5171
2026/02/05 18:08:35 - mmengine - INFO - Iter(train) [16900/18000]  base_lr: 1.0000e-06 lr: 1.0000e-06  eta: 0:20:32  time: 1.0312  data_time: 0.0145  memory: 25303  grad_norm: 27.3559  loss: 6.1301  loss_cls: 0.3601  loss_bbox: 0.0231  loss_iou: 0.0492  d0.loss_cls: 0.3835  d0.loss_bbox: 0.0274  d0.loss_iou: 0.0588  d1.loss_cls: 0.3758  d1.loss_bbox: 0.0241  d1.loss_iou: 0.0509  d2.loss_cls: 0.3671  d2.loss_bbox: 0.0233  d2.loss_iou: 0.0493  d3.loss_cls: 0.3646  d3.loss_bbox: 0.0235  d3.loss_iou: 0.0500  d4.loss_cls: 0.3621  d4.loss_bbox: 0.0231  d4.loss_iou: 0.0492  enc_loss_cls: 0.3921  enc_loss_bbox: 0.0445  enc_loss_iou: 0.0952  dn_loss_cls: 0.2638  dn_loss_bbox: 0.0231  dn_loss_iou: 0.0499  d0.dn_loss_cls: 0.2901  d0.dn_loss_bbox: 0.0637  d0.dn_loss_iou: 0.1313  d1.dn_loss_cls: 0.2805  d1.dn_loss_bbox: 0.0293  d1.dn_loss_iou: 0.0636  d2.dn_loss_cls: 0.2747  d2.dn_loss_bbox: 0.0244  d2.dn_loss_iou: 0.0527  d3.dn_loss_cls: 0.2708  d3.dn_loss_bbox: 0.0233  d3.dn_loss_iou: 0.0503  d4.dn_loss_cls: 0.2647  d4.dn_loss_bbox: 0.0231  d4.dn_loss_iou: 0.0499  d1.loss_lmm_region: 0.2028  loss_lmm_image: 0.5013
2026/02/05 18:10:19 - mmengine - INFO - Exp name: grounding_dino_swin_t_20260205_172734
2026/02/05 18:10:19 - mmengine - INFO - Iter(train) [17000/18000]  base_lr: 1.0000e-06 lr: 1.0000e-06  eta: 0:18:36  time: 1.0358  data_time: 0.0147  memory: 25224  grad_norm: 24.8661  loss: 5.2563  loss_cls: 0.3055  loss_bbox: 0.0170  loss_iou: 0.0349  d0.loss_cls: 0.3273  d0.loss_bbox: 0.0222  d0.loss_iou: 0.0473  d1.loss_cls: 0.3173  d1.loss_bbox: 0.0186  d1.loss_iou: 0.0392  d2.loss_cls: 0.3137  d2.loss_bbox: 0.0174  d2.loss_iou: 0.0361  d3.loss_cls: 0.3093  d3.loss_bbox: 0.0171  d3.loss_iou: 0.0351  d4.loss_cls: 0.3081  d4.loss_bbox: 0.0170  d4.loss_iou: 0.0349  enc_loss_cls: 0.3336  enc_loss_bbox: 0.0382  enc_loss_iou: 0.0772  dn_loss_cls: 0.2331  dn_loss_bbox: 0.0176  dn_loss_iou: 0.0357  d0.dn_loss_cls: 0.2559  d0.dn_loss_bbox: 0.0571  d0.dn_loss_iou: 0.1137  d1.dn_loss_cls: 0.2475  d1.dn_loss_bbox: 0.0248  d1.dn_loss_iou: 0.0516  d2.dn_loss_cls: 0.2433  d2.dn_loss_bbox: 0.0189  d2.dn_loss_iou: 0.0390  d3.dn_loss_cls: 0.2392  d3.dn_loss_bbox: 0.0181  d3.dn_loss_iou: 0.0367  d4.dn_loss_cls: 0.2352  d4.dn_loss_bbox: 0.0176  d4.dn_loss_iou: 0.0358  d1.loss_lmm_region: 0.1969  loss_lmm_image: 0.4713
2026/02/05 18:10:30 - mmengine - INFO - Iter(val) [ 100/2445]    eta: 0:04:30  time: 0.1140  data_time: 0.0015  memory: 5168  
2026/02/05 18:10:42 - mmengine - INFO - Iter(val) [ 200/2445]    eta: 0:04:18  time: 0.1139  data_time: 0.0016  memory: 5137  
2026/02/05 18:10:53 - mmengine - INFO - Iter(val) [ 300/2445]    eta: 0:04:06  time: 0.1146  data_time: 0.0016  memory: 5138  
2026/02/05 18:11:04 - mmengine - INFO - Iter(val) [ 400/2445]    eta: 0:03:54  time: 0.1139  data_time: 0.0015  memory: 5145  
2026/02/05 18:11:16 - mmengine - INFO - Iter(val) [ 500/2445]    eta: 0:03:42  time: 0.1135  data_time: 0.0016  memory: 5152  
2026/02/05 18:11:27 - mmengine - INFO - Iter(val) [ 600/2445]    eta: 0:03:30  time: 0.1137  data_time: 0.0016  memory: 5130  
2026/02/05 18:11:39 - mmengine - INFO - Iter(val) [ 700/2445]    eta: 0:03:19  time: 0.1143  data_time: 0.0016  memory: 5144  
2026/02/05 18:11:50 - mmengine - INFO - Iter(val) [ 800/2445]    eta: 0:03:07  time: 0.1133  data_time: 0.0015  memory: 5130  
2026/02/05 18:12:01 - mmengine - INFO - Iter(val) [ 900/2445]    eta: 0:02:56  time: 0.1136  data_time: 0.0014  memory: 5152  
2026/02/05 18:12:13 - mmengine - INFO - Iter(val) [1000/2445]    eta: 0:02:44  time: 0.1139  data_time: 0.0015  memory: 5130  
2026/02/05 18:12:24 - mmengine - INFO - Iter(val) [1100/2445]    eta: 0:02:33  time: 0.1140  data_time: 0.0016  memory: 5140  
2026/02/05 18:12:36 - mmengine - INFO - Iter(val) [1200/2445]    eta: 0:02:22  time: 0.1138  data_time: 0.0015  memory: 5134  
2026/02/05 18:12:47 - mmengine - INFO - Iter(val) [1300/2445]    eta: 0:02:10  time: 0.1139  data_time: 0.0015  memory: 5122  
2026/02/05 18:12:58 - mmengine - INFO - Iter(val) [1400/2445]    eta: 0:01:59  time: 0.1142  data_time: 0.0015  memory: 5134  
2026/02/05 18:13:10 - mmengine - INFO - Iter(val) [1500/2445]    eta: 0:01:47  time: 0.1135  data_time: 0.0015  memory: 5151  
2026/02/05 18:13:21 - mmengine - INFO - Iter(val) [1600/2445]    eta: 0:01:36  time: 0.1136  data_time: 0.0015  memory: 5130  
2026/02/05 18:13:33 - mmengine - INFO - Iter(val) [1700/2445]    eta: 0:01:24  time: 0.1141  data_time: 0.0015  memory: 5132  
2026/02/05 18:13:44 - mmengine - INFO - Iter(val) [1800/2445]    eta: 0:01:13  time: 0.1136  data_time: 0.0014  memory: 5144  
2026/02/05 18:13:55 - mmengine - INFO - Iter(val) [1900/2445]    eta: 0:01:02  time: 0.1146  data_time: 0.0016  memory: 5132  
2026/02/05 18:14:07 - mmengine - INFO - Iter(val) [2000/2445]    eta: 0:00:50  time: 0.1137  data_time: 0.0015  memory: 5137  
2026/02/05 18:14:18 - mmengine - INFO - Iter(val) [2100/2445]    eta: 0:00:39  time: 0.1137  data_time: 0.0016  memory: 5137  
2026/02/05 18:14:29 - mmengine - INFO - Iter(val) [2200/2445]    eta: 0:00:27  time: 0.1144  data_time: 0.0016  memory: 5136  
2026/02/05 18:14:41 - mmengine - INFO - Iter(val) [2300/2445]    eta: 0:00:16  time: 0.1141  data_time: 0.0014  memory: 5148  
2026/02/05 18:14:52 - mmengine - INFO - Iter(val) [2400/2445]    eta: 0:00:05  time: 0.1139  data_time: 0.0015  memory: 5129  
2026/02/05 18:15:08 - mmengine - INFO - {'recall@1': 0.12543444300471077, 'recall@5': 0.32888092325950324, 'recall@10': 0.4478971142085569}
2026/02/05 18:15:08 - mmengine - INFO - Iter(val) [2445/2445]    lvis_fixed_ap/AP: 0.4160  lvis_fixed_ap/AP50: 0.5257  lvis_fixed_ap/AP75: 0.4424  lvis_fixed_ap/APs: 0.3797  lvis_fixed_ap/APm: 0.5411  lvis_fixed_ap/APl: 0.6120  lvis_fixed_ap/APr: 0.2916  lvis_fixed_ap/APc: 0.3625  lvis_fixed_ap/APf: 0.4858  odvg/recall@1: 0.1254  odvg/recall@5: 0.3289  odvg/recall@10: 0.4479  data_time: 0.0016  time: 0.1141
2026/02/05 18:16:52 - mmengine - INFO - Iter(train) [17100/18000]  base_lr: 1.0000e-06 lr: 1.0000e-06  eta: 0:16:45  time: 1.0296  data_time: 0.0147  memory: 25267  grad_norm: 26.2832  loss: 5.7604  loss_cls: 0.3255  loss_bbox: 0.0234  loss_iou: 0.0449  d0.loss_cls: 0.3502  d0.loss_bbox: 0.0272  d0.loss_iou: 0.0526  d1.loss_cls: 0.3405  d1.loss_bbox: 0.0237  d1.loss_iou: 0.0452  d2.loss_cls: 0.3331  d2.loss_bbox: 0.0233  d2.loss_iou: 0.0447  d3.loss_cls: 0.3293  d3.loss_bbox: 0.0234  d3.loss_iou: 0.0450  d4.loss_cls: 0.3263  d4.loss_bbox: 0.0234  d4.loss_iou: 0.0448  enc_loss_cls: 0.3571  enc_loss_bbox: 0.0421  enc_loss_iou: 0.0792  dn_loss_cls: 0.2515  dn_loss_bbox: 0.0261  dn_loss_iou: 0.0484  d0.dn_loss_cls: 0.2751  d0.dn_loss_bbox: 0.0652  d0.dn_loss_iou: 0.1231  d1.dn_loss_cls: 0.2661  d1.dn_loss_bbox: 0.0321  d1.dn_loss_iou: 0.0600  d2.dn_loss_cls: 0.2634  d2.dn_loss_bbox: 0.0268  d2.dn_loss_iou: 0.0497  d3.dn_loss_cls: 0.2582  d3.dn_loss_bbox: 0.0260  d3.dn_loss_iou: 0.0485  d4.dn_loss_cls: 0.2527  d4.dn_loss_bbox: 0.0261  d4.dn_loss_iou: 0.0485  d1.loss_lmm_region: 0.2052  loss_lmm_image: 0.5026
2026/02/05 18:18:36 - mmengine - INFO - Iter(train) [17200/18000]  base_lr: 1.0000e-06 lr: 1.0000e-06  eta: 0:14:51  time: 1.0442  data_time: 0.0144  memory: 25192  grad_norm: 25.6746  loss: 4.8872  loss_cls: 0.2880  loss_bbox: 0.0192  loss_iou: 0.0366  d0.loss_cls: 0.3081  d0.loss_bbox: 0.0211  d0.loss_iou: 0.0424  d1.loss_cls: 0.2985  d1.loss_bbox: 0.0189  d1.loss_iou: 0.0378  d2.loss_cls: 0.2934  d2.loss_bbox: 0.0185  d2.loss_iou: 0.0358  d3.loss_cls: 0.2904  d3.loss_bbox: 0.0184  d3.loss_iou: 0.0361  d4.loss_cls: 0.2889  d4.loss_bbox: 0.0192  d4.loss_iou: 0.0366  enc_loss_cls: 0.3121  enc_loss_bbox: 0.0337  enc_loss_iou: 0.0661  dn_loss_cls: 0.2014  dn_loss_bbox: 0.0191  dn_loss_iou: 0.0372  d0.dn_loss_cls: 0.2262  d0.dn_loss_bbox: 0.0532  d0.dn_loss_iou: 0.1021  d1.dn_loss_cls: 0.2173  d1.dn_loss_bbox: 0.0245  d1.dn_loss_iou: 0.0484  d2.dn_loss_cls: 0.2131  d2.dn_loss_bbox: 0.0200  d2.dn_loss_iou: 0.0391  d3.dn_loss_cls: 0.2072  d3.dn_loss_bbox: 0.0191  d3.dn_loss_iou: 0.0375  d4.dn_loss_cls: 0.2027  d4.dn_loss_bbox: 0.0191  d4.dn_loss_iou: 0.0372  d1.loss_lmm_region: 0.1905  loss_lmm_image: 0.4524
2026/02/05 18:20:19 - mmengine - INFO - Iter(train) [17300/18000]  base_lr: 1.0000e-06 lr: 1.0000e-06  eta: 0:12:57  time: 1.0331  data_time: 0.0146  memory: 25079  grad_norm: 24.1213  loss: 5.2327  loss_cls: 0.3125  loss_bbox: 0.0202  loss_iou: 0.0386  d0.loss_cls: 0.3338  d0.loss_bbox: 0.0235  d0.loss_iou: 0.0466  d1.loss_cls: 0.3245  d1.loss_bbox: 0.0209  d1.loss_iou: 0.0404  d2.loss_cls: 0.3192  d2.loss_bbox: 0.0208  d2.loss_iou: 0.0395  d3.loss_cls: 0.3144  d3.loss_bbox: 0.0201  d3.loss_iou: 0.0386  d4.loss_cls: 0.3138  d4.loss_bbox: 0.0201  d4.loss_iou: 0.0386  enc_loss_cls: 0.3440  enc_loss_bbox: 0.0383  enc_loss_iou: 0.0730  dn_loss_cls: 0.2196  dn_loss_bbox: 0.0195  dn_loss_iou: 0.0377  d0.dn_loss_cls: 0.2477  d0.dn_loss_bbox: 0.0542  d0.dn_loss_iou: 0.1041  d1.dn_loss_cls: 0.2376  d1.dn_loss_bbox: 0.0253  d1.dn_loss_iou: 0.0492  d2.dn_loss_cls: 0.2335  d2.dn_loss_bbox: 0.0206  d2.dn_loss_iou: 0.0397  d3.dn_loss_cls: 0.2281  d3.dn_loss_bbox: 0.0197  d3.dn_loss_iou: 0.0382  d4.dn_loss_cls: 0.2212  d4.dn_loss_bbox: 0.0195  d4.dn_loss_iou: 0.0377  d1.loss_lmm_region: 0.2131  loss_lmm_image: 0.4248
2026/02/05 18:22:03 - mmengine - INFO - Iter(train) [17400/18000]  base_lr: 1.0000e-06 lr: 1.0000e-06  eta: 0:11:04  time: 1.0283  data_time: 0.0148  memory: 25156  grad_norm: 25.6509  loss: 5.7656  loss_cls: 0.3429  loss_bbox: 0.0209  loss_iou: 0.0429  d0.loss_cls: 0.3672  d0.loss_bbox: 0.0263  d0.loss_iou: 0.0530  d1.loss_cls: 0.3593  d1.loss_bbox: 0.0234  d1.loss_iou: 0.0465  d2.loss_cls: 0.3522  d2.loss_bbox: 0.0215  d2.loss_iou: 0.0442  d3.loss_cls: 0.3474  d3.loss_bbox: 0.0211  d3.loss_iou: 0.0430  d4.loss_cls: 0.3444  d4.loss_bbox: 0.0209  d4.loss_iou: 0.0431  enc_loss_cls: 0.3725  enc_loss_bbox: 0.0413  enc_loss_iou: 0.0823  dn_loss_cls: 0.2399  dn_loss_bbox: 0.0212  dn_loss_iou: 0.0437  d0.dn_loss_cls: 0.2696  d0.dn_loss_bbox: 0.0633  d0.dn_loss_iou: 0.1227  d1.dn_loss_cls: 0.2593  d1.dn_loss_bbox: 0.0299  d1.dn_loss_iou: 0.0594  d2.dn_loss_cls: 0.2549  d2.dn_loss_bbox: 0.0232  d2.dn_loss_iou: 0.0475  d3.dn_loss_cls: 0.2494  d3.dn_loss_bbox: 0.0213  d3.dn_loss_iou: 0.0440  d4.dn_loss_cls: 0.2419  d4.dn_loss_bbox: 0.0212  d4.dn_loss_iou: 0.0437  d1.loss_lmm_region: 0.1950  loss_lmm_image: 0.4981
2026/02/05 18:23:47 - mmengine - INFO - Iter(train) [17500/18000]  base_lr: 1.0000e-06 lr: 1.0000e-06  eta: 0:09:12  time: 1.0371  data_time: 0.0146  memory: 25283  grad_norm: 23.6426  loss: 4.9220  loss_cls: 0.2746  loss_bbox: 0.0238  loss_iou: 0.0408  d0.loss_cls: 0.2949  d0.loss_bbox: 0.0244  d0.loss_iou: 0.0442  d1.loss_cls: 0.2850  d1.loss_bbox: 0.0234  d1.loss_iou: 0.0410  d2.loss_cls: 0.2833  d2.loss_bbox: 0.0231  d2.loss_iou: 0.0406  d3.loss_cls: 0.2772  d3.loss_bbox: 0.0233  d3.loss_iou: 0.0405  d4.loss_cls: 0.2756  d4.loss_bbox: 0.0238  d4.loss_iou: 0.0411  enc_loss_cls: 0.3010  enc_loss_bbox: 0.0383  enc_loss_iou: 0.0705  dn_loss_cls: 0.2013  dn_loss_bbox: 0.0230  dn_loss_iou: 0.0400  d0.dn_loss_cls: 0.2302  d0.dn_loss_bbox: 0.0558  d0.dn_loss_iou: 0.1015  d1.dn_loss_cls: 0.2211  d1.dn_loss_bbox: 0.0275  d1.dn_loss_iou: 0.0501  d2.dn_loss_cls: 0.2148  d2.dn_loss_bbox: 0.0232  d2.dn_loss_iou: 0.0413  d3.dn_loss_cls: 0.2108  d3.dn_loss_bbox: 0.0227  d3.dn_loss_iou: 0.0400  d4.dn_loss_cls: 0.2027  d4.dn_loss_bbox: 0.0230  d4.dn_loss_iou: 0.0400  d1.loss_lmm_region: 0.1961  loss_lmm_image: 0.4663
2026/02/05 18:25:31 - mmengine - INFO - Iter(train) [17600/18000]  base_lr: 1.0000e-06 lr: 1.0000e-06  eta: 0:07:21  time: 1.0333  data_time: 0.0149  memory: 25255  grad_norm: 26.2245  loss: 5.2135  loss_cls: 0.3011  loss_bbox: 0.0187  loss_iou: 0.0354  d0.loss_cls: 0.3226  d0.loss_bbox: 0.0228  d0.loss_iou: 0.0445  d1.loss_cls: 0.3140  d1.loss_bbox: 0.0193  d1.loss_iou: 0.0377  d2.loss_cls: 0.3072  d2.loss_bbox: 0.0191  d2.loss_iou: 0.0365  d3.loss_cls: 0.3043  d3.loss_bbox: 0.0188  d3.loss_iou: 0.0355  d4.loss_cls: 0.3024  d4.loss_bbox: 0.0187  d4.loss_iou: 0.0353  enc_loss_cls: 0.3333  enc_loss_bbox: 0.0356  enc_loss_iou: 0.0709  dn_loss_cls: 0.2195  dn_loss_bbox: 0.0200  dn_loss_iou: 0.0389  d0.dn_loss_cls: 0.2514  d0.dn_loss_bbox: 0.0558  d0.dn_loss_iou: 0.1091  d1.dn_loss_cls: 0.2409  d1.dn_loss_bbox: 0.0267  d1.dn_loss_iou: 0.0518  d2.dn_loss_cls: 0.2360  d2.dn_loss_bbox: 0.0213  d2.dn_loss_iou: 0.0419  d3.dn_loss_cls: 0.2320  d3.dn_loss_bbox: 0.0204  d3.dn_loss_iou: 0.0392  d4.dn_loss_cls: 0.2217  d4.dn_loss_bbox: 0.0200  d4.dn_loss_iou: 0.0388  d1.loss_lmm_region: 0.2047  loss_lmm_image: 0.4898
2026/02/05 18:27:15 - mmengine - INFO - Iter(train) [17700/18000]  base_lr: 1.0000e-06 lr: 1.0000e-06  eta: 0:05:30  time: 1.0507  data_time: 0.0143  memory: 25203  grad_norm: 23.7225  loss: 4.6585  loss_cls: 0.2577  loss_bbox: 0.0211  loss_iou: 0.0376  d0.loss_cls: 0.2709  d0.loss_bbox: 0.0233  d0.loss_iou: 0.0439  d1.loss_cls: 0.2636  d1.loss_bbox: 0.0212  d1.loss_iou: 0.0382  d2.loss_cls: 0.2605  d2.loss_bbox: 0.0212  d2.loss_iou: 0.0376  d3.loss_cls: 0.2596  d3.loss_bbox: 0.0212  d3.loss_iou: 0.0376  d4.loss_cls: 0.2571  d4.loss_bbox: 0.0211  d4.loss_iou: 0.0376  enc_loss_cls: 0.2828  enc_loss_bbox: 0.0339  enc_loss_iou: 0.0647  dn_loss_cls: 0.1838  dn_loss_bbox: 0.0232  dn_loss_iou: 0.0414  d0.dn_loss_cls: 0.2134  d0.dn_loss_bbox: 0.0529  d0.dn_loss_iou: 0.0984  d1.dn_loss_cls: 0.2033  d1.dn_loss_bbox: 0.0279  d1.dn_loss_iou: 0.0512  d2.dn_loss_cls: 0.1978  d2.dn_loss_bbox: 0.0244  d2.dn_loss_iou: 0.0431  d3.dn_loss_cls: 0.1929  d3.dn_loss_bbox: 0.0234  d3.dn_loss_iou: 0.0416  d4.dn_loss_cls: 0.1847  d4.dn_loss_bbox: 0.0231  d4.dn_loss_iou: 0.0414  d1.loss_lmm_region: 0.1927  loss_lmm_image: 0.4856
2026/02/05 18:28:59 - mmengine - INFO - Iter(train) [17800/18000]  base_lr: 1.0000e-06 lr: 1.0000e-06  eta: 0:03:39  time: 1.0378  data_time: 0.0145  memory: 25179  grad_norm: 26.0262  loss: 5.2146  loss_cls: 0.2932  loss_bbox: 0.0207  loss_iou: 0.0377  d0.loss_cls: 0.3145  d0.loss_bbox: 0.0238  d0.loss_iou: 0.0444  d1.loss_cls: 0.3077  d1.loss_bbox: 0.0206  d1.loss_iou: 0.0390  d2.loss_cls: 0.3028  d2.loss_bbox: 0.0198  d2.loss_iou: 0.0371  d3.loss_cls: 0.2983  d3.loss_bbox: 0.0208  d3.loss_iou: 0.0377  d4.loss_cls: 0.2946  d4.loss_bbox: 0.0207  d4.loss_iou: 0.0377  enc_loss_cls: 0.3238  enc_loss_bbox: 0.0364  enc_loss_iou: 0.0697  dn_loss_cls: 0.2224  dn_loss_bbox: 0.0250  dn_loss_iou: 0.0418  d0.dn_loss_cls: 0.2590  d0.dn_loss_bbox: 0.0583  d0.dn_loss_iou: 0.1084  d1.dn_loss_cls: 0.2505  d1.dn_loss_bbox: 0.0302  d1.dn_loss_iou: 0.0530  d2.dn_loss_cls: 0.2425  d2.dn_loss_bbox: 0.0256  d2.dn_loss_iou: 0.0437  d3.dn_loss_cls: 0.2366  d3.dn_loss_bbox: 0.0250  d3.dn_loss_iou: 0.0420  d4.dn_loss_cls: 0.2254  d4.dn_loss_bbox: 0.0250  d4.dn_loss_iou: 0.0418  d1.loss_lmm_region: 0.2103  loss_lmm_image: 0.4471
2026/02/05 18:30:42 - mmengine - INFO - Iter(train) [17900/18000]  base_lr: 1.0000e-06 lr: 1.0000e-06  eta: 0:01:49  time: 1.0351  data_time: 0.0146  memory: 25086  grad_norm: 24.4175  loss: 4.5302  loss_cls: 0.2458  loss_bbox: 0.0159  loss_iou: 0.0333  d0.loss_cls: 0.2634  d0.loss_bbox: 0.0191  d0.loss_iou: 0.0403  d1.loss_cls: 0.2565  d1.loss_bbox: 0.0167  d1.loss_iou: 0.0349  d2.loss_cls: 0.2513  d2.loss_bbox: 0.0162  d2.loss_iou: 0.0338  d3.loss_cls: 0.2462  d3.loss_bbox: 0.0161  d3.loss_iou: 0.0339  d4.loss_cls: 0.2475  d4.loss_bbox: 0.0159  d4.loss_iou: 0.0333  enc_loss_cls: 0.2687  enc_loss_bbox: 0.0302  enc_loss_iou: 0.0619  dn_loss_cls: 0.1889  dn_loss_bbox: 0.0222  dn_loss_iou: 0.0390  d0.dn_loss_cls: 0.2209  d0.dn_loss_bbox: 0.0526  d0.dn_loss_iou: 0.0975  d1.dn_loss_cls: 0.2111  d1.dn_loss_bbox: 0.0262  d1.dn_loss_iou: 0.0486  d2.dn_loss_cls: 0.2037  d2.dn_loss_bbox: 0.0231  d2.dn_loss_iou: 0.0406  d3.dn_loss_cls: 0.1982  d3.dn_loss_bbox: 0.0224  d3.dn_loss_iou: 0.0392  d4.dn_loss_cls: 0.1918  d4.dn_loss_bbox: 0.0222  d4.dn_loss_iou: 0.0390  d1.loss_lmm_region: 0.1932  loss_lmm_image: 0.4686
2026/02/05 18:32:26 - mmengine - INFO - Exp name: grounding_dino_swin_t_20260205_172734
2026/02/05 18:32:26 - mmengine - INFO - Iter(train) [18000/18000]  base_lr: 1.0000e-06 lr: 1.0000e-06  eta: 0:00:00  time: 1.0360  data_time: 0.0147  memory: 25182  grad_norm: 26.1353  loss: 5.6106  loss_cls: 0.3278  loss_bbox: 0.0231  loss_iou: 0.0447  d0.loss_cls: 0.3513  d0.loss_bbox: 0.0257  d0.loss_iou: 0.0516  d1.loss_cls: 0.3429  d1.loss_bbox: 0.0224  d1.loss_iou: 0.0451  d2.loss_cls: 0.3373  d2.loss_bbox: 0.0232  d2.loss_iou: 0.0449  d3.loss_cls: 0.3320  d3.loss_bbox: 0.0228  d3.loss_iou: 0.0446  d4.loss_cls: 0.3301  d4.loss_bbox: 0.0230  d4.loss_iou: 0.0446  enc_loss_cls: 0.3597  enc_loss_bbox: 0.0405  enc_loss_iou: 0.0825  dn_loss_cls: 0.2297  dn_loss_bbox: 0.0219  dn_loss_iou: 0.0435  d0.dn_loss_cls: 0.2675  d0.dn_loss_bbox: 0.0599  d0.dn_loss_iou: 0.1148  d1.dn_loss_cls: 0.2553  d1.dn_loss_bbox: 0.0284  d1.dn_loss_iou: 0.0565  d2.dn_loss_cls: 0.2476  d2.dn_loss_bbox: 0.0233  d2.dn_loss_iou: 0.0461  d3.dn_loss_cls: 0.2426  d3.dn_loss_bbox: 0.0220  d3.dn_loss_iou: 0.0437  d4.dn_loss_cls: 0.2330  d4.dn_loss_bbox: 0.0219  d4.dn_loss_iou: 0.0435  d1.loss_lmm_region: 0.2222  loss_lmm_image: 0.4673
2026/02/05 18:32:26 - mmengine - INFO - Saving checkpoint at 18000 iterations
2026/02/05 18:32:46 - mmengine - INFO - Iter(val) [ 100/2445]    eta: 0:04:32  time: 0.1134  data_time: 0.0015  memory: 5168  
2026/02/05 18:32:57 - mmengine - INFO - Iter(val) [ 200/2445]    eta: 0:04:18  time: 0.1139  data_time: 0.0015  memory: 5137  
2026/02/05 18:33:09 - mmengine - INFO - Iter(val) [ 300/2445]    eta: 0:04:06  time: 0.1150  data_time: 0.0015  memory: 5138  
2026/02/05 18:33:20 - mmengine - INFO - Iter(val) [ 400/2445]    eta: 0:03:54  time: 0.1143  data_time: 0.0015  memory: 5145  
2026/02/05 18:33:32 - mmengine - INFO - Iter(val) [ 500/2445]    eta: 0:03:43  time: 0.1142  data_time: 0.0015  memory: 5152  
2026/02/05 18:33:43 - mmengine - INFO - Iter(val) [ 600/2445]    eta: 0:03:31  time: 0.1144  data_time: 0.0016  memory: 5130  
2026/02/05 18:33:54 - mmengine - INFO - Iter(val) [ 700/2445]    eta: 0:03:19  time: 0.1147  data_time: 0.0016  memory: 5144  
2026/02/05 18:34:06 - mmengine - INFO - Iter(val) [ 800/2445]    eta: 0:03:08  time: 0.1138  data_time: 0.0016  memory: 5130  
2026/02/05 18:34:17 - mmengine - INFO - Iter(val) [ 900/2445]    eta: 0:02:56  time: 0.1140  data_time: 0.0016  memory: 5152  
2026/02/05 18:34:29 - mmengine - INFO - Iter(val) [1000/2445]    eta: 0:02:45  time: 0.1144  data_time: 0.0016  memory: 5130  
2026/02/05 18:34:40 - mmengine - INFO - Iter(val) [1100/2445]    eta: 0:02:33  time: 0.1143  data_time: 0.0016  memory: 5140  
2026/02/05 18:34:52 - mmengine - INFO - Iter(val) [1200/2445]    eta: 0:02:22  time: 0.1141  data_time: 0.0015  memory: 5134  
2026/02/05 18:35:03 - mmengine - INFO - Iter(val) [1300/2445]    eta: 0:02:11  time: 0.1168  data_time: 0.0016  memory: 5122  
2026/02/05 18:35:15 - mmengine - INFO - Iter(val) [1400/2445]    eta: 0:01:59  time: 0.1146  data_time: 0.0017  memory: 5134  
2026/02/05 18:35:26 - mmengine - INFO - Iter(val) [1500/2445]    eta: 0:01:48  time: 0.1137  data_time: 0.0015  memory: 5151  
2026/02/05 18:35:38 - mmengine - INFO - Iter(val) [1600/2445]    eta: 0:01:36  time: 0.1140  data_time: 0.0015  memory: 5130  
2026/02/05 18:35:49 - mmengine - INFO - Iter(val) [1700/2445]    eta: 0:01:25  time: 0.1150  data_time: 0.0016  memory: 5132  
2026/02/05 18:36:00 - mmengine - INFO - Iter(val) [1800/2445]    eta: 0:01:13  time: 0.1136  data_time: 0.0015  memory: 5144  
2026/02/05 18:36:12 - mmengine - INFO - Iter(val) [1900/2445]    eta: 0:01:02  time: 0.1145  data_time: 0.0015  memory: 5132  
2026/02/05 18:36:23 - mmengine - INFO - Iter(val) [2000/2445]    eta: 0:00:50  time: 0.1141  data_time: 0.0016  memory: 5137  
2026/02/05 18:36:35 - mmengine - INFO - Iter(val) [2100/2445]    eta: 0:00:39  time: 0.1133  data_time: 0.0015  memory: 5137  
2026/02/05 18:36:46 - mmengine - INFO - Iter(val) [2200/2445]    eta: 0:00:28  time: 0.1144  data_time: 0.0017  memory: 5136  
2026/02/05 18:36:57 - mmengine - INFO - Iter(val) [2300/2445]    eta: 0:00:16  time: 0.1143  data_time: 0.0016  memory: 5148  
2026/02/05 18:37:09 - mmengine - INFO - Iter(val) [2400/2445]    eta: 0:00:05  time: 0.1135  data_time: 0.0016  memory: 5129  
2026/02/05 18:37:19 - mmengine - INFO - {'recall@1': 0.10701527059592865, 'recall@5': 0.28200346343412813, 'recall@10': 0.39455296268936874}
2026/02/05 18:37:19 - mmengine - INFO - Iter(val) [2445/2445]    lvis_fixed_ap/AP: 0.4160  lvis_fixed_ap/AP50: 0.5257  lvis_fixed_ap/AP75: 0.4424  lvis_fixed_ap/APs: 0.3797  lvis_fixed_ap/APm: 0.5411  lvis_fixed_ap/APl: 0.6120  lvis_fixed_ap/APr: 0.2916  lvis_fixed_ap/APc: 0.3625  lvis_fixed_ap/APf: 0.4858  odvg/recall@1: 0.1070  odvg/recall@5: 0.2820  odvg/recall@10: 0.3946  data_time: 0.0016  time: 0.1143
