2026/02/06 22:42:30 - mmengine - INFO - 
------------------------------------------------------------
System environment:
    sys.platform: linux
    Python: 3.11.9 | packaged by conda-forge | (main, Apr 19 2024, 18:36:13) [GCC 12.3.0]
    CUDA available: True
    MUSA available: False
    numpy_random_seed: 624982218
    GPU 0,1,2,3,4,5,6,7: NVIDIA A100-SXM4-40GB
    CUDA_HOME: /opt/conda/
    NVCC: Cuda compilation tools, release 12.2, V12.2.140
    GCC: gcc (Ubuntu 11.4.0-1ubuntu1~22.04) 11.4.0
    PyTorch: 2.2.2+cu121
    PyTorch compiling details: PyTorch built with:
  - GCC 9.3
  - C++ Version: 201703
  - Intel(R) oneAPI Math Kernel Library Version 2022.2-Product Build 20220804 for Intel(R) 64 architecture applications
  - Intel(R) MKL-DNN v3.3.2 (Git Hash 2dc95a2ad0841e29db8b22fbccaf3e5da7992b01)
  - OpenMP 201511 (a.k.a. OpenMP 4.5)
  - LAPACK is enabled (usually provided by MKL)
  - NNPACK is enabled
  - CPU capability usage: AVX512
  - CUDA Runtime 12.1
  - NVCC architecture flags: -gencode;arch=compute_50,code=sm_50;-gencode;arch=compute_60,code=sm_60;-gencode;arch=compute_70,code=sm_70;-gencode;arch=compute_75,code=sm_75;-gencode;arch=compute_80,code=sm_80;-gencode;arch=compute_86,code=sm_86;-gencode;arch=compute_90,code=sm_90
  - CuDNN 8.9.2
  - Magma 2.6.1
  - Build settings: BLAS_INFO=mkl, BUILD_TYPE=Release, CUDA_VERSION=12.1, CUDNN_VERSION=8.9.2, CXX_COMPILER=/opt/rh/devtoolset-9/root/usr/bin/c++, CXX_FLAGS= -D_GLIBCXX_USE_CXX11_ABI=0 -fabi-version=11 -fvisibility-inlines-hidden -DUSE_PTHREADPOOL -DNDEBUG -DUSE_KINETO -DLIBKINETO_NOROCTRACER -DUSE_FBGEMM -DUSE_QNNPACK -DUSE_PYTORCH_QNNPACK -DUSE_XNNPACK -DSYMBOLICATE_MOBILE_DEBUG_HANDLE -O2 -fPIC -Wall -Wextra -Werror=return-type -Werror=non-virtual-dtor -Werror=bool-operation -Wnarrowing -Wno-missing-field-initializers -Wno-type-limits -Wno-array-bounds -Wno-unknown-pragmas -Wno-unused-parameter -Wno-unused-function -Wno-unused-result -Wno-strict-overflow -Wno-strict-aliasing -Wno-stringop-overflow -Wsuggest-override -Wno-psabi -Wno-error=pedantic -Wno-error=old-style-cast -Wno-missing-braces -fdiagnostics-color=always -faligned-new -Wno-unused-but-set-variable -Wno-maybe-uninitialized -fno-math-errno -fno-trapping-math -Werror=format -Wno-stringop-overflow, LAPACK_INFO=mkl, PERF_WITH_AVX=1, PERF_WITH_AVX2=1, PERF_WITH_AVX512=1, TORCH_VERSION=2.2.2, USE_CUDA=ON, USE_CUDNN=ON, USE_EXCEPTION_PTR=1, USE_GFLAGS=OFF, USE_GLOG=OFF, USE_MKL=ON, USE_MKLDNN=ON, USE_MPI=OFF, USE_NCCL=1, USE_NNPACK=ON, USE_OPENMP=ON, USE_ROCM=OFF, USE_ROCM_KERNEL_ASSERT=OFF, 

    TorchVision: 0.17.2+cu121
    OpenCV: 4.11.0
    MMEngine: 0.10.7

Runtime environment:
    cudnn_benchmark: False
    mp_cfg: {'mp_start_method': 'fork', 'opencv_num_threads': 0}
    dist_cfg: {'backend': 'nccl', 'timeout': 3600}
    seed: 624982218
    Distributed launcher: pytorch
    Distributed training: True
    GPU number: 8
------------------------------------------------------------

2026/02/06 22:42:31 - mmengine - INFO - Config:
auto_scale_lr = dict(base_batch_size=16, enable=True)
backend_args = None
caption_dataset = dict(
    actual_dataset_mode='OD',
    ann_file='LLaVA-ReCap-558K_tag_box_vg7.jsonl',
    backend_args=None,
    clean_caption=True,
    data_prefix=dict(img='images/'),
    data_root='../grounding_data/llava_cap/',
    filter_cfg=dict(filter_empty_gt=False),
    label_map_file=None,
    pipeline=[
        dict(backend_args=None, type='LoadImageFromFile'),
        dict(type='LoadAnnotations', with_bbox=True),
        dict(
            keep_ratio=True,
            scales=[
                (
                    480,
                    1333,
                ),
                (
                    512,
                    1333,
                ),
                (
                    544,
                    1333,
                ),
                (
                    576,
                    1333,
                ),
                (
                    608,
                    1333,
                ),
                (
                    640,
                    1333,
                ),
                (
                    672,
                    1333,
                ),
                (
                    704,
                    1333,
                ),
                (
                    736,
                    1333,
                ),
                (
                    768,
                    1333,
                ),
                (
                    800,
                    1333,
                ),
            ],
            type='RandomChoiceResize'),
        dict(min_gt_bbox_wh=(
            0.01,
            0.01,
        ), type='FilterAnnotations'),
        dict(
            lmm_max_token_length=1600,
            max_tokens=256,
            num_region_caption=16,
            num_sample_negative=85,
            tokenizer_name='../huggingface/bert-base-uncased/',
            tokenizer_name2=
            '../huggingface/my_llava-onevision-qwen2-0.5b-ov-2/',
            type='RandomSamplingNegPos2'),
        dict(
            meta_keys=(
                'img_id',
                'img_path',
                'ori_shape',
                'img_shape',
                'scale_factor',
                'flip',
                'flip_direction',
                'text',
                'tags',
                'contrast_conv',
                'custom_entities',
                'tokens_positive',
                'dataset_mode',
                'conversations',
                'region_conversations',
            ),
            type='PackDetInputs'),
    ],
    return_classes=True,
    type='ODVGDataset',
    use_short_cap=False,
    use_uniform_prompt=True)
clean_caption = True
coco2017_train_dataset = dict(
    actual_dataset_mode='OD',
    ann_file='annotations/instances_train2017_vg_merged6.jsonl',
    backend_args=None,
    clean_caption=True,
    data_prefix=dict(img='train2017'),
    data_root='../grounding_data/coco/',
    filter_cfg=dict(filter_empty_gt=False),
    pipeline=[
        dict(backend_args=None, type='LoadImageFromFile'),
        dict(type='LoadAnnotations', with_bbox=True),
        dict(
            keep_ratio=True,
            scales=[
                (
                    480,
                    1333,
                ),
                (
                    512,
                    1333,
                ),
                (
                    544,
                    1333,
                ),
                (
                    576,
                    1333,
                ),
                (
                    608,
                    1333,
                ),
                (
                    640,
                    1333,
                ),
                (
                    672,
                    1333,
                ),
                (
                    704,
                    1333,
                ),
                (
                    736,
                    1333,
                ),
                (
                    768,
                    1333,
                ),
                (
                    800,
                    1333,
                ),
            ],
            type='RandomChoiceResize'),
        dict(min_gt_bbox_wh=(
            0.01,
            0.01,
        ), type='FilterAnnotations'),
        dict(
            lmm_max_token_length=1600,
            max_tokens=256,
            num_region_caption=16,
            num_sample_negative=85,
            tokenizer_name='../huggingface/bert-base-uncased/',
            tokenizer_name2=
            '../huggingface/my_llava-onevision-qwen2-0.5b-ov-2/',
            type='RandomSamplingNegPos2'),
        dict(
            meta_keys=(
                'img_id',
                'img_path',
                'ori_shape',
                'img_shape',
                'scale_factor',
                'flip',
                'flip_direction',
                'text',
                'tags',
                'contrast_conv',
                'custom_entities',
                'tokens_positive',
                'dataset_mode',
                'conversations',
                'region_conversations',
            ),
            type='PackDetInputs'),
    ],
    return_classes=True,
    type='ODVGDataset',
    use_short_cap=False,
    use_uniform_prompt=True)
data_root = '../grounding_data/coco/'
dataset_type = 'LVISV1Dataset'
default_hooks = dict(
    checkpoint=dict(
        by_epoch=False,
        interval=1500,
        max_keep_ckpts=30,
        type='CheckpointHook'),
    logger=dict(interval=100, type='LoggerHook'),
    param_scheduler=dict(type='ParamSchedulerHook'),
    sampler_seed=dict(type='DistSamplerSeedHook'),
    timer=dict(type='IterTimerHook'),
    visualization=dict(type='GroundingVisualizationHook'))
default_scope = 'mmdet'
env_cfg = dict(
    cudnn_benchmark=False,
    dist_cfg=dict(backend='nccl', timeout=3600),
    mp_cfg=dict(mp_start_method='fork', opencv_num_threads=0))
flickr30k_dataset = dict(
    actual_dataset_mode='VG',
    ann_file='flickr_train_vg7.jsonl',
    backend_args=None,
    clean_caption=True,
    data_prefix=dict(img='flickr30k_images/'),
    data_root='../grounding_data/flickr30k_entities/',
    filter_cfg=dict(filter_empty_gt=False),
    label_map_file=None,
    pipeline=[
        dict(backend_args=None, type='LoadImageFromFile'),
        dict(type='LoadAnnotations', with_bbox=True),
        dict(
            keep_ratio=True,
            scales=[
                (
                    480,
                    1333,
                ),
                (
                    512,
                    1333,
                ),
                (
                    544,
                    1333,
                ),
                (
                    576,
                    1333,
                ),
                (
                    608,
                    1333,
                ),
                (
                    640,
                    1333,
                ),
                (
                    672,
                    1333,
                ),
                (
                    704,
                    1333,
                ),
                (
                    736,
                    1333,
                ),
                (
                    768,
                    1333,
                ),
                (
                    800,
                    1333,
                ),
            ],
            type='RandomChoiceResize'),
        dict(min_gt_bbox_wh=(
            0.01,
            0.01,
        ), type='FilterAnnotations'),
        dict(
            lmm_max_token_length=1600,
            max_tokens=256,
            num_region_caption=16,
            num_sample_negative=85,
            tokenizer_name='../huggingface/bert-base-uncased/',
            tokenizer_name2=
            '../huggingface/my_llava-onevision-qwen2-0.5b-ov-2/',
            type='RandomSamplingNegPos2'),
        dict(
            meta_keys=(
                'img_id',
                'img_path',
                'ori_shape',
                'img_shape',
                'scale_factor',
                'flip',
                'flip_direction',
                'text',
                'tags',
                'contrast_conv',
                'custom_entities',
                'tokens_positive',
                'dataset_mode',
                'conversations',
                'region_conversations',
            ),
            type='PackDetInputs'),
    ],
    return_classes=True,
    type='ODVGDataset',
    use_short_cap=False,
    use_uniform_prompt=True)
gqa_dataset = dict(
    actual_dataset_mode='VG',
    ann_file='gqa_train_vg7.jsonl',
    backend_args=None,
    clean_caption=True,
    data_prefix=dict(img='images/'),
    data_root='../grounding_data/gqa/',
    filter_cfg=dict(filter_empty_gt=False),
    label_map_file=None,
    pipeline=[
        dict(backend_args=None, type='LoadImageFromFile'),
        dict(type='LoadAnnotations', with_bbox=True),
        dict(
            keep_ratio=True,
            scales=[
                (
                    480,
                    1333,
                ),
                (
                    512,
                    1333,
                ),
                (
                    544,
                    1333,
                ),
                (
                    576,
                    1333,
                ),
                (
                    608,
                    1333,
                ),
                (
                    640,
                    1333,
                ),
                (
                    672,
                    1333,
                ),
                (
                    704,
                    1333,
                ),
                (
                    736,
                    1333,
                ),
                (
                    768,
                    1333,
                ),
                (
                    800,
                    1333,
                ),
            ],
            type='RandomChoiceResize'),
        dict(min_gt_bbox_wh=(
            0.01,
            0.01,
        ), type='FilterAnnotations'),
        dict(
            lmm_max_token_length=1600,
            max_tokens=256,
            num_region_caption=16,
            num_sample_negative=85,
            tokenizer_name='../huggingface/bert-base-uncased/',
            tokenizer_name2=
            '../huggingface/my_llava-onevision-qwen2-0.5b-ov-2/',
            type='RandomSamplingNegPos2'),
        dict(
            meta_keys=(
                'img_id',
                'img_path',
                'ori_shape',
                'img_shape',
                'scale_factor',
                'flip',
                'flip_direction',
                'text',
                'tags',
                'contrast_conv',
                'custom_entities',
                'tokens_positive',
                'dataset_mode',
                'conversations',
                'region_conversations',
            ),
            type='PackDetInputs'),
    ],
    return_classes=True,
    type='ODVGDataset',
    use_short_cap=False,
    use_uniform_prompt=True)
lang_model_name = '../huggingface/bert-base-uncased/'
launcher = 'pytorch'
lmm_max_token_length = 1600
lmm_path = '../huggingface/my_llava-onevision-qwen2-0.5b-ov-2/'
load_from = '/home/jovyan/Computer_vision/LLMDet/work_dirs/grounding_dino_swin_t/iter_25000.pth'
log_level = 'INFO'
log_processor = dict(by_epoch=False, type='LogProcessor', window_size=50)
max_iter = 35000
model = dict(
    as_two_stage=True,
    backbone=dict(
        attn_drop_rate=0.0,
        convert_weights=True,
        depths=[
            2,
            2,
            6,
            2,
        ],
        drop_path_rate=0.2,
        drop_rate=0.0,
        embed_dims=96,
        frozen_stages=-1,
        init_cfg=dict(checkpoint=None, type='Pretrained'),
        mlp_ratio=4,
        num_heads=[
            3,
            6,
            12,
            24,
        ],
        out_indices=(
            1,
            2,
            3,
        ),
        patch_norm=True,
        qk_scale=None,
        qkv_bias=True,
        type='SwinTransformer',
        window_size=7,
        with_cp=True),
    bbox_head=dict(
        contrastive_cfg=dict(bias=True, log_scale='auto', max_text_len=256),
        loss_bbox=dict(loss_weight=5.0, type='L1Loss'),
        loss_cls=dict(
            alpha=0.25,
            gamma=2.0,
            loss_weight=1.0,
            type='FocalLoss',
            use_sigmoid=True),
        num_classes=256,
        sync_cls_avg_factor=True,
        type='GroundingDINOHead'),
    data_preprocessor=dict(
        bgr_to_rgb=True,
        mean=[
            123.675,
            116.28,
            103.53,
        ],
        pad_mask=False,
        std=[
            58.395,
            57.12,
            57.375,
        ],
        type='DetDataPreprocessor'),
    decoder=dict(
        layer_cfg=dict(
            cross_attn_cfg=dict(dropout=0.0, embed_dims=256, num_heads=8),
            cross_attn_text_cfg=dict(dropout=0.0, embed_dims=256, num_heads=8),
            ffn_cfg=dict(
                embed_dims=256, feedforward_channels=2048, ffn_drop=0.0),
            self_attn_cfg=dict(dropout=0.0, embed_dims=256, num_heads=8)),
        num_layers=6,
        post_norm_cfg=None,
        return_intermediate=True),
    dn_cfg=dict(
        box_noise_scale=1.0,
        group_cfg=dict(dynamic=True, num_dn_queries=100, num_groups=None),
        label_noise_scale=0.5),
    encoder=dict(
        fusion_layer_cfg=dict(
            embed_dim=1024,
            init_values=0.0001,
            l_dim=256,
            num_heads=4,
            v_dim=256),
        layer_cfg=dict(
            ffn_cfg=dict(
                embed_dims=256, feedforward_channels=2048, ffn_drop=0.0),
            self_attn_cfg=dict(dropout=0.0, embed_dims=256, num_levels=4)),
        num_cp=0,
        num_layers=6,
        text_layer_cfg=dict(
            ffn_cfg=dict(
                embed_dims=256, feedforward_channels=1024, ffn_drop=0.0),
            self_attn_cfg=dict(dropout=0.0, embed_dims=256, num_heads=4))),
    feature_map_size=27,
    freeze_backbone=True,
    freeze_lm=False,
    language_model=dict(
        add_pooling_layer=False,
        max_tokens=256,
        name='../huggingface/bert-base-uncased/',
        pad_to_max=False,
        special_tokens_list=[
            '[CLS]',
            '[SEP]',
            '.',
            '?',
        ],
        type='BertModel',
        use_sub_sentence_represent=True),
    lmm='../huggingface/my_llava-onevision-qwen2-0.5b-ov-2/',
    lmm_connector=
    '../huggingface/my_llava-onevision-qwen2-0.5b-ov-2/mm_projector2.bin',
    lmm_connector_prefix='mm_projector',
    lmm_image_loss_weight=1.0,
    lmm_max_token_length=1600,
    lmm_new_layer_insert_type='all',
    lmm_region_loss_weight=1.0,
    lora_alpha=256,
    lora_dropout=0,
    lora_r=128,
    mini_query=False,
    neck=dict(
        act_cfg=None,
        bias=True,
        in_channels=[
            192,
            384,
            768,
        ],
        kernel_size=1,
        norm_cfg=dict(num_groups=32, type='GN'),
        num_outs=4,
        out_channels=256,
        type='ChannelMapper'),
    num_lmm_new_layers=6,
    num_queries=900,
    num_region_caption=16,
    positional_encoding=dict(
        normalize=True, num_feats=128, offset=0.0, temperature=20),
    test_cfg=dict(chunked_size=40, max_per_img=300),
    train_cfg=dict(
        assigner=dict(
            match_costs=[
                dict(type='BinaryFocalLossCost', weight=2.0),
                dict(box_format='xywh', type='BBoxL1Cost', weight=5.0),
                dict(iou_mode='giou', type='IoUCost', weight=2.0),
            ],
            type='HungarianAssigner')),
    type='GroundingDINO',
    use_image_level_cross_attn=False,
    use_lmm_cross_attn=True,
    use_lora=True,
    use_p4_input=True,
    use_p5_input=True,
    use_plora=False,
    use_query_input=False,
    with_box_refine=True)
model_wrapper_cfg = dict(
    find_unused_parameters=True, type='MMDistributedDataParallel')
num_region_caption = 16
optim_wrapper = dict(
    clip_grad=dict(max_norm=0.1, norm_type=2),
    optimizer=dict(lr=0.0001, type='AdamW', weight_decay=0.0001),
    paramwise_cfg=dict(
        custom_keys=dict(
            absolute_pos_embed=dict(decay_mult=0.0),
            backbone=dict(lr_mult=0.1),
            language_model=dict(lr_mult=0.1))),
    type='OptimWrapper')
param_scheduler = [
    dict(
        begin=0, by_epoch=False, end=1000, start_factor=0.001,
        type='LinearLR'),
    dict(
        begin=0,
        by_epoch=False,
        end=35000,
        gamma=0.1,
        milestones=[
            20000,
            23000,
        ],
        type='MultiStepLR'),
]
pretrained = None
randomness = dict(seed=624982218)
resume = True
student_behavior_dataset = dict(
    actual_dataset_mode='VG',
    ann_file='student_behavior_emotion_vg7_train.jsonl',
    backend_args=None,
    clean_caption=True,
    data_prefix=dict(img='frames/'),
    data_root='../grounding_data/frames1/',
    filter_cfg=dict(filter_empty_gt=False),
    label_map_file=None,
    pipeline=[
        dict(backend_args=None, type='LoadImageFromFile'),
        dict(type='LoadAnnotations', with_bbox=True),
        dict(
            keep_ratio=True,
            scales=[
                (
                    480,
                    1333,
                ),
                (
                    512,
                    1333,
                ),
                (
                    544,
                    1333,
                ),
                (
                    576,
                    1333,
                ),
                (
                    608,
                    1333,
                ),
                (
                    640,
                    1333,
                ),
                (
                    672,
                    1333,
                ),
                (
                    704,
                    1333,
                ),
                (
                    736,
                    1333,
                ),
                (
                    768,
                    1333,
                ),
                (
                    800,
                    1333,
                ),
            ],
            type='RandomChoiceResize'),
        dict(min_gt_bbox_wh=(
            0.01,
            0.01,
        ), type='FilterAnnotations'),
        dict(
            lmm_max_token_length=1600,
            max_tokens=256,
            num_region_caption=16,
            num_sample_negative=85,
            tokenizer_name='../huggingface/bert-base-uncased/',
            tokenizer_name2=
            '../huggingface/my_llava-onevision-qwen2-0.5b-ov-2/',
            type='RandomSamplingNegPos2'),
        dict(
            meta_keys=(
                'img_id',
                'img_path',
                'ori_shape',
                'img_shape',
                'scale_factor',
                'flip',
                'flip_direction',
                'text',
                'tags',
                'contrast_conv',
                'custom_entities',
                'tokens_positive',
                'dataset_mode',
                'conversations',
                'region_conversations',
            ),
            type='PackDetInputs'),
    ],
    return_classes=True,
    type='ODVGDataset',
    use_short_cap=False,
    use_uniform_prompt=True)
student_behavior_val_dataset = dict(
    actual_dataset_mode='VG',
    ann_file='student_behavior_emotion_vg7_val.jsonl',
    backend_args=None,
    clean_caption=True,
    data_prefix=dict(img='frames'),
    data_root='../grounding_data/frames1/',
    filter_cfg=dict(filter_empty_gt=False),
    label_map_file=None,
    pipeline=[
        dict(
            backend_args=None,
            imdecode_backend='pillow',
            type='LoadImageFromFile'),
        dict(
            backend='pillow',
            keep_ratio=True,
            scale=(
                800,
                1333,
            ),
            type='FixScaleResize'),
        dict(type='LoadAnnotations', with_bbox=True),
        dict(
            meta_keys=(
                'img_id',
                'img_path',
                'ori_shape',
                'img_shape',
                'scale_factor',
                'text',
                'custom_entities',
                'tokens_positive',
                'dataset_mode',
            ),
            type='PackDetInputs'),
    ],
    return_classes=True,
    test_mode=True,
    type='ODVGDataset',
    use_short_cap=False,
    use_uniform_prompt=True)
test_cfg = dict(type='TestLoop')
test_dataloader = dict(
    batch_size=1,
    dataset=dict(
        actual_dataset_mode='VG',
        ann_file='student_behavior_emotion_vg7_val.jsonl',
        backend_args=None,
        clean_caption=True,
        data_prefix=dict(img='frames'),
        data_root='../grounding_data/frames1/',
        filter_cfg=dict(filter_empty_gt=False),
        label_map_file=None,
        pipeline=[
            dict(
                backend_args=None,
                imdecode_backend='pillow',
                type='LoadImageFromFile'),
            dict(
                backend='pillow',
                keep_ratio=True,
                scale=(
                    800,
                    1333,
                ),
                type='FixScaleResize'),
            dict(type='LoadAnnotations', with_bbox=True),
            dict(
                meta_keys=(
                    'img_id',
                    'img_path',
                    'ori_shape',
                    'img_shape',
                    'scale_factor',
                    'text',
                    'custom_entities',
                    'tokens_positive',
                    'dataset_mode',
                ),
                type='PackDetInputs'),
        ],
        return_classes=True,
        test_mode=True,
        type='ODVGDataset',
        use_short_cap=False,
        use_uniform_prompt=True),
    drop_last=False,
    num_workers=2,
    persistent_workers=True,
    sampler=dict(shuffle=False, type='DefaultSampler'))
test_evaluator = dict(
    iou_thrs=0.5, topk=(
        1,
        5,
        10,
    ), type='ODVGRecallMetric')
test_pipeline = [
    dict(
        backend_args=None, imdecode_backend='pillow',
        type='LoadImageFromFile'),
    dict(
        backend='pillow',
        keep_ratio=True,
        scale=(
            800,
            1333,
        ),
        type='FixScaleResize'),
    dict(type='LoadAnnotations', with_bbox=True),
    dict(
        meta_keys=(
            'img_id',
            'img_path',
            'ori_shape',
            'img_shape',
            'scale_factor',
            'text',
            'custom_entities',
            'tokens_positive',
            'dataset_mode',
        ),
        type='PackDetInputs'),
]
train_cfg = dict(max_iters=35000, type='IterBasedTrainLoop', val_interval=3000)
train_dataloader = dict(
    batch_sampler=dict(type='AspectRatioBatchSampler'),
    batch_size=2,
    dataset=dict(
        datasets=[
            dict(
                actual_dataset_mode='VG',
                ann_file='student_behavior_emotion_vg7_train.jsonl',
                backend_args=None,
                clean_caption=True,
                data_prefix=dict(img='frames/'),
                data_root='../grounding_data/frames1/',
                filter_cfg=dict(filter_empty_gt=False),
                label_map_file=None,
                pipeline=[
                    dict(backend_args=None, type='LoadImageFromFile'),
                    dict(type='LoadAnnotations', with_bbox=True),
                    dict(
                        keep_ratio=True,
                        scales=[
                            (
                                480,
                                1333,
                            ),
                            (
                                512,
                                1333,
                            ),
                            (
                                544,
                                1333,
                            ),
                            (
                                576,
                                1333,
                            ),
                            (
                                608,
                                1333,
                            ),
                            (
                                640,
                                1333,
                            ),
                            (
                                672,
                                1333,
                            ),
                            (
                                704,
                                1333,
                            ),
                            (
                                736,
                                1333,
                            ),
                            (
                                768,
                                1333,
                            ),
                            (
                                800,
                                1333,
                            ),
                        ],
                        type='RandomChoiceResize'),
                    dict(
                        min_gt_bbox_wh=(
                            0.01,
                            0.01,
                        ),
                        type='FilterAnnotations'),
                    dict(
                        lmm_max_token_length=1600,
                        max_tokens=256,
                        num_region_caption=16,
                        num_sample_negative=85,
                        tokenizer_name='../huggingface/bert-base-uncased/',
                        tokenizer_name2=
                        '../huggingface/my_llava-onevision-qwen2-0.5b-ov-2/',
                        type='RandomSamplingNegPos2'),
                    dict(
                        meta_keys=(
                            'img_id',
                            'img_path',
                            'ori_shape',
                            'img_shape',
                            'scale_factor',
                            'flip',
                            'flip_direction',
                            'text',
                            'tags',
                            'contrast_conv',
                            'custom_entities',
                            'tokens_positive',
                            'dataset_mode',
                            'conversations',
                            'region_conversations',
                        ),
                        type='PackDetInputs'),
                ],
                return_classes=True,
                type='ODVGDataset',
                use_short_cap=False,
                use_uniform_prompt=True),
        ],
        type='ConcatDataset'),
    num_workers=4,
    persistent_workers=True,
    sampler=dict(shuffle=True, type='DefaultSampler'))
train_pipeline = [
    dict(backend_args=None, type='LoadImageFromFile'),
    dict(type='LoadAnnotations', with_bbox=True),
    dict(
        keep_ratio=True,
        scales=[
            (
                480,
                1333,
            ),
            (
                512,
                1333,
            ),
            (
                544,
                1333,
            ),
            (
                576,
                1333,
            ),
            (
                608,
                1333,
            ),
            (
                640,
                1333,
            ),
            (
                672,
                1333,
            ),
            (
                704,
                1333,
            ),
            (
                736,
                1333,
            ),
            (
                768,
                1333,
            ),
            (
                800,
                1333,
            ),
        ],
        type='RandomChoiceResize'),
    dict(min_gt_bbox_wh=(
        0.01,
        0.01,
    ), type='FilterAnnotations'),
    dict(
        lmm_max_token_length=1600,
        max_tokens=256,
        num_region_caption=16,
        num_sample_negative=85,
        tokenizer_name='../huggingface/bert-base-uncased/',
        tokenizer_name2='../huggingface/my_llava-onevision-qwen2-0.5b-ov-2/',
        type='RandomSamplingNegPos2'),
    dict(
        meta_keys=(
            'img_id',
            'img_path',
            'ori_shape',
            'img_shape',
            'scale_factor',
            'flip',
            'flip_direction',
            'text',
            'tags',
            'contrast_conv',
            'custom_entities',
            'tokens_positive',
            'dataset_mode',
            'conversations',
            'region_conversations',
        ),
        type='PackDetInputs'),
]
use_short_cap = False
use_uniform_prompt = True
v3det_dataset = dict(
    actual_dataset_mode='OD',
    ann_file='annotations/v3det_2023_v1_train_vg7.jsonl',
    backend_args=None,
    clean_caption=True,
    data_prefix=dict(img=''),
    data_root='../grounding_data/v3det/',
    filter_cfg=dict(filter_empty_gt=False),
    label_map_file=None,
    pipeline=[
        dict(backend_args=None, type='LoadImageFromFile'),
        dict(type='LoadAnnotations', with_bbox=True),
        dict(
            keep_ratio=True,
            scales=[
                (
                    480,
                    1333,
                ),
                (
                    512,
                    1333,
                ),
                (
                    544,
                    1333,
                ),
                (
                    576,
                    1333,
                ),
                (
                    608,
                    1333,
                ),
                (
                    640,
                    1333,
                ),
                (
                    672,
                    1333,
                ),
                (
                    704,
                    1333,
                ),
                (
                    736,
                    1333,
                ),
                (
                    768,
                    1333,
                ),
                (
                    800,
                    1333,
                ),
            ],
            type='RandomChoiceResize'),
        dict(min_gt_bbox_wh=(
            0.01,
            0.01,
        ), type='FilterAnnotations'),
        dict(
            lmm_max_token_length=1600,
            max_tokens=256,
            num_region_caption=16,
            num_sample_negative=85,
            tokenizer_name='../huggingface/bert-base-uncased/',
            tokenizer_name2=
            '../huggingface/my_llava-onevision-qwen2-0.5b-ov-2/',
            type='RandomSamplingNegPos2'),
        dict(
            meta_keys=(
                'img_id',
                'img_path',
                'ori_shape',
                'img_shape',
                'scale_factor',
                'flip',
                'flip_direction',
                'text',
                'tags',
                'contrast_conv',
                'custom_entities',
                'tokens_positive',
                'dataset_mode',
                'conversations',
                'region_conversations',
            ),
            type='PackDetInputs'),
    ],
    return_classes=True,
    type='ODVGDataset',
    use_short_cap=False,
    use_uniform_prompt=True)
val_cfg = dict(type='ValLoop')
val_dataloader = dict(
    batch_size=1,
    dataset=dict(
        actual_dataset_mode='VG',
        ann_file='student_behavior_emotion_vg7_val.jsonl',
        backend_args=None,
        clean_caption=True,
        data_prefix=dict(img='frames'),
        data_root='../grounding_data/frames1/',
        filter_cfg=dict(filter_empty_gt=False),
        label_map_file=None,
        pipeline=[
            dict(
                backend_args=None,
                imdecode_backend='pillow',
                type='LoadImageFromFile'),
            dict(
                backend='pillow',
                keep_ratio=True,
                scale=(
                    800,
                    1333,
                ),
                type='FixScaleResize'),
            dict(type='LoadAnnotations', with_bbox=True),
            dict(
                meta_keys=(
                    'img_id',
                    'img_path',
                    'ori_shape',
                    'img_shape',
                    'scale_factor',
                    'text',
                    'custom_entities',
                    'tokens_positive',
                    'dataset_mode',
                ),
                type='PackDetInputs'),
        ],
        return_classes=True,
        test_mode=True,
        type='ODVGDataset',
        use_short_cap=False,
        use_uniform_prompt=True),
    drop_last=False,
    num_workers=2,
    persistent_workers=True,
    sampler=dict(shuffle=False, type='DefaultSampler'))
val_evaluator = dict(
    iou_thrs=0.5, topk=(
        1,
        5,
        10,
    ), type='ODVGRecallMetric')
vis_backends = [
    dict(type='LocalVisBackend'),
]
visualizer = dict(
    name='visualizer',
    type='DetLocalVisualizer',
    vis_backends=[
        dict(type='LocalVisBackend'),
    ])
work_dir = './work_dirs/grounding_dino_swin_t'

2026/02/06 22:42:39 - mmengine - INFO - Hooks will be executed in the following order:
before_run:
(VERY_HIGH   ) RuntimeInfoHook                    
(BELOW_NORMAL) LoggerHook                         
 -------------------- 
before_train:
(VERY_HIGH   ) RuntimeInfoHook                    
(NORMAL      ) IterTimerHook                      
(VERY_LOW    ) CheckpointHook                     
 -------------------- 
before_train_epoch:
(VERY_HIGH   ) RuntimeInfoHook                    
(NORMAL      ) IterTimerHook                      
(NORMAL      ) DistSamplerSeedHook                
 -------------------- 
before_train_iter:
(VERY_HIGH   ) RuntimeInfoHook                    
(NORMAL      ) IterTimerHook                      
 -------------------- 
after_train_iter:
(VERY_HIGH   ) RuntimeInfoHook                    
(NORMAL      ) IterTimerHook                      
(BELOW_NORMAL) LoggerHook                         
(LOW         ) ParamSchedulerHook                 
(VERY_LOW    ) CheckpointHook                     
 -------------------- 
after_train_epoch:
(NORMAL      ) IterTimerHook                      
(LOW         ) ParamSchedulerHook                 
(VERY_LOW    ) CheckpointHook                     
 -------------------- 
before_val:
(VERY_HIGH   ) RuntimeInfoHook                    
 -------------------- 
before_val_epoch:
(NORMAL      ) IterTimerHook                      
 -------------------- 
before_val_iter:
(NORMAL      ) IterTimerHook                      
 -------------------- 
after_val_iter:
(NORMAL      ) IterTimerHook                      
(NORMAL      ) GroundingVisualizationHook         
(BELOW_NORMAL) LoggerHook                         
 -------------------- 
after_val_epoch:
(VERY_HIGH   ) RuntimeInfoHook                    
(NORMAL      ) IterTimerHook                      
(BELOW_NORMAL) LoggerHook                         
(LOW         ) ParamSchedulerHook                 
(VERY_LOW    ) CheckpointHook                     
 -------------------- 
after_val:
(VERY_HIGH   ) RuntimeInfoHook                    
 -------------------- 
after_train:
(VERY_HIGH   ) RuntimeInfoHook                    
(VERY_LOW    ) CheckpointHook                     
 -------------------- 
before_test:
(VERY_HIGH   ) RuntimeInfoHook                    
 -------------------- 
before_test_epoch:
(NORMAL      ) IterTimerHook                      
 -------------------- 
before_test_iter:
(NORMAL      ) IterTimerHook                      
 -------------------- 
after_test_iter:
(NORMAL      ) IterTimerHook                      
(NORMAL      ) GroundingVisualizationHook         
(BELOW_NORMAL) LoggerHook                         
 -------------------- 
after_test_epoch:
(VERY_HIGH   ) RuntimeInfoHook                    
(NORMAL      ) IterTimerHook                      
(BELOW_NORMAL) LoggerHook                         
 -------------------- 
after_test:
(VERY_HIGH   ) RuntimeInfoHook                    
 -------------------- 
after_run:
(BELOW_NORMAL) LoggerHook                         
 -------------------- 
2026/02/06 22:43:02 - mmengine - WARNING - backbone.patch_embed.projection.weight is skipped since its requires_grad=False
2026/02/06 22:43:02 - mmengine - WARNING - backbone.patch_embed.projection.bias is skipped since its requires_grad=False
2026/02/06 22:43:02 - mmengine - WARNING - backbone.patch_embed.norm.weight is skipped since its requires_grad=False
2026/02/06 22:43:02 - mmengine - WARNING - backbone.patch_embed.norm.bias is skipped since its requires_grad=False
2026/02/06 22:43:02 - mmengine - WARNING - backbone.stages.0.blocks.0.norm1.weight is skipped since its requires_grad=False
2026/02/06 22:43:02 - mmengine - WARNING - backbone.stages.0.blocks.0.norm1.bias is skipped since its requires_grad=False
2026/02/06 22:43:02 - mmengine - WARNING - backbone.stages.0.blocks.0.attn.w_msa.relative_position_bias_table is skipped since its requires_grad=False
2026/02/06 22:43:02 - mmengine - WARNING - backbone.stages.0.blocks.0.attn.w_msa.qkv.weight is skipped since its requires_grad=False
2026/02/06 22:43:02 - mmengine - WARNING - backbone.stages.0.blocks.0.attn.w_msa.qkv.bias is skipped since its requires_grad=False
2026/02/06 22:43:02 - mmengine - WARNING - backbone.stages.0.blocks.0.attn.w_msa.proj.weight is skipped since its requires_grad=False
2026/02/06 22:43:02 - mmengine - WARNING - backbone.stages.0.blocks.0.attn.w_msa.proj.bias is skipped since its requires_grad=False
2026/02/06 22:43:02 - mmengine - WARNING - backbone.stages.0.blocks.0.norm2.weight is skipped since its requires_grad=False
2026/02/06 22:43:02 - mmengine - WARNING - backbone.stages.0.blocks.0.norm2.bias is skipped since its requires_grad=False
2026/02/06 22:43:02 - mmengine - WARNING - backbone.stages.0.blocks.0.ffn.layers.0.0.weight is skipped since its requires_grad=False
2026/02/06 22:43:02 - mmengine - WARNING - backbone.stages.0.blocks.0.ffn.layers.0.0.bias is skipped since its requires_grad=False
2026/02/06 22:43:02 - mmengine - WARNING - backbone.stages.0.blocks.0.ffn.layers.1.weight is skipped since its requires_grad=False
2026/02/06 22:43:02 - mmengine - WARNING - backbone.stages.0.blocks.0.ffn.layers.1.bias is skipped since its requires_grad=False
2026/02/06 22:43:02 - mmengine - WARNING - backbone.stages.0.blocks.1.norm1.weight is skipped since its requires_grad=False
2026/02/06 22:43:02 - mmengine - WARNING - backbone.stages.0.blocks.1.norm1.bias is skipped since its requires_grad=False
2026/02/06 22:43:02 - mmengine - WARNING - backbone.stages.0.blocks.1.attn.w_msa.relative_position_bias_table is skipped since its requires_grad=False
2026/02/06 22:43:02 - mmengine - WARNING - backbone.stages.0.blocks.1.attn.w_msa.qkv.weight is skipped since its requires_grad=False
2026/02/06 22:43:02 - mmengine - WARNING - backbone.stages.0.blocks.1.attn.w_msa.qkv.bias is skipped since its requires_grad=False
2026/02/06 22:43:02 - mmengine - WARNING - backbone.stages.0.blocks.1.attn.w_msa.proj.weight is skipped since its requires_grad=False
2026/02/06 22:43:02 - mmengine - WARNING - backbone.stages.0.blocks.1.attn.w_msa.proj.bias is skipped since its requires_grad=False
2026/02/06 22:43:02 - mmengine - WARNING - backbone.stages.0.blocks.1.norm2.weight is skipped since its requires_grad=False
2026/02/06 22:43:02 - mmengine - WARNING - backbone.stages.0.blocks.1.norm2.bias is skipped since its requires_grad=False
2026/02/06 22:43:02 - mmengine - WARNING - backbone.stages.0.blocks.1.ffn.layers.0.0.weight is skipped since its requires_grad=False
2026/02/06 22:43:02 - mmengine - WARNING - backbone.stages.0.blocks.1.ffn.layers.0.0.bias is skipped since its requires_grad=False
2026/02/06 22:43:02 - mmengine - WARNING - backbone.stages.0.blocks.1.ffn.layers.1.weight is skipped since its requires_grad=False
2026/02/06 22:43:02 - mmengine - WARNING - backbone.stages.0.blocks.1.ffn.layers.1.bias is skipped since its requires_grad=False
2026/02/06 22:43:02 - mmengine - WARNING - backbone.stages.0.downsample.norm.weight is skipped since its requires_grad=False
2026/02/06 22:43:02 - mmengine - WARNING - backbone.stages.0.downsample.norm.bias is skipped since its requires_grad=False
2026/02/06 22:43:02 - mmengine - WARNING - backbone.stages.0.downsample.reduction.weight is skipped since its requires_grad=False
2026/02/06 22:43:02 - mmengine - WARNING - backbone.stages.1.blocks.0.norm1.weight is skipped since its requires_grad=False
2026/02/06 22:43:02 - mmengine - WARNING - backbone.stages.1.blocks.0.norm1.bias is skipped since its requires_grad=False
2026/02/06 22:43:02 - mmengine - WARNING - backbone.stages.1.blocks.0.attn.w_msa.relative_position_bias_table is skipped since its requires_grad=False
2026/02/06 22:43:02 - mmengine - WARNING - backbone.stages.1.blocks.0.attn.w_msa.qkv.weight is skipped since its requires_grad=False
2026/02/06 22:43:02 - mmengine - WARNING - backbone.stages.1.blocks.0.attn.w_msa.qkv.bias is skipped since its requires_grad=False
2026/02/06 22:43:02 - mmengine - WARNING - backbone.stages.1.blocks.0.attn.w_msa.proj.weight is skipped since its requires_grad=False
2026/02/06 22:43:02 - mmengine - WARNING - backbone.stages.1.blocks.0.attn.w_msa.proj.bias is skipped since its requires_grad=False
2026/02/06 22:43:02 - mmengine - WARNING - backbone.stages.1.blocks.0.norm2.weight is skipped since its requires_grad=False
2026/02/06 22:43:02 - mmengine - WARNING - backbone.stages.1.blocks.0.norm2.bias is skipped since its requires_grad=False
2026/02/06 22:43:02 - mmengine - WARNING - backbone.stages.1.blocks.0.ffn.layers.0.0.weight is skipped since its requires_grad=False
2026/02/06 22:43:02 - mmengine - WARNING - backbone.stages.1.blocks.0.ffn.layers.0.0.bias is skipped since its requires_grad=False
2026/02/06 22:43:02 - mmengine - WARNING - backbone.stages.1.blocks.0.ffn.layers.1.weight is skipped since its requires_grad=False
2026/02/06 22:43:02 - mmengine - WARNING - backbone.stages.1.blocks.0.ffn.layers.1.bias is skipped since its requires_grad=False
2026/02/06 22:43:02 - mmengine - WARNING - backbone.stages.1.blocks.1.norm1.weight is skipped since its requires_grad=False
2026/02/06 22:43:02 - mmengine - WARNING - backbone.stages.1.blocks.1.norm1.bias is skipped since its requires_grad=False
2026/02/06 22:43:02 - mmengine - WARNING - backbone.stages.1.blocks.1.attn.w_msa.relative_position_bias_table is skipped since its requires_grad=False
2026/02/06 22:43:02 - mmengine - WARNING - backbone.stages.1.blocks.1.attn.w_msa.qkv.weight is skipped since its requires_grad=False
2026/02/06 22:43:02 - mmengine - WARNING - backbone.stages.1.blocks.1.attn.w_msa.qkv.bias is skipped since its requires_grad=False
2026/02/06 22:43:02 - mmengine - WARNING - backbone.stages.1.blocks.1.attn.w_msa.proj.weight is skipped since its requires_grad=False
2026/02/06 22:43:02 - mmengine - WARNING - backbone.stages.1.blocks.1.attn.w_msa.proj.bias is skipped since its requires_grad=False
2026/02/06 22:43:02 - mmengine - WARNING - backbone.stages.1.blocks.1.norm2.weight is skipped since its requires_grad=False
2026/02/06 22:43:02 - mmengine - WARNING - backbone.stages.1.blocks.1.norm2.bias is skipped since its requires_grad=False
2026/02/06 22:43:02 - mmengine - WARNING - backbone.stages.1.blocks.1.ffn.layers.0.0.weight is skipped since its requires_grad=False
2026/02/06 22:43:02 - mmengine - WARNING - backbone.stages.1.blocks.1.ffn.layers.0.0.bias is skipped since its requires_grad=False
2026/02/06 22:43:02 - mmengine - WARNING - backbone.stages.1.blocks.1.ffn.layers.1.weight is skipped since its requires_grad=False
2026/02/06 22:43:02 - mmengine - WARNING - backbone.stages.1.blocks.1.ffn.layers.1.bias is skipped since its requires_grad=False
2026/02/06 22:43:02 - mmengine - WARNING - backbone.stages.1.downsample.norm.weight is skipped since its requires_grad=False
2026/02/06 22:43:02 - mmengine - WARNING - backbone.stages.1.downsample.norm.bias is skipped since its requires_grad=False
2026/02/06 22:43:02 - mmengine - WARNING - backbone.stages.1.downsample.reduction.weight is skipped since its requires_grad=False
2026/02/06 22:43:02 - mmengine - WARNING - backbone.stages.2.blocks.0.norm1.weight is skipped since its requires_grad=False
2026/02/06 22:43:02 - mmengine - WARNING - backbone.stages.2.blocks.0.norm1.bias is skipped since its requires_grad=False
2026/02/06 22:43:02 - mmengine - WARNING - backbone.stages.2.blocks.0.attn.w_msa.relative_position_bias_table is skipped since its requires_grad=False
2026/02/06 22:43:02 - mmengine - WARNING - backbone.stages.2.blocks.0.attn.w_msa.qkv.weight is skipped since its requires_grad=False
2026/02/06 22:43:02 - mmengine - WARNING - backbone.stages.2.blocks.0.attn.w_msa.qkv.bias is skipped since its requires_grad=False
2026/02/06 22:43:02 - mmengine - WARNING - backbone.stages.2.blocks.0.attn.w_msa.proj.weight is skipped since its requires_grad=False
2026/02/06 22:43:02 - mmengine - WARNING - backbone.stages.2.blocks.0.attn.w_msa.proj.bias is skipped since its requires_grad=False
2026/02/06 22:43:02 - mmengine - WARNING - backbone.stages.2.blocks.0.norm2.weight is skipped since its requires_grad=False
2026/02/06 22:43:02 - mmengine - WARNING - backbone.stages.2.blocks.0.norm2.bias is skipped since its requires_grad=False
2026/02/06 22:43:02 - mmengine - WARNING - backbone.stages.2.blocks.0.ffn.layers.0.0.weight is skipped since its requires_grad=False
2026/02/06 22:43:02 - mmengine - WARNING - backbone.stages.2.blocks.0.ffn.layers.0.0.bias is skipped since its requires_grad=False
2026/02/06 22:43:02 - mmengine - WARNING - backbone.stages.2.blocks.0.ffn.layers.1.weight is skipped since its requires_grad=False
2026/02/06 22:43:02 - mmengine - WARNING - backbone.stages.2.blocks.0.ffn.layers.1.bias is skipped since its requires_grad=False
2026/02/06 22:43:02 - mmengine - WARNING - backbone.stages.2.blocks.1.norm1.weight is skipped since its requires_grad=False
2026/02/06 22:43:02 - mmengine - WARNING - backbone.stages.2.blocks.1.norm1.bias is skipped since its requires_grad=False
2026/02/06 22:43:02 - mmengine - WARNING - backbone.stages.2.blocks.1.attn.w_msa.relative_position_bias_table is skipped since its requires_grad=False
2026/02/06 22:43:02 - mmengine - WARNING - backbone.stages.2.blocks.1.attn.w_msa.qkv.weight is skipped since its requires_grad=False
2026/02/06 22:43:02 - mmengine - WARNING - backbone.stages.2.blocks.1.attn.w_msa.qkv.bias is skipped since its requires_grad=False
2026/02/06 22:43:02 - mmengine - WARNING - backbone.stages.2.blocks.1.attn.w_msa.proj.weight is skipped since its requires_grad=False
2026/02/06 22:43:02 - mmengine - WARNING - backbone.stages.2.blocks.1.attn.w_msa.proj.bias is skipped since its requires_grad=False
2026/02/06 22:43:02 - mmengine - WARNING - backbone.stages.2.blocks.1.norm2.weight is skipped since its requires_grad=False
2026/02/06 22:43:02 - mmengine - WARNING - backbone.stages.2.blocks.1.norm2.bias is skipped since its requires_grad=False
2026/02/06 22:43:02 - mmengine - WARNING - backbone.stages.2.blocks.1.ffn.layers.0.0.weight is skipped since its requires_grad=False
2026/02/06 22:43:02 - mmengine - WARNING - backbone.stages.2.blocks.1.ffn.layers.0.0.bias is skipped since its requires_grad=False
2026/02/06 22:43:02 - mmengine - WARNING - backbone.stages.2.blocks.1.ffn.layers.1.weight is skipped since its requires_grad=False
2026/02/06 22:43:02 - mmengine - WARNING - backbone.stages.2.blocks.1.ffn.layers.1.bias is skipped since its requires_grad=False
2026/02/06 22:43:02 - mmengine - WARNING - backbone.stages.2.blocks.2.norm1.weight is skipped since its requires_grad=False
2026/02/06 22:43:02 - mmengine - WARNING - backbone.stages.2.blocks.2.norm1.bias is skipped since its requires_grad=False
2026/02/06 22:43:02 - mmengine - WARNING - backbone.stages.2.blocks.2.attn.w_msa.relative_position_bias_table is skipped since its requires_grad=False
2026/02/06 22:43:02 - mmengine - WARNING - backbone.stages.2.blocks.2.attn.w_msa.qkv.weight is skipped since its requires_grad=False
2026/02/06 22:43:02 - mmengine - WARNING - backbone.stages.2.blocks.2.attn.w_msa.qkv.bias is skipped since its requires_grad=False
2026/02/06 22:43:02 - mmengine - WARNING - backbone.stages.2.blocks.2.attn.w_msa.proj.weight is skipped since its requires_grad=False
2026/02/06 22:43:02 - mmengine - WARNING - backbone.stages.2.blocks.2.attn.w_msa.proj.bias is skipped since its requires_grad=False
2026/02/06 22:43:02 - mmengine - WARNING - backbone.stages.2.blocks.2.norm2.weight is skipped since its requires_grad=False
2026/02/06 22:43:02 - mmengine - WARNING - backbone.stages.2.blocks.2.norm2.bias is skipped since its requires_grad=False
2026/02/06 22:43:02 - mmengine - WARNING - backbone.stages.2.blocks.2.ffn.layers.0.0.weight is skipped since its requires_grad=False
2026/02/06 22:43:02 - mmengine - WARNING - backbone.stages.2.blocks.2.ffn.layers.0.0.bias is skipped since its requires_grad=False
2026/02/06 22:43:02 - mmengine - WARNING - backbone.stages.2.blocks.2.ffn.layers.1.weight is skipped since its requires_grad=False
2026/02/06 22:43:02 - mmengine - WARNING - backbone.stages.2.blocks.2.ffn.layers.1.bias is skipped since its requires_grad=False
2026/02/06 22:43:02 - mmengine - WARNING - backbone.stages.2.blocks.3.norm1.weight is skipped since its requires_grad=False
2026/02/06 22:43:02 - mmengine - WARNING - backbone.stages.2.blocks.3.norm1.bias is skipped since its requires_grad=False
2026/02/06 22:43:02 - mmengine - WARNING - backbone.stages.2.blocks.3.attn.w_msa.relative_position_bias_table is skipped since its requires_grad=False
2026/02/06 22:43:02 - mmengine - WARNING - backbone.stages.2.blocks.3.attn.w_msa.qkv.weight is skipped since its requires_grad=False
2026/02/06 22:43:02 - mmengine - WARNING - backbone.stages.2.blocks.3.attn.w_msa.qkv.bias is skipped since its requires_grad=False
2026/02/06 22:43:02 - mmengine - WARNING - backbone.stages.2.blocks.3.attn.w_msa.proj.weight is skipped since its requires_grad=False
2026/02/06 22:43:02 - mmengine - WARNING - backbone.stages.2.blocks.3.attn.w_msa.proj.bias is skipped since its requires_grad=False
2026/02/06 22:43:02 - mmengine - WARNING - backbone.stages.2.blocks.3.norm2.weight is skipped since its requires_grad=False
2026/02/06 22:43:02 - mmengine - WARNING - backbone.stages.2.blocks.3.norm2.bias is skipped since its requires_grad=False
2026/02/06 22:43:02 - mmengine - WARNING - backbone.stages.2.blocks.3.ffn.layers.0.0.weight is skipped since its requires_grad=False
2026/02/06 22:43:02 - mmengine - WARNING - backbone.stages.2.blocks.3.ffn.layers.0.0.bias is skipped since its requires_grad=False
2026/02/06 22:43:02 - mmengine - WARNING - backbone.stages.2.blocks.3.ffn.layers.1.weight is skipped since its requires_grad=False
2026/02/06 22:43:02 - mmengine - WARNING - backbone.stages.2.blocks.3.ffn.layers.1.bias is skipped since its requires_grad=False
2026/02/06 22:43:02 - mmengine - WARNING - backbone.stages.2.blocks.4.norm1.weight is skipped since its requires_grad=False
2026/02/06 22:43:02 - mmengine - WARNING - backbone.stages.2.blocks.4.norm1.bias is skipped since its requires_grad=False
2026/02/06 22:43:02 - mmengine - WARNING - backbone.stages.2.blocks.4.attn.w_msa.relative_position_bias_table is skipped since its requires_grad=False
2026/02/06 22:43:02 - mmengine - WARNING - backbone.stages.2.blocks.4.attn.w_msa.qkv.weight is skipped since its requires_grad=False
2026/02/06 22:43:02 - mmengine - WARNING - backbone.stages.2.blocks.4.attn.w_msa.qkv.bias is skipped since its requires_grad=False
2026/02/06 22:43:02 - mmengine - WARNING - backbone.stages.2.blocks.4.attn.w_msa.proj.weight is skipped since its requires_grad=False
2026/02/06 22:43:02 - mmengine - WARNING - backbone.stages.2.blocks.4.attn.w_msa.proj.bias is skipped since its requires_grad=False
2026/02/06 22:43:02 - mmengine - WARNING - backbone.stages.2.blocks.4.norm2.weight is skipped since its requires_grad=False
2026/02/06 22:43:02 - mmengine - WARNING - backbone.stages.2.blocks.4.norm2.bias is skipped since its requires_grad=False
2026/02/06 22:43:02 - mmengine - WARNING - backbone.stages.2.blocks.4.ffn.layers.0.0.weight is skipped since its requires_grad=False
2026/02/06 22:43:02 - mmengine - WARNING - backbone.stages.2.blocks.4.ffn.layers.0.0.bias is skipped since its requires_grad=False
2026/02/06 22:43:02 - mmengine - WARNING - backbone.stages.2.blocks.4.ffn.layers.1.weight is skipped since its requires_grad=False
2026/02/06 22:43:02 - mmengine - WARNING - backbone.stages.2.blocks.4.ffn.layers.1.bias is skipped since its requires_grad=False
2026/02/06 22:43:02 - mmengine - WARNING - backbone.stages.2.blocks.5.norm1.weight is skipped since its requires_grad=False
2026/02/06 22:43:02 - mmengine - WARNING - backbone.stages.2.blocks.5.norm1.bias is skipped since its requires_grad=False
2026/02/06 22:43:02 - mmengine - WARNING - backbone.stages.2.blocks.5.attn.w_msa.relative_position_bias_table is skipped since its requires_grad=False
2026/02/06 22:43:02 - mmengine - WARNING - backbone.stages.2.blocks.5.attn.w_msa.qkv.weight is skipped since its requires_grad=False
2026/02/06 22:43:02 - mmengine - WARNING - backbone.stages.2.blocks.5.attn.w_msa.qkv.bias is skipped since its requires_grad=False
2026/02/06 22:43:02 - mmengine - WARNING - backbone.stages.2.blocks.5.attn.w_msa.proj.weight is skipped since its requires_grad=False
2026/02/06 22:43:02 - mmengine - WARNING - backbone.stages.2.blocks.5.attn.w_msa.proj.bias is skipped since its requires_grad=False
2026/02/06 22:43:02 - mmengine - WARNING - backbone.stages.2.blocks.5.norm2.weight is skipped since its requires_grad=False
2026/02/06 22:43:02 - mmengine - WARNING - backbone.stages.2.blocks.5.norm2.bias is skipped since its requires_grad=False
2026/02/06 22:43:02 - mmengine - WARNING - backbone.stages.2.blocks.5.ffn.layers.0.0.weight is skipped since its requires_grad=False
2026/02/06 22:43:02 - mmengine - WARNING - backbone.stages.2.blocks.5.ffn.layers.0.0.bias is skipped since its requires_grad=False
2026/02/06 22:43:02 - mmengine - WARNING - backbone.stages.2.blocks.5.ffn.layers.1.weight is skipped since its requires_grad=False
2026/02/06 22:43:02 - mmengine - WARNING - backbone.stages.2.blocks.5.ffn.layers.1.bias is skipped since its requires_grad=False
2026/02/06 22:43:02 - mmengine - WARNING - backbone.stages.2.downsample.norm.weight is skipped since its requires_grad=False
2026/02/06 22:43:02 - mmengine - WARNING - backbone.stages.2.downsample.norm.bias is skipped since its requires_grad=False
2026/02/06 22:43:02 - mmengine - WARNING - backbone.stages.2.downsample.reduction.weight is skipped since its requires_grad=False
2026/02/06 22:43:02 - mmengine - WARNING - backbone.stages.3.blocks.0.norm1.weight is skipped since its requires_grad=False
2026/02/06 22:43:02 - mmengine - WARNING - backbone.stages.3.blocks.0.norm1.bias is skipped since its requires_grad=False
2026/02/06 22:43:02 - mmengine - WARNING - backbone.stages.3.blocks.0.attn.w_msa.relative_position_bias_table is skipped since its requires_grad=False
2026/02/06 22:43:02 - mmengine - WARNING - backbone.stages.3.blocks.0.attn.w_msa.qkv.weight is skipped since its requires_grad=False
2026/02/06 22:43:02 - mmengine - WARNING - backbone.stages.3.blocks.0.attn.w_msa.qkv.bias is skipped since its requires_grad=False
2026/02/06 22:43:02 - mmengine - WARNING - backbone.stages.3.blocks.0.attn.w_msa.proj.weight is skipped since its requires_grad=False
2026/02/06 22:43:02 - mmengine - WARNING - backbone.stages.3.blocks.0.attn.w_msa.proj.bias is skipped since its requires_grad=False
2026/02/06 22:43:02 - mmengine - WARNING - backbone.stages.3.blocks.0.norm2.weight is skipped since its requires_grad=False
2026/02/06 22:43:02 - mmengine - WARNING - backbone.stages.3.blocks.0.norm2.bias is skipped since its requires_grad=False
2026/02/06 22:43:02 - mmengine - WARNING - backbone.stages.3.blocks.0.ffn.layers.0.0.weight is skipped since its requires_grad=False
2026/02/06 22:43:02 - mmengine - WARNING - backbone.stages.3.blocks.0.ffn.layers.0.0.bias is skipped since its requires_grad=False
2026/02/06 22:43:02 - mmengine - WARNING - backbone.stages.3.blocks.0.ffn.layers.1.weight is skipped since its requires_grad=False
2026/02/06 22:43:02 - mmengine - WARNING - backbone.stages.3.blocks.0.ffn.layers.1.bias is skipped since its requires_grad=False
2026/02/06 22:43:02 - mmengine - WARNING - backbone.stages.3.blocks.1.norm1.weight is skipped since its requires_grad=False
2026/02/06 22:43:02 - mmengine - WARNING - backbone.stages.3.blocks.1.norm1.bias is skipped since its requires_grad=False
2026/02/06 22:43:02 - mmengine - WARNING - backbone.stages.3.blocks.1.attn.w_msa.relative_position_bias_table is skipped since its requires_grad=False
2026/02/06 22:43:02 - mmengine - WARNING - backbone.stages.3.blocks.1.attn.w_msa.qkv.weight is skipped since its requires_grad=False
2026/02/06 22:43:02 - mmengine - WARNING - backbone.stages.3.blocks.1.attn.w_msa.qkv.bias is skipped since its requires_grad=False
2026/02/06 22:43:02 - mmengine - WARNING - backbone.stages.3.blocks.1.attn.w_msa.proj.weight is skipped since its requires_grad=False
2026/02/06 22:43:02 - mmengine - WARNING - backbone.stages.3.blocks.1.attn.w_msa.proj.bias is skipped since its requires_grad=False
2026/02/06 22:43:02 - mmengine - WARNING - backbone.stages.3.blocks.1.norm2.weight is skipped since its requires_grad=False
2026/02/06 22:43:02 - mmengine - WARNING - backbone.stages.3.blocks.1.norm2.bias is skipped since its requires_grad=False
2026/02/06 22:43:02 - mmengine - WARNING - backbone.stages.3.blocks.1.ffn.layers.0.0.weight is skipped since its requires_grad=False
2026/02/06 22:43:02 - mmengine - WARNING - backbone.stages.3.blocks.1.ffn.layers.0.0.bias is skipped since its requires_grad=False
2026/02/06 22:43:02 - mmengine - WARNING - backbone.stages.3.blocks.1.ffn.layers.1.weight is skipped since its requires_grad=False
2026/02/06 22:43:02 - mmengine - WARNING - backbone.stages.3.blocks.1.ffn.layers.1.bias is skipped since its requires_grad=False
2026/02/06 22:43:02 - mmengine - WARNING - backbone.norm1.weight is skipped since its requires_grad=False
2026/02/06 22:43:02 - mmengine - WARNING - backbone.norm1.bias is skipped since its requires_grad=False
2026/02/06 22:43:02 - mmengine - WARNING - backbone.norm2.weight is skipped since its requires_grad=False
2026/02/06 22:43:02 - mmengine - WARNING - backbone.norm2.bias is skipped since its requires_grad=False
2026/02/06 22:43:02 - mmengine - WARNING - backbone.norm3.weight is skipped since its requires_grad=False
2026/02/06 22:43:02 - mmengine - WARNING - backbone.norm3.bias is skipped since its requires_grad=False
2026/02/06 22:43:02 - mmengine - WARNING - neck.convs.0.conv.weight is skipped since its requires_grad=False
2026/02/06 22:43:02 - mmengine - WARNING - neck.convs.0.conv.bias is skipped since its requires_grad=False
2026/02/06 22:43:02 - mmengine - WARNING - neck.convs.0.gn.weight is skipped since its requires_grad=False
2026/02/06 22:43:02 - mmengine - WARNING - neck.convs.0.gn.bias is skipped since its requires_grad=False
2026/02/06 22:43:02 - mmengine - WARNING - neck.convs.1.conv.weight is skipped since its requires_grad=False
2026/02/06 22:43:02 - mmengine - WARNING - neck.convs.1.conv.bias is skipped since its requires_grad=False
2026/02/06 22:43:02 - mmengine - WARNING - neck.convs.1.gn.weight is skipped since its requires_grad=False
2026/02/06 22:43:02 - mmengine - WARNING - neck.convs.1.gn.bias is skipped since its requires_grad=False
2026/02/06 22:43:02 - mmengine - WARNING - neck.convs.2.conv.weight is skipped since its requires_grad=False
2026/02/06 22:43:02 - mmengine - WARNING - neck.convs.2.conv.bias is skipped since its requires_grad=False
2026/02/06 22:43:02 - mmengine - WARNING - neck.convs.2.gn.weight is skipped since its requires_grad=False
2026/02/06 22:43:02 - mmengine - WARNING - neck.convs.2.gn.bias is skipped since its requires_grad=False
2026/02/06 22:43:02 - mmengine - WARNING - neck.extra_convs.0.conv.weight is skipped since its requires_grad=False
2026/02/06 22:43:02 - mmengine - WARNING - neck.extra_convs.0.conv.bias is skipped since its requires_grad=False
2026/02/06 22:43:02 - mmengine - WARNING - neck.extra_convs.0.gn.weight is skipped since its requires_grad=False
2026/02/06 22:43:02 - mmengine - WARNING - neck.extra_convs.0.gn.bias is skipped since its requires_grad=False
2026/02/06 22:43:02 - mmengine - INFO - paramwise_options -- language_model.language_backbone.body.model.embeddings.word_embeddings.weight:lr=1e-05
2026/02/06 22:43:02 - mmengine - INFO - paramwise_options -- language_model.language_backbone.body.model.embeddings.word_embeddings.weight:weight_decay=0.0001
2026/02/06 22:43:02 - mmengine - INFO - paramwise_options -- language_model.language_backbone.body.model.embeddings.word_embeddings.weight:lr_mult=0.1
2026/02/06 22:43:02 - mmengine - INFO - paramwise_options -- language_model.language_backbone.body.model.embeddings.position_embeddings.weight:lr=1e-05
2026/02/06 22:43:02 - mmengine - INFO - paramwise_options -- language_model.language_backbone.body.model.embeddings.position_embeddings.weight:weight_decay=0.0001
2026/02/06 22:43:02 - mmengine - INFO - paramwise_options -- language_model.language_backbone.body.model.embeddings.position_embeddings.weight:lr_mult=0.1
2026/02/06 22:43:02 - mmengine - INFO - paramwise_options -- language_model.language_backbone.body.model.embeddings.token_type_embeddings.weight:lr=1e-05
2026/02/06 22:43:02 - mmengine - INFO - paramwise_options -- language_model.language_backbone.body.model.embeddings.token_type_embeddings.weight:weight_decay=0.0001
2026/02/06 22:43:02 - mmengine - INFO - paramwise_options -- language_model.language_backbone.body.model.embeddings.token_type_embeddings.weight:lr_mult=0.1
2026/02/06 22:43:02 - mmengine - INFO - paramwise_options -- language_model.language_backbone.body.model.embeddings.LayerNorm.weight:lr=1e-05
2026/02/06 22:43:02 - mmengine - INFO - paramwise_options -- language_model.language_backbone.body.model.embeddings.LayerNorm.weight:weight_decay=0.0001
2026/02/06 22:43:02 - mmengine - INFO - paramwise_options -- language_model.language_backbone.body.model.embeddings.LayerNorm.weight:lr_mult=0.1
2026/02/06 22:43:02 - mmengine - INFO - paramwise_options -- language_model.language_backbone.body.model.embeddings.LayerNorm.bias:lr=1e-05
2026/02/06 22:43:02 - mmengine - INFO - paramwise_options -- language_model.language_backbone.body.model.embeddings.LayerNorm.bias:weight_decay=0.0001
2026/02/06 22:43:02 - mmengine - INFO - paramwise_options -- language_model.language_backbone.body.model.embeddings.LayerNorm.bias:lr_mult=0.1
2026/02/06 22:43:02 - mmengine - INFO - paramwise_options -- language_model.language_backbone.body.model.encoder.layer.0.attention.self.query.weight:lr=1e-05
2026/02/06 22:43:02 - mmengine - INFO - paramwise_options -- language_model.language_backbone.body.model.encoder.layer.0.attention.self.query.weight:weight_decay=0.0001
2026/02/06 22:43:02 - mmengine - INFO - paramwise_options -- language_model.language_backbone.body.model.encoder.layer.0.attention.self.query.weight:lr_mult=0.1
2026/02/06 22:43:02 - mmengine - INFO - paramwise_options -- language_model.language_backbone.body.model.encoder.layer.0.attention.self.query.bias:lr=1e-05
2026/02/06 22:43:02 - mmengine - INFO - paramwise_options -- language_model.language_backbone.body.model.encoder.layer.0.attention.self.query.bias:weight_decay=0.0001
2026/02/06 22:43:02 - mmengine - INFO - paramwise_options -- language_model.language_backbone.body.model.encoder.layer.0.attention.self.query.bias:lr_mult=0.1
2026/02/06 22:43:02 - mmengine - INFO - paramwise_options -- language_model.language_backbone.body.model.encoder.layer.0.attention.self.key.weight:lr=1e-05
2026/02/06 22:43:02 - mmengine - INFO - paramwise_options -- language_model.language_backbone.body.model.encoder.layer.0.attention.self.key.weight:weight_decay=0.0001
2026/02/06 22:43:02 - mmengine - INFO - paramwise_options -- language_model.language_backbone.body.model.encoder.layer.0.attention.self.key.weight:lr_mult=0.1
2026/02/06 22:43:02 - mmengine - INFO - paramwise_options -- language_model.language_backbone.body.model.encoder.layer.0.attention.self.key.bias:lr=1e-05
2026/02/06 22:43:02 - mmengine - INFO - paramwise_options -- language_model.language_backbone.body.model.encoder.layer.0.attention.self.key.bias:weight_decay=0.0001
2026/02/06 22:43:02 - mmengine - INFO - paramwise_options -- language_model.language_backbone.body.model.encoder.layer.0.attention.self.key.bias:lr_mult=0.1
2026/02/06 22:43:02 - mmengine - INFO - paramwise_options -- language_model.language_backbone.body.model.encoder.layer.0.attention.self.value.weight:lr=1e-05
2026/02/06 22:43:02 - mmengine - INFO - paramwise_options -- language_model.language_backbone.body.model.encoder.layer.0.attention.self.value.weight:weight_decay=0.0001
2026/02/06 22:43:02 - mmengine - INFO - paramwise_options -- language_model.language_backbone.body.model.encoder.layer.0.attention.self.value.weight:lr_mult=0.1
2026/02/06 22:43:02 - mmengine - INFO - paramwise_options -- language_model.language_backbone.body.model.encoder.layer.0.attention.self.value.bias:lr=1e-05
2026/02/06 22:43:02 - mmengine - INFO - paramwise_options -- language_model.language_backbone.body.model.encoder.layer.0.attention.self.value.bias:weight_decay=0.0001
2026/02/06 22:43:02 - mmengine - INFO - paramwise_options -- language_model.language_backbone.body.model.encoder.layer.0.attention.self.value.bias:lr_mult=0.1
2026/02/06 22:43:02 - mmengine - INFO - paramwise_options -- language_model.language_backbone.body.model.encoder.layer.0.attention.output.dense.weight:lr=1e-05
2026/02/06 22:43:02 - mmengine - INFO - paramwise_options -- language_model.language_backbone.body.model.encoder.layer.0.attention.output.dense.weight:weight_decay=0.0001
2026/02/06 22:43:02 - mmengine - INFO - paramwise_options -- language_model.language_backbone.body.model.encoder.layer.0.attention.output.dense.weight:lr_mult=0.1
2026/02/06 22:43:02 - mmengine - INFO - paramwise_options -- language_model.language_backbone.body.model.encoder.layer.0.attention.output.dense.bias:lr=1e-05
2026/02/06 22:43:02 - mmengine - INFO - paramwise_options -- language_model.language_backbone.body.model.encoder.layer.0.attention.output.dense.bias:weight_decay=0.0001
2026/02/06 22:43:02 - mmengine - INFO - paramwise_options -- language_model.language_backbone.body.model.encoder.layer.0.attention.output.dense.bias:lr_mult=0.1
2026/02/06 22:43:02 - mmengine - INFO - paramwise_options -- language_model.language_backbone.body.model.encoder.layer.0.attention.output.LayerNorm.weight:lr=1e-05
2026/02/06 22:43:02 - mmengine - INFO - paramwise_options -- language_model.language_backbone.body.model.encoder.layer.0.attention.output.LayerNorm.weight:weight_decay=0.0001
2026/02/06 22:43:02 - mmengine - INFO - paramwise_options -- language_model.language_backbone.body.model.encoder.layer.0.attention.output.LayerNorm.weight:lr_mult=0.1
2026/02/06 22:43:02 - mmengine - INFO - paramwise_options -- language_model.language_backbone.body.model.encoder.layer.0.attention.output.LayerNorm.bias:lr=1e-05
2026/02/06 22:43:02 - mmengine - INFO - paramwise_options -- language_model.language_backbone.body.model.encoder.layer.0.attention.output.LayerNorm.bias:weight_decay=0.0001
2026/02/06 22:43:02 - mmengine - INFO - paramwise_options -- language_model.language_backbone.body.model.encoder.layer.0.attention.output.LayerNorm.bias:lr_mult=0.1
2026/02/06 22:43:02 - mmengine - INFO - paramwise_options -- language_model.language_backbone.body.model.encoder.layer.0.intermediate.dense.weight:lr=1e-05
2026/02/06 22:43:02 - mmengine - INFO - paramwise_options -- language_model.language_backbone.body.model.encoder.layer.0.intermediate.dense.weight:weight_decay=0.0001
2026/02/06 22:43:02 - mmengine - INFO - paramwise_options -- language_model.language_backbone.body.model.encoder.layer.0.intermediate.dense.weight:lr_mult=0.1
2026/02/06 22:43:02 - mmengine - INFO - paramwise_options -- language_model.language_backbone.body.model.encoder.layer.0.intermediate.dense.bias:lr=1e-05
2026/02/06 22:43:02 - mmengine - INFO - paramwise_options -- language_model.language_backbone.body.model.encoder.layer.0.intermediate.dense.bias:weight_decay=0.0001
2026/02/06 22:43:02 - mmengine - INFO - paramwise_options -- language_model.language_backbone.body.model.encoder.layer.0.intermediate.dense.bias:lr_mult=0.1
2026/02/06 22:43:02 - mmengine - INFO - paramwise_options -- language_model.language_backbone.body.model.encoder.layer.0.output.dense.weight:lr=1e-05
2026/02/06 22:43:02 - mmengine - INFO - paramwise_options -- language_model.language_backbone.body.model.encoder.layer.0.output.dense.weight:weight_decay=0.0001
2026/02/06 22:43:02 - mmengine - INFO - paramwise_options -- language_model.language_backbone.body.model.encoder.layer.0.output.dense.weight:lr_mult=0.1
2026/02/06 22:43:02 - mmengine - INFO - paramwise_options -- language_model.language_backbone.body.model.encoder.layer.0.output.dense.bias:lr=1e-05
2026/02/06 22:43:02 - mmengine - INFO - paramwise_options -- language_model.language_backbone.body.model.encoder.layer.0.output.dense.bias:weight_decay=0.0001
2026/02/06 22:43:02 - mmengine - INFO - paramwise_options -- language_model.language_backbone.body.model.encoder.layer.0.output.dense.bias:lr_mult=0.1
2026/02/06 22:43:02 - mmengine - INFO - paramwise_options -- language_model.language_backbone.body.model.encoder.layer.0.output.LayerNorm.weight:lr=1e-05
2026/02/06 22:43:02 - mmengine - INFO - paramwise_options -- language_model.language_backbone.body.model.encoder.layer.0.output.LayerNorm.weight:weight_decay=0.0001
2026/02/06 22:43:02 - mmengine - INFO - paramwise_options -- language_model.language_backbone.body.model.encoder.layer.0.output.LayerNorm.weight:lr_mult=0.1
2026/02/06 22:43:02 - mmengine - INFO - paramwise_options -- language_model.language_backbone.body.model.encoder.layer.0.output.LayerNorm.bias:lr=1e-05
2026/02/06 22:43:02 - mmengine - INFO - paramwise_options -- language_model.language_backbone.body.model.encoder.layer.0.output.LayerNorm.bias:weight_decay=0.0001
2026/02/06 22:43:02 - mmengine - INFO - paramwise_options -- language_model.language_backbone.body.model.encoder.layer.0.output.LayerNorm.bias:lr_mult=0.1
2026/02/06 22:43:02 - mmengine - INFO - paramwise_options -- language_model.language_backbone.body.model.encoder.layer.1.attention.self.query.weight:lr=1e-05
2026/02/06 22:43:02 - mmengine - INFO - paramwise_options -- language_model.language_backbone.body.model.encoder.layer.1.attention.self.query.weight:weight_decay=0.0001
2026/02/06 22:43:02 - mmengine - INFO - paramwise_options -- language_model.language_backbone.body.model.encoder.layer.1.attention.self.query.weight:lr_mult=0.1
2026/02/06 22:43:02 - mmengine - INFO - paramwise_options -- language_model.language_backbone.body.model.encoder.layer.1.attention.self.query.bias:lr=1e-05
2026/02/06 22:43:02 - mmengine - INFO - paramwise_options -- language_model.language_backbone.body.model.encoder.layer.1.attention.self.query.bias:weight_decay=0.0001
2026/02/06 22:43:02 - mmengine - INFO - paramwise_options -- language_model.language_backbone.body.model.encoder.layer.1.attention.self.query.bias:lr_mult=0.1
2026/02/06 22:43:02 - mmengine - INFO - paramwise_options -- language_model.language_backbone.body.model.encoder.layer.1.attention.self.key.weight:lr=1e-05
2026/02/06 22:43:02 - mmengine - INFO - paramwise_options -- language_model.language_backbone.body.model.encoder.layer.1.attention.self.key.weight:weight_decay=0.0001
2026/02/06 22:43:02 - mmengine - INFO - paramwise_options -- language_model.language_backbone.body.model.encoder.layer.1.attention.self.key.weight:lr_mult=0.1
2026/02/06 22:43:02 - mmengine - INFO - paramwise_options -- language_model.language_backbone.body.model.encoder.layer.1.attention.self.key.bias:lr=1e-05
2026/02/06 22:43:02 - mmengine - INFO - paramwise_options -- language_model.language_backbone.body.model.encoder.layer.1.attention.self.key.bias:weight_decay=0.0001
2026/02/06 22:43:02 - mmengine - INFO - paramwise_options -- language_model.language_backbone.body.model.encoder.layer.1.attention.self.key.bias:lr_mult=0.1
2026/02/06 22:43:02 - mmengine - INFO - paramwise_options -- language_model.language_backbone.body.model.encoder.layer.1.attention.self.value.weight:lr=1e-05
2026/02/06 22:43:02 - mmengine - INFO - paramwise_options -- language_model.language_backbone.body.model.encoder.layer.1.attention.self.value.weight:weight_decay=0.0001
2026/02/06 22:43:02 - mmengine - INFO - paramwise_options -- language_model.language_backbone.body.model.encoder.layer.1.attention.self.value.weight:lr_mult=0.1
2026/02/06 22:43:02 - mmengine - INFO - paramwise_options -- language_model.language_backbone.body.model.encoder.layer.1.attention.self.value.bias:lr=1e-05
2026/02/06 22:43:02 - mmengine - INFO - paramwise_options -- language_model.language_backbone.body.model.encoder.layer.1.attention.self.value.bias:weight_decay=0.0001
2026/02/06 22:43:02 - mmengine - INFO - paramwise_options -- language_model.language_backbone.body.model.encoder.layer.1.attention.self.value.bias:lr_mult=0.1
2026/02/06 22:43:02 - mmengine - INFO - paramwise_options -- language_model.language_backbone.body.model.encoder.layer.1.attention.output.dense.weight:lr=1e-05
2026/02/06 22:43:02 - mmengine - INFO - paramwise_options -- language_model.language_backbone.body.model.encoder.layer.1.attention.output.dense.weight:weight_decay=0.0001
2026/02/06 22:43:02 - mmengine - INFO - paramwise_options -- language_model.language_backbone.body.model.encoder.layer.1.attention.output.dense.weight:lr_mult=0.1
2026/02/06 22:43:02 - mmengine - INFO - paramwise_options -- language_model.language_backbone.body.model.encoder.layer.1.attention.output.dense.bias:lr=1e-05
2026/02/06 22:43:02 - mmengine - INFO - paramwise_options -- language_model.language_backbone.body.model.encoder.layer.1.attention.output.dense.bias:weight_decay=0.0001
2026/02/06 22:43:02 - mmengine - INFO - paramwise_options -- language_model.language_backbone.body.model.encoder.layer.1.attention.output.dense.bias:lr_mult=0.1
2026/02/06 22:43:02 - mmengine - INFO - paramwise_options -- language_model.language_backbone.body.model.encoder.layer.1.attention.output.LayerNorm.weight:lr=1e-05
2026/02/06 22:43:02 - mmengine - INFO - paramwise_options -- language_model.language_backbone.body.model.encoder.layer.1.attention.output.LayerNorm.weight:weight_decay=0.0001
2026/02/06 22:43:02 - mmengine - INFO - paramwise_options -- language_model.language_backbone.body.model.encoder.layer.1.attention.output.LayerNorm.weight:lr_mult=0.1
2026/02/06 22:43:02 - mmengine - INFO - paramwise_options -- language_model.language_backbone.body.model.encoder.layer.1.attention.output.LayerNorm.bias:lr=1e-05
2026/02/06 22:43:02 - mmengine - INFO - paramwise_options -- language_model.language_backbone.body.model.encoder.layer.1.attention.output.LayerNorm.bias:weight_decay=0.0001
2026/02/06 22:43:02 - mmengine - INFO - paramwise_options -- language_model.language_backbone.body.model.encoder.layer.1.attention.output.LayerNorm.bias:lr_mult=0.1
2026/02/06 22:43:02 - mmengine - INFO - paramwise_options -- language_model.language_backbone.body.model.encoder.layer.1.intermediate.dense.weight:lr=1e-05
2026/02/06 22:43:02 - mmengine - INFO - paramwise_options -- language_model.language_backbone.body.model.encoder.layer.1.intermediate.dense.weight:weight_decay=0.0001
2026/02/06 22:43:02 - mmengine - INFO - paramwise_options -- language_model.language_backbone.body.model.encoder.layer.1.intermediate.dense.weight:lr_mult=0.1
2026/02/06 22:43:02 - mmengine - INFO - paramwise_options -- language_model.language_backbone.body.model.encoder.layer.1.intermediate.dense.bias:lr=1e-05
2026/02/06 22:43:02 - mmengine - INFO - paramwise_options -- language_model.language_backbone.body.model.encoder.layer.1.intermediate.dense.bias:weight_decay=0.0001
2026/02/06 22:43:02 - mmengine - INFO - paramwise_options -- language_model.language_backbone.body.model.encoder.layer.1.intermediate.dense.bias:lr_mult=0.1
2026/02/06 22:43:02 - mmengine - INFO - paramwise_options -- language_model.language_backbone.body.model.encoder.layer.1.output.dense.weight:lr=1e-05
2026/02/06 22:43:02 - mmengine - INFO - paramwise_options -- language_model.language_backbone.body.model.encoder.layer.1.output.dense.weight:weight_decay=0.0001
2026/02/06 22:43:02 - mmengine - INFO - paramwise_options -- language_model.language_backbone.body.model.encoder.layer.1.output.dense.weight:lr_mult=0.1
2026/02/06 22:43:02 - mmengine - INFO - paramwise_options -- language_model.language_backbone.body.model.encoder.layer.1.output.dense.bias:lr=1e-05
2026/02/06 22:43:02 - mmengine - INFO - paramwise_options -- language_model.language_backbone.body.model.encoder.layer.1.output.dense.bias:weight_decay=0.0001
2026/02/06 22:43:02 - mmengine - INFO - paramwise_options -- language_model.language_backbone.body.model.encoder.layer.1.output.dense.bias:lr_mult=0.1
2026/02/06 22:43:02 - mmengine - INFO - paramwise_options -- language_model.language_backbone.body.model.encoder.layer.1.output.LayerNorm.weight:lr=1e-05
2026/02/06 22:43:02 - mmengine - INFO - paramwise_options -- language_model.language_backbone.body.model.encoder.layer.1.output.LayerNorm.weight:weight_decay=0.0001
2026/02/06 22:43:02 - mmengine - INFO - paramwise_options -- language_model.language_backbone.body.model.encoder.layer.1.output.LayerNorm.weight:lr_mult=0.1
2026/02/06 22:43:02 - mmengine - INFO - paramwise_options -- language_model.language_backbone.body.model.encoder.layer.1.output.LayerNorm.bias:lr=1e-05
2026/02/06 22:43:02 - mmengine - INFO - paramwise_options -- language_model.language_backbone.body.model.encoder.layer.1.output.LayerNorm.bias:weight_decay=0.0001
2026/02/06 22:43:02 - mmengine - INFO - paramwise_options -- language_model.language_backbone.body.model.encoder.layer.1.output.LayerNorm.bias:lr_mult=0.1
2026/02/06 22:43:02 - mmengine - INFO - paramwise_options -- language_model.language_backbone.body.model.encoder.layer.2.attention.self.query.weight:lr=1e-05
2026/02/06 22:43:02 - mmengine - INFO - paramwise_options -- language_model.language_backbone.body.model.encoder.layer.2.attention.self.query.weight:weight_decay=0.0001
2026/02/06 22:43:02 - mmengine - INFO - paramwise_options -- language_model.language_backbone.body.model.encoder.layer.2.attention.self.query.weight:lr_mult=0.1
2026/02/06 22:43:02 - mmengine - INFO - paramwise_options -- language_model.language_backbone.body.model.encoder.layer.2.attention.self.query.bias:lr=1e-05
2026/02/06 22:43:02 - mmengine - INFO - paramwise_options -- language_model.language_backbone.body.model.encoder.layer.2.attention.self.query.bias:weight_decay=0.0001
2026/02/06 22:43:02 - mmengine - INFO - paramwise_options -- language_model.language_backbone.body.model.encoder.layer.2.attention.self.query.bias:lr_mult=0.1
2026/02/06 22:43:02 - mmengine - INFO - paramwise_options -- language_model.language_backbone.body.model.encoder.layer.2.attention.self.key.weight:lr=1e-05
2026/02/06 22:43:02 - mmengine - INFO - paramwise_options -- language_model.language_backbone.body.model.encoder.layer.2.attention.self.key.weight:weight_decay=0.0001
2026/02/06 22:43:02 - mmengine - INFO - paramwise_options -- language_model.language_backbone.body.model.encoder.layer.2.attention.self.key.weight:lr_mult=0.1
2026/02/06 22:43:02 - mmengine - INFO - paramwise_options -- language_model.language_backbone.body.model.encoder.layer.2.attention.self.key.bias:lr=1e-05
2026/02/06 22:43:02 - mmengine - INFO - paramwise_options -- language_model.language_backbone.body.model.encoder.layer.2.attention.self.key.bias:weight_decay=0.0001
2026/02/06 22:43:02 - mmengine - INFO - paramwise_options -- language_model.language_backbone.body.model.encoder.layer.2.attention.self.key.bias:lr_mult=0.1
2026/02/06 22:43:02 - mmengine - INFO - paramwise_options -- language_model.language_backbone.body.model.encoder.layer.2.attention.self.value.weight:lr=1e-05
2026/02/06 22:43:02 - mmengine - INFO - paramwise_options -- language_model.language_backbone.body.model.encoder.layer.2.attention.self.value.weight:weight_decay=0.0001
2026/02/06 22:43:02 - mmengine - INFO - paramwise_options -- language_model.language_backbone.body.model.encoder.layer.2.attention.self.value.weight:lr_mult=0.1
2026/02/06 22:43:02 - mmengine - INFO - paramwise_options -- language_model.language_backbone.body.model.encoder.layer.2.attention.self.value.bias:lr=1e-05
2026/02/06 22:43:02 - mmengine - INFO - paramwise_options -- language_model.language_backbone.body.model.encoder.layer.2.attention.self.value.bias:weight_decay=0.0001
2026/02/06 22:43:02 - mmengine - INFO - paramwise_options -- language_model.language_backbone.body.model.encoder.layer.2.attention.self.value.bias:lr_mult=0.1
2026/02/06 22:43:02 - mmengine - INFO - paramwise_options -- language_model.language_backbone.body.model.encoder.layer.2.attention.output.dense.weight:lr=1e-05
2026/02/06 22:43:02 - mmengine - INFO - paramwise_options -- language_model.language_backbone.body.model.encoder.layer.2.attention.output.dense.weight:weight_decay=0.0001
2026/02/06 22:43:02 - mmengine - INFO - paramwise_options -- language_model.language_backbone.body.model.encoder.layer.2.attention.output.dense.weight:lr_mult=0.1
2026/02/06 22:43:02 - mmengine - INFO - paramwise_options -- language_model.language_backbone.body.model.encoder.layer.2.attention.output.dense.bias:lr=1e-05
2026/02/06 22:43:02 - mmengine - INFO - paramwise_options -- language_model.language_backbone.body.model.encoder.layer.2.attention.output.dense.bias:weight_decay=0.0001
2026/02/06 22:43:02 - mmengine - INFO - paramwise_options -- language_model.language_backbone.body.model.encoder.layer.2.attention.output.dense.bias:lr_mult=0.1
2026/02/06 22:43:02 - mmengine - INFO - paramwise_options -- language_model.language_backbone.body.model.encoder.layer.2.attention.output.LayerNorm.weight:lr=1e-05
2026/02/06 22:43:02 - mmengine - INFO - paramwise_options -- language_model.language_backbone.body.model.encoder.layer.2.attention.output.LayerNorm.weight:weight_decay=0.0001
2026/02/06 22:43:02 - mmengine - INFO - paramwise_options -- language_model.language_backbone.body.model.encoder.layer.2.attention.output.LayerNorm.weight:lr_mult=0.1
2026/02/06 22:43:02 - mmengine - INFO - paramwise_options -- language_model.language_backbone.body.model.encoder.layer.2.attention.output.LayerNorm.bias:lr=1e-05
2026/02/06 22:43:02 - mmengine - INFO - paramwise_options -- language_model.language_backbone.body.model.encoder.layer.2.attention.output.LayerNorm.bias:weight_decay=0.0001
2026/02/06 22:43:02 - mmengine - INFO - paramwise_options -- language_model.language_backbone.body.model.encoder.layer.2.attention.output.LayerNorm.bias:lr_mult=0.1
2026/02/06 22:43:02 - mmengine - INFO - paramwise_options -- language_model.language_backbone.body.model.encoder.layer.2.intermediate.dense.weight:lr=1e-05
2026/02/06 22:43:02 - mmengine - INFO - paramwise_options -- language_model.language_backbone.body.model.encoder.layer.2.intermediate.dense.weight:weight_decay=0.0001
2026/02/06 22:43:02 - mmengine - INFO - paramwise_options -- language_model.language_backbone.body.model.encoder.layer.2.intermediate.dense.weight:lr_mult=0.1
2026/02/06 22:43:02 - mmengine - INFO - paramwise_options -- language_model.language_backbone.body.model.encoder.layer.2.intermediate.dense.bias:lr=1e-05
2026/02/06 22:43:02 - mmengine - INFO - paramwise_options -- language_model.language_backbone.body.model.encoder.layer.2.intermediate.dense.bias:weight_decay=0.0001
2026/02/06 22:43:02 - mmengine - INFO - paramwise_options -- language_model.language_backbone.body.model.encoder.layer.2.intermediate.dense.bias:lr_mult=0.1
2026/02/06 22:43:02 - mmengine - INFO - paramwise_options -- language_model.language_backbone.body.model.encoder.layer.2.output.dense.weight:lr=1e-05
2026/02/06 22:43:02 - mmengine - INFO - paramwise_options -- language_model.language_backbone.body.model.encoder.layer.2.output.dense.weight:weight_decay=0.0001
2026/02/06 22:43:02 - mmengine - INFO - paramwise_options -- language_model.language_backbone.body.model.encoder.layer.2.output.dense.weight:lr_mult=0.1
2026/02/06 22:43:02 - mmengine - INFO - paramwise_options -- language_model.language_backbone.body.model.encoder.layer.2.output.dense.bias:lr=1e-05
2026/02/06 22:43:02 - mmengine - INFO - paramwise_options -- language_model.language_backbone.body.model.encoder.layer.2.output.dense.bias:weight_decay=0.0001
2026/02/06 22:43:02 - mmengine - INFO - paramwise_options -- language_model.language_backbone.body.model.encoder.layer.2.output.dense.bias:lr_mult=0.1
2026/02/06 22:43:02 - mmengine - INFO - paramwise_options -- language_model.language_backbone.body.model.encoder.layer.2.output.LayerNorm.weight:lr=1e-05
2026/02/06 22:43:02 - mmengine - INFO - paramwise_options -- language_model.language_backbone.body.model.encoder.layer.2.output.LayerNorm.weight:weight_decay=0.0001
2026/02/06 22:43:02 - mmengine - INFO - paramwise_options -- language_model.language_backbone.body.model.encoder.layer.2.output.LayerNorm.weight:lr_mult=0.1
2026/02/06 22:43:02 - mmengine - INFO - paramwise_options -- language_model.language_backbone.body.model.encoder.layer.2.output.LayerNorm.bias:lr=1e-05
2026/02/06 22:43:02 - mmengine - INFO - paramwise_options -- language_model.language_backbone.body.model.encoder.layer.2.output.LayerNorm.bias:weight_decay=0.0001
2026/02/06 22:43:02 - mmengine - INFO - paramwise_options -- language_model.language_backbone.body.model.encoder.layer.2.output.LayerNorm.bias:lr_mult=0.1
2026/02/06 22:43:02 - mmengine - INFO - paramwise_options -- language_model.language_backbone.body.model.encoder.layer.3.attention.self.query.weight:lr=1e-05
2026/02/06 22:43:02 - mmengine - INFO - paramwise_options -- language_model.language_backbone.body.model.encoder.layer.3.attention.self.query.weight:weight_decay=0.0001
2026/02/06 22:43:02 - mmengine - INFO - paramwise_options -- language_model.language_backbone.body.model.encoder.layer.3.attention.self.query.weight:lr_mult=0.1
2026/02/06 22:43:02 - mmengine - INFO - paramwise_options -- language_model.language_backbone.body.model.encoder.layer.3.attention.self.query.bias:lr=1e-05
2026/02/06 22:43:02 - mmengine - INFO - paramwise_options -- language_model.language_backbone.body.model.encoder.layer.3.attention.self.query.bias:weight_decay=0.0001
2026/02/06 22:43:02 - mmengine - INFO - paramwise_options -- language_model.language_backbone.body.model.encoder.layer.3.attention.self.query.bias:lr_mult=0.1
2026/02/06 22:43:02 - mmengine - INFO - paramwise_options -- language_model.language_backbone.body.model.encoder.layer.3.attention.self.key.weight:lr=1e-05
2026/02/06 22:43:02 - mmengine - INFO - paramwise_options -- language_model.language_backbone.body.model.encoder.layer.3.attention.self.key.weight:weight_decay=0.0001
2026/02/06 22:43:02 - mmengine - INFO - paramwise_options -- language_model.language_backbone.body.model.encoder.layer.3.attention.self.key.weight:lr_mult=0.1
2026/02/06 22:43:02 - mmengine - INFO - paramwise_options -- language_model.language_backbone.body.model.encoder.layer.3.attention.self.key.bias:lr=1e-05
2026/02/06 22:43:02 - mmengine - INFO - paramwise_options -- language_model.language_backbone.body.model.encoder.layer.3.attention.self.key.bias:weight_decay=0.0001
2026/02/06 22:43:02 - mmengine - INFO - paramwise_options -- language_model.language_backbone.body.model.encoder.layer.3.attention.self.key.bias:lr_mult=0.1
2026/02/06 22:43:02 - mmengine - INFO - paramwise_options -- language_model.language_backbone.body.model.encoder.layer.3.attention.self.value.weight:lr=1e-05
2026/02/06 22:43:02 - mmengine - INFO - paramwise_options -- language_model.language_backbone.body.model.encoder.layer.3.attention.self.value.weight:weight_decay=0.0001
2026/02/06 22:43:02 - mmengine - INFO - paramwise_options -- language_model.language_backbone.body.model.encoder.layer.3.attention.self.value.weight:lr_mult=0.1
2026/02/06 22:43:02 - mmengine - INFO - paramwise_options -- language_model.language_backbone.body.model.encoder.layer.3.attention.self.value.bias:lr=1e-05
2026/02/06 22:43:02 - mmengine - INFO - paramwise_options -- language_model.language_backbone.body.model.encoder.layer.3.attention.self.value.bias:weight_decay=0.0001
2026/02/06 22:43:02 - mmengine - INFO - paramwise_options -- language_model.language_backbone.body.model.encoder.layer.3.attention.self.value.bias:lr_mult=0.1
2026/02/06 22:43:02 - mmengine - INFO - paramwise_options -- language_model.language_backbone.body.model.encoder.layer.3.attention.output.dense.weight:lr=1e-05
2026/02/06 22:43:02 - mmengine - INFO - paramwise_options -- language_model.language_backbone.body.model.encoder.layer.3.attention.output.dense.weight:weight_decay=0.0001
2026/02/06 22:43:02 - mmengine - INFO - paramwise_options -- language_model.language_backbone.body.model.encoder.layer.3.attention.output.dense.weight:lr_mult=0.1
2026/02/06 22:43:02 - mmengine - INFO - paramwise_options -- language_model.language_backbone.body.model.encoder.layer.3.attention.output.dense.bias:lr=1e-05
2026/02/06 22:43:02 - mmengine - INFO - paramwise_options -- language_model.language_backbone.body.model.encoder.layer.3.attention.output.dense.bias:weight_decay=0.0001
2026/02/06 22:43:02 - mmengine - INFO - paramwise_options -- language_model.language_backbone.body.model.encoder.layer.3.attention.output.dense.bias:lr_mult=0.1
2026/02/06 22:43:02 - mmengine - INFO - paramwise_options -- language_model.language_backbone.body.model.encoder.layer.3.attention.output.LayerNorm.weight:lr=1e-05
2026/02/06 22:43:02 - mmengine - INFO - paramwise_options -- language_model.language_backbone.body.model.encoder.layer.3.attention.output.LayerNorm.weight:weight_decay=0.0001
2026/02/06 22:43:02 - mmengine - INFO - paramwise_options -- language_model.language_backbone.body.model.encoder.layer.3.attention.output.LayerNorm.weight:lr_mult=0.1
2026/02/06 22:43:02 - mmengine - INFO - paramwise_options -- language_model.language_backbone.body.model.encoder.layer.3.attention.output.LayerNorm.bias:lr=1e-05
2026/02/06 22:43:02 - mmengine - INFO - paramwise_options -- language_model.language_backbone.body.model.encoder.layer.3.attention.output.LayerNorm.bias:weight_decay=0.0001
2026/02/06 22:43:02 - mmengine - INFO - paramwise_options -- language_model.language_backbone.body.model.encoder.layer.3.attention.output.LayerNorm.bias:lr_mult=0.1
2026/02/06 22:43:02 - mmengine - INFO - paramwise_options -- language_model.language_backbone.body.model.encoder.layer.3.intermediate.dense.weight:lr=1e-05
2026/02/06 22:43:02 - mmengine - INFO - paramwise_options -- language_model.language_backbone.body.model.encoder.layer.3.intermediate.dense.weight:weight_decay=0.0001
2026/02/06 22:43:02 - mmengine - INFO - paramwise_options -- language_model.language_backbone.body.model.encoder.layer.3.intermediate.dense.weight:lr_mult=0.1
2026/02/06 22:43:02 - mmengine - INFO - paramwise_options -- language_model.language_backbone.body.model.encoder.layer.3.intermediate.dense.bias:lr=1e-05
2026/02/06 22:43:02 - mmengine - INFO - paramwise_options -- language_model.language_backbone.body.model.encoder.layer.3.intermediate.dense.bias:weight_decay=0.0001
2026/02/06 22:43:02 - mmengine - INFO - paramwise_options -- language_model.language_backbone.body.model.encoder.layer.3.intermediate.dense.bias:lr_mult=0.1
2026/02/06 22:43:02 - mmengine - INFO - paramwise_options -- language_model.language_backbone.body.model.encoder.layer.3.output.dense.weight:lr=1e-05
2026/02/06 22:43:02 - mmengine - INFO - paramwise_options -- language_model.language_backbone.body.model.encoder.layer.3.output.dense.weight:weight_decay=0.0001
2026/02/06 22:43:02 - mmengine - INFO - paramwise_options -- language_model.language_backbone.body.model.encoder.layer.3.output.dense.weight:lr_mult=0.1
2026/02/06 22:43:02 - mmengine - INFO - paramwise_options -- language_model.language_backbone.body.model.encoder.layer.3.output.dense.bias:lr=1e-05
2026/02/06 22:43:02 - mmengine - INFO - paramwise_options -- language_model.language_backbone.body.model.encoder.layer.3.output.dense.bias:weight_decay=0.0001
2026/02/06 22:43:02 - mmengine - INFO - paramwise_options -- language_model.language_backbone.body.model.encoder.layer.3.output.dense.bias:lr_mult=0.1
2026/02/06 22:43:02 - mmengine - INFO - paramwise_options -- language_model.language_backbone.body.model.encoder.layer.3.output.LayerNorm.weight:lr=1e-05
2026/02/06 22:43:02 - mmengine - INFO - paramwise_options -- language_model.language_backbone.body.model.encoder.layer.3.output.LayerNorm.weight:weight_decay=0.0001
2026/02/06 22:43:02 - mmengine - INFO - paramwise_options -- language_model.language_backbone.body.model.encoder.layer.3.output.LayerNorm.weight:lr_mult=0.1
2026/02/06 22:43:02 - mmengine - INFO - paramwise_options -- language_model.language_backbone.body.model.encoder.layer.3.output.LayerNorm.bias:lr=1e-05
2026/02/06 22:43:02 - mmengine - INFO - paramwise_options -- language_model.language_backbone.body.model.encoder.layer.3.output.LayerNorm.bias:weight_decay=0.0001
2026/02/06 22:43:02 - mmengine - INFO - paramwise_options -- language_model.language_backbone.body.model.encoder.layer.3.output.LayerNorm.bias:lr_mult=0.1
2026/02/06 22:43:02 - mmengine - INFO - paramwise_options -- language_model.language_backbone.body.model.encoder.layer.4.attention.self.query.weight:lr=1e-05
2026/02/06 22:43:02 - mmengine - INFO - paramwise_options -- language_model.language_backbone.body.model.encoder.layer.4.attention.self.query.weight:weight_decay=0.0001
2026/02/06 22:43:02 - mmengine - INFO - paramwise_options -- language_model.language_backbone.body.model.encoder.layer.4.attention.self.query.weight:lr_mult=0.1
2026/02/06 22:43:02 - mmengine - INFO - paramwise_options -- language_model.language_backbone.body.model.encoder.layer.4.attention.self.query.bias:lr=1e-05
2026/02/06 22:43:02 - mmengine - INFO - paramwise_options -- language_model.language_backbone.body.model.encoder.layer.4.attention.self.query.bias:weight_decay=0.0001
2026/02/06 22:43:02 - mmengine - INFO - paramwise_options -- language_model.language_backbone.body.model.encoder.layer.4.attention.self.query.bias:lr_mult=0.1
2026/02/06 22:43:02 - mmengine - INFO - paramwise_options -- language_model.language_backbone.body.model.encoder.layer.4.attention.self.key.weight:lr=1e-05
2026/02/06 22:43:02 - mmengine - INFO - paramwise_options -- language_model.language_backbone.body.model.encoder.layer.4.attention.self.key.weight:weight_decay=0.0001
2026/02/06 22:43:02 - mmengine - INFO - paramwise_options -- language_model.language_backbone.body.model.encoder.layer.4.attention.self.key.weight:lr_mult=0.1
2026/02/06 22:43:02 - mmengine - INFO - paramwise_options -- language_model.language_backbone.body.model.encoder.layer.4.attention.self.key.bias:lr=1e-05
2026/02/06 22:43:02 - mmengine - INFO - paramwise_options -- language_model.language_backbone.body.model.encoder.layer.4.attention.self.key.bias:weight_decay=0.0001
2026/02/06 22:43:02 - mmengine - INFO - paramwise_options -- language_model.language_backbone.body.model.encoder.layer.4.attention.self.key.bias:lr_mult=0.1
2026/02/06 22:43:02 - mmengine - INFO - paramwise_options -- language_model.language_backbone.body.model.encoder.layer.4.attention.self.value.weight:lr=1e-05
2026/02/06 22:43:02 - mmengine - INFO - paramwise_options -- language_model.language_backbone.body.model.encoder.layer.4.attention.self.value.weight:weight_decay=0.0001
2026/02/06 22:43:02 - mmengine - INFO - paramwise_options -- language_model.language_backbone.body.model.encoder.layer.4.attention.self.value.weight:lr_mult=0.1
2026/02/06 22:43:02 - mmengine - INFO - paramwise_options -- language_model.language_backbone.body.model.encoder.layer.4.attention.self.value.bias:lr=1e-05
2026/02/06 22:43:02 - mmengine - INFO - paramwise_options -- language_model.language_backbone.body.model.encoder.layer.4.attention.self.value.bias:weight_decay=0.0001
2026/02/06 22:43:02 - mmengine - INFO - paramwise_options -- language_model.language_backbone.body.model.encoder.layer.4.attention.self.value.bias:lr_mult=0.1
2026/02/06 22:43:02 - mmengine - INFO - paramwise_options -- language_model.language_backbone.body.model.encoder.layer.4.attention.output.dense.weight:lr=1e-05
2026/02/06 22:43:02 - mmengine - INFO - paramwise_options -- language_model.language_backbone.body.model.encoder.layer.4.attention.output.dense.weight:weight_decay=0.0001
2026/02/06 22:43:02 - mmengine - INFO - paramwise_options -- language_model.language_backbone.body.model.encoder.layer.4.attention.output.dense.weight:lr_mult=0.1
2026/02/06 22:43:02 - mmengine - INFO - paramwise_options -- language_model.language_backbone.body.model.encoder.layer.4.attention.output.dense.bias:lr=1e-05
2026/02/06 22:43:02 - mmengine - INFO - paramwise_options -- language_model.language_backbone.body.model.encoder.layer.4.attention.output.dense.bias:weight_decay=0.0001
2026/02/06 22:43:02 - mmengine - INFO - paramwise_options -- language_model.language_backbone.body.model.encoder.layer.4.attention.output.dense.bias:lr_mult=0.1
2026/02/06 22:43:02 - mmengine - INFO - paramwise_options -- language_model.language_backbone.body.model.encoder.layer.4.attention.output.LayerNorm.weight:lr=1e-05
2026/02/06 22:43:02 - mmengine - INFO - paramwise_options -- language_model.language_backbone.body.model.encoder.layer.4.attention.output.LayerNorm.weight:weight_decay=0.0001
2026/02/06 22:43:02 - mmengine - INFO - paramwise_options -- language_model.language_backbone.body.model.encoder.layer.4.attention.output.LayerNorm.weight:lr_mult=0.1
2026/02/06 22:43:02 - mmengine - INFO - paramwise_options -- language_model.language_backbone.body.model.encoder.layer.4.attention.output.LayerNorm.bias:lr=1e-05
2026/02/06 22:43:02 - mmengine - INFO - paramwise_options -- language_model.language_backbone.body.model.encoder.layer.4.attention.output.LayerNorm.bias:weight_decay=0.0001
2026/02/06 22:43:02 - mmengine - INFO - paramwise_options -- language_model.language_backbone.body.model.encoder.layer.4.attention.output.LayerNorm.bias:lr_mult=0.1
2026/02/06 22:43:02 - mmengine - INFO - paramwise_options -- language_model.language_backbone.body.model.encoder.layer.4.intermediate.dense.weight:lr=1e-05
2026/02/06 22:43:02 - mmengine - INFO - paramwise_options -- language_model.language_backbone.body.model.encoder.layer.4.intermediate.dense.weight:weight_decay=0.0001
2026/02/06 22:43:02 - mmengine - INFO - paramwise_options -- language_model.language_backbone.body.model.encoder.layer.4.intermediate.dense.weight:lr_mult=0.1
2026/02/06 22:43:02 - mmengine - INFO - paramwise_options -- language_model.language_backbone.body.model.encoder.layer.4.intermediate.dense.bias:lr=1e-05
2026/02/06 22:43:02 - mmengine - INFO - paramwise_options -- language_model.language_backbone.body.model.encoder.layer.4.intermediate.dense.bias:weight_decay=0.0001
2026/02/06 22:43:02 - mmengine - INFO - paramwise_options -- language_model.language_backbone.body.model.encoder.layer.4.intermediate.dense.bias:lr_mult=0.1
2026/02/06 22:43:02 - mmengine - INFO - paramwise_options -- language_model.language_backbone.body.model.encoder.layer.4.output.dense.weight:lr=1e-05
2026/02/06 22:43:02 - mmengine - INFO - paramwise_options -- language_model.language_backbone.body.model.encoder.layer.4.output.dense.weight:weight_decay=0.0001
2026/02/06 22:43:02 - mmengine - INFO - paramwise_options -- language_model.language_backbone.body.model.encoder.layer.4.output.dense.weight:lr_mult=0.1
2026/02/06 22:43:02 - mmengine - INFO - paramwise_options -- language_model.language_backbone.body.model.encoder.layer.4.output.dense.bias:lr=1e-05
2026/02/06 22:43:02 - mmengine - INFO - paramwise_options -- language_model.language_backbone.body.model.encoder.layer.4.output.dense.bias:weight_decay=0.0001
2026/02/06 22:43:02 - mmengine - INFO - paramwise_options -- language_model.language_backbone.body.model.encoder.layer.4.output.dense.bias:lr_mult=0.1
2026/02/06 22:43:02 - mmengine - INFO - paramwise_options -- language_model.language_backbone.body.model.encoder.layer.4.output.LayerNorm.weight:lr=1e-05
2026/02/06 22:43:02 - mmengine - INFO - paramwise_options -- language_model.language_backbone.body.model.encoder.layer.4.output.LayerNorm.weight:weight_decay=0.0001
2026/02/06 22:43:02 - mmengine - INFO - paramwise_options -- language_model.language_backbone.body.model.encoder.layer.4.output.LayerNorm.weight:lr_mult=0.1
2026/02/06 22:43:02 - mmengine - INFO - paramwise_options -- language_model.language_backbone.body.model.encoder.layer.4.output.LayerNorm.bias:lr=1e-05
2026/02/06 22:43:02 - mmengine - INFO - paramwise_options -- language_model.language_backbone.body.model.encoder.layer.4.output.LayerNorm.bias:weight_decay=0.0001
2026/02/06 22:43:02 - mmengine - INFO - paramwise_options -- language_model.language_backbone.body.model.encoder.layer.4.output.LayerNorm.bias:lr_mult=0.1
2026/02/06 22:43:02 - mmengine - INFO - paramwise_options -- language_model.language_backbone.body.model.encoder.layer.5.attention.self.query.weight:lr=1e-05
2026/02/06 22:43:02 - mmengine - INFO - paramwise_options -- language_model.language_backbone.body.model.encoder.layer.5.attention.self.query.weight:weight_decay=0.0001
2026/02/06 22:43:02 - mmengine - INFO - paramwise_options -- language_model.language_backbone.body.model.encoder.layer.5.attention.self.query.weight:lr_mult=0.1
2026/02/06 22:43:02 - mmengine - INFO - paramwise_options -- language_model.language_backbone.body.model.encoder.layer.5.attention.self.query.bias:lr=1e-05
2026/02/06 22:43:02 - mmengine - INFO - paramwise_options -- language_model.language_backbone.body.model.encoder.layer.5.attention.self.query.bias:weight_decay=0.0001
2026/02/06 22:43:02 - mmengine - INFO - paramwise_options -- language_model.language_backbone.body.model.encoder.layer.5.attention.self.query.bias:lr_mult=0.1
2026/02/06 22:43:02 - mmengine - INFO - paramwise_options -- language_model.language_backbone.body.model.encoder.layer.5.attention.self.key.weight:lr=1e-05
2026/02/06 22:43:02 - mmengine - INFO - paramwise_options -- language_model.language_backbone.body.model.encoder.layer.5.attention.self.key.weight:weight_decay=0.0001
2026/02/06 22:43:02 - mmengine - INFO - paramwise_options -- language_model.language_backbone.body.model.encoder.layer.5.attention.self.key.weight:lr_mult=0.1
2026/02/06 22:43:02 - mmengine - INFO - paramwise_options -- language_model.language_backbone.body.model.encoder.layer.5.attention.self.key.bias:lr=1e-05
2026/02/06 22:43:02 - mmengine - INFO - paramwise_options -- language_model.language_backbone.body.model.encoder.layer.5.attention.self.key.bias:weight_decay=0.0001
2026/02/06 22:43:02 - mmengine - INFO - paramwise_options -- language_model.language_backbone.body.model.encoder.layer.5.attention.self.key.bias:lr_mult=0.1
2026/02/06 22:43:02 - mmengine - INFO - paramwise_options -- language_model.language_backbone.body.model.encoder.layer.5.attention.self.value.weight:lr=1e-05
2026/02/06 22:43:02 - mmengine - INFO - paramwise_options -- language_model.language_backbone.body.model.encoder.layer.5.attention.self.value.weight:weight_decay=0.0001
2026/02/06 22:43:02 - mmengine - INFO - paramwise_options -- language_model.language_backbone.body.model.encoder.layer.5.attention.self.value.weight:lr_mult=0.1
2026/02/06 22:43:02 - mmengine - INFO - paramwise_options -- language_model.language_backbone.body.model.encoder.layer.5.attention.self.value.bias:lr=1e-05
2026/02/06 22:43:02 - mmengine - INFO - paramwise_options -- language_model.language_backbone.body.model.encoder.layer.5.attention.self.value.bias:weight_decay=0.0001
2026/02/06 22:43:02 - mmengine - INFO - paramwise_options -- language_model.language_backbone.body.model.encoder.layer.5.attention.self.value.bias:lr_mult=0.1
2026/02/06 22:43:02 - mmengine - INFO - paramwise_options -- language_model.language_backbone.body.model.encoder.layer.5.attention.output.dense.weight:lr=1e-05
2026/02/06 22:43:02 - mmengine - INFO - paramwise_options -- language_model.language_backbone.body.model.encoder.layer.5.attention.output.dense.weight:weight_decay=0.0001
2026/02/06 22:43:02 - mmengine - INFO - paramwise_options -- language_model.language_backbone.body.model.encoder.layer.5.attention.output.dense.weight:lr_mult=0.1
2026/02/06 22:43:02 - mmengine - INFO - paramwise_options -- language_model.language_backbone.body.model.encoder.layer.5.attention.output.dense.bias:lr=1e-05
2026/02/06 22:43:02 - mmengine - INFO - paramwise_options -- language_model.language_backbone.body.model.encoder.layer.5.attention.output.dense.bias:weight_decay=0.0001
2026/02/06 22:43:02 - mmengine - INFO - paramwise_options -- language_model.language_backbone.body.model.encoder.layer.5.attention.output.dense.bias:lr_mult=0.1
2026/02/06 22:43:02 - mmengine - INFO - paramwise_options -- language_model.language_backbone.body.model.encoder.layer.5.attention.output.LayerNorm.weight:lr=1e-05
2026/02/06 22:43:02 - mmengine - INFO - paramwise_options -- language_model.language_backbone.body.model.encoder.layer.5.attention.output.LayerNorm.weight:weight_decay=0.0001
2026/02/06 22:43:02 - mmengine - INFO - paramwise_options -- language_model.language_backbone.body.model.encoder.layer.5.attention.output.LayerNorm.weight:lr_mult=0.1
2026/02/06 22:43:02 - mmengine - INFO - paramwise_options -- language_model.language_backbone.body.model.encoder.layer.5.attention.output.LayerNorm.bias:lr=1e-05
2026/02/06 22:43:02 - mmengine - INFO - paramwise_options -- language_model.language_backbone.body.model.encoder.layer.5.attention.output.LayerNorm.bias:weight_decay=0.0001
2026/02/06 22:43:02 - mmengine - INFO - paramwise_options -- language_model.language_backbone.body.model.encoder.layer.5.attention.output.LayerNorm.bias:lr_mult=0.1
2026/02/06 22:43:02 - mmengine - INFO - paramwise_options -- language_model.language_backbone.body.model.encoder.layer.5.intermediate.dense.weight:lr=1e-05
2026/02/06 22:43:02 - mmengine - INFO - paramwise_options -- language_model.language_backbone.body.model.encoder.layer.5.intermediate.dense.weight:weight_decay=0.0001
2026/02/06 22:43:02 - mmengine - INFO - paramwise_options -- language_model.language_backbone.body.model.encoder.layer.5.intermediate.dense.weight:lr_mult=0.1
2026/02/06 22:43:02 - mmengine - INFO - paramwise_options -- language_model.language_backbone.body.model.encoder.layer.5.intermediate.dense.bias:lr=1e-05
2026/02/06 22:43:02 - mmengine - INFO - paramwise_options -- language_model.language_backbone.body.model.encoder.layer.5.intermediate.dense.bias:weight_decay=0.0001
2026/02/06 22:43:02 - mmengine - INFO - paramwise_options -- language_model.language_backbone.body.model.encoder.layer.5.intermediate.dense.bias:lr_mult=0.1
2026/02/06 22:43:02 - mmengine - INFO - paramwise_options -- language_model.language_backbone.body.model.encoder.layer.5.output.dense.weight:lr=1e-05
2026/02/06 22:43:02 - mmengine - INFO - paramwise_options -- language_model.language_backbone.body.model.encoder.layer.5.output.dense.weight:weight_decay=0.0001
2026/02/06 22:43:02 - mmengine - INFO - paramwise_options -- language_model.language_backbone.body.model.encoder.layer.5.output.dense.weight:lr_mult=0.1
2026/02/06 22:43:02 - mmengine - INFO - paramwise_options -- language_model.language_backbone.body.model.encoder.layer.5.output.dense.bias:lr=1e-05
2026/02/06 22:43:02 - mmengine - INFO - paramwise_options -- language_model.language_backbone.body.model.encoder.layer.5.output.dense.bias:weight_decay=0.0001
2026/02/06 22:43:02 - mmengine - INFO - paramwise_options -- language_model.language_backbone.body.model.encoder.layer.5.output.dense.bias:lr_mult=0.1
2026/02/06 22:43:02 - mmengine - INFO - paramwise_options -- language_model.language_backbone.body.model.encoder.layer.5.output.LayerNorm.weight:lr=1e-05
2026/02/06 22:43:02 - mmengine - INFO - paramwise_options -- language_model.language_backbone.body.model.encoder.layer.5.output.LayerNorm.weight:weight_decay=0.0001
2026/02/06 22:43:02 - mmengine - INFO - paramwise_options -- language_model.language_backbone.body.model.encoder.layer.5.output.LayerNorm.weight:lr_mult=0.1
2026/02/06 22:43:02 - mmengine - INFO - paramwise_options -- language_model.language_backbone.body.model.encoder.layer.5.output.LayerNorm.bias:lr=1e-05
2026/02/06 22:43:02 - mmengine - INFO - paramwise_options -- language_model.language_backbone.body.model.encoder.layer.5.output.LayerNorm.bias:weight_decay=0.0001
2026/02/06 22:43:02 - mmengine - INFO - paramwise_options -- language_model.language_backbone.body.model.encoder.layer.5.output.LayerNorm.bias:lr_mult=0.1
2026/02/06 22:43:02 - mmengine - INFO - paramwise_options -- language_model.language_backbone.body.model.encoder.layer.6.attention.self.query.weight:lr=1e-05
2026/02/06 22:43:02 - mmengine - INFO - paramwise_options -- language_model.language_backbone.body.model.encoder.layer.6.attention.self.query.weight:weight_decay=0.0001
2026/02/06 22:43:02 - mmengine - INFO - paramwise_options -- language_model.language_backbone.body.model.encoder.layer.6.attention.self.query.weight:lr_mult=0.1
2026/02/06 22:43:02 - mmengine - INFO - paramwise_options -- language_model.language_backbone.body.model.encoder.layer.6.attention.self.query.bias:lr=1e-05
2026/02/06 22:43:02 - mmengine - INFO - paramwise_options -- language_model.language_backbone.body.model.encoder.layer.6.attention.self.query.bias:weight_decay=0.0001
2026/02/06 22:43:02 - mmengine - INFO - paramwise_options -- language_model.language_backbone.body.model.encoder.layer.6.attention.self.query.bias:lr_mult=0.1
2026/02/06 22:43:02 - mmengine - INFO - paramwise_options -- language_model.language_backbone.body.model.encoder.layer.6.attention.self.key.weight:lr=1e-05
2026/02/06 22:43:02 - mmengine - INFO - paramwise_options -- language_model.language_backbone.body.model.encoder.layer.6.attention.self.key.weight:weight_decay=0.0001
2026/02/06 22:43:02 - mmengine - INFO - paramwise_options -- language_model.language_backbone.body.model.encoder.layer.6.attention.self.key.weight:lr_mult=0.1
2026/02/06 22:43:02 - mmengine - INFO - paramwise_options -- language_model.language_backbone.body.model.encoder.layer.6.attention.self.key.bias:lr=1e-05
2026/02/06 22:43:02 - mmengine - INFO - paramwise_options -- language_model.language_backbone.body.model.encoder.layer.6.attention.self.key.bias:weight_decay=0.0001
2026/02/06 22:43:02 - mmengine - INFO - paramwise_options -- language_model.language_backbone.body.model.encoder.layer.6.attention.self.key.bias:lr_mult=0.1
2026/02/06 22:43:02 - mmengine - INFO - paramwise_options -- language_model.language_backbone.body.model.encoder.layer.6.attention.self.value.weight:lr=1e-05
2026/02/06 22:43:02 - mmengine - INFO - paramwise_options -- language_model.language_backbone.body.model.encoder.layer.6.attention.self.value.weight:weight_decay=0.0001
2026/02/06 22:43:02 - mmengine - INFO - paramwise_options -- language_model.language_backbone.body.model.encoder.layer.6.attention.self.value.weight:lr_mult=0.1
2026/02/06 22:43:02 - mmengine - INFO - paramwise_options -- language_model.language_backbone.body.model.encoder.layer.6.attention.self.value.bias:lr=1e-05
2026/02/06 22:43:02 - mmengine - INFO - paramwise_options -- language_model.language_backbone.body.model.encoder.layer.6.attention.self.value.bias:weight_decay=0.0001
2026/02/06 22:43:02 - mmengine - INFO - paramwise_options -- language_model.language_backbone.body.model.encoder.layer.6.attention.self.value.bias:lr_mult=0.1
2026/02/06 22:43:02 - mmengine - INFO - paramwise_options -- language_model.language_backbone.body.model.encoder.layer.6.attention.output.dense.weight:lr=1e-05
2026/02/06 22:43:02 - mmengine - INFO - paramwise_options -- language_model.language_backbone.body.model.encoder.layer.6.attention.output.dense.weight:weight_decay=0.0001
2026/02/06 22:43:02 - mmengine - INFO - paramwise_options -- language_model.language_backbone.body.model.encoder.layer.6.attention.output.dense.weight:lr_mult=0.1
2026/02/06 22:43:02 - mmengine - INFO - paramwise_options -- language_model.language_backbone.body.model.encoder.layer.6.attention.output.dense.bias:lr=1e-05
2026/02/06 22:43:02 - mmengine - INFO - paramwise_options -- language_model.language_backbone.body.model.encoder.layer.6.attention.output.dense.bias:weight_decay=0.0001
2026/02/06 22:43:02 - mmengine - INFO - paramwise_options -- language_model.language_backbone.body.model.encoder.layer.6.attention.output.dense.bias:lr_mult=0.1
2026/02/06 22:43:02 - mmengine - INFO - paramwise_options -- language_model.language_backbone.body.model.encoder.layer.6.attention.output.LayerNorm.weight:lr=1e-05
2026/02/06 22:43:02 - mmengine - INFO - paramwise_options -- language_model.language_backbone.body.model.encoder.layer.6.attention.output.LayerNorm.weight:weight_decay=0.0001
2026/02/06 22:43:02 - mmengine - INFO - paramwise_options -- language_model.language_backbone.body.model.encoder.layer.6.attention.output.LayerNorm.weight:lr_mult=0.1
2026/02/06 22:43:02 - mmengine - INFO - paramwise_options -- language_model.language_backbone.body.model.encoder.layer.6.attention.output.LayerNorm.bias:lr=1e-05
2026/02/06 22:43:02 - mmengine - INFO - paramwise_options -- language_model.language_backbone.body.model.encoder.layer.6.attention.output.LayerNorm.bias:weight_decay=0.0001
2026/02/06 22:43:02 - mmengine - INFO - paramwise_options -- language_model.language_backbone.body.model.encoder.layer.6.attention.output.LayerNorm.bias:lr_mult=0.1
2026/02/06 22:43:02 - mmengine - INFO - paramwise_options -- language_model.language_backbone.body.model.encoder.layer.6.intermediate.dense.weight:lr=1e-05
2026/02/06 22:43:02 - mmengine - INFO - paramwise_options -- language_model.language_backbone.body.model.encoder.layer.6.intermediate.dense.weight:weight_decay=0.0001
2026/02/06 22:43:02 - mmengine - INFO - paramwise_options -- language_model.language_backbone.body.model.encoder.layer.6.intermediate.dense.weight:lr_mult=0.1
2026/02/06 22:43:02 - mmengine - INFO - paramwise_options -- language_model.language_backbone.body.model.encoder.layer.6.intermediate.dense.bias:lr=1e-05
2026/02/06 22:43:02 - mmengine - INFO - paramwise_options -- language_model.language_backbone.body.model.encoder.layer.6.intermediate.dense.bias:weight_decay=0.0001
2026/02/06 22:43:02 - mmengine - INFO - paramwise_options -- language_model.language_backbone.body.model.encoder.layer.6.intermediate.dense.bias:lr_mult=0.1
2026/02/06 22:43:02 - mmengine - INFO - paramwise_options -- language_model.language_backbone.body.model.encoder.layer.6.output.dense.weight:lr=1e-05
2026/02/06 22:43:02 - mmengine - INFO - paramwise_options -- language_model.language_backbone.body.model.encoder.layer.6.output.dense.weight:weight_decay=0.0001
2026/02/06 22:43:02 - mmengine - INFO - paramwise_options -- language_model.language_backbone.body.model.encoder.layer.6.output.dense.weight:lr_mult=0.1
2026/02/06 22:43:02 - mmengine - INFO - paramwise_options -- language_model.language_backbone.body.model.encoder.layer.6.output.dense.bias:lr=1e-05
2026/02/06 22:43:02 - mmengine - INFO - paramwise_options -- language_model.language_backbone.body.model.encoder.layer.6.output.dense.bias:weight_decay=0.0001
2026/02/06 22:43:02 - mmengine - INFO - paramwise_options -- language_model.language_backbone.body.model.encoder.layer.6.output.dense.bias:lr_mult=0.1
2026/02/06 22:43:02 - mmengine - INFO - paramwise_options -- language_model.language_backbone.body.model.encoder.layer.6.output.LayerNorm.weight:lr=1e-05
2026/02/06 22:43:02 - mmengine - INFO - paramwise_options -- language_model.language_backbone.body.model.encoder.layer.6.output.LayerNorm.weight:weight_decay=0.0001
2026/02/06 22:43:02 - mmengine - INFO - paramwise_options -- language_model.language_backbone.body.model.encoder.layer.6.output.LayerNorm.weight:lr_mult=0.1
2026/02/06 22:43:02 - mmengine - INFO - paramwise_options -- language_model.language_backbone.body.model.encoder.layer.6.output.LayerNorm.bias:lr=1e-05
2026/02/06 22:43:02 - mmengine - INFO - paramwise_options -- language_model.language_backbone.body.model.encoder.layer.6.output.LayerNorm.bias:weight_decay=0.0001
2026/02/06 22:43:02 - mmengine - INFO - paramwise_options -- language_model.language_backbone.body.model.encoder.layer.6.output.LayerNorm.bias:lr_mult=0.1
2026/02/06 22:43:02 - mmengine - INFO - paramwise_options -- language_model.language_backbone.body.model.encoder.layer.7.attention.self.query.weight:lr=1e-05
2026/02/06 22:43:02 - mmengine - INFO - paramwise_options -- language_model.language_backbone.body.model.encoder.layer.7.attention.self.query.weight:weight_decay=0.0001
2026/02/06 22:43:02 - mmengine - INFO - paramwise_options -- language_model.language_backbone.body.model.encoder.layer.7.attention.self.query.weight:lr_mult=0.1
2026/02/06 22:43:02 - mmengine - INFO - paramwise_options -- language_model.language_backbone.body.model.encoder.layer.7.attention.self.query.bias:lr=1e-05
2026/02/06 22:43:02 - mmengine - INFO - paramwise_options -- language_model.language_backbone.body.model.encoder.layer.7.attention.self.query.bias:weight_decay=0.0001
2026/02/06 22:43:02 - mmengine - INFO - paramwise_options -- language_model.language_backbone.body.model.encoder.layer.7.attention.self.query.bias:lr_mult=0.1
2026/02/06 22:43:02 - mmengine - INFO - paramwise_options -- language_model.language_backbone.body.model.encoder.layer.7.attention.self.key.weight:lr=1e-05
2026/02/06 22:43:02 - mmengine - INFO - paramwise_options -- language_model.language_backbone.body.model.encoder.layer.7.attention.self.key.weight:weight_decay=0.0001
2026/02/06 22:43:02 - mmengine - INFO - paramwise_options -- language_model.language_backbone.body.model.encoder.layer.7.attention.self.key.weight:lr_mult=0.1
2026/02/06 22:43:02 - mmengine - INFO - paramwise_options -- language_model.language_backbone.body.model.encoder.layer.7.attention.self.key.bias:lr=1e-05
2026/02/06 22:43:02 - mmengine - INFO - paramwise_options -- language_model.language_backbone.body.model.encoder.layer.7.attention.self.key.bias:weight_decay=0.0001
2026/02/06 22:43:02 - mmengine - INFO - paramwise_options -- language_model.language_backbone.body.model.encoder.layer.7.attention.self.key.bias:lr_mult=0.1
2026/02/06 22:43:02 - mmengine - INFO - paramwise_options -- language_model.language_backbone.body.model.encoder.layer.7.attention.self.value.weight:lr=1e-05
2026/02/06 22:43:02 - mmengine - INFO - paramwise_options -- language_model.language_backbone.body.model.encoder.layer.7.attention.self.value.weight:weight_decay=0.0001
2026/02/06 22:43:02 - mmengine - INFO - paramwise_options -- language_model.language_backbone.body.model.encoder.layer.7.attention.self.value.weight:lr_mult=0.1
2026/02/06 22:43:02 - mmengine - INFO - paramwise_options -- language_model.language_backbone.body.model.encoder.layer.7.attention.self.value.bias:lr=1e-05
2026/02/06 22:43:02 - mmengine - INFO - paramwise_options -- language_model.language_backbone.body.model.encoder.layer.7.attention.self.value.bias:weight_decay=0.0001
2026/02/06 22:43:02 - mmengine - INFO - paramwise_options -- language_model.language_backbone.body.model.encoder.layer.7.attention.self.value.bias:lr_mult=0.1
2026/02/06 22:43:02 - mmengine - INFO - paramwise_options -- language_model.language_backbone.body.model.encoder.layer.7.attention.output.dense.weight:lr=1e-05
2026/02/06 22:43:02 - mmengine - INFO - paramwise_options -- language_model.language_backbone.body.model.encoder.layer.7.attention.output.dense.weight:weight_decay=0.0001
2026/02/06 22:43:02 - mmengine - INFO - paramwise_options -- language_model.language_backbone.body.model.encoder.layer.7.attention.output.dense.weight:lr_mult=0.1
2026/02/06 22:43:02 - mmengine - INFO - paramwise_options -- language_model.language_backbone.body.model.encoder.layer.7.attention.output.dense.bias:lr=1e-05
2026/02/06 22:43:02 - mmengine - INFO - paramwise_options -- language_model.language_backbone.body.model.encoder.layer.7.attention.output.dense.bias:weight_decay=0.0001
2026/02/06 22:43:02 - mmengine - INFO - paramwise_options -- language_model.language_backbone.body.model.encoder.layer.7.attention.output.dense.bias:lr_mult=0.1
2026/02/06 22:43:02 - mmengine - INFO - paramwise_options -- language_model.language_backbone.body.model.encoder.layer.7.attention.output.LayerNorm.weight:lr=1e-05
2026/02/06 22:43:02 - mmengine - INFO - paramwise_options -- language_model.language_backbone.body.model.encoder.layer.7.attention.output.LayerNorm.weight:weight_decay=0.0001
2026/02/06 22:43:02 - mmengine - INFO - paramwise_options -- language_model.language_backbone.body.model.encoder.layer.7.attention.output.LayerNorm.weight:lr_mult=0.1
2026/02/06 22:43:02 - mmengine - INFO - paramwise_options -- language_model.language_backbone.body.model.encoder.layer.7.attention.output.LayerNorm.bias:lr=1e-05
2026/02/06 22:43:02 - mmengine - INFO - paramwise_options -- language_model.language_backbone.body.model.encoder.layer.7.attention.output.LayerNorm.bias:weight_decay=0.0001
2026/02/06 22:43:02 - mmengine - INFO - paramwise_options -- language_model.language_backbone.body.model.encoder.layer.7.attention.output.LayerNorm.bias:lr_mult=0.1
2026/02/06 22:43:02 - mmengine - INFO - paramwise_options -- language_model.language_backbone.body.model.encoder.layer.7.intermediate.dense.weight:lr=1e-05
2026/02/06 22:43:02 - mmengine - INFO - paramwise_options -- language_model.language_backbone.body.model.encoder.layer.7.intermediate.dense.weight:weight_decay=0.0001
2026/02/06 22:43:02 - mmengine - INFO - paramwise_options -- language_model.language_backbone.body.model.encoder.layer.7.intermediate.dense.weight:lr_mult=0.1
2026/02/06 22:43:02 - mmengine - INFO - paramwise_options -- language_model.language_backbone.body.model.encoder.layer.7.intermediate.dense.bias:lr=1e-05
2026/02/06 22:43:02 - mmengine - INFO - paramwise_options -- language_model.language_backbone.body.model.encoder.layer.7.intermediate.dense.bias:weight_decay=0.0001
2026/02/06 22:43:02 - mmengine - INFO - paramwise_options -- language_model.language_backbone.body.model.encoder.layer.7.intermediate.dense.bias:lr_mult=0.1
2026/02/06 22:43:02 - mmengine - INFO - paramwise_options -- language_model.language_backbone.body.model.encoder.layer.7.output.dense.weight:lr=1e-05
2026/02/06 22:43:02 - mmengine - INFO - paramwise_options -- language_model.language_backbone.body.model.encoder.layer.7.output.dense.weight:weight_decay=0.0001
2026/02/06 22:43:02 - mmengine - INFO - paramwise_options -- language_model.language_backbone.body.model.encoder.layer.7.output.dense.weight:lr_mult=0.1
2026/02/06 22:43:02 - mmengine - INFO - paramwise_options -- language_model.language_backbone.body.model.encoder.layer.7.output.dense.bias:lr=1e-05
2026/02/06 22:43:02 - mmengine - INFO - paramwise_options -- language_model.language_backbone.body.model.encoder.layer.7.output.dense.bias:weight_decay=0.0001
2026/02/06 22:43:02 - mmengine - INFO - paramwise_options -- language_model.language_backbone.body.model.encoder.layer.7.output.dense.bias:lr_mult=0.1
2026/02/06 22:43:02 - mmengine - INFO - paramwise_options -- language_model.language_backbone.body.model.encoder.layer.7.output.LayerNorm.weight:lr=1e-05
2026/02/06 22:43:02 - mmengine - INFO - paramwise_options -- language_model.language_backbone.body.model.encoder.layer.7.output.LayerNorm.weight:weight_decay=0.0001
2026/02/06 22:43:02 - mmengine - INFO - paramwise_options -- language_model.language_backbone.body.model.encoder.layer.7.output.LayerNorm.weight:lr_mult=0.1
2026/02/06 22:43:02 - mmengine - INFO - paramwise_options -- language_model.language_backbone.body.model.encoder.layer.7.output.LayerNorm.bias:lr=1e-05
2026/02/06 22:43:02 - mmengine - INFO - paramwise_options -- language_model.language_backbone.body.model.encoder.layer.7.output.LayerNorm.bias:weight_decay=0.0001
2026/02/06 22:43:02 - mmengine - INFO - paramwise_options -- language_model.language_backbone.body.model.encoder.layer.7.output.LayerNorm.bias:lr_mult=0.1
2026/02/06 22:43:02 - mmengine - INFO - paramwise_options -- language_model.language_backbone.body.model.encoder.layer.8.attention.self.query.weight:lr=1e-05
2026/02/06 22:43:02 - mmengine - INFO - paramwise_options -- language_model.language_backbone.body.model.encoder.layer.8.attention.self.query.weight:weight_decay=0.0001
2026/02/06 22:43:02 - mmengine - INFO - paramwise_options -- language_model.language_backbone.body.model.encoder.layer.8.attention.self.query.weight:lr_mult=0.1
2026/02/06 22:43:02 - mmengine - INFO - paramwise_options -- language_model.language_backbone.body.model.encoder.layer.8.attention.self.query.bias:lr=1e-05
2026/02/06 22:43:02 - mmengine - INFO - paramwise_options -- language_model.language_backbone.body.model.encoder.layer.8.attention.self.query.bias:weight_decay=0.0001
2026/02/06 22:43:02 - mmengine - INFO - paramwise_options -- language_model.language_backbone.body.model.encoder.layer.8.attention.self.query.bias:lr_mult=0.1
2026/02/06 22:43:02 - mmengine - INFO - paramwise_options -- language_model.language_backbone.body.model.encoder.layer.8.attention.self.key.weight:lr=1e-05
2026/02/06 22:43:02 - mmengine - INFO - paramwise_options -- language_model.language_backbone.body.model.encoder.layer.8.attention.self.key.weight:weight_decay=0.0001
2026/02/06 22:43:02 - mmengine - INFO - paramwise_options -- language_model.language_backbone.body.model.encoder.layer.8.attention.self.key.weight:lr_mult=0.1
2026/02/06 22:43:02 - mmengine - INFO - paramwise_options -- language_model.language_backbone.body.model.encoder.layer.8.attention.self.key.bias:lr=1e-05
2026/02/06 22:43:02 - mmengine - INFO - paramwise_options -- language_model.language_backbone.body.model.encoder.layer.8.attention.self.key.bias:weight_decay=0.0001
2026/02/06 22:43:02 - mmengine - INFO - paramwise_options -- language_model.language_backbone.body.model.encoder.layer.8.attention.self.key.bias:lr_mult=0.1
2026/02/06 22:43:02 - mmengine - INFO - paramwise_options -- language_model.language_backbone.body.model.encoder.layer.8.attention.self.value.weight:lr=1e-05
2026/02/06 22:43:02 - mmengine - INFO - paramwise_options -- language_model.language_backbone.body.model.encoder.layer.8.attention.self.value.weight:weight_decay=0.0001
2026/02/06 22:43:02 - mmengine - INFO - paramwise_options -- language_model.language_backbone.body.model.encoder.layer.8.attention.self.value.weight:lr_mult=0.1
2026/02/06 22:43:02 - mmengine - INFO - paramwise_options -- language_model.language_backbone.body.model.encoder.layer.8.attention.self.value.bias:lr=1e-05
2026/02/06 22:43:02 - mmengine - INFO - paramwise_options -- language_model.language_backbone.body.model.encoder.layer.8.attention.self.value.bias:weight_decay=0.0001
2026/02/06 22:43:02 - mmengine - INFO - paramwise_options -- language_model.language_backbone.body.model.encoder.layer.8.attention.self.value.bias:lr_mult=0.1
2026/02/06 22:43:02 - mmengine - INFO - paramwise_options -- language_model.language_backbone.body.model.encoder.layer.8.attention.output.dense.weight:lr=1e-05
2026/02/06 22:43:02 - mmengine - INFO - paramwise_options -- language_model.language_backbone.body.model.encoder.layer.8.attention.output.dense.weight:weight_decay=0.0001
2026/02/06 22:43:02 - mmengine - INFO - paramwise_options -- language_model.language_backbone.body.model.encoder.layer.8.attention.output.dense.weight:lr_mult=0.1
2026/02/06 22:43:02 - mmengine - INFO - paramwise_options -- language_model.language_backbone.body.model.encoder.layer.8.attention.output.dense.bias:lr=1e-05
2026/02/06 22:43:02 - mmengine - INFO - paramwise_options -- language_model.language_backbone.body.model.encoder.layer.8.attention.output.dense.bias:weight_decay=0.0001
2026/02/06 22:43:02 - mmengine - INFO - paramwise_options -- language_model.language_backbone.body.model.encoder.layer.8.attention.output.dense.bias:lr_mult=0.1
2026/02/06 22:43:02 - mmengine - INFO - paramwise_options -- language_model.language_backbone.body.model.encoder.layer.8.attention.output.LayerNorm.weight:lr=1e-05
2026/02/06 22:43:02 - mmengine - INFO - paramwise_options -- language_model.language_backbone.body.model.encoder.layer.8.attention.output.LayerNorm.weight:weight_decay=0.0001
2026/02/06 22:43:02 - mmengine - INFO - paramwise_options -- language_model.language_backbone.body.model.encoder.layer.8.attention.output.LayerNorm.weight:lr_mult=0.1
2026/02/06 22:43:02 - mmengine - INFO - paramwise_options -- language_model.language_backbone.body.model.encoder.layer.8.attention.output.LayerNorm.bias:lr=1e-05
2026/02/06 22:43:02 - mmengine - INFO - paramwise_options -- language_model.language_backbone.body.model.encoder.layer.8.attention.output.LayerNorm.bias:weight_decay=0.0001
2026/02/06 22:43:02 - mmengine - INFO - paramwise_options -- language_model.language_backbone.body.model.encoder.layer.8.attention.output.LayerNorm.bias:lr_mult=0.1
2026/02/06 22:43:02 - mmengine - INFO - paramwise_options -- language_model.language_backbone.body.model.encoder.layer.8.intermediate.dense.weight:lr=1e-05
2026/02/06 22:43:02 - mmengine - INFO - paramwise_options -- language_model.language_backbone.body.model.encoder.layer.8.intermediate.dense.weight:weight_decay=0.0001
2026/02/06 22:43:02 - mmengine - INFO - paramwise_options -- language_model.language_backbone.body.model.encoder.layer.8.intermediate.dense.weight:lr_mult=0.1
2026/02/06 22:43:02 - mmengine - INFO - paramwise_options -- language_model.language_backbone.body.model.encoder.layer.8.intermediate.dense.bias:lr=1e-05
2026/02/06 22:43:02 - mmengine - INFO - paramwise_options -- language_model.language_backbone.body.model.encoder.layer.8.intermediate.dense.bias:weight_decay=0.0001
2026/02/06 22:43:02 - mmengine - INFO - paramwise_options -- language_model.language_backbone.body.model.encoder.layer.8.intermediate.dense.bias:lr_mult=0.1
2026/02/06 22:43:02 - mmengine - INFO - paramwise_options -- language_model.language_backbone.body.model.encoder.layer.8.output.dense.weight:lr=1e-05
2026/02/06 22:43:02 - mmengine - INFO - paramwise_options -- language_model.language_backbone.body.model.encoder.layer.8.output.dense.weight:weight_decay=0.0001
2026/02/06 22:43:02 - mmengine - INFO - paramwise_options -- language_model.language_backbone.body.model.encoder.layer.8.output.dense.weight:lr_mult=0.1
2026/02/06 22:43:02 - mmengine - INFO - paramwise_options -- language_model.language_backbone.body.model.encoder.layer.8.output.dense.bias:lr=1e-05
2026/02/06 22:43:02 - mmengine - INFO - paramwise_options -- language_model.language_backbone.body.model.encoder.layer.8.output.dense.bias:weight_decay=0.0001
2026/02/06 22:43:02 - mmengine - INFO - paramwise_options -- language_model.language_backbone.body.model.encoder.layer.8.output.dense.bias:lr_mult=0.1
2026/02/06 22:43:02 - mmengine - INFO - paramwise_options -- language_model.language_backbone.body.model.encoder.layer.8.output.LayerNorm.weight:lr=1e-05
2026/02/06 22:43:02 - mmengine - INFO - paramwise_options -- language_model.language_backbone.body.model.encoder.layer.8.output.LayerNorm.weight:weight_decay=0.0001
2026/02/06 22:43:02 - mmengine - INFO - paramwise_options -- language_model.language_backbone.body.model.encoder.layer.8.output.LayerNorm.weight:lr_mult=0.1
2026/02/06 22:43:02 - mmengine - INFO - paramwise_options -- language_model.language_backbone.body.model.encoder.layer.8.output.LayerNorm.bias:lr=1e-05
2026/02/06 22:43:02 - mmengine - INFO - paramwise_options -- language_model.language_backbone.body.model.encoder.layer.8.output.LayerNorm.bias:weight_decay=0.0001
2026/02/06 22:43:02 - mmengine - INFO - paramwise_options -- language_model.language_backbone.body.model.encoder.layer.8.output.LayerNorm.bias:lr_mult=0.1
2026/02/06 22:43:02 - mmengine - INFO - paramwise_options -- language_model.language_backbone.body.model.encoder.layer.9.attention.self.query.weight:lr=1e-05
2026/02/06 22:43:02 - mmengine - INFO - paramwise_options -- language_model.language_backbone.body.model.encoder.layer.9.attention.self.query.weight:weight_decay=0.0001
2026/02/06 22:43:02 - mmengine - INFO - paramwise_options -- language_model.language_backbone.body.model.encoder.layer.9.attention.self.query.weight:lr_mult=0.1
2026/02/06 22:43:02 - mmengine - INFO - paramwise_options -- language_model.language_backbone.body.model.encoder.layer.9.attention.self.query.bias:lr=1e-05
2026/02/06 22:43:02 - mmengine - INFO - paramwise_options -- language_model.language_backbone.body.model.encoder.layer.9.attention.self.query.bias:weight_decay=0.0001
2026/02/06 22:43:02 - mmengine - INFO - paramwise_options -- language_model.language_backbone.body.model.encoder.layer.9.attention.self.query.bias:lr_mult=0.1
2026/02/06 22:43:02 - mmengine - INFO - paramwise_options -- language_model.language_backbone.body.model.encoder.layer.9.attention.self.key.weight:lr=1e-05
2026/02/06 22:43:02 - mmengine - INFO - paramwise_options -- language_model.language_backbone.body.model.encoder.layer.9.attention.self.key.weight:weight_decay=0.0001
2026/02/06 22:43:02 - mmengine - INFO - paramwise_options -- language_model.language_backbone.body.model.encoder.layer.9.attention.self.key.weight:lr_mult=0.1
2026/02/06 22:43:02 - mmengine - INFO - paramwise_options -- language_model.language_backbone.body.model.encoder.layer.9.attention.self.key.bias:lr=1e-05
2026/02/06 22:43:02 - mmengine - INFO - paramwise_options -- language_model.language_backbone.body.model.encoder.layer.9.attention.self.key.bias:weight_decay=0.0001
2026/02/06 22:43:02 - mmengine - INFO - paramwise_options -- language_model.language_backbone.body.model.encoder.layer.9.attention.self.key.bias:lr_mult=0.1
2026/02/06 22:43:02 - mmengine - INFO - paramwise_options -- language_model.language_backbone.body.model.encoder.layer.9.attention.self.value.weight:lr=1e-05
2026/02/06 22:43:02 - mmengine - INFO - paramwise_options -- language_model.language_backbone.body.model.encoder.layer.9.attention.self.value.weight:weight_decay=0.0001
2026/02/06 22:43:02 - mmengine - INFO - paramwise_options -- language_model.language_backbone.body.model.encoder.layer.9.attention.self.value.weight:lr_mult=0.1
2026/02/06 22:43:02 - mmengine - INFO - paramwise_options -- language_model.language_backbone.body.model.encoder.layer.9.attention.self.value.bias:lr=1e-05
2026/02/06 22:43:02 - mmengine - INFO - paramwise_options -- language_model.language_backbone.body.model.encoder.layer.9.attention.self.value.bias:weight_decay=0.0001
2026/02/06 22:43:02 - mmengine - INFO - paramwise_options -- language_model.language_backbone.body.model.encoder.layer.9.attention.self.value.bias:lr_mult=0.1
2026/02/06 22:43:02 - mmengine - INFO - paramwise_options -- language_model.language_backbone.body.model.encoder.layer.9.attention.output.dense.weight:lr=1e-05
2026/02/06 22:43:02 - mmengine - INFO - paramwise_options -- language_model.language_backbone.body.model.encoder.layer.9.attention.output.dense.weight:weight_decay=0.0001
2026/02/06 22:43:02 - mmengine - INFO - paramwise_options -- language_model.language_backbone.body.model.encoder.layer.9.attention.output.dense.weight:lr_mult=0.1
2026/02/06 22:43:02 - mmengine - INFO - paramwise_options -- language_model.language_backbone.body.model.encoder.layer.9.attention.output.dense.bias:lr=1e-05
2026/02/06 22:43:02 - mmengine - INFO - paramwise_options -- language_model.language_backbone.body.model.encoder.layer.9.attention.output.dense.bias:weight_decay=0.0001
2026/02/06 22:43:02 - mmengine - INFO - paramwise_options -- language_model.language_backbone.body.model.encoder.layer.9.attention.output.dense.bias:lr_mult=0.1
2026/02/06 22:43:02 - mmengine - INFO - paramwise_options -- language_model.language_backbone.body.model.encoder.layer.9.attention.output.LayerNorm.weight:lr=1e-05
2026/02/06 22:43:02 - mmengine - INFO - paramwise_options -- language_model.language_backbone.body.model.encoder.layer.9.attention.output.LayerNorm.weight:weight_decay=0.0001
2026/02/06 22:43:02 - mmengine - INFO - paramwise_options -- language_model.language_backbone.body.model.encoder.layer.9.attention.output.LayerNorm.weight:lr_mult=0.1
2026/02/06 22:43:02 - mmengine - INFO - paramwise_options -- language_model.language_backbone.body.model.encoder.layer.9.attention.output.LayerNorm.bias:lr=1e-05
2026/02/06 22:43:02 - mmengine - INFO - paramwise_options -- language_model.language_backbone.body.model.encoder.layer.9.attention.output.LayerNorm.bias:weight_decay=0.0001
2026/02/06 22:43:02 - mmengine - INFO - paramwise_options -- language_model.language_backbone.body.model.encoder.layer.9.attention.output.LayerNorm.bias:lr_mult=0.1
2026/02/06 22:43:02 - mmengine - INFO - paramwise_options -- language_model.language_backbone.body.model.encoder.layer.9.intermediate.dense.weight:lr=1e-05
2026/02/06 22:43:02 - mmengine - INFO - paramwise_options -- language_model.language_backbone.body.model.encoder.layer.9.intermediate.dense.weight:weight_decay=0.0001
2026/02/06 22:43:02 - mmengine - INFO - paramwise_options -- language_model.language_backbone.body.model.encoder.layer.9.intermediate.dense.weight:lr_mult=0.1
2026/02/06 22:43:02 - mmengine - INFO - paramwise_options -- language_model.language_backbone.body.model.encoder.layer.9.intermediate.dense.bias:lr=1e-05
2026/02/06 22:43:02 - mmengine - INFO - paramwise_options -- language_model.language_backbone.body.model.encoder.layer.9.intermediate.dense.bias:weight_decay=0.0001
2026/02/06 22:43:02 - mmengine - INFO - paramwise_options -- language_model.language_backbone.body.model.encoder.layer.9.intermediate.dense.bias:lr_mult=0.1
2026/02/06 22:43:02 - mmengine - INFO - paramwise_options -- language_model.language_backbone.body.model.encoder.layer.9.output.dense.weight:lr=1e-05
2026/02/06 22:43:02 - mmengine - INFO - paramwise_options -- language_model.language_backbone.body.model.encoder.layer.9.output.dense.weight:weight_decay=0.0001
2026/02/06 22:43:02 - mmengine - INFO - paramwise_options -- language_model.language_backbone.body.model.encoder.layer.9.output.dense.weight:lr_mult=0.1
2026/02/06 22:43:02 - mmengine - INFO - paramwise_options -- language_model.language_backbone.body.model.encoder.layer.9.output.dense.bias:lr=1e-05
2026/02/06 22:43:02 - mmengine - INFO - paramwise_options -- language_model.language_backbone.body.model.encoder.layer.9.output.dense.bias:weight_decay=0.0001
2026/02/06 22:43:02 - mmengine - INFO - paramwise_options -- language_model.language_backbone.body.model.encoder.layer.9.output.dense.bias:lr_mult=0.1
2026/02/06 22:43:02 - mmengine - INFO - paramwise_options -- language_model.language_backbone.body.model.encoder.layer.9.output.LayerNorm.weight:lr=1e-05
2026/02/06 22:43:02 - mmengine - INFO - paramwise_options -- language_model.language_backbone.body.model.encoder.layer.9.output.LayerNorm.weight:weight_decay=0.0001
2026/02/06 22:43:02 - mmengine - INFO - paramwise_options -- language_model.language_backbone.body.model.encoder.layer.9.output.LayerNorm.weight:lr_mult=0.1
2026/02/06 22:43:02 - mmengine - INFO - paramwise_options -- language_model.language_backbone.body.model.encoder.layer.9.output.LayerNorm.bias:lr=1e-05
2026/02/06 22:43:02 - mmengine - INFO - paramwise_options -- language_model.language_backbone.body.model.encoder.layer.9.output.LayerNorm.bias:weight_decay=0.0001
2026/02/06 22:43:02 - mmengine - INFO - paramwise_options -- language_model.language_backbone.body.model.encoder.layer.9.output.LayerNorm.bias:lr_mult=0.1
2026/02/06 22:43:02 - mmengine - INFO - paramwise_options -- language_model.language_backbone.body.model.encoder.layer.10.attention.self.query.weight:lr=1e-05
2026/02/06 22:43:02 - mmengine - INFO - paramwise_options -- language_model.language_backbone.body.model.encoder.layer.10.attention.self.query.weight:weight_decay=0.0001
2026/02/06 22:43:02 - mmengine - INFO - paramwise_options -- language_model.language_backbone.body.model.encoder.layer.10.attention.self.query.weight:lr_mult=0.1
2026/02/06 22:43:02 - mmengine - INFO - paramwise_options -- language_model.language_backbone.body.model.encoder.layer.10.attention.self.query.bias:lr=1e-05
2026/02/06 22:43:02 - mmengine - INFO - paramwise_options -- language_model.language_backbone.body.model.encoder.layer.10.attention.self.query.bias:weight_decay=0.0001
2026/02/06 22:43:02 - mmengine - INFO - paramwise_options -- language_model.language_backbone.body.model.encoder.layer.10.attention.self.query.bias:lr_mult=0.1
2026/02/06 22:43:02 - mmengine - INFO - paramwise_options -- language_model.language_backbone.body.model.encoder.layer.10.attention.self.key.weight:lr=1e-05
2026/02/06 22:43:02 - mmengine - INFO - paramwise_options -- language_model.language_backbone.body.model.encoder.layer.10.attention.self.key.weight:weight_decay=0.0001
2026/02/06 22:43:02 - mmengine - INFO - paramwise_options -- language_model.language_backbone.body.model.encoder.layer.10.attention.self.key.weight:lr_mult=0.1
2026/02/06 22:43:02 - mmengine - INFO - paramwise_options -- language_model.language_backbone.body.model.encoder.layer.10.attention.self.key.bias:lr=1e-05
2026/02/06 22:43:02 - mmengine - INFO - paramwise_options -- language_model.language_backbone.body.model.encoder.layer.10.attention.self.key.bias:weight_decay=0.0001
2026/02/06 22:43:02 - mmengine - INFO - paramwise_options -- language_model.language_backbone.body.model.encoder.layer.10.attention.self.key.bias:lr_mult=0.1
2026/02/06 22:43:02 - mmengine - INFO - paramwise_options -- language_model.language_backbone.body.model.encoder.layer.10.attention.self.value.weight:lr=1e-05
2026/02/06 22:43:02 - mmengine - INFO - paramwise_options -- language_model.language_backbone.body.model.encoder.layer.10.attention.self.value.weight:weight_decay=0.0001
2026/02/06 22:43:02 - mmengine - INFO - paramwise_options -- language_model.language_backbone.body.model.encoder.layer.10.attention.self.value.weight:lr_mult=0.1
2026/02/06 22:43:02 - mmengine - INFO - paramwise_options -- language_model.language_backbone.body.model.encoder.layer.10.attention.self.value.bias:lr=1e-05
2026/02/06 22:43:02 - mmengine - INFO - paramwise_options -- language_model.language_backbone.body.model.encoder.layer.10.attention.self.value.bias:weight_decay=0.0001
2026/02/06 22:43:02 - mmengine - INFO - paramwise_options -- language_model.language_backbone.body.model.encoder.layer.10.attention.self.value.bias:lr_mult=0.1
2026/02/06 22:43:02 - mmengine - INFO - paramwise_options -- language_model.language_backbone.body.model.encoder.layer.10.attention.output.dense.weight:lr=1e-05
2026/02/06 22:43:02 - mmengine - INFO - paramwise_options -- language_model.language_backbone.body.model.encoder.layer.10.attention.output.dense.weight:weight_decay=0.0001
2026/02/06 22:43:02 - mmengine - INFO - paramwise_options -- language_model.language_backbone.body.model.encoder.layer.10.attention.output.dense.weight:lr_mult=0.1
2026/02/06 22:43:02 - mmengine - INFO - paramwise_options -- language_model.language_backbone.body.model.encoder.layer.10.attention.output.dense.bias:lr=1e-05
2026/02/06 22:43:02 - mmengine - INFO - paramwise_options -- language_model.language_backbone.body.model.encoder.layer.10.attention.output.dense.bias:weight_decay=0.0001
2026/02/06 22:43:02 - mmengine - INFO - paramwise_options -- language_model.language_backbone.body.model.encoder.layer.10.attention.output.dense.bias:lr_mult=0.1
2026/02/06 22:43:02 - mmengine - INFO - paramwise_options -- language_model.language_backbone.body.model.encoder.layer.10.attention.output.LayerNorm.weight:lr=1e-05
2026/02/06 22:43:02 - mmengine - INFO - paramwise_options -- language_model.language_backbone.body.model.encoder.layer.10.attention.output.LayerNorm.weight:weight_decay=0.0001
2026/02/06 22:43:02 - mmengine - INFO - paramwise_options -- language_model.language_backbone.body.model.encoder.layer.10.attention.output.LayerNorm.weight:lr_mult=0.1
2026/02/06 22:43:02 - mmengine - INFO - paramwise_options -- language_model.language_backbone.body.model.encoder.layer.10.attention.output.LayerNorm.bias:lr=1e-05
2026/02/06 22:43:02 - mmengine - INFO - paramwise_options -- language_model.language_backbone.body.model.encoder.layer.10.attention.output.LayerNorm.bias:weight_decay=0.0001
2026/02/06 22:43:02 - mmengine - INFO - paramwise_options -- language_model.language_backbone.body.model.encoder.layer.10.attention.output.LayerNorm.bias:lr_mult=0.1
2026/02/06 22:43:02 - mmengine - INFO - paramwise_options -- language_model.language_backbone.body.model.encoder.layer.10.intermediate.dense.weight:lr=1e-05
2026/02/06 22:43:02 - mmengine - INFO - paramwise_options -- language_model.language_backbone.body.model.encoder.layer.10.intermediate.dense.weight:weight_decay=0.0001
2026/02/06 22:43:02 - mmengine - INFO - paramwise_options -- language_model.language_backbone.body.model.encoder.layer.10.intermediate.dense.weight:lr_mult=0.1
2026/02/06 22:43:02 - mmengine - INFO - paramwise_options -- language_model.language_backbone.body.model.encoder.layer.10.intermediate.dense.bias:lr=1e-05
2026/02/06 22:43:02 - mmengine - INFO - paramwise_options -- language_model.language_backbone.body.model.encoder.layer.10.intermediate.dense.bias:weight_decay=0.0001
2026/02/06 22:43:02 - mmengine - INFO - paramwise_options -- language_model.language_backbone.body.model.encoder.layer.10.intermediate.dense.bias:lr_mult=0.1
2026/02/06 22:43:02 - mmengine - INFO - paramwise_options -- language_model.language_backbone.body.model.encoder.layer.10.output.dense.weight:lr=1e-05
2026/02/06 22:43:02 - mmengine - INFO - paramwise_options -- language_model.language_backbone.body.model.encoder.layer.10.output.dense.weight:weight_decay=0.0001
2026/02/06 22:43:02 - mmengine - INFO - paramwise_options -- language_model.language_backbone.body.model.encoder.layer.10.output.dense.weight:lr_mult=0.1
2026/02/06 22:43:02 - mmengine - INFO - paramwise_options -- language_model.language_backbone.body.model.encoder.layer.10.output.dense.bias:lr=1e-05
2026/02/06 22:43:02 - mmengine - INFO - paramwise_options -- language_model.language_backbone.body.model.encoder.layer.10.output.dense.bias:weight_decay=0.0001
2026/02/06 22:43:02 - mmengine - INFO - paramwise_options -- language_model.language_backbone.body.model.encoder.layer.10.output.dense.bias:lr_mult=0.1
2026/02/06 22:43:02 - mmengine - INFO - paramwise_options -- language_model.language_backbone.body.model.encoder.layer.10.output.LayerNorm.weight:lr=1e-05
2026/02/06 22:43:02 - mmengine - INFO - paramwise_options -- language_model.language_backbone.body.model.encoder.layer.10.output.LayerNorm.weight:weight_decay=0.0001
2026/02/06 22:43:02 - mmengine - INFO - paramwise_options -- language_model.language_backbone.body.model.encoder.layer.10.output.LayerNorm.weight:lr_mult=0.1
2026/02/06 22:43:02 - mmengine - INFO - paramwise_options -- language_model.language_backbone.body.model.encoder.layer.10.output.LayerNorm.bias:lr=1e-05
2026/02/06 22:43:02 - mmengine - INFO - paramwise_options -- language_model.language_backbone.body.model.encoder.layer.10.output.LayerNorm.bias:weight_decay=0.0001
2026/02/06 22:43:02 - mmengine - INFO - paramwise_options -- language_model.language_backbone.body.model.encoder.layer.10.output.LayerNorm.bias:lr_mult=0.1
2026/02/06 22:43:02 - mmengine - INFO - paramwise_options -- language_model.language_backbone.body.model.encoder.layer.11.attention.self.query.weight:lr=1e-05
2026/02/06 22:43:02 - mmengine - INFO - paramwise_options -- language_model.language_backbone.body.model.encoder.layer.11.attention.self.query.weight:weight_decay=0.0001
2026/02/06 22:43:02 - mmengine - INFO - paramwise_options -- language_model.language_backbone.body.model.encoder.layer.11.attention.self.query.weight:lr_mult=0.1
2026/02/06 22:43:02 - mmengine - INFO - paramwise_options -- language_model.language_backbone.body.model.encoder.layer.11.attention.self.query.bias:lr=1e-05
2026/02/06 22:43:02 - mmengine - INFO - paramwise_options -- language_model.language_backbone.body.model.encoder.layer.11.attention.self.query.bias:weight_decay=0.0001
2026/02/06 22:43:02 - mmengine - INFO - paramwise_options -- language_model.language_backbone.body.model.encoder.layer.11.attention.self.query.bias:lr_mult=0.1
2026/02/06 22:43:02 - mmengine - INFO - paramwise_options -- language_model.language_backbone.body.model.encoder.layer.11.attention.self.key.weight:lr=1e-05
2026/02/06 22:43:02 - mmengine - INFO - paramwise_options -- language_model.language_backbone.body.model.encoder.layer.11.attention.self.key.weight:weight_decay=0.0001
2026/02/06 22:43:02 - mmengine - INFO - paramwise_options -- language_model.language_backbone.body.model.encoder.layer.11.attention.self.key.weight:lr_mult=0.1
2026/02/06 22:43:02 - mmengine - INFO - paramwise_options -- language_model.language_backbone.body.model.encoder.layer.11.attention.self.key.bias:lr=1e-05
2026/02/06 22:43:02 - mmengine - INFO - paramwise_options -- language_model.language_backbone.body.model.encoder.layer.11.attention.self.key.bias:weight_decay=0.0001
2026/02/06 22:43:02 - mmengine - INFO - paramwise_options -- language_model.language_backbone.body.model.encoder.layer.11.attention.self.key.bias:lr_mult=0.1
2026/02/06 22:43:02 - mmengine - INFO - paramwise_options -- language_model.language_backbone.body.model.encoder.layer.11.attention.self.value.weight:lr=1e-05
2026/02/06 22:43:02 - mmengine - INFO - paramwise_options -- language_model.language_backbone.body.model.encoder.layer.11.attention.self.value.weight:weight_decay=0.0001
2026/02/06 22:43:02 - mmengine - INFO - paramwise_options -- language_model.language_backbone.body.model.encoder.layer.11.attention.self.value.weight:lr_mult=0.1
2026/02/06 22:43:02 - mmengine - INFO - paramwise_options -- language_model.language_backbone.body.model.encoder.layer.11.attention.self.value.bias:lr=1e-05
2026/02/06 22:43:02 - mmengine - INFO - paramwise_options -- language_model.language_backbone.body.model.encoder.layer.11.attention.self.value.bias:weight_decay=0.0001
2026/02/06 22:43:02 - mmengine - INFO - paramwise_options -- language_model.language_backbone.body.model.encoder.layer.11.attention.self.value.bias:lr_mult=0.1
2026/02/06 22:43:02 - mmengine - INFO - paramwise_options -- language_model.language_backbone.body.model.encoder.layer.11.attention.output.dense.weight:lr=1e-05
2026/02/06 22:43:02 - mmengine - INFO - paramwise_options -- language_model.language_backbone.body.model.encoder.layer.11.attention.output.dense.weight:weight_decay=0.0001
2026/02/06 22:43:02 - mmengine - INFO - paramwise_options -- language_model.language_backbone.body.model.encoder.layer.11.attention.output.dense.weight:lr_mult=0.1
2026/02/06 22:43:02 - mmengine - INFO - paramwise_options -- language_model.language_backbone.body.model.encoder.layer.11.attention.output.dense.bias:lr=1e-05
2026/02/06 22:43:02 - mmengine - INFO - paramwise_options -- language_model.language_backbone.body.model.encoder.layer.11.attention.output.dense.bias:weight_decay=0.0001
2026/02/06 22:43:02 - mmengine - INFO - paramwise_options -- language_model.language_backbone.body.model.encoder.layer.11.attention.output.dense.bias:lr_mult=0.1
2026/02/06 22:43:02 - mmengine - INFO - paramwise_options -- language_model.language_backbone.body.model.encoder.layer.11.attention.output.LayerNorm.weight:lr=1e-05
2026/02/06 22:43:02 - mmengine - INFO - paramwise_options -- language_model.language_backbone.body.model.encoder.layer.11.attention.output.LayerNorm.weight:weight_decay=0.0001
2026/02/06 22:43:02 - mmengine - INFO - paramwise_options -- language_model.language_backbone.body.model.encoder.layer.11.attention.output.LayerNorm.weight:lr_mult=0.1
2026/02/06 22:43:02 - mmengine - INFO - paramwise_options -- language_model.language_backbone.body.model.encoder.layer.11.attention.output.LayerNorm.bias:lr=1e-05
2026/02/06 22:43:02 - mmengine - INFO - paramwise_options -- language_model.language_backbone.body.model.encoder.layer.11.attention.output.LayerNorm.bias:weight_decay=0.0001
2026/02/06 22:43:02 - mmengine - INFO - paramwise_options -- language_model.language_backbone.body.model.encoder.layer.11.attention.output.LayerNorm.bias:lr_mult=0.1
2026/02/06 22:43:02 - mmengine - INFO - paramwise_options -- language_model.language_backbone.body.model.encoder.layer.11.intermediate.dense.weight:lr=1e-05
2026/02/06 22:43:02 - mmengine - INFO - paramwise_options -- language_model.language_backbone.body.model.encoder.layer.11.intermediate.dense.weight:weight_decay=0.0001
2026/02/06 22:43:02 - mmengine - INFO - paramwise_options -- language_model.language_backbone.body.model.encoder.layer.11.intermediate.dense.weight:lr_mult=0.1
2026/02/06 22:43:02 - mmengine - INFO - paramwise_options -- language_model.language_backbone.body.model.encoder.layer.11.intermediate.dense.bias:lr=1e-05
2026/02/06 22:43:02 - mmengine - INFO - paramwise_options -- language_model.language_backbone.body.model.encoder.layer.11.intermediate.dense.bias:weight_decay=0.0001
2026/02/06 22:43:02 - mmengine - INFO - paramwise_options -- language_model.language_backbone.body.model.encoder.layer.11.intermediate.dense.bias:lr_mult=0.1
2026/02/06 22:43:02 - mmengine - INFO - paramwise_options -- language_model.language_backbone.body.model.encoder.layer.11.output.dense.weight:lr=1e-05
2026/02/06 22:43:02 - mmengine - INFO - paramwise_options -- language_model.language_backbone.body.model.encoder.layer.11.output.dense.weight:weight_decay=0.0001
2026/02/06 22:43:02 - mmengine - INFO - paramwise_options -- language_model.language_backbone.body.model.encoder.layer.11.output.dense.weight:lr_mult=0.1
2026/02/06 22:43:02 - mmengine - INFO - paramwise_options -- language_model.language_backbone.body.model.encoder.layer.11.output.dense.bias:lr=1e-05
2026/02/06 22:43:02 - mmengine - INFO - paramwise_options -- language_model.language_backbone.body.model.encoder.layer.11.output.dense.bias:weight_decay=0.0001
2026/02/06 22:43:02 - mmengine - INFO - paramwise_options -- language_model.language_backbone.body.model.encoder.layer.11.output.dense.bias:lr_mult=0.1
2026/02/06 22:43:02 - mmengine - INFO - paramwise_options -- language_model.language_backbone.body.model.encoder.layer.11.output.LayerNorm.weight:lr=1e-05
2026/02/06 22:43:02 - mmengine - INFO - paramwise_options -- language_model.language_backbone.body.model.encoder.layer.11.output.LayerNorm.weight:weight_decay=0.0001
2026/02/06 22:43:02 - mmengine - INFO - paramwise_options -- language_model.language_backbone.body.model.encoder.layer.11.output.LayerNorm.weight:lr_mult=0.1
2026/02/06 22:43:02 - mmengine - INFO - paramwise_options -- language_model.language_backbone.body.model.encoder.layer.11.output.LayerNorm.bias:lr=1e-05
2026/02/06 22:43:02 - mmengine - INFO - paramwise_options -- language_model.language_backbone.body.model.encoder.layer.11.output.LayerNorm.bias:weight_decay=0.0001
2026/02/06 22:43:02 - mmengine - INFO - paramwise_options -- language_model.language_backbone.body.model.encoder.layer.11.output.LayerNorm.bias:lr_mult=0.1
2026/02/06 22:43:02 - mmengine - WARNING - lmm.model.embed_tokens.weight is skipped since its requires_grad=False
2026/02/06 22:43:02 - mmengine - WARNING - lmm.model.layers.0.self_attn.q_proj.ori_model.weight is skipped since its requires_grad=False
2026/02/06 22:43:02 - mmengine - WARNING - lmm.model.layers.0.self_attn.q_proj.ori_model.bias is skipped since its requires_grad=False
2026/02/06 22:43:02 - mmengine - WARNING - lmm.model.layers.0.self_attn.k_proj.ori_model.weight is skipped since its requires_grad=False
2026/02/06 22:43:02 - mmengine - WARNING - lmm.model.layers.0.self_attn.k_proj.ori_model.bias is skipped since its requires_grad=False
2026/02/06 22:43:02 - mmengine - WARNING - lmm.model.layers.0.self_attn.v_proj.ori_model.weight is skipped since its requires_grad=False
2026/02/06 22:43:02 - mmengine - WARNING - lmm.model.layers.0.self_attn.v_proj.ori_model.bias is skipped since its requires_grad=False
2026/02/06 22:43:02 - mmengine - WARNING - lmm.model.layers.0.self_attn.o_proj.ori_model.weight is skipped since its requires_grad=False
2026/02/06 22:43:02 - mmengine - WARNING - lmm.model.layers.0.mlp.gate_proj.ori_model.weight is skipped since its requires_grad=False
2026/02/06 22:43:02 - mmengine - WARNING - lmm.model.layers.0.mlp.up_proj.ori_model.weight is skipped since its requires_grad=False
2026/02/06 22:43:02 - mmengine - WARNING - lmm.model.layers.0.mlp.down_proj.ori_model.weight is skipped since its requires_grad=False
2026/02/06 22:43:02 - mmengine - WARNING - lmm.model.layers.0.input_layernorm.weight is skipped since its requires_grad=False
2026/02/06 22:43:02 - mmengine - WARNING - lmm.model.layers.0.post_attention_layernorm.weight is skipped since its requires_grad=False
2026/02/06 22:43:02 - mmengine - WARNING - lmm.model.layers.1.self_attn.q_proj.ori_model.weight is skipped since its requires_grad=False
2026/02/06 22:43:02 - mmengine - WARNING - lmm.model.layers.1.self_attn.q_proj.ori_model.bias is skipped since its requires_grad=False
2026/02/06 22:43:02 - mmengine - WARNING - lmm.model.layers.1.self_attn.k_proj.ori_model.weight is skipped since its requires_grad=False
2026/02/06 22:43:02 - mmengine - WARNING - lmm.model.layers.1.self_attn.k_proj.ori_model.bias is skipped since its requires_grad=False
2026/02/06 22:43:02 - mmengine - WARNING - lmm.model.layers.1.self_attn.v_proj.ori_model.weight is skipped since its requires_grad=False
2026/02/06 22:43:02 - mmengine - WARNING - lmm.model.layers.1.self_attn.v_proj.ori_model.bias is skipped since its requires_grad=False
2026/02/06 22:43:02 - mmengine - WARNING - lmm.model.layers.1.self_attn.o_proj.ori_model.weight is skipped since its requires_grad=False
2026/02/06 22:43:02 - mmengine - WARNING - lmm.model.layers.1.mlp.gate_proj.ori_model.weight is skipped since its requires_grad=False
2026/02/06 22:43:02 - mmengine - WARNING - lmm.model.layers.1.mlp.up_proj.ori_model.weight is skipped since its requires_grad=False
2026/02/06 22:43:02 - mmengine - WARNING - lmm.model.layers.1.mlp.down_proj.ori_model.weight is skipped since its requires_grad=False
2026/02/06 22:43:02 - mmengine - WARNING - lmm.model.layers.1.input_layernorm.weight is skipped since its requires_grad=False
2026/02/06 22:43:02 - mmengine - WARNING - lmm.model.layers.1.post_attention_layernorm.weight is skipped since its requires_grad=False
2026/02/06 22:43:02 - mmengine - WARNING - lmm.model.layers.2.self_attn.q_proj.ori_model.weight is skipped since its requires_grad=False
2026/02/06 22:43:02 - mmengine - WARNING - lmm.model.layers.2.self_attn.q_proj.ori_model.bias is skipped since its requires_grad=False
2026/02/06 22:43:02 - mmengine - WARNING - lmm.model.layers.2.self_attn.k_proj.ori_model.weight is skipped since its requires_grad=False
2026/02/06 22:43:02 - mmengine - WARNING - lmm.model.layers.2.self_attn.k_proj.ori_model.bias is skipped since its requires_grad=False
2026/02/06 22:43:02 - mmengine - WARNING - lmm.model.layers.2.self_attn.v_proj.ori_model.weight is skipped since its requires_grad=False
2026/02/06 22:43:02 - mmengine - WARNING - lmm.model.layers.2.self_attn.v_proj.ori_model.bias is skipped since its requires_grad=False
2026/02/06 22:43:02 - mmengine - WARNING - lmm.model.layers.2.self_attn.o_proj.ori_model.weight is skipped since its requires_grad=False
2026/02/06 22:43:02 - mmengine - WARNING - lmm.model.layers.2.mlp.gate_proj.ori_model.weight is skipped since its requires_grad=False
2026/02/06 22:43:02 - mmengine - WARNING - lmm.model.layers.2.mlp.up_proj.ori_model.weight is skipped since its requires_grad=False
2026/02/06 22:43:02 - mmengine - WARNING - lmm.model.layers.2.mlp.down_proj.ori_model.weight is skipped since its requires_grad=False
2026/02/06 22:43:02 - mmengine - WARNING - lmm.model.layers.2.input_layernorm.weight is skipped since its requires_grad=False
2026/02/06 22:43:02 - mmengine - WARNING - lmm.model.layers.2.post_attention_layernorm.weight is skipped since its requires_grad=False
2026/02/06 22:43:02 - mmengine - WARNING - lmm.model.layers.3.self_attn.q_proj.ori_model.weight is skipped since its requires_grad=False
2026/02/06 22:43:02 - mmengine - WARNING - lmm.model.layers.3.self_attn.q_proj.ori_model.bias is skipped since its requires_grad=False
2026/02/06 22:43:02 - mmengine - WARNING - lmm.model.layers.3.self_attn.k_proj.ori_model.weight is skipped since its requires_grad=False
2026/02/06 22:43:02 - mmengine - WARNING - lmm.model.layers.3.self_attn.k_proj.ori_model.bias is skipped since its requires_grad=False
2026/02/06 22:43:02 - mmengine - WARNING - lmm.model.layers.3.self_attn.v_proj.ori_model.weight is skipped since its requires_grad=False
2026/02/06 22:43:02 - mmengine - WARNING - lmm.model.layers.3.self_attn.v_proj.ori_model.bias is skipped since its requires_grad=False
2026/02/06 22:43:02 - mmengine - WARNING - lmm.model.layers.3.self_attn.o_proj.ori_model.weight is skipped since its requires_grad=False
2026/02/06 22:43:02 - mmengine - WARNING - lmm.model.layers.3.mlp.gate_proj.ori_model.weight is skipped since its requires_grad=False
2026/02/06 22:43:02 - mmengine - WARNING - lmm.model.layers.3.mlp.up_proj.ori_model.weight is skipped since its requires_grad=False
2026/02/06 22:43:02 - mmengine - WARNING - lmm.model.layers.3.mlp.down_proj.ori_model.weight is skipped since its requires_grad=False
2026/02/06 22:43:02 - mmengine - WARNING - lmm.model.layers.3.input_layernorm.weight is skipped since its requires_grad=False
2026/02/06 22:43:02 - mmengine - WARNING - lmm.model.layers.3.post_attention_layernorm.weight is skipped since its requires_grad=False
2026/02/06 22:43:02 - mmengine - WARNING - lmm.model.layers.4.self_attn.q_proj.ori_model.weight is skipped since its requires_grad=False
2026/02/06 22:43:02 - mmengine - WARNING - lmm.model.layers.4.self_attn.q_proj.ori_model.bias is skipped since its requires_grad=False
2026/02/06 22:43:02 - mmengine - WARNING - lmm.model.layers.4.self_attn.k_proj.ori_model.weight is skipped since its requires_grad=False
2026/02/06 22:43:02 - mmengine - WARNING - lmm.model.layers.4.self_attn.k_proj.ori_model.bias is skipped since its requires_grad=False
2026/02/06 22:43:02 - mmengine - WARNING - lmm.model.layers.4.self_attn.v_proj.ori_model.weight is skipped since its requires_grad=False
2026/02/06 22:43:02 - mmengine - WARNING - lmm.model.layers.4.self_attn.v_proj.ori_model.bias is skipped since its requires_grad=False
2026/02/06 22:43:02 - mmengine - WARNING - lmm.model.layers.4.self_attn.o_proj.ori_model.weight is skipped since its requires_grad=False
2026/02/06 22:43:02 - mmengine - WARNING - lmm.model.layers.4.mlp.gate_proj.ori_model.weight is skipped since its requires_grad=False
2026/02/06 22:43:02 - mmengine - WARNING - lmm.model.layers.4.mlp.up_proj.ori_model.weight is skipped since its requires_grad=False
2026/02/06 22:43:02 - mmengine - WARNING - lmm.model.layers.4.mlp.down_proj.ori_model.weight is skipped since its requires_grad=False
2026/02/06 22:43:02 - mmengine - WARNING - lmm.model.layers.4.input_layernorm.weight is skipped since its requires_grad=False
2026/02/06 22:43:02 - mmengine - WARNING - lmm.model.layers.4.post_attention_layernorm.weight is skipped since its requires_grad=False
2026/02/06 22:43:02 - mmengine - WARNING - lmm.model.layers.5.self_attn.q_proj.ori_model.weight is skipped since its requires_grad=False
2026/02/06 22:43:02 - mmengine - WARNING - lmm.model.layers.5.self_attn.q_proj.ori_model.bias is skipped since its requires_grad=False
2026/02/06 22:43:02 - mmengine - WARNING - lmm.model.layers.5.self_attn.k_proj.ori_model.weight is skipped since its requires_grad=False
2026/02/06 22:43:02 - mmengine - WARNING - lmm.model.layers.5.self_attn.k_proj.ori_model.bias is skipped since its requires_grad=False
2026/02/06 22:43:02 - mmengine - WARNING - lmm.model.layers.5.self_attn.v_proj.ori_model.weight is skipped since its requires_grad=False
2026/02/06 22:43:02 - mmengine - WARNING - lmm.model.layers.5.self_attn.v_proj.ori_model.bias is skipped since its requires_grad=False
2026/02/06 22:43:02 - mmengine - WARNING - lmm.model.layers.5.self_attn.o_proj.ori_model.weight is skipped since its requires_grad=False
2026/02/06 22:43:02 - mmengine - WARNING - lmm.model.layers.5.mlp.gate_proj.ori_model.weight is skipped since its requires_grad=False
2026/02/06 22:43:02 - mmengine - WARNING - lmm.model.layers.5.mlp.up_proj.ori_model.weight is skipped since its requires_grad=False
2026/02/06 22:43:02 - mmengine - WARNING - lmm.model.layers.5.mlp.down_proj.ori_model.weight is skipped since its requires_grad=False
2026/02/06 22:43:02 - mmengine - WARNING - lmm.model.layers.5.input_layernorm.weight is skipped since its requires_grad=False
2026/02/06 22:43:02 - mmengine - WARNING - lmm.model.layers.5.post_attention_layernorm.weight is skipped since its requires_grad=False
2026/02/06 22:43:02 - mmengine - WARNING - lmm.model.layers.6.self_attn.q_proj.ori_model.weight is skipped since its requires_grad=False
2026/02/06 22:43:02 - mmengine - WARNING - lmm.model.layers.6.self_attn.q_proj.ori_model.bias is skipped since its requires_grad=False
2026/02/06 22:43:02 - mmengine - WARNING - lmm.model.layers.6.self_attn.k_proj.ori_model.weight is skipped since its requires_grad=False
2026/02/06 22:43:02 - mmengine - WARNING - lmm.model.layers.6.self_attn.k_proj.ori_model.bias is skipped since its requires_grad=False
2026/02/06 22:43:02 - mmengine - WARNING - lmm.model.layers.6.self_attn.v_proj.ori_model.weight is skipped since its requires_grad=False
2026/02/06 22:43:02 - mmengine - WARNING - lmm.model.layers.6.self_attn.v_proj.ori_model.bias is skipped since its requires_grad=False
2026/02/06 22:43:02 - mmengine - WARNING - lmm.model.layers.6.self_attn.o_proj.ori_model.weight is skipped since its requires_grad=False
2026/02/06 22:43:02 - mmengine - WARNING - lmm.model.layers.6.mlp.gate_proj.ori_model.weight is skipped since its requires_grad=False
2026/02/06 22:43:02 - mmengine - WARNING - lmm.model.layers.6.mlp.up_proj.ori_model.weight is skipped since its requires_grad=False
2026/02/06 22:43:02 - mmengine - WARNING - lmm.model.layers.6.mlp.down_proj.ori_model.weight is skipped since its requires_grad=False
2026/02/06 22:43:02 - mmengine - WARNING - lmm.model.layers.6.input_layernorm.weight is skipped since its requires_grad=False
2026/02/06 22:43:02 - mmengine - WARNING - lmm.model.layers.6.post_attention_layernorm.weight is skipped since its requires_grad=False
2026/02/06 22:43:02 - mmengine - WARNING - lmm.model.layers.7.self_attn.q_proj.ori_model.weight is skipped since its requires_grad=False
2026/02/06 22:43:02 - mmengine - WARNING - lmm.model.layers.7.self_attn.q_proj.ori_model.bias is skipped since its requires_grad=False
2026/02/06 22:43:02 - mmengine - WARNING - lmm.model.layers.7.self_attn.k_proj.ori_model.weight is skipped since its requires_grad=False
2026/02/06 22:43:02 - mmengine - WARNING - lmm.model.layers.7.self_attn.k_proj.ori_model.bias is skipped since its requires_grad=False
2026/02/06 22:43:02 - mmengine - WARNING - lmm.model.layers.7.self_attn.v_proj.ori_model.weight is skipped since its requires_grad=False
2026/02/06 22:43:02 - mmengine - WARNING - lmm.model.layers.7.self_attn.v_proj.ori_model.bias is skipped since its requires_grad=False
2026/02/06 22:43:02 - mmengine - WARNING - lmm.model.layers.7.self_attn.o_proj.ori_model.weight is skipped since its requires_grad=False
2026/02/06 22:43:02 - mmengine - WARNING - lmm.model.layers.7.mlp.gate_proj.ori_model.weight is skipped since its requires_grad=False
2026/02/06 22:43:02 - mmengine - WARNING - lmm.model.layers.7.mlp.up_proj.ori_model.weight is skipped since its requires_grad=False
2026/02/06 22:43:02 - mmengine - WARNING - lmm.model.layers.7.mlp.down_proj.ori_model.weight is skipped since its requires_grad=False
2026/02/06 22:43:02 - mmengine - WARNING - lmm.model.layers.7.input_layernorm.weight is skipped since its requires_grad=False
2026/02/06 22:43:02 - mmengine - WARNING - lmm.model.layers.7.post_attention_layernorm.weight is skipped since its requires_grad=False
2026/02/06 22:43:02 - mmengine - WARNING - lmm.model.layers.8.self_attn.q_proj.ori_model.weight is skipped since its requires_grad=False
2026/02/06 22:43:02 - mmengine - WARNING - lmm.model.layers.8.self_attn.q_proj.ori_model.bias is skipped since its requires_grad=False
2026/02/06 22:43:02 - mmengine - WARNING - lmm.model.layers.8.self_attn.k_proj.ori_model.weight is skipped since its requires_grad=False
2026/02/06 22:43:02 - mmengine - WARNING - lmm.model.layers.8.self_attn.k_proj.ori_model.bias is skipped since its requires_grad=False
2026/02/06 22:43:02 - mmengine - WARNING - lmm.model.layers.8.self_attn.v_proj.ori_model.weight is skipped since its requires_grad=False
2026/02/06 22:43:02 - mmengine - WARNING - lmm.model.layers.8.self_attn.v_proj.ori_model.bias is skipped since its requires_grad=False
2026/02/06 22:43:02 - mmengine - WARNING - lmm.model.layers.8.self_attn.o_proj.ori_model.weight is skipped since its requires_grad=False
2026/02/06 22:43:02 - mmengine - WARNING - lmm.model.layers.8.mlp.gate_proj.ori_model.weight is skipped since its requires_grad=False
2026/02/06 22:43:02 - mmengine - WARNING - lmm.model.layers.8.mlp.up_proj.ori_model.weight is skipped since its requires_grad=False
2026/02/06 22:43:02 - mmengine - WARNING - lmm.model.layers.8.mlp.down_proj.ori_model.weight is skipped since its requires_grad=False
2026/02/06 22:43:02 - mmengine - WARNING - lmm.model.layers.8.input_layernorm.weight is skipped since its requires_grad=False
2026/02/06 22:43:02 - mmengine - WARNING - lmm.model.layers.8.post_attention_layernorm.weight is skipped since its requires_grad=False
2026/02/06 22:43:02 - mmengine - WARNING - lmm.model.layers.9.self_attn.q_proj.ori_model.weight is skipped since its requires_grad=False
2026/02/06 22:43:02 - mmengine - WARNING - lmm.model.layers.9.self_attn.q_proj.ori_model.bias is skipped since its requires_grad=False
2026/02/06 22:43:02 - mmengine - WARNING - lmm.model.layers.9.self_attn.k_proj.ori_model.weight is skipped since its requires_grad=False
2026/02/06 22:43:02 - mmengine - WARNING - lmm.model.layers.9.self_attn.k_proj.ori_model.bias is skipped since its requires_grad=False
2026/02/06 22:43:02 - mmengine - WARNING - lmm.model.layers.9.self_attn.v_proj.ori_model.weight is skipped since its requires_grad=False
2026/02/06 22:43:02 - mmengine - WARNING - lmm.model.layers.9.self_attn.v_proj.ori_model.bias is skipped since its requires_grad=False
2026/02/06 22:43:02 - mmengine - WARNING - lmm.model.layers.9.self_attn.o_proj.ori_model.weight is skipped since its requires_grad=False
2026/02/06 22:43:02 - mmengine - WARNING - lmm.model.layers.9.mlp.gate_proj.ori_model.weight is skipped since its requires_grad=False
2026/02/06 22:43:02 - mmengine - WARNING - lmm.model.layers.9.mlp.up_proj.ori_model.weight is skipped since its requires_grad=False
2026/02/06 22:43:02 - mmengine - WARNING - lmm.model.layers.9.mlp.down_proj.ori_model.weight is skipped since its requires_grad=False
2026/02/06 22:43:02 - mmengine - WARNING - lmm.model.layers.9.input_layernorm.weight is skipped since its requires_grad=False
2026/02/06 22:43:02 - mmengine - WARNING - lmm.model.layers.9.post_attention_layernorm.weight is skipped since its requires_grad=False
2026/02/06 22:43:02 - mmengine - WARNING - lmm.model.layers.10.self_attn.q_proj.ori_model.weight is skipped since its requires_grad=False
2026/02/06 22:43:02 - mmengine - WARNING - lmm.model.layers.10.self_attn.q_proj.ori_model.bias is skipped since its requires_grad=False
2026/02/06 22:43:02 - mmengine - WARNING - lmm.model.layers.10.self_attn.k_proj.ori_model.weight is skipped since its requires_grad=False
2026/02/06 22:43:02 - mmengine - WARNING - lmm.model.layers.10.self_attn.k_proj.ori_model.bias is skipped since its requires_grad=False
2026/02/06 22:43:02 - mmengine - WARNING - lmm.model.layers.10.self_attn.v_proj.ori_model.weight is skipped since its requires_grad=False
2026/02/06 22:43:02 - mmengine - WARNING - lmm.model.layers.10.self_attn.v_proj.ori_model.bias is skipped since its requires_grad=False
2026/02/06 22:43:02 - mmengine - WARNING - lmm.model.layers.10.self_attn.o_proj.ori_model.weight is skipped since its requires_grad=False
2026/02/06 22:43:02 - mmengine - WARNING - lmm.model.layers.10.mlp.gate_proj.ori_model.weight is skipped since its requires_grad=False
2026/02/06 22:43:02 - mmengine - WARNING - lmm.model.layers.10.mlp.up_proj.ori_model.weight is skipped since its requires_grad=False
2026/02/06 22:43:02 - mmengine - WARNING - lmm.model.layers.10.mlp.down_proj.ori_model.weight is skipped since its requires_grad=False
2026/02/06 22:43:02 - mmengine - WARNING - lmm.model.layers.10.input_layernorm.weight is skipped since its requires_grad=False
2026/02/06 22:43:02 - mmengine - WARNING - lmm.model.layers.10.post_attention_layernorm.weight is skipped since its requires_grad=False
2026/02/06 22:43:02 - mmengine - WARNING - lmm.model.layers.11.self_attn.q_proj.ori_model.weight is skipped since its requires_grad=False
2026/02/06 22:43:02 - mmengine - WARNING - lmm.model.layers.11.self_attn.q_proj.ori_model.bias is skipped since its requires_grad=False
2026/02/06 22:43:02 - mmengine - WARNING - lmm.model.layers.11.self_attn.k_proj.ori_model.weight is skipped since its requires_grad=False
2026/02/06 22:43:02 - mmengine - WARNING - lmm.model.layers.11.self_attn.k_proj.ori_model.bias is skipped since its requires_grad=False
2026/02/06 22:43:02 - mmengine - WARNING - lmm.model.layers.11.self_attn.v_proj.ori_model.weight is skipped since its requires_grad=False
2026/02/06 22:43:02 - mmengine - WARNING - lmm.model.layers.11.self_attn.v_proj.ori_model.bias is skipped since its requires_grad=False
2026/02/06 22:43:02 - mmengine - WARNING - lmm.model.layers.11.self_attn.o_proj.ori_model.weight is skipped since its requires_grad=False
2026/02/06 22:43:02 - mmengine - WARNING - lmm.model.layers.11.mlp.gate_proj.ori_model.weight is skipped since its requires_grad=False
2026/02/06 22:43:02 - mmengine - WARNING - lmm.model.layers.11.mlp.up_proj.ori_model.weight is skipped since its requires_grad=False
2026/02/06 22:43:02 - mmengine - WARNING - lmm.model.layers.11.mlp.down_proj.ori_model.weight is skipped since its requires_grad=False
2026/02/06 22:43:02 - mmengine - WARNING - lmm.model.layers.11.input_layernorm.weight is skipped since its requires_grad=False
2026/02/06 22:43:02 - mmengine - WARNING - lmm.model.layers.11.post_attention_layernorm.weight is skipped since its requires_grad=False
2026/02/06 22:43:02 - mmengine - WARNING - lmm.model.layers.12.self_attn.q_proj.ori_model.weight is skipped since its requires_grad=False
2026/02/06 22:43:02 - mmengine - WARNING - lmm.model.layers.12.self_attn.q_proj.ori_model.bias is skipped since its requires_grad=False
2026/02/06 22:43:02 - mmengine - WARNING - lmm.model.layers.12.self_attn.k_proj.ori_model.weight is skipped since its requires_grad=False
2026/02/06 22:43:02 - mmengine - WARNING - lmm.model.layers.12.self_attn.k_proj.ori_model.bias is skipped since its requires_grad=False
2026/02/06 22:43:02 - mmengine - WARNING - lmm.model.layers.12.self_attn.v_proj.ori_model.weight is skipped since its requires_grad=False
2026/02/06 22:43:02 - mmengine - WARNING - lmm.model.layers.12.self_attn.v_proj.ori_model.bias is skipped since its requires_grad=False
2026/02/06 22:43:02 - mmengine - WARNING - lmm.model.layers.12.self_attn.o_proj.ori_model.weight is skipped since its requires_grad=False
2026/02/06 22:43:02 - mmengine - WARNING - lmm.model.layers.12.mlp.gate_proj.ori_model.weight is skipped since its requires_grad=False
2026/02/06 22:43:02 - mmengine - WARNING - lmm.model.layers.12.mlp.up_proj.ori_model.weight is skipped since its requires_grad=False
2026/02/06 22:43:02 - mmengine - WARNING - lmm.model.layers.12.mlp.down_proj.ori_model.weight is skipped since its requires_grad=False
2026/02/06 22:43:02 - mmengine - WARNING - lmm.model.layers.12.input_layernorm.weight is skipped since its requires_grad=False
2026/02/06 22:43:02 - mmengine - WARNING - lmm.model.layers.12.post_attention_layernorm.weight is skipped since its requires_grad=False
2026/02/06 22:43:02 - mmengine - WARNING - lmm.model.layers.13.self_attn.q_proj.ori_model.weight is skipped since its requires_grad=False
2026/02/06 22:43:02 - mmengine - WARNING - lmm.model.layers.13.self_attn.q_proj.ori_model.bias is skipped since its requires_grad=False
2026/02/06 22:43:02 - mmengine - WARNING - lmm.model.layers.13.self_attn.k_proj.ori_model.weight is skipped since its requires_grad=False
2026/02/06 22:43:02 - mmengine - WARNING - lmm.model.layers.13.self_attn.k_proj.ori_model.bias is skipped since its requires_grad=False
2026/02/06 22:43:02 - mmengine - WARNING - lmm.model.layers.13.self_attn.v_proj.ori_model.weight is skipped since its requires_grad=False
2026/02/06 22:43:02 - mmengine - WARNING - lmm.model.layers.13.self_attn.v_proj.ori_model.bias is skipped since its requires_grad=False
2026/02/06 22:43:02 - mmengine - WARNING - lmm.model.layers.13.self_attn.o_proj.ori_model.weight is skipped since its requires_grad=False
2026/02/06 22:43:02 - mmengine - WARNING - lmm.model.layers.13.mlp.gate_proj.ori_model.weight is skipped since its requires_grad=False
2026/02/06 22:43:02 - mmengine - WARNING - lmm.model.layers.13.mlp.up_proj.ori_model.weight is skipped since its requires_grad=False
2026/02/06 22:43:02 - mmengine - WARNING - lmm.model.layers.13.mlp.down_proj.ori_model.weight is skipped since its requires_grad=False
2026/02/06 22:43:02 - mmengine - WARNING - lmm.model.layers.13.input_layernorm.weight is skipped since its requires_grad=False
2026/02/06 22:43:02 - mmengine - WARNING - lmm.model.layers.13.post_attention_layernorm.weight is skipped since its requires_grad=False
2026/02/06 22:43:02 - mmengine - WARNING - lmm.model.layers.14.self_attn.q_proj.ori_model.weight is skipped since its requires_grad=False
2026/02/06 22:43:02 - mmengine - WARNING - lmm.model.layers.14.self_attn.q_proj.ori_model.bias is skipped since its requires_grad=False
2026/02/06 22:43:02 - mmengine - WARNING - lmm.model.layers.14.self_attn.k_proj.ori_model.weight is skipped since its requires_grad=False
2026/02/06 22:43:02 - mmengine - WARNING - lmm.model.layers.14.self_attn.k_proj.ori_model.bias is skipped since its requires_grad=False
2026/02/06 22:43:02 - mmengine - WARNING - lmm.model.layers.14.self_attn.v_proj.ori_model.weight is skipped since its requires_grad=False
2026/02/06 22:43:02 - mmengine - WARNING - lmm.model.layers.14.self_attn.v_proj.ori_model.bias is skipped since its requires_grad=False
2026/02/06 22:43:02 - mmengine - WARNING - lmm.model.layers.14.self_attn.o_proj.ori_model.weight is skipped since its requires_grad=False
2026/02/06 22:43:02 - mmengine - WARNING - lmm.model.layers.14.mlp.gate_proj.ori_model.weight is skipped since its requires_grad=False
2026/02/06 22:43:02 - mmengine - WARNING - lmm.model.layers.14.mlp.up_proj.ori_model.weight is skipped since its requires_grad=False
2026/02/06 22:43:02 - mmengine - WARNING - lmm.model.layers.14.mlp.down_proj.ori_model.weight is skipped since its requires_grad=False
2026/02/06 22:43:02 - mmengine - WARNING - lmm.model.layers.14.input_layernorm.weight is skipped since its requires_grad=False
2026/02/06 22:43:02 - mmengine - WARNING - lmm.model.layers.14.post_attention_layernorm.weight is skipped since its requires_grad=False
2026/02/06 22:43:02 - mmengine - WARNING - lmm.model.layers.15.self_attn.q_proj.ori_model.weight is skipped since its requires_grad=False
2026/02/06 22:43:02 - mmengine - WARNING - lmm.model.layers.15.self_attn.q_proj.ori_model.bias is skipped since its requires_grad=False
2026/02/06 22:43:02 - mmengine - WARNING - lmm.model.layers.15.self_attn.k_proj.ori_model.weight is skipped since its requires_grad=False
2026/02/06 22:43:02 - mmengine - WARNING - lmm.model.layers.15.self_attn.k_proj.ori_model.bias is skipped since its requires_grad=False
2026/02/06 22:43:02 - mmengine - WARNING - lmm.model.layers.15.self_attn.v_proj.ori_model.weight is skipped since its requires_grad=False
2026/02/06 22:43:02 - mmengine - WARNING - lmm.model.layers.15.self_attn.v_proj.ori_model.bias is skipped since its requires_grad=False
2026/02/06 22:43:02 - mmengine - WARNING - lmm.model.layers.15.self_attn.o_proj.ori_model.weight is skipped since its requires_grad=False
2026/02/06 22:43:02 - mmengine - WARNING - lmm.model.layers.15.mlp.gate_proj.ori_model.weight is skipped since its requires_grad=False
2026/02/06 22:43:02 - mmengine - WARNING - lmm.model.layers.15.mlp.up_proj.ori_model.weight is skipped since its requires_grad=False
2026/02/06 22:43:02 - mmengine - WARNING - lmm.model.layers.15.mlp.down_proj.ori_model.weight is skipped since its requires_grad=False
2026/02/06 22:43:02 - mmengine - WARNING - lmm.model.layers.15.input_layernorm.weight is skipped since its requires_grad=False
2026/02/06 22:43:02 - mmengine - WARNING - lmm.model.layers.15.post_attention_layernorm.weight is skipped since its requires_grad=False
2026/02/06 22:43:02 - mmengine - WARNING - lmm.model.layers.16.self_attn.q_proj.ori_model.weight is skipped since its requires_grad=False
2026/02/06 22:43:02 - mmengine - WARNING - lmm.model.layers.16.self_attn.q_proj.ori_model.bias is skipped since its requires_grad=False
2026/02/06 22:43:02 - mmengine - WARNING - lmm.model.layers.16.self_attn.k_proj.ori_model.weight is skipped since its requires_grad=False
2026/02/06 22:43:02 - mmengine - WARNING - lmm.model.layers.16.self_attn.k_proj.ori_model.bias is skipped since its requires_grad=False
2026/02/06 22:43:02 - mmengine - WARNING - lmm.model.layers.16.self_attn.v_proj.ori_model.weight is skipped since its requires_grad=False
2026/02/06 22:43:02 - mmengine - WARNING - lmm.model.layers.16.self_attn.v_proj.ori_model.bias is skipped since its requires_grad=False
2026/02/06 22:43:02 - mmengine - WARNING - lmm.model.layers.16.self_attn.o_proj.ori_model.weight is skipped since its requires_grad=False
2026/02/06 22:43:02 - mmengine - WARNING - lmm.model.layers.16.mlp.gate_proj.ori_model.weight is skipped since its requires_grad=False
2026/02/06 22:43:02 - mmengine - WARNING - lmm.model.layers.16.mlp.up_proj.ori_model.weight is skipped since its requires_grad=False
2026/02/06 22:43:02 - mmengine - WARNING - lmm.model.layers.16.mlp.down_proj.ori_model.weight is skipped since its requires_grad=False
2026/02/06 22:43:02 - mmengine - WARNING - lmm.model.layers.16.input_layernorm.weight is skipped since its requires_grad=False
2026/02/06 22:43:02 - mmengine - WARNING - lmm.model.layers.16.post_attention_layernorm.weight is skipped since its requires_grad=False
2026/02/06 22:43:02 - mmengine - WARNING - lmm.model.layers.17.self_attn.q_proj.ori_model.weight is skipped since its requires_grad=False
2026/02/06 22:43:02 - mmengine - WARNING - lmm.model.layers.17.self_attn.q_proj.ori_model.bias is skipped since its requires_grad=False
2026/02/06 22:43:02 - mmengine - WARNING - lmm.model.layers.17.self_attn.k_proj.ori_model.weight is skipped since its requires_grad=False
2026/02/06 22:43:02 - mmengine - WARNING - lmm.model.layers.17.self_attn.k_proj.ori_model.bias is skipped since its requires_grad=False
2026/02/06 22:43:02 - mmengine - WARNING - lmm.model.layers.17.self_attn.v_proj.ori_model.weight is skipped since its requires_grad=False
2026/02/06 22:43:02 - mmengine - WARNING - lmm.model.layers.17.self_attn.v_proj.ori_model.bias is skipped since its requires_grad=False
2026/02/06 22:43:02 - mmengine - WARNING - lmm.model.layers.17.self_attn.o_proj.ori_model.weight is skipped since its requires_grad=False
2026/02/06 22:43:02 - mmengine - WARNING - lmm.model.layers.17.mlp.gate_proj.ori_model.weight is skipped since its requires_grad=False
2026/02/06 22:43:02 - mmengine - WARNING - lmm.model.layers.17.mlp.up_proj.ori_model.weight is skipped since its requires_grad=False
2026/02/06 22:43:02 - mmengine - WARNING - lmm.model.layers.17.mlp.down_proj.ori_model.weight is skipped since its requires_grad=False
2026/02/06 22:43:02 - mmengine - WARNING - lmm.model.layers.17.input_layernorm.weight is skipped since its requires_grad=False
2026/02/06 22:43:02 - mmengine - WARNING - lmm.model.layers.17.post_attention_layernorm.weight is skipped since its requires_grad=False
2026/02/06 22:43:02 - mmengine - WARNING - lmm.model.layers.18.self_attn.q_proj.ori_model.weight is skipped since its requires_grad=False
2026/02/06 22:43:02 - mmengine - WARNING - lmm.model.layers.18.self_attn.q_proj.ori_model.bias is skipped since its requires_grad=False
2026/02/06 22:43:02 - mmengine - WARNING - lmm.model.layers.18.self_attn.k_proj.ori_model.weight is skipped since its requires_grad=False
2026/02/06 22:43:02 - mmengine - WARNING - lmm.model.layers.18.self_attn.k_proj.ori_model.bias is skipped since its requires_grad=False
2026/02/06 22:43:02 - mmengine - WARNING - lmm.model.layers.18.self_attn.v_proj.ori_model.weight is skipped since its requires_grad=False
2026/02/06 22:43:02 - mmengine - WARNING - lmm.model.layers.18.self_attn.v_proj.ori_model.bias is skipped since its requires_grad=False
2026/02/06 22:43:02 - mmengine - WARNING - lmm.model.layers.18.self_attn.o_proj.ori_model.weight is skipped since its requires_grad=False
2026/02/06 22:43:02 - mmengine - WARNING - lmm.model.layers.18.mlp.gate_proj.ori_model.weight is skipped since its requires_grad=False
2026/02/06 22:43:02 - mmengine - WARNING - lmm.model.layers.18.mlp.up_proj.ori_model.weight is skipped since its requires_grad=False
2026/02/06 22:43:02 - mmengine - WARNING - lmm.model.layers.18.mlp.down_proj.ori_model.weight is skipped since its requires_grad=False
2026/02/06 22:43:02 - mmengine - WARNING - lmm.model.layers.18.input_layernorm.weight is skipped since its requires_grad=False
2026/02/06 22:43:02 - mmengine - WARNING - lmm.model.layers.18.post_attention_layernorm.weight is skipped since its requires_grad=False
2026/02/06 22:43:02 - mmengine - WARNING - lmm.model.layers.19.self_attn.q_proj.ori_model.weight is skipped since its requires_grad=False
2026/02/06 22:43:02 - mmengine - WARNING - lmm.model.layers.19.self_attn.q_proj.ori_model.bias is skipped since its requires_grad=False
2026/02/06 22:43:02 - mmengine - WARNING - lmm.model.layers.19.self_attn.k_proj.ori_model.weight is skipped since its requires_grad=False
2026/02/06 22:43:02 - mmengine - WARNING - lmm.model.layers.19.self_attn.k_proj.ori_model.bias is skipped since its requires_grad=False
2026/02/06 22:43:02 - mmengine - WARNING - lmm.model.layers.19.self_attn.v_proj.ori_model.weight is skipped since its requires_grad=False
2026/02/06 22:43:02 - mmengine - WARNING - lmm.model.layers.19.self_attn.v_proj.ori_model.bias is skipped since its requires_grad=False
2026/02/06 22:43:02 - mmengine - WARNING - lmm.model.layers.19.self_attn.o_proj.ori_model.weight is skipped since its requires_grad=False
2026/02/06 22:43:02 - mmengine - WARNING - lmm.model.layers.19.mlp.gate_proj.ori_model.weight is skipped since its requires_grad=False
2026/02/06 22:43:02 - mmengine - WARNING - lmm.model.layers.19.mlp.up_proj.ori_model.weight is skipped since its requires_grad=False
2026/02/06 22:43:02 - mmengine - WARNING - lmm.model.layers.19.mlp.down_proj.ori_model.weight is skipped since its requires_grad=False
2026/02/06 22:43:02 - mmengine - WARNING - lmm.model.layers.19.input_layernorm.weight is skipped since its requires_grad=False
2026/02/06 22:43:02 - mmengine - WARNING - lmm.model.layers.19.post_attention_layernorm.weight is skipped since its requires_grad=False
2026/02/06 22:43:02 - mmengine - WARNING - lmm.model.layers.20.self_attn.q_proj.ori_model.weight is skipped since its requires_grad=False
2026/02/06 22:43:02 - mmengine - WARNING - lmm.model.layers.20.self_attn.q_proj.ori_model.bias is skipped since its requires_grad=False
2026/02/06 22:43:02 - mmengine - WARNING - lmm.model.layers.20.self_attn.k_proj.ori_model.weight is skipped since its requires_grad=False
2026/02/06 22:43:02 - mmengine - WARNING - lmm.model.layers.20.self_attn.k_proj.ori_model.bias is skipped since its requires_grad=False
2026/02/06 22:43:02 - mmengine - WARNING - lmm.model.layers.20.self_attn.v_proj.ori_model.weight is skipped since its requires_grad=False
2026/02/06 22:43:02 - mmengine - WARNING - lmm.model.layers.20.self_attn.v_proj.ori_model.bias is skipped since its requires_grad=False
2026/02/06 22:43:02 - mmengine - WARNING - lmm.model.layers.20.self_attn.o_proj.ori_model.weight is skipped since its requires_grad=False
2026/02/06 22:43:02 - mmengine - WARNING - lmm.model.layers.20.mlp.gate_proj.ori_model.weight is skipped since its requires_grad=False
2026/02/06 22:43:02 - mmengine - WARNING - lmm.model.layers.20.mlp.up_proj.ori_model.weight is skipped since its requires_grad=False
2026/02/06 22:43:02 - mmengine - WARNING - lmm.model.layers.20.mlp.down_proj.ori_model.weight is skipped since its requires_grad=False
2026/02/06 22:43:02 - mmengine - WARNING - lmm.model.layers.20.input_layernorm.weight is skipped since its requires_grad=False
2026/02/06 22:43:02 - mmengine - WARNING - lmm.model.layers.20.post_attention_layernorm.weight is skipped since its requires_grad=False
2026/02/06 22:43:02 - mmengine - WARNING - lmm.model.layers.21.self_attn.q_proj.ori_model.weight is skipped since its requires_grad=False
2026/02/06 22:43:02 - mmengine - WARNING - lmm.model.layers.21.self_attn.q_proj.ori_model.bias is skipped since its requires_grad=False
2026/02/06 22:43:02 - mmengine - WARNING - lmm.model.layers.21.self_attn.k_proj.ori_model.weight is skipped since its requires_grad=False
2026/02/06 22:43:02 - mmengine - WARNING - lmm.model.layers.21.self_attn.k_proj.ori_model.bias is skipped since its requires_grad=False
2026/02/06 22:43:02 - mmengine - WARNING - lmm.model.layers.21.self_attn.v_proj.ori_model.weight is skipped since its requires_grad=False
2026/02/06 22:43:02 - mmengine - WARNING - lmm.model.layers.21.self_attn.v_proj.ori_model.bias is skipped since its requires_grad=False
2026/02/06 22:43:02 - mmengine - WARNING - lmm.model.layers.21.self_attn.o_proj.ori_model.weight is skipped since its requires_grad=False
2026/02/06 22:43:02 - mmengine - WARNING - lmm.model.layers.21.mlp.gate_proj.ori_model.weight is skipped since its requires_grad=False
2026/02/06 22:43:02 - mmengine - WARNING - lmm.model.layers.21.mlp.up_proj.ori_model.weight is skipped since its requires_grad=False
2026/02/06 22:43:02 - mmengine - WARNING - lmm.model.layers.21.mlp.down_proj.ori_model.weight is skipped since its requires_grad=False
2026/02/06 22:43:02 - mmengine - WARNING - lmm.model.layers.21.input_layernorm.weight is skipped since its requires_grad=False
2026/02/06 22:43:02 - mmengine - WARNING - lmm.model.layers.21.post_attention_layernorm.weight is skipped since its requires_grad=False
2026/02/06 22:43:02 - mmengine - WARNING - lmm.model.layers.22.self_attn.q_proj.ori_model.weight is skipped since its requires_grad=False
2026/02/06 22:43:02 - mmengine - WARNING - lmm.model.layers.22.self_attn.q_proj.ori_model.bias is skipped since its requires_grad=False
2026/02/06 22:43:02 - mmengine - WARNING - lmm.model.layers.22.self_attn.k_proj.ori_model.weight is skipped since its requires_grad=False
2026/02/06 22:43:02 - mmengine - WARNING - lmm.model.layers.22.self_attn.k_proj.ori_model.bias is skipped since its requires_grad=False
2026/02/06 22:43:02 - mmengine - WARNING - lmm.model.layers.22.self_attn.v_proj.ori_model.weight is skipped since its requires_grad=False
2026/02/06 22:43:02 - mmengine - WARNING - lmm.model.layers.22.self_attn.v_proj.ori_model.bias is skipped since its requires_grad=False
2026/02/06 22:43:02 - mmengine - WARNING - lmm.model.layers.22.self_attn.o_proj.ori_model.weight is skipped since its requires_grad=False
2026/02/06 22:43:02 - mmengine - WARNING - lmm.model.layers.22.mlp.gate_proj.ori_model.weight is skipped since its requires_grad=False
2026/02/06 22:43:02 - mmengine - WARNING - lmm.model.layers.22.mlp.up_proj.ori_model.weight is skipped since its requires_grad=False
2026/02/06 22:43:02 - mmengine - WARNING - lmm.model.layers.22.mlp.down_proj.ori_model.weight is skipped since its requires_grad=False
2026/02/06 22:43:02 - mmengine - WARNING - lmm.model.layers.22.input_layernorm.weight is skipped since its requires_grad=False
2026/02/06 22:43:02 - mmengine - WARNING - lmm.model.layers.22.post_attention_layernorm.weight is skipped since its requires_grad=False
2026/02/06 22:43:02 - mmengine - WARNING - lmm.model.layers.23.self_attn.q_proj.ori_model.weight is skipped since its requires_grad=False
2026/02/06 22:43:02 - mmengine - WARNING - lmm.model.layers.23.self_attn.q_proj.ori_model.bias is skipped since its requires_grad=False
2026/02/06 22:43:02 - mmengine - WARNING - lmm.model.layers.23.self_attn.k_proj.ori_model.weight is skipped since its requires_grad=False
2026/02/06 22:43:02 - mmengine - WARNING - lmm.model.layers.23.self_attn.k_proj.ori_model.bias is skipped since its requires_grad=False
2026/02/06 22:43:02 - mmengine - WARNING - lmm.model.layers.23.self_attn.v_proj.ori_model.weight is skipped since its requires_grad=False
2026/02/06 22:43:02 - mmengine - WARNING - lmm.model.layers.23.self_attn.v_proj.ori_model.bias is skipped since its requires_grad=False
2026/02/06 22:43:02 - mmengine - WARNING - lmm.model.layers.23.self_attn.o_proj.ori_model.weight is skipped since its requires_grad=False
2026/02/06 22:43:02 - mmengine - WARNING - lmm.model.layers.23.mlp.gate_proj.ori_model.weight is skipped since its requires_grad=False
2026/02/06 22:43:02 - mmengine - WARNING - lmm.model.layers.23.mlp.up_proj.ori_model.weight is skipped since its requires_grad=False
2026/02/06 22:43:02 - mmengine - WARNING - lmm.model.layers.23.mlp.down_proj.ori_model.weight is skipped since its requires_grad=False
2026/02/06 22:43:02 - mmengine - WARNING - lmm.model.layers.23.input_layernorm.weight is skipped since its requires_grad=False
2026/02/06 22:43:02 - mmengine - WARNING - lmm.model.layers.23.post_attention_layernorm.weight is skipped since its requires_grad=False
2026/02/06 22:43:02 - mmengine - WARNING - lmm.model.norm.weight is skipped since its requires_grad=False
2026/02/06 22:43:02 - mmengine - WARNING - lmm.lm_head.weight is skipped since its requires_grad=False
2026/02/06 22:43:03 - mmengine - INFO - LR is set based on batch size of 16 and the current batch size is 16. Scaling the original LR by 1.0.
Name of parameter - Initialization information

level_embed - torch.Size([4, 256]): 
The value is the same before and after calling `init_weights` of GroundingDINO  

backbone.patch_embed.projection.weight - torch.Size([96, 3, 4, 4]): 
The value is the same before and after calling `init_weights` of GroundingDINO  

backbone.patch_embed.projection.bias - torch.Size([96]): 
The value is the same before and after calling `init_weights` of GroundingDINO  

backbone.patch_embed.norm.weight - torch.Size([96]): 
The value is the same before and after calling `init_weights` of GroundingDINO  

backbone.patch_embed.norm.bias - torch.Size([96]): 
The value is the same before and after calling `init_weights` of GroundingDINO  

backbone.stages.0.blocks.0.norm1.weight - torch.Size([96]): 
The value is the same before and after calling `init_weights` of GroundingDINO  

backbone.stages.0.blocks.0.norm1.bias - torch.Size([96]): 
The value is the same before and after calling `init_weights` of GroundingDINO  

backbone.stages.0.blocks.0.attn.w_msa.relative_position_bias_table - torch.Size([169, 3]): 
The value is the same before and after calling `init_weights` of GroundingDINO  

backbone.stages.0.blocks.0.attn.w_msa.qkv.weight - torch.Size([288, 96]): 
The value is the same before and after calling `init_weights` of GroundingDINO  

backbone.stages.0.blocks.0.attn.w_msa.qkv.bias - torch.Size([288]): 
The value is the same before and after calling `init_weights` of GroundingDINO  

backbone.stages.0.blocks.0.attn.w_msa.proj.weight - torch.Size([96, 96]): 
The value is the same before and after calling `init_weights` of GroundingDINO  

backbone.stages.0.blocks.0.attn.w_msa.proj.bias - torch.Size([96]): 
The value is the same before and after calling `init_weights` of GroundingDINO  

backbone.stages.0.blocks.0.norm2.weight - torch.Size([96]): 
The value is the same before and after calling `init_weights` of GroundingDINO  

backbone.stages.0.blocks.0.norm2.bias - torch.Size([96]): 
The value is the same before and after calling `init_weights` of GroundingDINO  

backbone.stages.0.blocks.0.ffn.layers.0.0.weight - torch.Size([384, 96]): 
The value is the same before and after calling `init_weights` of GroundingDINO  

backbone.stages.0.blocks.0.ffn.layers.0.0.bias - torch.Size([384]): 
The value is the same before and after calling `init_weights` of GroundingDINO  

backbone.stages.0.blocks.0.ffn.layers.1.weight - torch.Size([96, 384]): 
The value is the same before and after calling `init_weights` of GroundingDINO  

backbone.stages.0.blocks.0.ffn.layers.1.bias - torch.Size([96]): 
The value is the same before and after calling `init_weights` of GroundingDINO  

backbone.stages.0.blocks.1.norm1.weight - torch.Size([96]): 
The value is the same before and after calling `init_weights` of GroundingDINO  

backbone.stages.0.blocks.1.norm1.bias - torch.Size([96]): 
The value is the same before and after calling `init_weights` of GroundingDINO  

backbone.stages.0.blocks.1.attn.w_msa.relative_position_bias_table - torch.Size([169, 3]): 
The value is the same before and after calling `init_weights` of GroundingDINO  

backbone.stages.0.blocks.1.attn.w_msa.qkv.weight - torch.Size([288, 96]): 
The value is the same before and after calling `init_weights` of GroundingDINO  

backbone.stages.0.blocks.1.attn.w_msa.qkv.bias - torch.Size([288]): 
The value is the same before and after calling `init_weights` of GroundingDINO  

backbone.stages.0.blocks.1.attn.w_msa.proj.weight - torch.Size([96, 96]): 
The value is the same before and after calling `init_weights` of GroundingDINO  

backbone.stages.0.blocks.1.attn.w_msa.proj.bias - torch.Size([96]): 
The value is the same before and after calling `init_weights` of GroundingDINO  

backbone.stages.0.blocks.1.norm2.weight - torch.Size([96]): 
The value is the same before and after calling `init_weights` of GroundingDINO  

backbone.stages.0.blocks.1.norm2.bias - torch.Size([96]): 
The value is the same before and after calling `init_weights` of GroundingDINO  

backbone.stages.0.blocks.1.ffn.layers.0.0.weight - torch.Size([384, 96]): 
The value is the same before and after calling `init_weights` of GroundingDINO  

backbone.stages.0.blocks.1.ffn.layers.0.0.bias - torch.Size([384]): 
The value is the same before and after calling `init_weights` of GroundingDINO  

backbone.stages.0.blocks.1.ffn.layers.1.weight - torch.Size([96, 384]): 
The value is the same before and after calling `init_weights` of GroundingDINO  

backbone.stages.0.blocks.1.ffn.layers.1.bias - torch.Size([96]): 
The value is the same before and after calling `init_weights` of GroundingDINO  

backbone.stages.0.downsample.norm.weight - torch.Size([384]): 
The value is the same before and after calling `init_weights` of GroundingDINO  

backbone.stages.0.downsample.norm.bias - torch.Size([384]): 
The value is the same before and after calling `init_weights` of GroundingDINO  

backbone.stages.0.downsample.reduction.weight - torch.Size([192, 384]): 
The value is the same before and after calling `init_weights` of GroundingDINO  

backbone.stages.1.blocks.0.norm1.weight - torch.Size([192]): 
The value is the same before and after calling `init_weights` of GroundingDINO  

backbone.stages.1.blocks.0.norm1.bias - torch.Size([192]): 
The value is the same before and after calling `init_weights` of GroundingDINO  

backbone.stages.1.blocks.0.attn.w_msa.relative_position_bias_table - torch.Size([169, 6]): 
The value is the same before and after calling `init_weights` of GroundingDINO  

backbone.stages.1.blocks.0.attn.w_msa.qkv.weight - torch.Size([576, 192]): 
The value is the same before and after calling `init_weights` of GroundingDINO  

backbone.stages.1.blocks.0.attn.w_msa.qkv.bias - torch.Size([576]): 
The value is the same before and after calling `init_weights` of GroundingDINO  

backbone.stages.1.blocks.0.attn.w_msa.proj.weight - torch.Size([192, 192]): 
The value is the same before and after calling `init_weights` of GroundingDINO  

backbone.stages.1.blocks.0.attn.w_msa.proj.bias - torch.Size([192]): 
The value is the same before and after calling `init_weights` of GroundingDINO  

backbone.stages.1.blocks.0.norm2.weight - torch.Size([192]): 
The value is the same before and after calling `init_weights` of GroundingDINO  

backbone.stages.1.blocks.0.norm2.bias - torch.Size([192]): 
The value is the same before and after calling `init_weights` of GroundingDINO  

backbone.stages.1.blocks.0.ffn.layers.0.0.weight - torch.Size([768, 192]): 
The value is the same before and after calling `init_weights` of GroundingDINO  

backbone.stages.1.blocks.0.ffn.layers.0.0.bias - torch.Size([768]): 
The value is the same before and after calling `init_weights` of GroundingDINO  

backbone.stages.1.blocks.0.ffn.layers.1.weight - torch.Size([192, 768]): 
The value is the same before and after calling `init_weights` of GroundingDINO  

backbone.stages.1.blocks.0.ffn.layers.1.bias - torch.Size([192]): 
The value is the same before and after calling `init_weights` of GroundingDINO  

backbone.stages.1.blocks.1.norm1.weight - torch.Size([192]): 
The value is the same before and after calling `init_weights` of GroundingDINO  

backbone.stages.1.blocks.1.norm1.bias - torch.Size([192]): 
The value is the same before and after calling `init_weights` of GroundingDINO  

backbone.stages.1.blocks.1.attn.w_msa.relative_position_bias_table - torch.Size([169, 6]): 
The value is the same before and after calling `init_weights` of GroundingDINO  

backbone.stages.1.blocks.1.attn.w_msa.qkv.weight - torch.Size([576, 192]): 
The value is the same before and after calling `init_weights` of GroundingDINO  

backbone.stages.1.blocks.1.attn.w_msa.qkv.bias - torch.Size([576]): 
The value is the same before and after calling `init_weights` of GroundingDINO  

backbone.stages.1.blocks.1.attn.w_msa.proj.weight - torch.Size([192, 192]): 
The value is the same before and after calling `init_weights` of GroundingDINO  

backbone.stages.1.blocks.1.attn.w_msa.proj.bias - torch.Size([192]): 
The value is the same before and after calling `init_weights` of GroundingDINO  

backbone.stages.1.blocks.1.norm2.weight - torch.Size([192]): 
The value is the same before and after calling `init_weights` of GroundingDINO  

backbone.stages.1.blocks.1.norm2.bias - torch.Size([192]): 
The value is the same before and after calling `init_weights` of GroundingDINO  

backbone.stages.1.blocks.1.ffn.layers.0.0.weight - torch.Size([768, 192]): 
The value is the same before and after calling `init_weights` of GroundingDINO  

backbone.stages.1.blocks.1.ffn.layers.0.0.bias - torch.Size([768]): 
The value is the same before and after calling `init_weights` of GroundingDINO  

backbone.stages.1.blocks.1.ffn.layers.1.weight - torch.Size([192, 768]): 
The value is the same before and after calling `init_weights` of GroundingDINO  

backbone.stages.1.blocks.1.ffn.layers.1.bias - torch.Size([192]): 
The value is the same before and after calling `init_weights` of GroundingDINO  

backbone.stages.1.downsample.norm.weight - torch.Size([768]): 
The value is the same before and after calling `init_weights` of GroundingDINO  

backbone.stages.1.downsample.norm.bias - torch.Size([768]): 
The value is the same before and after calling `init_weights` of GroundingDINO  

backbone.stages.1.downsample.reduction.weight - torch.Size([384, 768]): 
The value is the same before and after calling `init_weights` of GroundingDINO  

backbone.stages.2.blocks.0.norm1.weight - torch.Size([384]): 
The value is the same before and after calling `init_weights` of GroundingDINO  

backbone.stages.2.blocks.0.norm1.bias - torch.Size([384]): 
The value is the same before and after calling `init_weights` of GroundingDINO  

backbone.stages.2.blocks.0.attn.w_msa.relative_position_bias_table - torch.Size([169, 12]): 
The value is the same before and after calling `init_weights` of GroundingDINO  

backbone.stages.2.blocks.0.attn.w_msa.qkv.weight - torch.Size([1152, 384]): 
The value is the same before and after calling `init_weights` of GroundingDINO  

backbone.stages.2.blocks.0.attn.w_msa.qkv.bias - torch.Size([1152]): 
The value is the same before and after calling `init_weights` of GroundingDINO  

backbone.stages.2.blocks.0.attn.w_msa.proj.weight - torch.Size([384, 384]): 
The value is the same before and after calling `init_weights` of GroundingDINO  

backbone.stages.2.blocks.0.attn.w_msa.proj.bias - torch.Size([384]): 
The value is the same before and after calling `init_weights` of GroundingDINO  

backbone.stages.2.blocks.0.norm2.weight - torch.Size([384]): 
The value is the same before and after calling `init_weights` of GroundingDINO  

backbone.stages.2.blocks.0.norm2.bias - torch.Size([384]): 
The value is the same before and after calling `init_weights` of GroundingDINO  

backbone.stages.2.blocks.0.ffn.layers.0.0.weight - torch.Size([1536, 384]): 
The value is the same before and after calling `init_weights` of GroundingDINO  

backbone.stages.2.blocks.0.ffn.layers.0.0.bias - torch.Size([1536]): 
The value is the same before and after calling `init_weights` of GroundingDINO  

backbone.stages.2.blocks.0.ffn.layers.1.weight - torch.Size([384, 1536]): 
The value is the same before and after calling `init_weights` of GroundingDINO  

backbone.stages.2.blocks.0.ffn.layers.1.bias - torch.Size([384]): 
The value is the same before and after calling `init_weights` of GroundingDINO  

backbone.stages.2.blocks.1.norm1.weight - torch.Size([384]): 
The value is the same before and after calling `init_weights` of GroundingDINO  

backbone.stages.2.blocks.1.norm1.bias - torch.Size([384]): 
The value is the same before and after calling `init_weights` of GroundingDINO  

backbone.stages.2.blocks.1.attn.w_msa.relative_position_bias_table - torch.Size([169, 12]): 
The value is the same before and after calling `init_weights` of GroundingDINO  

backbone.stages.2.blocks.1.attn.w_msa.qkv.weight - torch.Size([1152, 384]): 
The value is the same before and after calling `init_weights` of GroundingDINO  

backbone.stages.2.blocks.1.attn.w_msa.qkv.bias - torch.Size([1152]): 
The value is the same before and after calling `init_weights` of GroundingDINO  

backbone.stages.2.blocks.1.attn.w_msa.proj.weight - torch.Size([384, 384]): 
The value is the same before and after calling `init_weights` of GroundingDINO  

backbone.stages.2.blocks.1.attn.w_msa.proj.bias - torch.Size([384]): 
The value is the same before and after calling `init_weights` of GroundingDINO  

backbone.stages.2.blocks.1.norm2.weight - torch.Size([384]): 
The value is the same before and after calling `init_weights` of GroundingDINO  

backbone.stages.2.blocks.1.norm2.bias - torch.Size([384]): 
The value is the same before and after calling `init_weights` of GroundingDINO  

backbone.stages.2.blocks.1.ffn.layers.0.0.weight - torch.Size([1536, 384]): 
The value is the same before and after calling `init_weights` of GroundingDINO  

backbone.stages.2.blocks.1.ffn.layers.0.0.bias - torch.Size([1536]): 
The value is the same before and after calling `init_weights` of GroundingDINO  

backbone.stages.2.blocks.1.ffn.layers.1.weight - torch.Size([384, 1536]): 
The value is the same before and after calling `init_weights` of GroundingDINO  

backbone.stages.2.blocks.1.ffn.layers.1.bias - torch.Size([384]): 
The value is the same before and after calling `init_weights` of GroundingDINO  

backbone.stages.2.blocks.2.norm1.weight - torch.Size([384]): 
The value is the same before and after calling `init_weights` of GroundingDINO  

backbone.stages.2.blocks.2.norm1.bias - torch.Size([384]): 
The value is the same before and after calling `init_weights` of GroundingDINO  

backbone.stages.2.blocks.2.attn.w_msa.relative_position_bias_table - torch.Size([169, 12]): 
The value is the same before and after calling `init_weights` of GroundingDINO  

backbone.stages.2.blocks.2.attn.w_msa.qkv.weight - torch.Size([1152, 384]): 
The value is the same before and after calling `init_weights` of GroundingDINO  

backbone.stages.2.blocks.2.attn.w_msa.qkv.bias - torch.Size([1152]): 
The value is the same before and after calling `init_weights` of GroundingDINO  

backbone.stages.2.blocks.2.attn.w_msa.proj.weight - torch.Size([384, 384]): 
The value is the same before and after calling `init_weights` of GroundingDINO  

backbone.stages.2.blocks.2.attn.w_msa.proj.bias - torch.Size([384]): 
The value is the same before and after calling `init_weights` of GroundingDINO  

backbone.stages.2.blocks.2.norm2.weight - torch.Size([384]): 
The value is the same before and after calling `init_weights` of GroundingDINO  

backbone.stages.2.blocks.2.norm2.bias - torch.Size([384]): 
The value is the same before and after calling `init_weights` of GroundingDINO  

backbone.stages.2.blocks.2.ffn.layers.0.0.weight - torch.Size([1536, 384]): 
The value is the same before and after calling `init_weights` of GroundingDINO  

backbone.stages.2.blocks.2.ffn.layers.0.0.bias - torch.Size([1536]): 
The value is the same before and after calling `init_weights` of GroundingDINO  

backbone.stages.2.blocks.2.ffn.layers.1.weight - torch.Size([384, 1536]): 
The value is the same before and after calling `init_weights` of GroundingDINO  

backbone.stages.2.blocks.2.ffn.layers.1.bias - torch.Size([384]): 
The value is the same before and after calling `init_weights` of GroundingDINO  

backbone.stages.2.blocks.3.norm1.weight - torch.Size([384]): 
The value is the same before and after calling `init_weights` of GroundingDINO  

backbone.stages.2.blocks.3.norm1.bias - torch.Size([384]): 
The value is the same before and after calling `init_weights` of GroundingDINO  

backbone.stages.2.blocks.3.attn.w_msa.relative_position_bias_table - torch.Size([169, 12]): 
The value is the same before and after calling `init_weights` of GroundingDINO  

backbone.stages.2.blocks.3.attn.w_msa.qkv.weight - torch.Size([1152, 384]): 
The value is the same before and after calling `init_weights` of GroundingDINO  

backbone.stages.2.blocks.3.attn.w_msa.qkv.bias - torch.Size([1152]): 
The value is the same before and after calling `init_weights` of GroundingDINO  

backbone.stages.2.blocks.3.attn.w_msa.proj.weight - torch.Size([384, 384]): 
The value is the same before and after calling `init_weights` of GroundingDINO  

backbone.stages.2.blocks.3.attn.w_msa.proj.bias - torch.Size([384]): 
The value is the same before and after calling `init_weights` of GroundingDINO  

backbone.stages.2.blocks.3.norm2.weight - torch.Size([384]): 
The value is the same before and after calling `init_weights` of GroundingDINO  

backbone.stages.2.blocks.3.norm2.bias - torch.Size([384]): 
The value is the same before and after calling `init_weights` of GroundingDINO  

backbone.stages.2.blocks.3.ffn.layers.0.0.weight - torch.Size([1536, 384]): 
The value is the same before and after calling `init_weights` of GroundingDINO  

backbone.stages.2.blocks.3.ffn.layers.0.0.bias - torch.Size([1536]): 
The value is the same before and after calling `init_weights` of GroundingDINO  

backbone.stages.2.blocks.3.ffn.layers.1.weight - torch.Size([384, 1536]): 
The value is the same before and after calling `init_weights` of GroundingDINO  

backbone.stages.2.blocks.3.ffn.layers.1.bias - torch.Size([384]): 
The value is the same before and after calling `init_weights` of GroundingDINO  

backbone.stages.2.blocks.4.norm1.weight - torch.Size([384]): 
The value is the same before and after calling `init_weights` of GroundingDINO  

backbone.stages.2.blocks.4.norm1.bias - torch.Size([384]): 
The value is the same before and after calling `init_weights` of GroundingDINO  

backbone.stages.2.blocks.4.attn.w_msa.relative_position_bias_table - torch.Size([169, 12]): 
The value is the same before and after calling `init_weights` of GroundingDINO  

backbone.stages.2.blocks.4.attn.w_msa.qkv.weight - torch.Size([1152, 384]): 
The value is the same before and after calling `init_weights` of GroundingDINO  

backbone.stages.2.blocks.4.attn.w_msa.qkv.bias - torch.Size([1152]): 
The value is the same before and after calling `init_weights` of GroundingDINO  

backbone.stages.2.blocks.4.attn.w_msa.proj.weight - torch.Size([384, 384]): 
The value is the same before and after calling `init_weights` of GroundingDINO  

backbone.stages.2.blocks.4.attn.w_msa.proj.bias - torch.Size([384]): 
The value is the same before and after calling `init_weights` of GroundingDINO  

backbone.stages.2.blocks.4.norm2.weight - torch.Size([384]): 
The value is the same before and after calling `init_weights` of GroundingDINO  

backbone.stages.2.blocks.4.norm2.bias - torch.Size([384]): 
The value is the same before and after calling `init_weights` of GroundingDINO  

backbone.stages.2.blocks.4.ffn.layers.0.0.weight - torch.Size([1536, 384]): 
The value is the same before and after calling `init_weights` of GroundingDINO  

backbone.stages.2.blocks.4.ffn.layers.0.0.bias - torch.Size([1536]): 
The value is the same before and after calling `init_weights` of GroundingDINO  

backbone.stages.2.blocks.4.ffn.layers.1.weight - torch.Size([384, 1536]): 
The value is the same before and after calling `init_weights` of GroundingDINO  

backbone.stages.2.blocks.4.ffn.layers.1.bias - torch.Size([384]): 
The value is the same before and after calling `init_weights` of GroundingDINO  

backbone.stages.2.blocks.5.norm1.weight - torch.Size([384]): 
The value is the same before and after calling `init_weights` of GroundingDINO  

backbone.stages.2.blocks.5.norm1.bias - torch.Size([384]): 
The value is the same before and after calling `init_weights` of GroundingDINO  

backbone.stages.2.blocks.5.attn.w_msa.relative_position_bias_table - torch.Size([169, 12]): 
The value is the same before and after calling `init_weights` of GroundingDINO  

backbone.stages.2.blocks.5.attn.w_msa.qkv.weight - torch.Size([1152, 384]): 
The value is the same before and after calling `init_weights` of GroundingDINO  

backbone.stages.2.blocks.5.attn.w_msa.qkv.bias - torch.Size([1152]): 
The value is the same before and after calling `init_weights` of GroundingDINO  

backbone.stages.2.blocks.5.attn.w_msa.proj.weight - torch.Size([384, 384]): 
The value is the same before and after calling `init_weights` of GroundingDINO  

backbone.stages.2.blocks.5.attn.w_msa.proj.bias - torch.Size([384]): 
The value is the same before and after calling `init_weights` of GroundingDINO  

backbone.stages.2.blocks.5.norm2.weight - torch.Size([384]): 
The value is the same before and after calling `init_weights` of GroundingDINO  

backbone.stages.2.blocks.5.norm2.bias - torch.Size([384]): 
The value is the same before and after calling `init_weights` of GroundingDINO  

backbone.stages.2.blocks.5.ffn.layers.0.0.weight - torch.Size([1536, 384]): 
The value is the same before and after calling `init_weights` of GroundingDINO  

backbone.stages.2.blocks.5.ffn.layers.0.0.bias - torch.Size([1536]): 
The value is the same before and after calling `init_weights` of GroundingDINO  

backbone.stages.2.blocks.5.ffn.layers.1.weight - torch.Size([384, 1536]): 
The value is the same before and after calling `init_weights` of GroundingDINO  

backbone.stages.2.blocks.5.ffn.layers.1.bias - torch.Size([384]): 
The value is the same before and after calling `init_weights` of GroundingDINO  

backbone.stages.2.downsample.norm.weight - torch.Size([1536]): 
The value is the same before and after calling `init_weights` of GroundingDINO  

backbone.stages.2.downsample.norm.bias - torch.Size([1536]): 
The value is the same before and after calling `init_weights` of GroundingDINO  

backbone.stages.2.downsample.reduction.weight - torch.Size([768, 1536]): 
The value is the same before and after calling `init_weights` of GroundingDINO  

backbone.stages.3.blocks.0.norm1.weight - torch.Size([768]): 
The value is the same before and after calling `init_weights` of GroundingDINO  

backbone.stages.3.blocks.0.norm1.bias - torch.Size([768]): 
The value is the same before and after calling `init_weights` of GroundingDINO  

backbone.stages.3.blocks.0.attn.w_msa.relative_position_bias_table - torch.Size([169, 24]): 
The value is the same before and after calling `init_weights` of GroundingDINO  

backbone.stages.3.blocks.0.attn.w_msa.qkv.weight - torch.Size([2304, 768]): 
The value is the same before and after calling `init_weights` of GroundingDINO  

backbone.stages.3.blocks.0.attn.w_msa.qkv.bias - torch.Size([2304]): 
The value is the same before and after calling `init_weights` of GroundingDINO  

backbone.stages.3.blocks.0.attn.w_msa.proj.weight - torch.Size([768, 768]): 
The value is the same before and after calling `init_weights` of GroundingDINO  

backbone.stages.3.blocks.0.attn.w_msa.proj.bias - torch.Size([768]): 
The value is the same before and after calling `init_weights` of GroundingDINO  

backbone.stages.3.blocks.0.norm2.weight - torch.Size([768]): 
The value is the same before and after calling `init_weights` of GroundingDINO  

backbone.stages.3.blocks.0.norm2.bias - torch.Size([768]): 
The value is the same before and after calling `init_weights` of GroundingDINO  

backbone.stages.3.blocks.0.ffn.layers.0.0.weight - torch.Size([3072, 768]): 
The value is the same before and after calling `init_weights` of GroundingDINO  

backbone.stages.3.blocks.0.ffn.layers.0.0.bias - torch.Size([3072]): 
The value is the same before and after calling `init_weights` of GroundingDINO  

backbone.stages.3.blocks.0.ffn.layers.1.weight - torch.Size([768, 3072]): 
The value is the same before and after calling `init_weights` of GroundingDINO  

backbone.stages.3.blocks.0.ffn.layers.1.bias - torch.Size([768]): 
The value is the same before and after calling `init_weights` of GroundingDINO  

backbone.stages.3.blocks.1.norm1.weight - torch.Size([768]): 
The value is the same before and after calling `init_weights` of GroundingDINO  

backbone.stages.3.blocks.1.norm1.bias - torch.Size([768]): 
The value is the same before and after calling `init_weights` of GroundingDINO  

backbone.stages.3.blocks.1.attn.w_msa.relative_position_bias_table - torch.Size([169, 24]): 
The value is the same before and after calling `init_weights` of GroundingDINO  

backbone.stages.3.blocks.1.attn.w_msa.qkv.weight - torch.Size([2304, 768]): 
The value is the same before and after calling `init_weights` of GroundingDINO  

backbone.stages.3.blocks.1.attn.w_msa.qkv.bias - torch.Size([2304]): 
The value is the same before and after calling `init_weights` of GroundingDINO  

backbone.stages.3.blocks.1.attn.w_msa.proj.weight - torch.Size([768, 768]): 
The value is the same before and after calling `init_weights` of GroundingDINO  

backbone.stages.3.blocks.1.attn.w_msa.proj.bias - torch.Size([768]): 
The value is the same before and after calling `init_weights` of GroundingDINO  

backbone.stages.3.blocks.1.norm2.weight - torch.Size([768]): 
The value is the same before and after calling `init_weights` of GroundingDINO  

backbone.stages.3.blocks.1.norm2.bias - torch.Size([768]): 
The value is the same before and after calling `init_weights` of GroundingDINO  

backbone.stages.3.blocks.1.ffn.layers.0.0.weight - torch.Size([3072, 768]): 
The value is the same before and after calling `init_weights` of GroundingDINO  

backbone.stages.3.blocks.1.ffn.layers.0.0.bias - torch.Size([3072]): 
The value is the same before and after calling `init_weights` of GroundingDINO  

backbone.stages.3.blocks.1.ffn.layers.1.weight - torch.Size([768, 3072]): 
The value is the same before and after calling `init_weights` of GroundingDINO  

backbone.stages.3.blocks.1.ffn.layers.1.bias - torch.Size([768]): 
The value is the same before and after calling `init_weights` of GroundingDINO  

backbone.norm1.weight - torch.Size([192]): 
The value is the same before and after calling `init_weights` of GroundingDINO  

backbone.norm1.bias - torch.Size([192]): 
The value is the same before and after calling `init_weights` of GroundingDINO  

backbone.norm2.weight - torch.Size([384]): 
The value is the same before and after calling `init_weights` of GroundingDINO  

backbone.norm2.bias - torch.Size([384]): 
The value is the same before and after calling `init_weights` of GroundingDINO  

backbone.norm3.weight - torch.Size([768]): 
The value is the same before and after calling `init_weights` of GroundingDINO  

backbone.norm3.bias - torch.Size([768]): 
The value is the same before and after calling `init_weights` of GroundingDINO  

neck.convs.0.conv.weight - torch.Size([256, 192, 1, 1]): 
XavierInit: gain=1, distribution=uniform, bias=0 

neck.convs.0.conv.bias - torch.Size([256]): 
The value is the same before and after calling `init_weights` of GroundingDINO  

neck.convs.0.gn.weight - torch.Size([256]): 
The value is the same before and after calling `init_weights` of GroundingDINO  

neck.convs.0.gn.bias - torch.Size([256]): 
The value is the same before and after calling `init_weights` of GroundingDINO  

neck.convs.1.conv.weight - torch.Size([256, 384, 1, 1]): 
XavierInit: gain=1, distribution=uniform, bias=0 

neck.convs.1.conv.bias - torch.Size([256]): 
The value is the same before and after calling `init_weights` of GroundingDINO  

neck.convs.1.gn.weight - torch.Size([256]): 
The value is the same before and after calling `init_weights` of GroundingDINO  

neck.convs.1.gn.bias - torch.Size([256]): 
The value is the same before and after calling `init_weights` of GroundingDINO  

neck.convs.2.conv.weight - torch.Size([256, 768, 1, 1]): 
XavierInit: gain=1, distribution=uniform, bias=0 

neck.convs.2.conv.bias - torch.Size([256]): 
The value is the same before and after calling `init_weights` of GroundingDINO  

neck.convs.2.gn.weight - torch.Size([256]): 
The value is the same before and after calling `init_weights` of GroundingDINO  

neck.convs.2.gn.bias - torch.Size([256]): 
The value is the same before and after calling `init_weights` of GroundingDINO  

neck.extra_convs.0.conv.weight - torch.Size([256, 768, 3, 3]): 
XavierInit: gain=1, distribution=uniform, bias=0 

neck.extra_convs.0.conv.bias - torch.Size([256]): 
The value is the same before and after calling `init_weights` of GroundingDINO  

neck.extra_convs.0.gn.weight - torch.Size([256]): 
The value is the same before and after calling `init_weights` of GroundingDINO  

neck.extra_convs.0.gn.bias - torch.Size([256]): 
The value is the same before and after calling `init_weights` of GroundingDINO  

bbox_head.cls_branches.0.bias - torch.Size([1]): 
The value is the same before and after calling `init_weights` of GroundingDINO  

bbox_head.cls_branches.1.bias - torch.Size([1]): 
The value is the same before and after calling `init_weights` of GroundingDINO  

bbox_head.cls_branches.2.bias - torch.Size([1]): 
The value is the same before and after calling `init_weights` of GroundingDINO  

bbox_head.cls_branches.3.bias - torch.Size([1]): 
The value is the same before and after calling `init_weights` of GroundingDINO  

bbox_head.cls_branches.4.bias - torch.Size([1]): 
The value is the same before and after calling `init_weights` of GroundingDINO  

bbox_head.cls_branches.5.bias - torch.Size([1]): 
The value is the same before and after calling `init_weights` of GroundingDINO  

bbox_head.cls_branches.6.bias - torch.Size([1]): 
The value is the same before and after calling `init_weights` of GroundingDINO  

bbox_head.reg_branches.0.0.weight - torch.Size([256, 256]): 
The value is the same before and after calling `init_weights` of GroundingDINO  

bbox_head.reg_branches.0.0.bias - torch.Size([256]): 
The value is the same before and after calling `init_weights` of GroundingDINO  

bbox_head.reg_branches.0.2.weight - torch.Size([256, 256]): 
The value is the same before and after calling `init_weights` of GroundingDINO  

bbox_head.reg_branches.0.2.bias - torch.Size([256]): 
The value is the same before and after calling `init_weights` of GroundingDINO  

bbox_head.reg_branches.0.4.weight - torch.Size([4, 256]): 
Initialized by user-defined `init_weights` in GroundingDINOHead  

bbox_head.reg_branches.0.4.bias - torch.Size([4]): 
Initialized by user-defined `init_weights` in GroundingDINOHead  

bbox_head.reg_branches.1.0.weight - torch.Size([256, 256]): 
The value is the same before and after calling `init_weights` of GroundingDINO  

bbox_head.reg_branches.1.0.bias - torch.Size([256]): 
The value is the same before and after calling `init_weights` of GroundingDINO  

bbox_head.reg_branches.1.2.weight - torch.Size([256, 256]): 
The value is the same before and after calling `init_weights` of GroundingDINO  

bbox_head.reg_branches.1.2.bias - torch.Size([256]): 
The value is the same before and after calling `init_weights` of GroundingDINO  

bbox_head.reg_branches.1.4.weight - torch.Size([4, 256]): 
Initialized by user-defined `init_weights` in GroundingDINOHead  

bbox_head.reg_branches.1.4.bias - torch.Size([4]): 
Initialized by user-defined `init_weights` in GroundingDINOHead  

bbox_head.reg_branches.2.0.weight - torch.Size([256, 256]): 
The value is the same before and after calling `init_weights` of GroundingDINO  

bbox_head.reg_branches.2.0.bias - torch.Size([256]): 
The value is the same before and after calling `init_weights` of GroundingDINO  

bbox_head.reg_branches.2.2.weight - torch.Size([256, 256]): 
The value is the same before and after calling `init_weights` of GroundingDINO  

bbox_head.reg_branches.2.2.bias - torch.Size([256]): 
The value is the same before and after calling `init_weights` of GroundingDINO  

bbox_head.reg_branches.2.4.weight - torch.Size([4, 256]): 
Initialized by user-defined `init_weights` in GroundingDINOHead  

bbox_head.reg_branches.2.4.bias - torch.Size([4]): 
Initialized by user-defined `init_weights` in GroundingDINOHead  

bbox_head.reg_branches.3.0.weight - torch.Size([256, 256]): 
The value is the same before and after calling `init_weights` of GroundingDINO  

bbox_head.reg_branches.3.0.bias - torch.Size([256]): 
The value is the same before and after calling `init_weights` of GroundingDINO  

bbox_head.reg_branches.3.2.weight - torch.Size([256, 256]): 
The value is the same before and after calling `init_weights` of GroundingDINO  

bbox_head.reg_branches.3.2.bias - torch.Size([256]): 
The value is the same before and after calling `init_weights` of GroundingDINO  

bbox_head.reg_branches.3.4.weight - torch.Size([4, 256]): 
Initialized by user-defined `init_weights` in GroundingDINOHead  

bbox_head.reg_branches.3.4.bias - torch.Size([4]): 
Initialized by user-defined `init_weights` in GroundingDINOHead  

bbox_head.reg_branches.4.0.weight - torch.Size([256, 256]): 
The value is the same before and after calling `init_weights` of GroundingDINO  

bbox_head.reg_branches.4.0.bias - torch.Size([256]): 
The value is the same before and after calling `init_weights` of GroundingDINO  

bbox_head.reg_branches.4.2.weight - torch.Size([256, 256]): 
The value is the same before and after calling `init_weights` of GroundingDINO  

bbox_head.reg_branches.4.2.bias - torch.Size([256]): 
The value is the same before and after calling `init_weights` of GroundingDINO  

bbox_head.reg_branches.4.4.weight - torch.Size([4, 256]): 
Initialized by user-defined `init_weights` in GroundingDINOHead  

bbox_head.reg_branches.4.4.bias - torch.Size([4]): 
Initialized by user-defined `init_weights` in GroundingDINOHead  

bbox_head.reg_branches.5.0.weight - torch.Size([256, 256]): 
The value is the same before and after calling `init_weights` of GroundingDINO  

bbox_head.reg_branches.5.0.bias - torch.Size([256]): 
The value is the same before and after calling `init_weights` of GroundingDINO  

bbox_head.reg_branches.5.2.weight - torch.Size([256, 256]): 
The value is the same before and after calling `init_weights` of GroundingDINO  

bbox_head.reg_branches.5.2.bias - torch.Size([256]): 
The value is the same before and after calling `init_weights` of GroundingDINO  

bbox_head.reg_branches.5.4.weight - torch.Size([4, 256]): 
Initialized by user-defined `init_weights` in GroundingDINOHead  

bbox_head.reg_branches.5.4.bias - torch.Size([4]): 
Initialized by user-defined `init_weights` in GroundingDINOHead  

bbox_head.reg_branches.6.0.weight - torch.Size([256, 256]): 
The value is the same before and after calling `init_weights` of GroundingDINO  

bbox_head.reg_branches.6.0.bias - torch.Size([256]): 
The value is the same before and after calling `init_weights` of GroundingDINO  

bbox_head.reg_branches.6.2.weight - torch.Size([256, 256]): 
The value is the same before and after calling `init_weights` of GroundingDINO  

bbox_head.reg_branches.6.2.bias - torch.Size([256]): 
The value is the same before and after calling `init_weights` of GroundingDINO  

bbox_head.reg_branches.6.4.weight - torch.Size([4, 256]): 
Initialized by user-defined `init_weights` in GroundingDINOHead  

bbox_head.reg_branches.6.4.bias - torch.Size([4]): 
Initialized by user-defined `init_weights` in GroundingDINOHead  

encoder.layers.0.self_attn.sampling_offsets.weight - torch.Size([256, 256]): 
The value is the same before and after calling `init_weights` of GroundingDINO  

encoder.layers.0.self_attn.sampling_offsets.bias - torch.Size([256]): 
The value is the same before and after calling `init_weights` of GroundingDINO  

encoder.layers.0.self_attn.attention_weights.weight - torch.Size([128, 256]): 
The value is the same before and after calling `init_weights` of GroundingDINO  

encoder.layers.0.self_attn.attention_weights.bias - torch.Size([128]): 
The value is the same before and after calling `init_weights` of GroundingDINO  

encoder.layers.0.self_attn.value_proj.weight - torch.Size([256, 256]): 
The value is the same before and after calling `init_weights` of GroundingDINO  

encoder.layers.0.self_attn.value_proj.bias - torch.Size([256]): 
The value is the same before and after calling `init_weights` of GroundingDINO  

encoder.layers.0.self_attn.output_proj.weight - torch.Size([256, 256]): 
The value is the same before and after calling `init_weights` of GroundingDINO  

encoder.layers.0.self_attn.output_proj.bias - torch.Size([256]): 
The value is the same before and after calling `init_weights` of GroundingDINO  

encoder.layers.0.ffn.layers.0.0.weight - torch.Size([2048, 256]): 
The value is the same before and after calling `init_weights` of GroundingDINO  

encoder.layers.0.ffn.layers.0.0.bias - torch.Size([2048]): 
The value is the same before and after calling `init_weights` of GroundingDINO  

encoder.layers.0.ffn.layers.1.weight - torch.Size([256, 2048]): 
The value is the same before and after calling `init_weights` of GroundingDINO  

encoder.layers.0.ffn.layers.1.bias - torch.Size([256]): 
The value is the same before and after calling `init_weights` of GroundingDINO  

encoder.layers.0.norms.0.weight - torch.Size([256]): 
The value is the same before and after calling `init_weights` of GroundingDINO  

encoder.layers.0.norms.0.bias - torch.Size([256]): 
The value is the same before and after calling `init_weights` of GroundingDINO  

encoder.layers.0.norms.1.weight - torch.Size([256]): 
The value is the same before and after calling `init_weights` of GroundingDINO  

encoder.layers.0.norms.1.bias - torch.Size([256]): 
The value is the same before and after calling `init_weights` of GroundingDINO  

encoder.layers.1.self_attn.sampling_offsets.weight - torch.Size([256, 256]): 
The value is the same before and after calling `init_weights` of GroundingDINO  

encoder.layers.1.self_attn.sampling_offsets.bias - torch.Size([256]): 
The value is the same before and after calling `init_weights` of GroundingDINO  

encoder.layers.1.self_attn.attention_weights.weight - torch.Size([128, 256]): 
The value is the same before and after calling `init_weights` of GroundingDINO  

encoder.layers.1.self_attn.attention_weights.bias - torch.Size([128]): 
The value is the same before and after calling `init_weights` of GroundingDINO  

encoder.layers.1.self_attn.value_proj.weight - torch.Size([256, 256]): 
The value is the same before and after calling `init_weights` of GroundingDINO  

encoder.layers.1.self_attn.value_proj.bias - torch.Size([256]): 
The value is the same before and after calling `init_weights` of GroundingDINO  

encoder.layers.1.self_attn.output_proj.weight - torch.Size([256, 256]): 
The value is the same before and after calling `init_weights` of GroundingDINO  

encoder.layers.1.self_attn.output_proj.bias - torch.Size([256]): 
The value is the same before and after calling `init_weights` of GroundingDINO  

encoder.layers.1.ffn.layers.0.0.weight - torch.Size([2048, 256]): 
The value is the same before and after calling `init_weights` of GroundingDINO  

encoder.layers.1.ffn.layers.0.0.bias - torch.Size([2048]): 
The value is the same before and after calling `init_weights` of GroundingDINO  

encoder.layers.1.ffn.layers.1.weight - torch.Size([256, 2048]): 
The value is the same before and after calling `init_weights` of GroundingDINO  

encoder.layers.1.ffn.layers.1.bias - torch.Size([256]): 
The value is the same before and after calling `init_weights` of GroundingDINO  

encoder.layers.1.norms.0.weight - torch.Size([256]): 
The value is the same before and after calling `init_weights` of GroundingDINO  

encoder.layers.1.norms.0.bias - torch.Size([256]): 
The value is the same before and after calling `init_weights` of GroundingDINO  

encoder.layers.1.norms.1.weight - torch.Size([256]): 
The value is the same before and after calling `init_weights` of GroundingDINO  

encoder.layers.1.norms.1.bias - torch.Size([256]): 
The value is the same before and after calling `init_weights` of GroundingDINO  

encoder.layers.2.self_attn.sampling_offsets.weight - torch.Size([256, 256]): 
The value is the same before and after calling `init_weights` of GroundingDINO  

encoder.layers.2.self_attn.sampling_offsets.bias - torch.Size([256]): 
The value is the same before and after calling `init_weights` of GroundingDINO  

encoder.layers.2.self_attn.attention_weights.weight - torch.Size([128, 256]): 
The value is the same before and after calling `init_weights` of GroundingDINO  

encoder.layers.2.self_attn.attention_weights.bias - torch.Size([128]): 
The value is the same before and after calling `init_weights` of GroundingDINO  

encoder.layers.2.self_attn.value_proj.weight - torch.Size([256, 256]): 
The value is the same before and after calling `init_weights` of GroundingDINO  

encoder.layers.2.self_attn.value_proj.bias - torch.Size([256]): 
The value is the same before and after calling `init_weights` of GroundingDINO  

encoder.layers.2.self_attn.output_proj.weight - torch.Size([256, 256]): 
The value is the same before and after calling `init_weights` of GroundingDINO  

encoder.layers.2.self_attn.output_proj.bias - torch.Size([256]): 
The value is the same before and after calling `init_weights` of GroundingDINO  

encoder.layers.2.ffn.layers.0.0.weight - torch.Size([2048, 256]): 
The value is the same before and after calling `init_weights` of GroundingDINO  

encoder.layers.2.ffn.layers.0.0.bias - torch.Size([2048]): 
The value is the same before and after calling `init_weights` of GroundingDINO  

encoder.layers.2.ffn.layers.1.weight - torch.Size([256, 2048]): 
The value is the same before and after calling `init_weights` of GroundingDINO  

encoder.layers.2.ffn.layers.1.bias - torch.Size([256]): 
The value is the same before and after calling `init_weights` of GroundingDINO  

encoder.layers.2.norms.0.weight - torch.Size([256]): 
The value is the same before and after calling `init_weights` of GroundingDINO  

encoder.layers.2.norms.0.bias - torch.Size([256]): 
The value is the same before and after calling `init_weights` of GroundingDINO  

encoder.layers.2.norms.1.weight - torch.Size([256]): 
The value is the same before and after calling `init_weights` of GroundingDINO  

encoder.layers.2.norms.1.bias - torch.Size([256]): 
The value is the same before and after calling `init_weights` of GroundingDINO  

encoder.layers.3.self_attn.sampling_offsets.weight - torch.Size([256, 256]): 
The value is the same before and after calling `init_weights` of GroundingDINO  

encoder.layers.3.self_attn.sampling_offsets.bias - torch.Size([256]): 
The value is the same before and after calling `init_weights` of GroundingDINO  

encoder.layers.3.self_attn.attention_weights.weight - torch.Size([128, 256]): 
The value is the same before and after calling `init_weights` of GroundingDINO  

encoder.layers.3.self_attn.attention_weights.bias - torch.Size([128]): 
The value is the same before and after calling `init_weights` of GroundingDINO  

encoder.layers.3.self_attn.value_proj.weight - torch.Size([256, 256]): 
The value is the same before and after calling `init_weights` of GroundingDINO  

encoder.layers.3.self_attn.value_proj.bias - torch.Size([256]): 
The value is the same before and after calling `init_weights` of GroundingDINO  

encoder.layers.3.self_attn.output_proj.weight - torch.Size([256, 256]): 
The value is the same before and after calling `init_weights` of GroundingDINO  

encoder.layers.3.self_attn.output_proj.bias - torch.Size([256]): 
The value is the same before and after calling `init_weights` of GroundingDINO  

encoder.layers.3.ffn.layers.0.0.weight - torch.Size([2048, 256]): 
The value is the same before and after calling `init_weights` of GroundingDINO  

encoder.layers.3.ffn.layers.0.0.bias - torch.Size([2048]): 
The value is the same before and after calling `init_weights` of GroundingDINO  

encoder.layers.3.ffn.layers.1.weight - torch.Size([256, 2048]): 
The value is the same before and after calling `init_weights` of GroundingDINO  

encoder.layers.3.ffn.layers.1.bias - torch.Size([256]): 
The value is the same before and after calling `init_weights` of GroundingDINO  

encoder.layers.3.norms.0.weight - torch.Size([256]): 
The value is the same before and after calling `init_weights` of GroundingDINO  

encoder.layers.3.norms.0.bias - torch.Size([256]): 
The value is the same before and after calling `init_weights` of GroundingDINO  

encoder.layers.3.norms.1.weight - torch.Size([256]): 
The value is the same before and after calling `init_weights` of GroundingDINO  

encoder.layers.3.norms.1.bias - torch.Size([256]): 
The value is the same before and after calling `init_weights` of GroundingDINO  

encoder.layers.4.self_attn.sampling_offsets.weight - torch.Size([256, 256]): 
The value is the same before and after calling `init_weights` of GroundingDINO  

encoder.layers.4.self_attn.sampling_offsets.bias - torch.Size([256]): 
The value is the same before and after calling `init_weights` of GroundingDINO  

encoder.layers.4.self_attn.attention_weights.weight - torch.Size([128, 256]): 
The value is the same before and after calling `init_weights` of GroundingDINO  

encoder.layers.4.self_attn.attention_weights.bias - torch.Size([128]): 
The value is the same before and after calling `init_weights` of GroundingDINO  

encoder.layers.4.self_attn.value_proj.weight - torch.Size([256, 256]): 
The value is the same before and after calling `init_weights` of GroundingDINO  

encoder.layers.4.self_attn.value_proj.bias - torch.Size([256]): 
The value is the same before and after calling `init_weights` of GroundingDINO  

encoder.layers.4.self_attn.output_proj.weight - torch.Size([256, 256]): 
The value is the same before and after calling `init_weights` of GroundingDINO  

encoder.layers.4.self_attn.output_proj.bias - torch.Size([256]): 
The value is the same before and after calling `init_weights` of GroundingDINO  

encoder.layers.4.ffn.layers.0.0.weight - torch.Size([2048, 256]): 
The value is the same before and after calling `init_weights` of GroundingDINO  

encoder.layers.4.ffn.layers.0.0.bias - torch.Size([2048]): 
The value is the same before and after calling `init_weights` of GroundingDINO  

encoder.layers.4.ffn.layers.1.weight - torch.Size([256, 2048]): 
The value is the same before and after calling `init_weights` of GroundingDINO  

encoder.layers.4.ffn.layers.1.bias - torch.Size([256]): 
The value is the same before and after calling `init_weights` of GroundingDINO  

encoder.layers.4.norms.0.weight - torch.Size([256]): 
The value is the same before and after calling `init_weights` of GroundingDINO  

encoder.layers.4.norms.0.bias - torch.Size([256]): 
The value is the same before and after calling `init_weights` of GroundingDINO  

encoder.layers.4.norms.1.weight - torch.Size([256]): 
The value is the same before and after calling `init_weights` of GroundingDINO  

encoder.layers.4.norms.1.bias - torch.Size([256]): 
The value is the same before and after calling `init_weights` of GroundingDINO  

encoder.layers.5.self_attn.sampling_offsets.weight - torch.Size([256, 256]): 
The value is the same before and after calling `init_weights` of GroundingDINO  

encoder.layers.5.self_attn.sampling_offsets.bias - torch.Size([256]): 
The value is the same before and after calling `init_weights` of GroundingDINO  

encoder.layers.5.self_attn.attention_weights.weight - torch.Size([128, 256]): 
The value is the same before and after calling `init_weights` of GroundingDINO  

encoder.layers.5.self_attn.attention_weights.bias - torch.Size([128]): 
The value is the same before and after calling `init_weights` of GroundingDINO  

encoder.layers.5.self_attn.value_proj.weight - torch.Size([256, 256]): 
The value is the same before and after calling `init_weights` of GroundingDINO  

encoder.layers.5.self_attn.value_proj.bias - torch.Size([256]): 
The value is the same before and after calling `init_weights` of GroundingDINO  

encoder.layers.5.self_attn.output_proj.weight - torch.Size([256, 256]): 
The value is the same before and after calling `init_weights` of GroundingDINO  

encoder.layers.5.self_attn.output_proj.bias - torch.Size([256]): 
The value is the same before and after calling `init_weights` of GroundingDINO  

encoder.layers.5.ffn.layers.0.0.weight - torch.Size([2048, 256]): 
The value is the same before and after calling `init_weights` of GroundingDINO  

encoder.layers.5.ffn.layers.0.0.bias - torch.Size([2048]): 
The value is the same before and after calling `init_weights` of GroundingDINO  

encoder.layers.5.ffn.layers.1.weight - torch.Size([256, 2048]): 
The value is the same before and after calling `init_weights` of GroundingDINO  

encoder.layers.5.ffn.layers.1.bias - torch.Size([256]): 
The value is the same before and after calling `init_weights` of GroundingDINO  

encoder.layers.5.norms.0.weight - torch.Size([256]): 
The value is the same before and after calling `init_weights` of GroundingDINO  

encoder.layers.5.norms.0.bias - torch.Size([256]): 
The value is the same before and after calling `init_weights` of GroundingDINO  

encoder.layers.5.norms.1.weight - torch.Size([256]): 
The value is the same before and after calling `init_weights` of GroundingDINO  

encoder.layers.5.norms.1.bias - torch.Size([256]): 
The value is the same before and after calling `init_weights` of GroundingDINO  

encoder.text_layers.0.self_attn.attn.in_proj_weight - torch.Size([768, 256]): 
The value is the same before and after calling `init_weights` of GroundingDINO  

encoder.text_layers.0.self_attn.attn.in_proj_bias - torch.Size([768]): 
The value is the same before and after calling `init_weights` of GroundingDINO  

encoder.text_layers.0.self_attn.attn.out_proj.weight - torch.Size([256, 256]): 
The value is the same before and after calling `init_weights` of GroundingDINO  

encoder.text_layers.0.self_attn.attn.out_proj.bias - torch.Size([256]): 
The value is the same before and after calling `init_weights` of GroundingDINO  

encoder.text_layers.0.ffn.layers.0.0.weight - torch.Size([1024, 256]): 
The value is the same before and after calling `init_weights` of GroundingDINO  

encoder.text_layers.0.ffn.layers.0.0.bias - torch.Size([1024]): 
The value is the same before and after calling `init_weights` of GroundingDINO  

encoder.text_layers.0.ffn.layers.1.weight - torch.Size([256, 1024]): 
The value is the same before and after calling `init_weights` of GroundingDINO  

encoder.text_layers.0.ffn.layers.1.bias - torch.Size([256]): 
The value is the same before and after calling `init_weights` of GroundingDINO  

encoder.text_layers.0.norms.0.weight - torch.Size([256]): 
The value is the same before and after calling `init_weights` of GroundingDINO  

encoder.text_layers.0.norms.0.bias - torch.Size([256]): 
The value is the same before and after calling `init_weights` of GroundingDINO  

encoder.text_layers.0.norms.1.weight - torch.Size([256]): 
The value is the same before and after calling `init_weights` of GroundingDINO  

encoder.text_layers.0.norms.1.bias - torch.Size([256]): 
The value is the same before and after calling `init_weights` of GroundingDINO  

encoder.text_layers.1.self_attn.attn.in_proj_weight - torch.Size([768, 256]): 
The value is the same before and after calling `init_weights` of GroundingDINO  

encoder.text_layers.1.self_attn.attn.in_proj_bias - torch.Size([768]): 
The value is the same before and after calling `init_weights` of GroundingDINO  

encoder.text_layers.1.self_attn.attn.out_proj.weight - torch.Size([256, 256]): 
The value is the same before and after calling `init_weights` of GroundingDINO  

encoder.text_layers.1.self_attn.attn.out_proj.bias - torch.Size([256]): 
The value is the same before and after calling `init_weights` of GroundingDINO  

encoder.text_layers.1.ffn.layers.0.0.weight - torch.Size([1024, 256]): 
The value is the same before and after calling `init_weights` of GroundingDINO  

encoder.text_layers.1.ffn.layers.0.0.bias - torch.Size([1024]): 
The value is the same before and after calling `init_weights` of GroundingDINO  

encoder.text_layers.1.ffn.layers.1.weight - torch.Size([256, 1024]): 
The value is the same before and after calling `init_weights` of GroundingDINO  

encoder.text_layers.1.ffn.layers.1.bias - torch.Size([256]): 
The value is the same before and after calling `init_weights` of GroundingDINO  

encoder.text_layers.1.norms.0.weight - torch.Size([256]): 
The value is the same before and after calling `init_weights` of GroundingDINO  

encoder.text_layers.1.norms.0.bias - torch.Size([256]): 
The value is the same before and after calling `init_weights` of GroundingDINO  

encoder.text_layers.1.norms.1.weight - torch.Size([256]): 
The value is the same before and after calling `init_weights` of GroundingDINO  

encoder.text_layers.1.norms.1.bias - torch.Size([256]): 
The value is the same before and after calling `init_weights` of GroundingDINO  

encoder.text_layers.2.self_attn.attn.in_proj_weight - torch.Size([768, 256]): 
The value is the same before and after calling `init_weights` of GroundingDINO  

encoder.text_layers.2.self_attn.attn.in_proj_bias - torch.Size([768]): 
The value is the same before and after calling `init_weights` of GroundingDINO  

encoder.text_layers.2.self_attn.attn.out_proj.weight - torch.Size([256, 256]): 
The value is the same before and after calling `init_weights` of GroundingDINO  

encoder.text_layers.2.self_attn.attn.out_proj.bias - torch.Size([256]): 
The value is the same before and after calling `init_weights` of GroundingDINO  

encoder.text_layers.2.ffn.layers.0.0.weight - torch.Size([1024, 256]): 
The value is the same before and after calling `init_weights` of GroundingDINO  

encoder.text_layers.2.ffn.layers.0.0.bias - torch.Size([1024]): 
The value is the same before and after calling `init_weights` of GroundingDINO  

encoder.text_layers.2.ffn.layers.1.weight - torch.Size([256, 1024]): 
The value is the same before and after calling `init_weights` of GroundingDINO  

encoder.text_layers.2.ffn.layers.1.bias - torch.Size([256]): 
The value is the same before and after calling `init_weights` of GroundingDINO  

encoder.text_layers.2.norms.0.weight - torch.Size([256]): 
The value is the same before and after calling `init_weights` of GroundingDINO  

encoder.text_layers.2.norms.0.bias - torch.Size([256]): 
The value is the same before and after calling `init_weights` of GroundingDINO  

encoder.text_layers.2.norms.1.weight - torch.Size([256]): 
The value is the same before and after calling `init_weights` of GroundingDINO  

encoder.text_layers.2.norms.1.bias - torch.Size([256]): 
The value is the same before and after calling `init_weights` of GroundingDINO  

encoder.text_layers.3.self_attn.attn.in_proj_weight - torch.Size([768, 256]): 
The value is the same before and after calling `init_weights` of GroundingDINO  

encoder.text_layers.3.self_attn.attn.in_proj_bias - torch.Size([768]): 
The value is the same before and after calling `init_weights` of GroundingDINO  

encoder.text_layers.3.self_attn.attn.out_proj.weight - torch.Size([256, 256]): 
The value is the same before and after calling `init_weights` of GroundingDINO  

encoder.text_layers.3.self_attn.attn.out_proj.bias - torch.Size([256]): 
The value is the same before and after calling `init_weights` of GroundingDINO  

encoder.text_layers.3.ffn.layers.0.0.weight - torch.Size([1024, 256]): 
The value is the same before and after calling `init_weights` of GroundingDINO  

encoder.text_layers.3.ffn.layers.0.0.bias - torch.Size([1024]): 
The value is the same before and after calling `init_weights` of GroundingDINO  

encoder.text_layers.3.ffn.layers.1.weight - torch.Size([256, 1024]): 
The value is the same before and after calling `init_weights` of GroundingDINO  

encoder.text_layers.3.ffn.layers.1.bias - torch.Size([256]): 
The value is the same before and after calling `init_weights` of GroundingDINO  

encoder.text_layers.3.norms.0.weight - torch.Size([256]): 
The value is the same before and after calling `init_weights` of GroundingDINO  

encoder.text_layers.3.norms.0.bias - torch.Size([256]): 
The value is the same before and after calling `init_weights` of GroundingDINO  

encoder.text_layers.3.norms.1.weight - torch.Size([256]): 
The value is the same before and after calling `init_weights` of GroundingDINO  

encoder.text_layers.3.norms.1.bias - torch.Size([256]): 
The value is the same before and after calling `init_weights` of GroundingDINO  

encoder.text_layers.4.self_attn.attn.in_proj_weight - torch.Size([768, 256]): 
The value is the same before and after calling `init_weights` of GroundingDINO  

encoder.text_layers.4.self_attn.attn.in_proj_bias - torch.Size([768]): 
The value is the same before and after calling `init_weights` of GroundingDINO  

encoder.text_layers.4.self_attn.attn.out_proj.weight - torch.Size([256, 256]): 
The value is the same before and after calling `init_weights` of GroundingDINO  

encoder.text_layers.4.self_attn.attn.out_proj.bias - torch.Size([256]): 
The value is the same before and after calling `init_weights` of GroundingDINO  

encoder.text_layers.4.ffn.layers.0.0.weight - torch.Size([1024, 256]): 
The value is the same before and after calling `init_weights` of GroundingDINO  

encoder.text_layers.4.ffn.layers.0.0.bias - torch.Size([1024]): 
The value is the same before and after calling `init_weights` of GroundingDINO  

encoder.text_layers.4.ffn.layers.1.weight - torch.Size([256, 1024]): 
The value is the same before and after calling `init_weights` of GroundingDINO  

encoder.text_layers.4.ffn.layers.1.bias - torch.Size([256]): 
The value is the same before and after calling `init_weights` of GroundingDINO  

encoder.text_layers.4.norms.0.weight - torch.Size([256]): 
The value is the same before and after calling `init_weights` of GroundingDINO  

encoder.text_layers.4.norms.0.bias - torch.Size([256]): 
The value is the same before and after calling `init_weights` of GroundingDINO  

encoder.text_layers.4.norms.1.weight - torch.Size([256]): 
The value is the same before and after calling `init_weights` of GroundingDINO  

encoder.text_layers.4.norms.1.bias - torch.Size([256]): 
The value is the same before and after calling `init_weights` of GroundingDINO  

encoder.text_layers.5.self_attn.attn.in_proj_weight - torch.Size([768, 256]): 
The value is the same before and after calling `init_weights` of GroundingDINO  

encoder.text_layers.5.self_attn.attn.in_proj_bias - torch.Size([768]): 
The value is the same before and after calling `init_weights` of GroundingDINO  

encoder.text_layers.5.self_attn.attn.out_proj.weight - torch.Size([256, 256]): 
The value is the same before and after calling `init_weights` of GroundingDINO  

encoder.text_layers.5.self_attn.attn.out_proj.bias - torch.Size([256]): 
The value is the same before and after calling `init_weights` of GroundingDINO  

encoder.text_layers.5.ffn.layers.0.0.weight - torch.Size([1024, 256]): 
The value is the same before and after calling `init_weights` of GroundingDINO  

encoder.text_layers.5.ffn.layers.0.0.bias - torch.Size([1024]): 
The value is the same before and after calling `init_weights` of GroundingDINO  

encoder.text_layers.5.ffn.layers.1.weight - torch.Size([256, 1024]): 
The value is the same before and after calling `init_weights` of GroundingDINO  

encoder.text_layers.5.ffn.layers.1.bias - torch.Size([256]): 
The value is the same before and after calling `init_weights` of GroundingDINO  

encoder.text_layers.5.norms.0.weight - torch.Size([256]): 
The value is the same before and after calling `init_weights` of GroundingDINO  

encoder.text_layers.5.norms.0.bias - torch.Size([256]): 
The value is the same before and after calling `init_weights` of GroundingDINO  

encoder.text_layers.5.norms.1.weight - torch.Size([256]): 
The value is the same before and after calling `init_weights` of GroundingDINO  

encoder.text_layers.5.norms.1.bias - torch.Size([256]): 
The value is the same before and after calling `init_weights` of GroundingDINO  

encoder.fusion_layers.0.gamma_v - torch.Size([256]): 
The value is the same before and after calling `init_weights` of GroundingDINO  

encoder.fusion_layers.0.gamma_l - torch.Size([256]): 
The value is the same before and after calling `init_weights` of GroundingDINO  

encoder.fusion_layers.0.layer_norm_v.weight - torch.Size([256]): 
The value is the same before and after calling `init_weights` of GroundingDINO  

encoder.fusion_layers.0.layer_norm_v.bias - torch.Size([256]): 
The value is the same before and after calling `init_weights` of GroundingDINO  

encoder.fusion_layers.0.layer_norm_l.weight - torch.Size([256]): 
The value is the same before and after calling `init_weights` of GroundingDINO  

encoder.fusion_layers.0.layer_norm_l.bias - torch.Size([256]): 
The value is the same before and after calling `init_weights` of GroundingDINO  

encoder.fusion_layers.0.attn.v_proj.weight - torch.Size([1024, 256]): 
The value is the same before and after calling `init_weights` of GroundingDINO  

encoder.fusion_layers.0.attn.v_proj.bias - torch.Size([1024]): 
The value is the same before and after calling `init_weights` of GroundingDINO  

encoder.fusion_layers.0.attn.l_proj.weight - torch.Size([1024, 256]): 
The value is the same before and after calling `init_weights` of GroundingDINO  

encoder.fusion_layers.0.attn.l_proj.bias - torch.Size([1024]): 
The value is the same before and after calling `init_weights` of GroundingDINO  

encoder.fusion_layers.0.attn.values_v_proj.weight - torch.Size([1024, 256]): 
The value is the same before and after calling `init_weights` of GroundingDINO  

encoder.fusion_layers.0.attn.values_v_proj.bias - torch.Size([1024]): 
The value is the same before and after calling `init_weights` of GroundingDINO  

encoder.fusion_layers.0.attn.values_l_proj.weight - torch.Size([1024, 256]): 
The value is the same before and after calling `init_weights` of GroundingDINO  

encoder.fusion_layers.0.attn.values_l_proj.bias - torch.Size([1024]): 
The value is the same before and after calling `init_weights` of GroundingDINO  

encoder.fusion_layers.0.attn.out_v_proj.weight - torch.Size([256, 1024]): 
The value is the same before and after calling `init_weights` of GroundingDINO  

encoder.fusion_layers.0.attn.out_v_proj.bias - torch.Size([256]): 
The value is the same before and after calling `init_weights` of GroundingDINO  

encoder.fusion_layers.0.attn.out_l_proj.weight - torch.Size([256, 1024]): 
The value is the same before and after calling `init_weights` of GroundingDINO  

encoder.fusion_layers.0.attn.out_l_proj.bias - torch.Size([256]): 
The value is the same before and after calling `init_weights` of GroundingDINO  

encoder.fusion_layers.1.gamma_v - torch.Size([256]): 
The value is the same before and after calling `init_weights` of GroundingDINO  

encoder.fusion_layers.1.gamma_l - torch.Size([256]): 
The value is the same before and after calling `init_weights` of GroundingDINO  

encoder.fusion_layers.1.layer_norm_v.weight - torch.Size([256]): 
The value is the same before and after calling `init_weights` of GroundingDINO  

encoder.fusion_layers.1.layer_norm_v.bias - torch.Size([256]): 
The value is the same before and after calling `init_weights` of GroundingDINO  

encoder.fusion_layers.1.layer_norm_l.weight - torch.Size([256]): 
The value is the same before and after calling `init_weights` of GroundingDINO  

encoder.fusion_layers.1.layer_norm_l.bias - torch.Size([256]): 
The value is the same before and after calling `init_weights` of GroundingDINO  

encoder.fusion_layers.1.attn.v_proj.weight - torch.Size([1024, 256]): 
The value is the same before and after calling `init_weights` of GroundingDINO  

encoder.fusion_layers.1.attn.v_proj.bias - torch.Size([1024]): 
The value is the same before and after calling `init_weights` of GroundingDINO  

encoder.fusion_layers.1.attn.l_proj.weight - torch.Size([1024, 256]): 
The value is the same before and after calling `init_weights` of GroundingDINO  

encoder.fusion_layers.1.attn.l_proj.bias - torch.Size([1024]): 
The value is the same before and after calling `init_weights` of GroundingDINO  

encoder.fusion_layers.1.attn.values_v_proj.weight - torch.Size([1024, 256]): 
The value is the same before and after calling `init_weights` of GroundingDINO  

encoder.fusion_layers.1.attn.values_v_proj.bias - torch.Size([1024]): 
The value is the same before and after calling `init_weights` of GroundingDINO  

encoder.fusion_layers.1.attn.values_l_proj.weight - torch.Size([1024, 256]): 
The value is the same before and after calling `init_weights` of GroundingDINO  

encoder.fusion_layers.1.attn.values_l_proj.bias - torch.Size([1024]): 
The value is the same before and after calling `init_weights` of GroundingDINO  

encoder.fusion_layers.1.attn.out_v_proj.weight - torch.Size([256, 1024]): 
The value is the same before and after calling `init_weights` of GroundingDINO  

encoder.fusion_layers.1.attn.out_v_proj.bias - torch.Size([256]): 
The value is the same before and after calling `init_weights` of GroundingDINO  

encoder.fusion_layers.1.attn.out_l_proj.weight - torch.Size([256, 1024]): 
The value is the same before and after calling `init_weights` of GroundingDINO  

encoder.fusion_layers.1.attn.out_l_proj.bias - torch.Size([256]): 
The value is the same before and after calling `init_weights` of GroundingDINO  

encoder.fusion_layers.2.gamma_v - torch.Size([256]): 
The value is the same before and after calling `init_weights` of GroundingDINO  

encoder.fusion_layers.2.gamma_l - torch.Size([256]): 
The value is the same before and after calling `init_weights` of GroundingDINO  

encoder.fusion_layers.2.layer_norm_v.weight - torch.Size([256]): 
The value is the same before and after calling `init_weights` of GroundingDINO  

encoder.fusion_layers.2.layer_norm_v.bias - torch.Size([256]): 
The value is the same before and after calling `init_weights` of GroundingDINO  

encoder.fusion_layers.2.layer_norm_l.weight - torch.Size([256]): 
The value is the same before and after calling `init_weights` of GroundingDINO  

encoder.fusion_layers.2.layer_norm_l.bias - torch.Size([256]): 
The value is the same before and after calling `init_weights` of GroundingDINO  

encoder.fusion_layers.2.attn.v_proj.weight - torch.Size([1024, 256]): 
The value is the same before and after calling `init_weights` of GroundingDINO  

encoder.fusion_layers.2.attn.v_proj.bias - torch.Size([1024]): 
The value is the same before and after calling `init_weights` of GroundingDINO  

encoder.fusion_layers.2.attn.l_proj.weight - torch.Size([1024, 256]): 
The value is the same before and after calling `init_weights` of GroundingDINO  

encoder.fusion_layers.2.attn.l_proj.bias - torch.Size([1024]): 
The value is the same before and after calling `init_weights` of GroundingDINO  

encoder.fusion_layers.2.attn.values_v_proj.weight - torch.Size([1024, 256]): 
The value is the same before and after calling `init_weights` of GroundingDINO  

encoder.fusion_layers.2.attn.values_v_proj.bias - torch.Size([1024]): 
The value is the same before and after calling `init_weights` of GroundingDINO  

encoder.fusion_layers.2.attn.values_l_proj.weight - torch.Size([1024, 256]): 
The value is the same before and after calling `init_weights` of GroundingDINO  

encoder.fusion_layers.2.attn.values_l_proj.bias - torch.Size([1024]): 
The value is the same before and after calling `init_weights` of GroundingDINO  

encoder.fusion_layers.2.attn.out_v_proj.weight - torch.Size([256, 1024]): 
The value is the same before and after calling `init_weights` of GroundingDINO  

encoder.fusion_layers.2.attn.out_v_proj.bias - torch.Size([256]): 
The value is the same before and after calling `init_weights` of GroundingDINO  

encoder.fusion_layers.2.attn.out_l_proj.weight - torch.Size([256, 1024]): 
The value is the same before and after calling `init_weights` of GroundingDINO  

encoder.fusion_layers.2.attn.out_l_proj.bias - torch.Size([256]): 
The value is the same before and after calling `init_weights` of GroundingDINO  

encoder.fusion_layers.3.gamma_v - torch.Size([256]): 
The value is the same before and after calling `init_weights` of GroundingDINO  

encoder.fusion_layers.3.gamma_l - torch.Size([256]): 
The value is the same before and after calling `init_weights` of GroundingDINO  

encoder.fusion_layers.3.layer_norm_v.weight - torch.Size([256]): 
The value is the same before and after calling `init_weights` of GroundingDINO  

encoder.fusion_layers.3.layer_norm_v.bias - torch.Size([256]): 
The value is the same before and after calling `init_weights` of GroundingDINO  

encoder.fusion_layers.3.layer_norm_l.weight - torch.Size([256]): 
The value is the same before and after calling `init_weights` of GroundingDINO  

encoder.fusion_layers.3.layer_norm_l.bias - torch.Size([256]): 
The value is the same before and after calling `init_weights` of GroundingDINO  

encoder.fusion_layers.3.attn.v_proj.weight - torch.Size([1024, 256]): 
The value is the same before and after calling `init_weights` of GroundingDINO  

encoder.fusion_layers.3.attn.v_proj.bias - torch.Size([1024]): 
The value is the same before and after calling `init_weights` of GroundingDINO  

encoder.fusion_layers.3.attn.l_proj.weight - torch.Size([1024, 256]): 
The value is the same before and after calling `init_weights` of GroundingDINO  

encoder.fusion_layers.3.attn.l_proj.bias - torch.Size([1024]): 
The value is the same before and after calling `init_weights` of GroundingDINO  

encoder.fusion_layers.3.attn.values_v_proj.weight - torch.Size([1024, 256]): 
The value is the same before and after calling `init_weights` of GroundingDINO  

encoder.fusion_layers.3.attn.values_v_proj.bias - torch.Size([1024]): 
The value is the same before and after calling `init_weights` of GroundingDINO  

encoder.fusion_layers.3.attn.values_l_proj.weight - torch.Size([1024, 256]): 
The value is the same before and after calling `init_weights` of GroundingDINO  

encoder.fusion_layers.3.attn.values_l_proj.bias - torch.Size([1024]): 
The value is the same before and after calling `init_weights` of GroundingDINO  

encoder.fusion_layers.3.attn.out_v_proj.weight - torch.Size([256, 1024]): 
The value is the same before and after calling `init_weights` of GroundingDINO  

encoder.fusion_layers.3.attn.out_v_proj.bias - torch.Size([256]): 
The value is the same before and after calling `init_weights` of GroundingDINO  

encoder.fusion_layers.3.attn.out_l_proj.weight - torch.Size([256, 1024]): 
The value is the same before and after calling `init_weights` of GroundingDINO  

encoder.fusion_layers.3.attn.out_l_proj.bias - torch.Size([256]): 
The value is the same before and after calling `init_weights` of GroundingDINO  

encoder.fusion_layers.4.gamma_v - torch.Size([256]): 
The value is the same before and after calling `init_weights` of GroundingDINO  

encoder.fusion_layers.4.gamma_l - torch.Size([256]): 
The value is the same before and after calling `init_weights` of GroundingDINO  

encoder.fusion_layers.4.layer_norm_v.weight - torch.Size([256]): 
The value is the same before and after calling `init_weights` of GroundingDINO  

encoder.fusion_layers.4.layer_norm_v.bias - torch.Size([256]): 
The value is the same before and after calling `init_weights` of GroundingDINO  

encoder.fusion_layers.4.layer_norm_l.weight - torch.Size([256]): 
The value is the same before and after calling `init_weights` of GroundingDINO  

encoder.fusion_layers.4.layer_norm_l.bias - torch.Size([256]): 
The value is the same before and after calling `init_weights` of GroundingDINO  

encoder.fusion_layers.4.attn.v_proj.weight - torch.Size([1024, 256]): 
The value is the same before and after calling `init_weights` of GroundingDINO  

encoder.fusion_layers.4.attn.v_proj.bias - torch.Size([1024]): 
The value is the same before and after calling `init_weights` of GroundingDINO  

encoder.fusion_layers.4.attn.l_proj.weight - torch.Size([1024, 256]): 
The value is the same before and after calling `init_weights` of GroundingDINO  

encoder.fusion_layers.4.attn.l_proj.bias - torch.Size([1024]): 
The value is the same before and after calling `init_weights` of GroundingDINO  

encoder.fusion_layers.4.attn.values_v_proj.weight - torch.Size([1024, 256]): 
The value is the same before and after calling `init_weights` of GroundingDINO  

encoder.fusion_layers.4.attn.values_v_proj.bias - torch.Size([1024]): 
The value is the same before and after calling `init_weights` of GroundingDINO  

encoder.fusion_layers.4.attn.values_l_proj.weight - torch.Size([1024, 256]): 
The value is the same before and after calling `init_weights` of GroundingDINO  

encoder.fusion_layers.4.attn.values_l_proj.bias - torch.Size([1024]): 
The value is the same before and after calling `init_weights` of GroundingDINO  

encoder.fusion_layers.4.attn.out_v_proj.weight - torch.Size([256, 1024]): 
The value is the same before and after calling `init_weights` of GroundingDINO  

encoder.fusion_layers.4.attn.out_v_proj.bias - torch.Size([256]): 
The value is the same before and after calling `init_weights` of GroundingDINO  

encoder.fusion_layers.4.attn.out_l_proj.weight - torch.Size([256, 1024]): 
The value is the same before and after calling `init_weights` of GroundingDINO  

encoder.fusion_layers.4.attn.out_l_proj.bias - torch.Size([256]): 
The value is the same before and after calling `init_weights` of GroundingDINO  

encoder.fusion_layers.5.gamma_v - torch.Size([256]): 
The value is the same before and after calling `init_weights` of GroundingDINO  

encoder.fusion_layers.5.gamma_l - torch.Size([256]): 
The value is the same before and after calling `init_weights` of GroundingDINO  

encoder.fusion_layers.5.layer_norm_v.weight - torch.Size([256]): 
The value is the same before and after calling `init_weights` of GroundingDINO  

encoder.fusion_layers.5.layer_norm_v.bias - torch.Size([256]): 
The value is the same before and after calling `init_weights` of GroundingDINO  

encoder.fusion_layers.5.layer_norm_l.weight - torch.Size([256]): 
The value is the same before and after calling `init_weights` of GroundingDINO  

encoder.fusion_layers.5.layer_norm_l.bias - torch.Size([256]): 
The value is the same before and after calling `init_weights` of GroundingDINO  

encoder.fusion_layers.5.attn.v_proj.weight - torch.Size([1024, 256]): 
The value is the same before and after calling `init_weights` of GroundingDINO  

encoder.fusion_layers.5.attn.v_proj.bias - torch.Size([1024]): 
The value is the same before and after calling `init_weights` of GroundingDINO  

encoder.fusion_layers.5.attn.l_proj.weight - torch.Size([1024, 256]): 
The value is the same before and after calling `init_weights` of GroundingDINO  

encoder.fusion_layers.5.attn.l_proj.bias - torch.Size([1024]): 
The value is the same before and after calling `init_weights` of GroundingDINO  

encoder.fusion_layers.5.attn.values_v_proj.weight - torch.Size([1024, 256]): 
The value is the same before and after calling `init_weights` of GroundingDINO  

encoder.fusion_layers.5.attn.values_v_proj.bias - torch.Size([1024]): 
The value is the same before and after calling `init_weights` of GroundingDINO  

encoder.fusion_layers.5.attn.values_l_proj.weight - torch.Size([1024, 256]): 
The value is the same before and after calling `init_weights` of GroundingDINO  

encoder.fusion_layers.5.attn.values_l_proj.bias - torch.Size([1024]): 
The value is the same before and after calling `init_weights` of GroundingDINO  

encoder.fusion_layers.5.attn.out_v_proj.weight - torch.Size([256, 1024]): 
The value is the same before and after calling `init_weights` of GroundingDINO  

encoder.fusion_layers.5.attn.out_v_proj.bias - torch.Size([256]): 
The value is the same before and after calling `init_weights` of GroundingDINO  

encoder.fusion_layers.5.attn.out_l_proj.weight - torch.Size([256, 1024]): 
The value is the same before and after calling `init_weights` of GroundingDINO  

encoder.fusion_layers.5.attn.out_l_proj.bias - torch.Size([256]): 
The value is the same before and after calling `init_weights` of GroundingDINO  

decoder.layers.0.self_attn.attn.in_proj_weight - torch.Size([768, 256]): 
The value is the same before and after calling `init_weights` of GroundingDINO  

decoder.layers.0.self_attn.attn.in_proj_bias - torch.Size([768]): 
The value is the same before and after calling `init_weights` of GroundingDINO  

decoder.layers.0.self_attn.attn.out_proj.weight - torch.Size([256, 256]): 
The value is the same before and after calling `init_weights` of GroundingDINO  

decoder.layers.0.self_attn.attn.out_proj.bias - torch.Size([256]): 
The value is the same before and after calling `init_weights` of GroundingDINO  

decoder.layers.0.cross_attn_text.attn.in_proj_weight - torch.Size([768, 256]): 
The value is the same before and after calling `init_weights` of GroundingDINO  

decoder.layers.0.cross_attn_text.attn.in_proj_bias - torch.Size([768]): 
The value is the same before and after calling `init_weights` of GroundingDINO  

decoder.layers.0.cross_attn_text.attn.out_proj.weight - torch.Size([256, 256]): 
The value is the same before and after calling `init_weights` of GroundingDINO  

decoder.layers.0.cross_attn_text.attn.out_proj.bias - torch.Size([256]): 
The value is the same before and after calling `init_weights` of GroundingDINO  

decoder.layers.0.cross_attn.sampling_offsets.weight - torch.Size([256, 256]): 
The value is the same before and after calling `init_weights` of GroundingDINO  

decoder.layers.0.cross_attn.sampling_offsets.bias - torch.Size([256]): 
The value is the same before and after calling `init_weights` of GroundingDINO  

decoder.layers.0.cross_attn.attention_weights.weight - torch.Size([128, 256]): 
The value is the same before and after calling `init_weights` of GroundingDINO  

decoder.layers.0.cross_attn.attention_weights.bias - torch.Size([128]): 
The value is the same before and after calling `init_weights` of GroundingDINO  

decoder.layers.0.cross_attn.value_proj.weight - torch.Size([256, 256]): 
The value is the same before and after calling `init_weights` of GroundingDINO  

decoder.layers.0.cross_attn.value_proj.bias - torch.Size([256]): 
The value is the same before and after calling `init_weights` of GroundingDINO  

decoder.layers.0.cross_attn.output_proj.weight - torch.Size([256, 256]): 
The value is the same before and after calling `init_weights` of GroundingDINO  

decoder.layers.0.cross_attn.output_proj.bias - torch.Size([256]): 
The value is the same before and after calling `init_weights` of GroundingDINO  

decoder.layers.0.ffn.layers.0.0.weight - torch.Size([2048, 256]): 
The value is the same before and after calling `init_weights` of GroundingDINO  

decoder.layers.0.ffn.layers.0.0.bias - torch.Size([2048]): 
The value is the same before and after calling `init_weights` of GroundingDINO  

decoder.layers.0.ffn.layers.1.weight - torch.Size([256, 2048]): 
The value is the same before and after calling `init_weights` of GroundingDINO  

decoder.layers.0.ffn.layers.1.bias - torch.Size([256]): 
The value is the same before and after calling `init_weights` of GroundingDINO  

decoder.layers.0.norms.0.weight - torch.Size([256]): 
The value is the same before and after calling `init_weights` of GroundingDINO  

decoder.layers.0.norms.0.bias - torch.Size([256]): 
The value is the same before and after calling `init_weights` of GroundingDINO  

decoder.layers.0.norms.1.weight - torch.Size([256]): 
The value is the same before and after calling `init_weights` of GroundingDINO  

decoder.layers.0.norms.1.bias - torch.Size([256]): 
The value is the same before and after calling `init_weights` of GroundingDINO  

decoder.layers.0.norms.2.weight - torch.Size([256]): 
The value is the same before and after calling `init_weights` of GroundingDINO  

decoder.layers.0.norms.2.bias - torch.Size([256]): 
The value is the same before and after calling `init_weights` of GroundingDINO  

decoder.layers.0.norms.3.weight - torch.Size([256]): 
The value is the same before and after calling `init_weights` of GroundingDINO  

decoder.layers.0.norms.3.bias - torch.Size([256]): 
The value is the same before and after calling `init_weights` of GroundingDINO  

decoder.layers.1.self_attn.attn.in_proj_weight - torch.Size([768, 256]): 
The value is the same before and after calling `init_weights` of GroundingDINO  

decoder.layers.1.self_attn.attn.in_proj_bias - torch.Size([768]): 
The value is the same before and after calling `init_weights` of GroundingDINO  

decoder.layers.1.self_attn.attn.out_proj.weight - torch.Size([256, 256]): 
The value is the same before and after calling `init_weights` of GroundingDINO  

decoder.layers.1.self_attn.attn.out_proj.bias - torch.Size([256]): 
The value is the same before and after calling `init_weights` of GroundingDINO  

decoder.layers.1.cross_attn_text.attn.in_proj_weight - torch.Size([768, 256]): 
The value is the same before and after calling `init_weights` of GroundingDINO  

decoder.layers.1.cross_attn_text.attn.in_proj_bias - torch.Size([768]): 
The value is the same before and after calling `init_weights` of GroundingDINO  

decoder.layers.1.cross_attn_text.attn.out_proj.weight - torch.Size([256, 256]): 
The value is the same before and after calling `init_weights` of GroundingDINO  

decoder.layers.1.cross_attn_text.attn.out_proj.bias - torch.Size([256]): 
The value is the same before and after calling `init_weights` of GroundingDINO  

decoder.layers.1.cross_attn.sampling_offsets.weight - torch.Size([256, 256]): 
The value is the same before and after calling `init_weights` of GroundingDINO  

decoder.layers.1.cross_attn.sampling_offsets.bias - torch.Size([256]): 
The value is the same before and after calling `init_weights` of GroundingDINO  

decoder.layers.1.cross_attn.attention_weights.weight - torch.Size([128, 256]): 
The value is the same before and after calling `init_weights` of GroundingDINO  

decoder.layers.1.cross_attn.attention_weights.bias - torch.Size([128]): 
The value is the same before and after calling `init_weights` of GroundingDINO  

decoder.layers.1.cross_attn.value_proj.weight - torch.Size([256, 256]): 
The value is the same before and after calling `init_weights` of GroundingDINO  

decoder.layers.1.cross_attn.value_proj.bias - torch.Size([256]): 
The value is the same before and after calling `init_weights` of GroundingDINO  

decoder.layers.1.cross_attn.output_proj.weight - torch.Size([256, 256]): 
The value is the same before and after calling `init_weights` of GroundingDINO  

decoder.layers.1.cross_attn.output_proj.bias - torch.Size([256]): 
The value is the same before and after calling `init_weights` of GroundingDINO  

decoder.layers.1.ffn.layers.0.0.weight - torch.Size([2048, 256]): 
The value is the same before and after calling `init_weights` of GroundingDINO  

decoder.layers.1.ffn.layers.0.0.bias - torch.Size([2048]): 
The value is the same before and after calling `init_weights` of GroundingDINO  

decoder.layers.1.ffn.layers.1.weight - torch.Size([256, 2048]): 
The value is the same before and after calling `init_weights` of GroundingDINO  

decoder.layers.1.ffn.layers.1.bias - torch.Size([256]): 
The value is the same before and after calling `init_weights` of GroundingDINO  

decoder.layers.1.norms.0.weight - torch.Size([256]): 
The value is the same before and after calling `init_weights` of GroundingDINO  

decoder.layers.1.norms.0.bias - torch.Size([256]): 
The value is the same before and after calling `init_weights` of GroundingDINO  

decoder.layers.1.norms.1.weight - torch.Size([256]): 
The value is the same before and after calling `init_weights` of GroundingDINO  

decoder.layers.1.norms.1.bias - torch.Size([256]): 
The value is the same before and after calling `init_weights` of GroundingDINO  

decoder.layers.1.norms.2.weight - torch.Size([256]): 
The value is the same before and after calling `init_weights` of GroundingDINO  

decoder.layers.1.norms.2.bias - torch.Size([256]): 
The value is the same before and after calling `init_weights` of GroundingDINO  

decoder.layers.1.norms.3.weight - torch.Size([256]): 
The value is the same before and after calling `init_weights` of GroundingDINO  

decoder.layers.1.norms.3.bias - torch.Size([256]): 
The value is the same before and after calling `init_weights` of GroundingDINO  

decoder.layers.2.self_attn.attn.in_proj_weight - torch.Size([768, 256]): 
The value is the same before and after calling `init_weights` of GroundingDINO  

decoder.layers.2.self_attn.attn.in_proj_bias - torch.Size([768]): 
The value is the same before and after calling `init_weights` of GroundingDINO  

decoder.layers.2.self_attn.attn.out_proj.weight - torch.Size([256, 256]): 
The value is the same before and after calling `init_weights` of GroundingDINO  

decoder.layers.2.self_attn.attn.out_proj.bias - torch.Size([256]): 
The value is the same before and after calling `init_weights` of GroundingDINO  

decoder.layers.2.cross_attn_text.attn.in_proj_weight - torch.Size([768, 256]): 
The value is the same before and after calling `init_weights` of GroundingDINO  

decoder.layers.2.cross_attn_text.attn.in_proj_bias - torch.Size([768]): 
The value is the same before and after calling `init_weights` of GroundingDINO  

decoder.layers.2.cross_attn_text.attn.out_proj.weight - torch.Size([256, 256]): 
The value is the same before and after calling `init_weights` of GroundingDINO  

decoder.layers.2.cross_attn_text.attn.out_proj.bias - torch.Size([256]): 
The value is the same before and after calling `init_weights` of GroundingDINO  

decoder.layers.2.cross_attn.sampling_offsets.weight - torch.Size([256, 256]): 
The value is the same before and after calling `init_weights` of GroundingDINO  

decoder.layers.2.cross_attn.sampling_offsets.bias - torch.Size([256]): 
The value is the same before and after calling `init_weights` of GroundingDINO  

decoder.layers.2.cross_attn.attention_weights.weight - torch.Size([128, 256]): 
The value is the same before and after calling `init_weights` of GroundingDINO  

decoder.layers.2.cross_attn.attention_weights.bias - torch.Size([128]): 
The value is the same before and after calling `init_weights` of GroundingDINO  

decoder.layers.2.cross_attn.value_proj.weight - torch.Size([256, 256]): 
The value is the same before and after calling `init_weights` of GroundingDINO  

decoder.layers.2.cross_attn.value_proj.bias - torch.Size([256]): 
The value is the same before and after calling `init_weights` of GroundingDINO  

decoder.layers.2.cross_attn.output_proj.weight - torch.Size([256, 256]): 
The value is the same before and after calling `init_weights` of GroundingDINO  

decoder.layers.2.cross_attn.output_proj.bias - torch.Size([256]): 
The value is the same before and after calling `init_weights` of GroundingDINO  

decoder.layers.2.ffn.layers.0.0.weight - torch.Size([2048, 256]): 
The value is the same before and after calling `init_weights` of GroundingDINO  

decoder.layers.2.ffn.layers.0.0.bias - torch.Size([2048]): 
The value is the same before and after calling `init_weights` of GroundingDINO  

decoder.layers.2.ffn.layers.1.weight - torch.Size([256, 2048]): 
The value is the same before and after calling `init_weights` of GroundingDINO  

decoder.layers.2.ffn.layers.1.bias - torch.Size([256]): 
The value is the same before and after calling `init_weights` of GroundingDINO  

decoder.layers.2.norms.0.weight - torch.Size([256]): 
The value is the same before and after calling `init_weights` of GroundingDINO  

decoder.layers.2.norms.0.bias - torch.Size([256]): 
The value is the same before and after calling `init_weights` of GroundingDINO  

decoder.layers.2.norms.1.weight - torch.Size([256]): 
The value is the same before and after calling `init_weights` of GroundingDINO  

decoder.layers.2.norms.1.bias - torch.Size([256]): 
The value is the same before and after calling `init_weights` of GroundingDINO  

decoder.layers.2.norms.2.weight - torch.Size([256]): 
The value is the same before and after calling `init_weights` of GroundingDINO  

decoder.layers.2.norms.2.bias - torch.Size([256]): 
The value is the same before and after calling `init_weights` of GroundingDINO  

decoder.layers.2.norms.3.weight - torch.Size([256]): 
The value is the same before and after calling `init_weights` of GroundingDINO  

decoder.layers.2.norms.3.bias - torch.Size([256]): 
The value is the same before and after calling `init_weights` of GroundingDINO  

decoder.layers.3.self_attn.attn.in_proj_weight - torch.Size([768, 256]): 
The value is the same before and after calling `init_weights` of GroundingDINO  

decoder.layers.3.self_attn.attn.in_proj_bias - torch.Size([768]): 
The value is the same before and after calling `init_weights` of GroundingDINO  

decoder.layers.3.self_attn.attn.out_proj.weight - torch.Size([256, 256]): 
The value is the same before and after calling `init_weights` of GroundingDINO  

decoder.layers.3.self_attn.attn.out_proj.bias - torch.Size([256]): 
The value is the same before and after calling `init_weights` of GroundingDINO  

decoder.layers.3.cross_attn_text.attn.in_proj_weight - torch.Size([768, 256]): 
The value is the same before and after calling `init_weights` of GroundingDINO  

decoder.layers.3.cross_attn_text.attn.in_proj_bias - torch.Size([768]): 
The value is the same before and after calling `init_weights` of GroundingDINO  

decoder.layers.3.cross_attn_text.attn.out_proj.weight - torch.Size([256, 256]): 
The value is the same before and after calling `init_weights` of GroundingDINO  

decoder.layers.3.cross_attn_text.attn.out_proj.bias - torch.Size([256]): 
The value is the same before and after calling `init_weights` of GroundingDINO  

decoder.layers.3.cross_attn.sampling_offsets.weight - torch.Size([256, 256]): 
The value is the same before and after calling `init_weights` of GroundingDINO  

decoder.layers.3.cross_attn.sampling_offsets.bias - torch.Size([256]): 
The value is the same before and after calling `init_weights` of GroundingDINO  

decoder.layers.3.cross_attn.attention_weights.weight - torch.Size([128, 256]): 
The value is the same before and after calling `init_weights` of GroundingDINO  

decoder.layers.3.cross_attn.attention_weights.bias - torch.Size([128]): 
The value is the same before and after calling `init_weights` of GroundingDINO  

decoder.layers.3.cross_attn.value_proj.weight - torch.Size([256, 256]): 
The value is the same before and after calling `init_weights` of GroundingDINO  

decoder.layers.3.cross_attn.value_proj.bias - torch.Size([256]): 
The value is the same before and after calling `init_weights` of GroundingDINO  

decoder.layers.3.cross_attn.output_proj.weight - torch.Size([256, 256]): 
The value is the same before and after calling `init_weights` of GroundingDINO  

decoder.layers.3.cross_attn.output_proj.bias - torch.Size([256]): 
The value is the same before and after calling `init_weights` of GroundingDINO  

decoder.layers.3.ffn.layers.0.0.weight - torch.Size([2048, 256]): 
The value is the same before and after calling `init_weights` of GroundingDINO  

decoder.layers.3.ffn.layers.0.0.bias - torch.Size([2048]): 
The value is the same before and after calling `init_weights` of GroundingDINO  

decoder.layers.3.ffn.layers.1.weight - torch.Size([256, 2048]): 
The value is the same before and after calling `init_weights` of GroundingDINO  

decoder.layers.3.ffn.layers.1.bias - torch.Size([256]): 
The value is the same before and after calling `init_weights` of GroundingDINO  

decoder.layers.3.norms.0.weight - torch.Size([256]): 
The value is the same before and after calling `init_weights` of GroundingDINO  

decoder.layers.3.norms.0.bias - torch.Size([256]): 
The value is the same before and after calling `init_weights` of GroundingDINO  

decoder.layers.3.norms.1.weight - torch.Size([256]): 
The value is the same before and after calling `init_weights` of GroundingDINO  

decoder.layers.3.norms.1.bias - torch.Size([256]): 
The value is the same before and after calling `init_weights` of GroundingDINO  

decoder.layers.3.norms.2.weight - torch.Size([256]): 
The value is the same before and after calling `init_weights` of GroundingDINO  

decoder.layers.3.norms.2.bias - torch.Size([256]): 
The value is the same before and after calling `init_weights` of GroundingDINO  

decoder.layers.3.norms.3.weight - torch.Size([256]): 
The value is the same before and after calling `init_weights` of GroundingDINO  

decoder.layers.3.norms.3.bias - torch.Size([256]): 
The value is the same before and after calling `init_weights` of GroundingDINO  

decoder.layers.4.self_attn.attn.in_proj_weight - torch.Size([768, 256]): 
The value is the same before and after calling `init_weights` of GroundingDINO  

decoder.layers.4.self_attn.attn.in_proj_bias - torch.Size([768]): 
The value is the same before and after calling `init_weights` of GroundingDINO  

decoder.layers.4.self_attn.attn.out_proj.weight - torch.Size([256, 256]): 
The value is the same before and after calling `init_weights` of GroundingDINO  

decoder.layers.4.self_attn.attn.out_proj.bias - torch.Size([256]): 
The value is the same before and after calling `init_weights` of GroundingDINO  

decoder.layers.4.cross_attn_text.attn.in_proj_weight - torch.Size([768, 256]): 
The value is the same before and after calling `init_weights` of GroundingDINO  

decoder.layers.4.cross_attn_text.attn.in_proj_bias - torch.Size([768]): 
The value is the same before and after calling `init_weights` of GroundingDINO  

decoder.layers.4.cross_attn_text.attn.out_proj.weight - torch.Size([256, 256]): 
The value is the same before and after calling `init_weights` of GroundingDINO  

decoder.layers.4.cross_attn_text.attn.out_proj.bias - torch.Size([256]): 
The value is the same before and after calling `init_weights` of GroundingDINO  

decoder.layers.4.cross_attn.sampling_offsets.weight - torch.Size([256, 256]): 
The value is the same before and after calling `init_weights` of GroundingDINO  

decoder.layers.4.cross_attn.sampling_offsets.bias - torch.Size([256]): 
The value is the same before and after calling `init_weights` of GroundingDINO  

decoder.layers.4.cross_attn.attention_weights.weight - torch.Size([128, 256]): 
The value is the same before and after calling `init_weights` of GroundingDINO  

decoder.layers.4.cross_attn.attention_weights.bias - torch.Size([128]): 
The value is the same before and after calling `init_weights` of GroundingDINO  

decoder.layers.4.cross_attn.value_proj.weight - torch.Size([256, 256]): 
The value is the same before and after calling `init_weights` of GroundingDINO  

decoder.layers.4.cross_attn.value_proj.bias - torch.Size([256]): 
The value is the same before and after calling `init_weights` of GroundingDINO  

decoder.layers.4.cross_attn.output_proj.weight - torch.Size([256, 256]): 
The value is the same before and after calling `init_weights` of GroundingDINO  

decoder.layers.4.cross_attn.output_proj.bias - torch.Size([256]): 
The value is the same before and after calling `init_weights` of GroundingDINO  

decoder.layers.4.ffn.layers.0.0.weight - torch.Size([2048, 256]): 
The value is the same before and after calling `init_weights` of GroundingDINO  

decoder.layers.4.ffn.layers.0.0.bias - torch.Size([2048]): 
The value is the same before and after calling `init_weights` of GroundingDINO  

decoder.layers.4.ffn.layers.1.weight - torch.Size([256, 2048]): 
The value is the same before and after calling `init_weights` of GroundingDINO  

decoder.layers.4.ffn.layers.1.bias - torch.Size([256]): 
The value is the same before and after calling `init_weights` of GroundingDINO  

decoder.layers.4.norms.0.weight - torch.Size([256]): 
The value is the same before and after calling `init_weights` of GroundingDINO  

decoder.layers.4.norms.0.bias - torch.Size([256]): 
The value is the same before and after calling `init_weights` of GroundingDINO  

decoder.layers.4.norms.1.weight - torch.Size([256]): 
The value is the same before and after calling `init_weights` of GroundingDINO  

decoder.layers.4.norms.1.bias - torch.Size([256]): 
The value is the same before and after calling `init_weights` of GroundingDINO  

decoder.layers.4.norms.2.weight - torch.Size([256]): 
The value is the same before and after calling `init_weights` of GroundingDINO  

decoder.layers.4.norms.2.bias - torch.Size([256]): 
The value is the same before and after calling `init_weights` of GroundingDINO  

decoder.layers.4.norms.3.weight - torch.Size([256]): 
The value is the same before and after calling `init_weights` of GroundingDINO  

decoder.layers.4.norms.3.bias - torch.Size([256]): 
The value is the same before and after calling `init_weights` of GroundingDINO  

decoder.layers.5.self_attn.attn.in_proj_weight - torch.Size([768, 256]): 
The value is the same before and after calling `init_weights` of GroundingDINO  

decoder.layers.5.self_attn.attn.in_proj_bias - torch.Size([768]): 
The value is the same before and after calling `init_weights` of GroundingDINO  

decoder.layers.5.self_attn.attn.out_proj.weight - torch.Size([256, 256]): 
The value is the same before and after calling `init_weights` of GroundingDINO  

decoder.layers.5.self_attn.attn.out_proj.bias - torch.Size([256]): 
The value is the same before and after calling `init_weights` of GroundingDINO  

decoder.layers.5.cross_attn_text.attn.in_proj_weight - torch.Size([768, 256]): 
The value is the same before and after calling `init_weights` of GroundingDINO  

decoder.layers.5.cross_attn_text.attn.in_proj_bias - torch.Size([768]): 
The value is the same before and after calling `init_weights` of GroundingDINO  

decoder.layers.5.cross_attn_text.attn.out_proj.weight - torch.Size([256, 256]): 
The value is the same before and after calling `init_weights` of GroundingDINO  

decoder.layers.5.cross_attn_text.attn.out_proj.bias - torch.Size([256]): 
The value is the same before and after calling `init_weights` of GroundingDINO  

decoder.layers.5.cross_attn.sampling_offsets.weight - torch.Size([256, 256]): 
The value is the same before and after calling `init_weights` of GroundingDINO  

decoder.layers.5.cross_attn.sampling_offsets.bias - torch.Size([256]): 
The value is the same before and after calling `init_weights` of GroundingDINO  

decoder.layers.5.cross_attn.attention_weights.weight - torch.Size([128, 256]): 
The value is the same before and after calling `init_weights` of GroundingDINO  

decoder.layers.5.cross_attn.attention_weights.bias - torch.Size([128]): 
The value is the same before and after calling `init_weights` of GroundingDINO  

decoder.layers.5.cross_attn.value_proj.weight - torch.Size([256, 256]): 
The value is the same before and after calling `init_weights` of GroundingDINO  

decoder.layers.5.cross_attn.value_proj.bias - torch.Size([256]): 
The value is the same before and after calling `init_weights` of GroundingDINO  

decoder.layers.5.cross_attn.output_proj.weight - torch.Size([256, 256]): 
The value is the same before and after calling `init_weights` of GroundingDINO  

decoder.layers.5.cross_attn.output_proj.bias - torch.Size([256]): 
The value is the same before and after calling `init_weights` of GroundingDINO  

decoder.layers.5.ffn.layers.0.0.weight - torch.Size([2048, 256]): 
The value is the same before and after calling `init_weights` of GroundingDINO  

decoder.layers.5.ffn.layers.0.0.bias - torch.Size([2048]): 
The value is the same before and after calling `init_weights` of GroundingDINO  

decoder.layers.5.ffn.layers.1.weight - torch.Size([256, 2048]): 
The value is the same before and after calling `init_weights` of GroundingDINO  

decoder.layers.5.ffn.layers.1.bias - torch.Size([256]): 
The value is the same before and after calling `init_weights` of GroundingDINO  

decoder.layers.5.norms.0.weight - torch.Size([256]): 
The value is the same before and after calling `init_weights` of GroundingDINO  

decoder.layers.5.norms.0.bias - torch.Size([256]): 
The value is the same before and after calling `init_weights` of GroundingDINO  

decoder.layers.5.norms.1.weight - torch.Size([256]): 
The value is the same before and after calling `init_weights` of GroundingDINO  

decoder.layers.5.norms.1.bias - torch.Size([256]): 
The value is the same before and after calling `init_weights` of GroundingDINO  

decoder.layers.5.norms.2.weight - torch.Size([256]): 
The value is the same before and after calling `init_weights` of GroundingDINO  

decoder.layers.5.norms.2.bias - torch.Size([256]): 
The value is the same before and after calling `init_weights` of GroundingDINO  

decoder.layers.5.norms.3.weight - torch.Size([256]): 
The value is the same before and after calling `init_weights` of GroundingDINO  

decoder.layers.5.norms.3.bias - torch.Size([256]): 
The value is the same before and after calling `init_weights` of GroundingDINO  

decoder.ref_point_head.layers.0.weight - torch.Size([256, 512]): 
The value is the same before and after calling `init_weights` of GroundingDINO  

decoder.ref_point_head.layers.0.bias - torch.Size([256]): 
The value is the same before and after calling `init_weights` of GroundingDINO  

decoder.ref_point_head.layers.1.weight - torch.Size([256, 256]): 
The value is the same before and after calling `init_weights` of GroundingDINO  

decoder.ref_point_head.layers.1.bias - torch.Size([256]): 
The value is the same before and after calling `init_weights` of GroundingDINO  

decoder.norm.weight - torch.Size([256]): 
The value is the same before and after calling `init_weights` of GroundingDINO  

decoder.norm.bias - torch.Size([256]): 
The value is the same before and after calling `init_weights` of GroundingDINO  

query_embedding.weight - torch.Size([900, 256]): 
The value is the same before and after calling `init_weights` of GroundingDINO  

memory_trans_fc.weight - torch.Size([256, 256]): 
The value is the same before and after calling `init_weights` of GroundingDINO  

memory_trans_fc.bias - torch.Size([256]): 
The value is the same before and after calling `init_weights` of GroundingDINO  

memory_trans_norm.weight - torch.Size([256]): 
The value is the same before and after calling `init_weights` of GroundingDINO  

memory_trans_norm.bias - torch.Size([256]): 
The value is the same before and after calling `init_weights` of GroundingDINO  

language_model.language_backbone.body.model.embeddings.word_embeddings.weight - torch.Size([30522, 768]): 
The value is the same before and after calling `init_weights` of GroundingDINO  

language_model.language_backbone.body.model.embeddings.position_embeddings.weight - torch.Size([512, 768]): 
The value is the same before and after calling `init_weights` of GroundingDINO  

language_model.language_backbone.body.model.embeddings.token_type_embeddings.weight - torch.Size([2, 768]): 
The value is the same before and after calling `init_weights` of GroundingDINO  

language_model.language_backbone.body.model.embeddings.LayerNorm.weight - torch.Size([768]): 
The value is the same before and after calling `init_weights` of GroundingDINO  

language_model.language_backbone.body.model.embeddings.LayerNorm.bias - torch.Size([768]): 
The value is the same before and after calling `init_weights` of GroundingDINO  

language_model.language_backbone.body.model.encoder.layer.0.attention.self.query.weight - torch.Size([768, 768]): 
The value is the same before and after calling `init_weights` of GroundingDINO  

language_model.language_backbone.body.model.encoder.layer.0.attention.self.query.bias - torch.Size([768]): 
The value is the same before and after calling `init_weights` of GroundingDINO  

language_model.language_backbone.body.model.encoder.layer.0.attention.self.key.weight - torch.Size([768, 768]): 
The value is the same before and after calling `init_weights` of GroundingDINO  

language_model.language_backbone.body.model.encoder.layer.0.attention.self.key.bias - torch.Size([768]): 
The value is the same before and after calling `init_weights` of GroundingDINO  

language_model.language_backbone.body.model.encoder.layer.0.attention.self.value.weight - torch.Size([768, 768]): 
The value is the same before and after calling `init_weights` of GroundingDINO  

language_model.language_backbone.body.model.encoder.layer.0.attention.self.value.bias - torch.Size([768]): 
The value is the same before and after calling `init_weights` of GroundingDINO  

language_model.language_backbone.body.model.encoder.layer.0.attention.output.dense.weight - torch.Size([768, 768]): 
The value is the same before and after calling `init_weights` of GroundingDINO  

language_model.language_backbone.body.model.encoder.layer.0.attention.output.dense.bias - torch.Size([768]): 
The value is the same before and after calling `init_weights` of GroundingDINO  

language_model.language_backbone.body.model.encoder.layer.0.attention.output.LayerNorm.weight - torch.Size([768]): 
The value is the same before and after calling `init_weights` of GroundingDINO  

language_model.language_backbone.body.model.encoder.layer.0.attention.output.LayerNorm.bias - torch.Size([768]): 
The value is the same before and after calling `init_weights` of GroundingDINO  

language_model.language_backbone.body.model.encoder.layer.0.intermediate.dense.weight - torch.Size([3072, 768]): 
The value is the same before and after calling `init_weights` of GroundingDINO  

language_model.language_backbone.body.model.encoder.layer.0.intermediate.dense.bias - torch.Size([3072]): 
The value is the same before and after calling `init_weights` of GroundingDINO  

language_model.language_backbone.body.model.encoder.layer.0.output.dense.weight - torch.Size([768, 3072]): 
The value is the same before and after calling `init_weights` of GroundingDINO  

language_model.language_backbone.body.model.encoder.layer.0.output.dense.bias - torch.Size([768]): 
The value is the same before and after calling `init_weights` of GroundingDINO  

language_model.language_backbone.body.model.encoder.layer.0.output.LayerNorm.weight - torch.Size([768]): 
The value is the same before and after calling `init_weights` of GroundingDINO  

language_model.language_backbone.body.model.encoder.layer.0.output.LayerNorm.bias - torch.Size([768]): 
The value is the same before and after calling `init_weights` of GroundingDINO  

language_model.language_backbone.body.model.encoder.layer.1.attention.self.query.weight - torch.Size([768, 768]): 
The value is the same before and after calling `init_weights` of GroundingDINO  

language_model.language_backbone.body.model.encoder.layer.1.attention.self.query.bias - torch.Size([768]): 
The value is the same before and after calling `init_weights` of GroundingDINO  

language_model.language_backbone.body.model.encoder.layer.1.attention.self.key.weight - torch.Size([768, 768]): 
The value is the same before and after calling `init_weights` of GroundingDINO  

language_model.language_backbone.body.model.encoder.layer.1.attention.self.key.bias - torch.Size([768]): 
The value is the same before and after calling `init_weights` of GroundingDINO  

language_model.language_backbone.body.model.encoder.layer.1.attention.self.value.weight - torch.Size([768, 768]): 
The value is the same before and after calling `init_weights` of GroundingDINO  

language_model.language_backbone.body.model.encoder.layer.1.attention.self.value.bias - torch.Size([768]): 
The value is the same before and after calling `init_weights` of GroundingDINO  

language_model.language_backbone.body.model.encoder.layer.1.attention.output.dense.weight - torch.Size([768, 768]): 
The value is the same before and after calling `init_weights` of GroundingDINO  

language_model.language_backbone.body.model.encoder.layer.1.attention.output.dense.bias - torch.Size([768]): 
The value is the same before and after calling `init_weights` of GroundingDINO  

language_model.language_backbone.body.model.encoder.layer.1.attention.output.LayerNorm.weight - torch.Size([768]): 
The value is the same before and after calling `init_weights` of GroundingDINO  

language_model.language_backbone.body.model.encoder.layer.1.attention.output.LayerNorm.bias - torch.Size([768]): 
The value is the same before and after calling `init_weights` of GroundingDINO  

language_model.language_backbone.body.model.encoder.layer.1.intermediate.dense.weight - torch.Size([3072, 768]): 
The value is the same before and after calling `init_weights` of GroundingDINO  

language_model.language_backbone.body.model.encoder.layer.1.intermediate.dense.bias - torch.Size([3072]): 
The value is the same before and after calling `init_weights` of GroundingDINO  

language_model.language_backbone.body.model.encoder.layer.1.output.dense.weight - torch.Size([768, 3072]): 
The value is the same before and after calling `init_weights` of GroundingDINO  

language_model.language_backbone.body.model.encoder.layer.1.output.dense.bias - torch.Size([768]): 
The value is the same before and after calling `init_weights` of GroundingDINO  

language_model.language_backbone.body.model.encoder.layer.1.output.LayerNorm.weight - torch.Size([768]): 
The value is the same before and after calling `init_weights` of GroundingDINO  

language_model.language_backbone.body.model.encoder.layer.1.output.LayerNorm.bias - torch.Size([768]): 
The value is the same before and after calling `init_weights` of GroundingDINO  

language_model.language_backbone.body.model.encoder.layer.2.attention.self.query.weight - torch.Size([768, 768]): 
The value is the same before and after calling `init_weights` of GroundingDINO  

language_model.language_backbone.body.model.encoder.layer.2.attention.self.query.bias - torch.Size([768]): 
The value is the same before and after calling `init_weights` of GroundingDINO  

language_model.language_backbone.body.model.encoder.layer.2.attention.self.key.weight - torch.Size([768, 768]): 
The value is the same before and after calling `init_weights` of GroundingDINO  

language_model.language_backbone.body.model.encoder.layer.2.attention.self.key.bias - torch.Size([768]): 
The value is the same before and after calling `init_weights` of GroundingDINO  

language_model.language_backbone.body.model.encoder.layer.2.attention.self.value.weight - torch.Size([768, 768]): 
The value is the same before and after calling `init_weights` of GroundingDINO  

language_model.language_backbone.body.model.encoder.layer.2.attention.self.value.bias - torch.Size([768]): 
The value is the same before and after calling `init_weights` of GroundingDINO  

language_model.language_backbone.body.model.encoder.layer.2.attention.output.dense.weight - torch.Size([768, 768]): 
The value is the same before and after calling `init_weights` of GroundingDINO  

language_model.language_backbone.body.model.encoder.layer.2.attention.output.dense.bias - torch.Size([768]): 
The value is the same before and after calling `init_weights` of GroundingDINO  

language_model.language_backbone.body.model.encoder.layer.2.attention.output.LayerNorm.weight - torch.Size([768]): 
The value is the same before and after calling `init_weights` of GroundingDINO  

language_model.language_backbone.body.model.encoder.layer.2.attention.output.LayerNorm.bias - torch.Size([768]): 
The value is the same before and after calling `init_weights` of GroundingDINO  

language_model.language_backbone.body.model.encoder.layer.2.intermediate.dense.weight - torch.Size([3072, 768]): 
The value is the same before and after calling `init_weights` of GroundingDINO  

language_model.language_backbone.body.model.encoder.layer.2.intermediate.dense.bias - torch.Size([3072]): 
The value is the same before and after calling `init_weights` of GroundingDINO  

language_model.language_backbone.body.model.encoder.layer.2.output.dense.weight - torch.Size([768, 3072]): 
The value is the same before and after calling `init_weights` of GroundingDINO  

language_model.language_backbone.body.model.encoder.layer.2.output.dense.bias - torch.Size([768]): 
The value is the same before and after calling `init_weights` of GroundingDINO  

language_model.language_backbone.body.model.encoder.layer.2.output.LayerNorm.weight - torch.Size([768]): 
The value is the same before and after calling `init_weights` of GroundingDINO  

language_model.language_backbone.body.model.encoder.layer.2.output.LayerNorm.bias - torch.Size([768]): 
The value is the same before and after calling `init_weights` of GroundingDINO  

language_model.language_backbone.body.model.encoder.layer.3.attention.self.query.weight - torch.Size([768, 768]): 
The value is the same before and after calling `init_weights` of GroundingDINO  

language_model.language_backbone.body.model.encoder.layer.3.attention.self.query.bias - torch.Size([768]): 
The value is the same before and after calling `init_weights` of GroundingDINO  

language_model.language_backbone.body.model.encoder.layer.3.attention.self.key.weight - torch.Size([768, 768]): 
The value is the same before and after calling `init_weights` of GroundingDINO  

language_model.language_backbone.body.model.encoder.layer.3.attention.self.key.bias - torch.Size([768]): 
The value is the same before and after calling `init_weights` of GroundingDINO  

language_model.language_backbone.body.model.encoder.layer.3.attention.self.value.weight - torch.Size([768, 768]): 
The value is the same before and after calling `init_weights` of GroundingDINO  

language_model.language_backbone.body.model.encoder.layer.3.attention.self.value.bias - torch.Size([768]): 
The value is the same before and after calling `init_weights` of GroundingDINO  

language_model.language_backbone.body.model.encoder.layer.3.attention.output.dense.weight - torch.Size([768, 768]): 
The value is the same before and after calling `init_weights` of GroundingDINO  

language_model.language_backbone.body.model.encoder.layer.3.attention.output.dense.bias - torch.Size([768]): 
The value is the same before and after calling `init_weights` of GroundingDINO  

language_model.language_backbone.body.model.encoder.layer.3.attention.output.LayerNorm.weight - torch.Size([768]): 
The value is the same before and after calling `init_weights` of GroundingDINO  

language_model.language_backbone.body.model.encoder.layer.3.attention.output.LayerNorm.bias - torch.Size([768]): 
The value is the same before and after calling `init_weights` of GroundingDINO  

language_model.language_backbone.body.model.encoder.layer.3.intermediate.dense.weight - torch.Size([3072, 768]): 
The value is the same before and after calling `init_weights` of GroundingDINO  

language_model.language_backbone.body.model.encoder.layer.3.intermediate.dense.bias - torch.Size([3072]): 
The value is the same before and after calling `init_weights` of GroundingDINO  

language_model.language_backbone.body.model.encoder.layer.3.output.dense.weight - torch.Size([768, 3072]): 
The value is the same before and after calling `init_weights` of GroundingDINO  

language_model.language_backbone.body.model.encoder.layer.3.output.dense.bias - torch.Size([768]): 
The value is the same before and after calling `init_weights` of GroundingDINO  

language_model.language_backbone.body.model.encoder.layer.3.output.LayerNorm.weight - torch.Size([768]): 
The value is the same before and after calling `init_weights` of GroundingDINO  

language_model.language_backbone.body.model.encoder.layer.3.output.LayerNorm.bias - torch.Size([768]): 
The value is the same before and after calling `init_weights` of GroundingDINO  

language_model.language_backbone.body.model.encoder.layer.4.attention.self.query.weight - torch.Size([768, 768]): 
The value is the same before and after calling `init_weights` of GroundingDINO  

language_model.language_backbone.body.model.encoder.layer.4.attention.self.query.bias - torch.Size([768]): 
The value is the same before and after calling `init_weights` of GroundingDINO  

language_model.language_backbone.body.model.encoder.layer.4.attention.self.key.weight - torch.Size([768, 768]): 
The value is the same before and after calling `init_weights` of GroundingDINO  

language_model.language_backbone.body.model.encoder.layer.4.attention.self.key.bias - torch.Size([768]): 
The value is the same before and after calling `init_weights` of GroundingDINO  

language_model.language_backbone.body.model.encoder.layer.4.attention.self.value.weight - torch.Size([768, 768]): 
The value is the same before and after calling `init_weights` of GroundingDINO  

language_model.language_backbone.body.model.encoder.layer.4.attention.self.value.bias - torch.Size([768]): 
The value is the same before and after calling `init_weights` of GroundingDINO  

language_model.language_backbone.body.model.encoder.layer.4.attention.output.dense.weight - torch.Size([768, 768]): 
The value is the same before and after calling `init_weights` of GroundingDINO  

language_model.language_backbone.body.model.encoder.layer.4.attention.output.dense.bias - torch.Size([768]): 
The value is the same before and after calling `init_weights` of GroundingDINO  

language_model.language_backbone.body.model.encoder.layer.4.attention.output.LayerNorm.weight - torch.Size([768]): 
The value is the same before and after calling `init_weights` of GroundingDINO  

language_model.language_backbone.body.model.encoder.layer.4.attention.output.LayerNorm.bias - torch.Size([768]): 
The value is the same before and after calling `init_weights` of GroundingDINO  

language_model.language_backbone.body.model.encoder.layer.4.intermediate.dense.weight - torch.Size([3072, 768]): 
The value is the same before and after calling `init_weights` of GroundingDINO  

language_model.language_backbone.body.model.encoder.layer.4.intermediate.dense.bias - torch.Size([3072]): 
The value is the same before and after calling `init_weights` of GroundingDINO  

language_model.language_backbone.body.model.encoder.layer.4.output.dense.weight - torch.Size([768, 3072]): 
The value is the same before and after calling `init_weights` of GroundingDINO  

language_model.language_backbone.body.model.encoder.layer.4.output.dense.bias - torch.Size([768]): 
The value is the same before and after calling `init_weights` of GroundingDINO  

language_model.language_backbone.body.model.encoder.layer.4.output.LayerNorm.weight - torch.Size([768]): 
The value is the same before and after calling `init_weights` of GroundingDINO  

language_model.language_backbone.body.model.encoder.layer.4.output.LayerNorm.bias - torch.Size([768]): 
The value is the same before and after calling `init_weights` of GroundingDINO  

language_model.language_backbone.body.model.encoder.layer.5.attention.self.query.weight - torch.Size([768, 768]): 
The value is the same before and after calling `init_weights` of GroundingDINO  

language_model.language_backbone.body.model.encoder.layer.5.attention.self.query.bias - torch.Size([768]): 
The value is the same before and after calling `init_weights` of GroundingDINO  

language_model.language_backbone.body.model.encoder.layer.5.attention.self.key.weight - torch.Size([768, 768]): 
The value is the same before and after calling `init_weights` of GroundingDINO  

language_model.language_backbone.body.model.encoder.layer.5.attention.self.key.bias - torch.Size([768]): 
The value is the same before and after calling `init_weights` of GroundingDINO  

language_model.language_backbone.body.model.encoder.layer.5.attention.self.value.weight - torch.Size([768, 768]): 
The value is the same before and after calling `init_weights` of GroundingDINO  

language_model.language_backbone.body.model.encoder.layer.5.attention.self.value.bias - torch.Size([768]): 
The value is the same before and after calling `init_weights` of GroundingDINO  

language_model.language_backbone.body.model.encoder.layer.5.attention.output.dense.weight - torch.Size([768, 768]): 
The value is the same before and after calling `init_weights` of GroundingDINO  

language_model.language_backbone.body.model.encoder.layer.5.attention.output.dense.bias - torch.Size([768]): 
The value is the same before and after calling `init_weights` of GroundingDINO  

language_model.language_backbone.body.model.encoder.layer.5.attention.output.LayerNorm.weight - torch.Size([768]): 
The value is the same before and after calling `init_weights` of GroundingDINO  

language_model.language_backbone.body.model.encoder.layer.5.attention.output.LayerNorm.bias - torch.Size([768]): 
The value is the same before and after calling `init_weights` of GroundingDINO  

language_model.language_backbone.body.model.encoder.layer.5.intermediate.dense.weight - torch.Size([3072, 768]): 
The value is the same before and after calling `init_weights` of GroundingDINO  

language_model.language_backbone.body.model.encoder.layer.5.intermediate.dense.bias - torch.Size([3072]): 
The value is the same before and after calling `init_weights` of GroundingDINO  

language_model.language_backbone.body.model.encoder.layer.5.output.dense.weight - torch.Size([768, 3072]): 
The value is the same before and after calling `init_weights` of GroundingDINO  

language_model.language_backbone.body.model.encoder.layer.5.output.dense.bias - torch.Size([768]): 
The value is the same before and after calling `init_weights` of GroundingDINO  

language_model.language_backbone.body.model.encoder.layer.5.output.LayerNorm.weight - torch.Size([768]): 
The value is the same before and after calling `init_weights` of GroundingDINO  

language_model.language_backbone.body.model.encoder.layer.5.output.LayerNorm.bias - torch.Size([768]): 
The value is the same before and after calling `init_weights` of GroundingDINO  

language_model.language_backbone.body.model.encoder.layer.6.attention.self.query.weight - torch.Size([768, 768]): 
The value is the same before and after calling `init_weights` of GroundingDINO  

language_model.language_backbone.body.model.encoder.layer.6.attention.self.query.bias - torch.Size([768]): 
The value is the same before and after calling `init_weights` of GroundingDINO  

language_model.language_backbone.body.model.encoder.layer.6.attention.self.key.weight - torch.Size([768, 768]): 
The value is the same before and after calling `init_weights` of GroundingDINO  

language_model.language_backbone.body.model.encoder.layer.6.attention.self.key.bias - torch.Size([768]): 
The value is the same before and after calling `init_weights` of GroundingDINO  

language_model.language_backbone.body.model.encoder.layer.6.attention.self.value.weight - torch.Size([768, 768]): 
The value is the same before and after calling `init_weights` of GroundingDINO  

language_model.language_backbone.body.model.encoder.layer.6.attention.self.value.bias - torch.Size([768]): 
The value is the same before and after calling `init_weights` of GroundingDINO  

language_model.language_backbone.body.model.encoder.layer.6.attention.output.dense.weight - torch.Size([768, 768]): 
The value is the same before and after calling `init_weights` of GroundingDINO  

language_model.language_backbone.body.model.encoder.layer.6.attention.output.dense.bias - torch.Size([768]): 
The value is the same before and after calling `init_weights` of GroundingDINO  

language_model.language_backbone.body.model.encoder.layer.6.attention.output.LayerNorm.weight - torch.Size([768]): 
The value is the same before and after calling `init_weights` of GroundingDINO  

language_model.language_backbone.body.model.encoder.layer.6.attention.output.LayerNorm.bias - torch.Size([768]): 
The value is the same before and after calling `init_weights` of GroundingDINO  

language_model.language_backbone.body.model.encoder.layer.6.intermediate.dense.weight - torch.Size([3072, 768]): 
The value is the same before and after calling `init_weights` of GroundingDINO  

language_model.language_backbone.body.model.encoder.layer.6.intermediate.dense.bias - torch.Size([3072]): 
The value is the same before and after calling `init_weights` of GroundingDINO  

language_model.language_backbone.body.model.encoder.layer.6.output.dense.weight - torch.Size([768, 3072]): 
The value is the same before and after calling `init_weights` of GroundingDINO  

language_model.language_backbone.body.model.encoder.layer.6.output.dense.bias - torch.Size([768]): 
The value is the same before and after calling `init_weights` of GroundingDINO  

language_model.language_backbone.body.model.encoder.layer.6.output.LayerNorm.weight - torch.Size([768]): 
The value is the same before and after calling `init_weights` of GroundingDINO  

language_model.language_backbone.body.model.encoder.layer.6.output.LayerNorm.bias - torch.Size([768]): 
The value is the same before and after calling `init_weights` of GroundingDINO  

language_model.language_backbone.body.model.encoder.layer.7.attention.self.query.weight - torch.Size([768, 768]): 
The value is the same before and after calling `init_weights` of GroundingDINO  

language_model.language_backbone.body.model.encoder.layer.7.attention.self.query.bias - torch.Size([768]): 
The value is the same before and after calling `init_weights` of GroundingDINO  

language_model.language_backbone.body.model.encoder.layer.7.attention.self.key.weight - torch.Size([768, 768]): 
The value is the same before and after calling `init_weights` of GroundingDINO  

language_model.language_backbone.body.model.encoder.layer.7.attention.self.key.bias - torch.Size([768]): 
The value is the same before and after calling `init_weights` of GroundingDINO  

language_model.language_backbone.body.model.encoder.layer.7.attention.self.value.weight - torch.Size([768, 768]): 
The value is the same before and after calling `init_weights` of GroundingDINO  

language_model.language_backbone.body.model.encoder.layer.7.attention.self.value.bias - torch.Size([768]): 
The value is the same before and after calling `init_weights` of GroundingDINO  

language_model.language_backbone.body.model.encoder.layer.7.attention.output.dense.weight - torch.Size([768, 768]): 
The value is the same before and after calling `init_weights` of GroundingDINO  

language_model.language_backbone.body.model.encoder.layer.7.attention.output.dense.bias - torch.Size([768]): 
The value is the same before and after calling `init_weights` of GroundingDINO  

language_model.language_backbone.body.model.encoder.layer.7.attention.output.LayerNorm.weight - torch.Size([768]): 
The value is the same before and after calling `init_weights` of GroundingDINO  

language_model.language_backbone.body.model.encoder.layer.7.attention.output.LayerNorm.bias - torch.Size([768]): 
The value is the same before and after calling `init_weights` of GroundingDINO  

language_model.language_backbone.body.model.encoder.layer.7.intermediate.dense.weight - torch.Size([3072, 768]): 
The value is the same before and after calling `init_weights` of GroundingDINO  

language_model.language_backbone.body.model.encoder.layer.7.intermediate.dense.bias - torch.Size([3072]): 
The value is the same before and after calling `init_weights` of GroundingDINO  

language_model.language_backbone.body.model.encoder.layer.7.output.dense.weight - torch.Size([768, 3072]): 
The value is the same before and after calling `init_weights` of GroundingDINO  

language_model.language_backbone.body.model.encoder.layer.7.output.dense.bias - torch.Size([768]): 
The value is the same before and after calling `init_weights` of GroundingDINO  

language_model.language_backbone.body.model.encoder.layer.7.output.LayerNorm.weight - torch.Size([768]): 
The value is the same before and after calling `init_weights` of GroundingDINO  

language_model.language_backbone.body.model.encoder.layer.7.output.LayerNorm.bias - torch.Size([768]): 
The value is the same before and after calling `init_weights` of GroundingDINO  

language_model.language_backbone.body.model.encoder.layer.8.attention.self.query.weight - torch.Size([768, 768]): 
The value is the same before and after calling `init_weights` of GroundingDINO  

language_model.language_backbone.body.model.encoder.layer.8.attention.self.query.bias - torch.Size([768]): 
The value is the same before and after calling `init_weights` of GroundingDINO  

language_model.language_backbone.body.model.encoder.layer.8.attention.self.key.weight - torch.Size([768, 768]): 
The value is the same before and after calling `init_weights` of GroundingDINO  

language_model.language_backbone.body.model.encoder.layer.8.attention.self.key.bias - torch.Size([768]): 
The value is the same before and after calling `init_weights` of GroundingDINO  

language_model.language_backbone.body.model.encoder.layer.8.attention.self.value.weight - torch.Size([768, 768]): 
The value is the same before and after calling `init_weights` of GroundingDINO  

language_model.language_backbone.body.model.encoder.layer.8.attention.self.value.bias - torch.Size([768]): 
The value is the same before and after calling `init_weights` of GroundingDINO  

language_model.language_backbone.body.model.encoder.layer.8.attention.output.dense.weight - torch.Size([768, 768]): 
The value is the same before and after calling `init_weights` of GroundingDINO  

language_model.language_backbone.body.model.encoder.layer.8.attention.output.dense.bias - torch.Size([768]): 
The value is the same before and after calling `init_weights` of GroundingDINO  

language_model.language_backbone.body.model.encoder.layer.8.attention.output.LayerNorm.weight - torch.Size([768]): 
The value is the same before and after calling `init_weights` of GroundingDINO  

language_model.language_backbone.body.model.encoder.layer.8.attention.output.LayerNorm.bias - torch.Size([768]): 
The value is the same before and after calling `init_weights` of GroundingDINO  

language_model.language_backbone.body.model.encoder.layer.8.intermediate.dense.weight - torch.Size([3072, 768]): 
The value is the same before and after calling `init_weights` of GroundingDINO  

language_model.language_backbone.body.model.encoder.layer.8.intermediate.dense.bias - torch.Size([3072]): 
The value is the same before and after calling `init_weights` of GroundingDINO  

language_model.language_backbone.body.model.encoder.layer.8.output.dense.weight - torch.Size([768, 3072]): 
The value is the same before and after calling `init_weights` of GroundingDINO  

language_model.language_backbone.body.model.encoder.layer.8.output.dense.bias - torch.Size([768]): 
The value is the same before and after calling `init_weights` of GroundingDINO  

language_model.language_backbone.body.model.encoder.layer.8.output.LayerNorm.weight - torch.Size([768]): 
The value is the same before and after calling `init_weights` of GroundingDINO  

language_model.language_backbone.body.model.encoder.layer.8.output.LayerNorm.bias - torch.Size([768]): 
The value is the same before and after calling `init_weights` of GroundingDINO  

language_model.language_backbone.body.model.encoder.layer.9.attention.self.query.weight - torch.Size([768, 768]): 
The value is the same before and after calling `init_weights` of GroundingDINO  

language_model.language_backbone.body.model.encoder.layer.9.attention.self.query.bias - torch.Size([768]): 
The value is the same before and after calling `init_weights` of GroundingDINO  

language_model.language_backbone.body.model.encoder.layer.9.attention.self.key.weight - torch.Size([768, 768]): 
The value is the same before and after calling `init_weights` of GroundingDINO  

language_model.language_backbone.body.model.encoder.layer.9.attention.self.key.bias - torch.Size([768]): 
The value is the same before and after calling `init_weights` of GroundingDINO  

language_model.language_backbone.body.model.encoder.layer.9.attention.self.value.weight - torch.Size([768, 768]): 
The value is the same before and after calling `init_weights` of GroundingDINO  

language_model.language_backbone.body.model.encoder.layer.9.attention.self.value.bias - torch.Size([768]): 
The value is the same before and after calling `init_weights` of GroundingDINO  

language_model.language_backbone.body.model.encoder.layer.9.attention.output.dense.weight - torch.Size([768, 768]): 
The value is the same before and after calling `init_weights` of GroundingDINO  

language_model.language_backbone.body.model.encoder.layer.9.attention.output.dense.bias - torch.Size([768]): 
The value is the same before and after calling `init_weights` of GroundingDINO  

language_model.language_backbone.body.model.encoder.layer.9.attention.output.LayerNorm.weight - torch.Size([768]): 
The value is the same before and after calling `init_weights` of GroundingDINO  

language_model.language_backbone.body.model.encoder.layer.9.attention.output.LayerNorm.bias - torch.Size([768]): 
The value is the same before and after calling `init_weights` of GroundingDINO  

language_model.language_backbone.body.model.encoder.layer.9.intermediate.dense.weight - torch.Size([3072, 768]): 
The value is the same before and after calling `init_weights` of GroundingDINO  

language_model.language_backbone.body.model.encoder.layer.9.intermediate.dense.bias - torch.Size([3072]): 
The value is the same before and after calling `init_weights` of GroundingDINO  

language_model.language_backbone.body.model.encoder.layer.9.output.dense.weight - torch.Size([768, 3072]): 
The value is the same before and after calling `init_weights` of GroundingDINO  

language_model.language_backbone.body.model.encoder.layer.9.output.dense.bias - torch.Size([768]): 
The value is the same before and after calling `init_weights` of GroundingDINO  

language_model.language_backbone.body.model.encoder.layer.9.output.LayerNorm.weight - torch.Size([768]): 
The value is the same before and after calling `init_weights` of GroundingDINO  

language_model.language_backbone.body.model.encoder.layer.9.output.LayerNorm.bias - torch.Size([768]): 
The value is the same before and after calling `init_weights` of GroundingDINO  

language_model.language_backbone.body.model.encoder.layer.10.attention.self.query.weight - torch.Size([768, 768]): 
The value is the same before and after calling `init_weights` of GroundingDINO  

language_model.language_backbone.body.model.encoder.layer.10.attention.self.query.bias - torch.Size([768]): 
The value is the same before and after calling `init_weights` of GroundingDINO  

language_model.language_backbone.body.model.encoder.layer.10.attention.self.key.weight - torch.Size([768, 768]): 
The value is the same before and after calling `init_weights` of GroundingDINO  

language_model.language_backbone.body.model.encoder.layer.10.attention.self.key.bias - torch.Size([768]): 
The value is the same before and after calling `init_weights` of GroundingDINO  

language_model.language_backbone.body.model.encoder.layer.10.attention.self.value.weight - torch.Size([768, 768]): 
The value is the same before and after calling `init_weights` of GroundingDINO  

language_model.language_backbone.body.model.encoder.layer.10.attention.self.value.bias - torch.Size([768]): 
The value is the same before and after calling `init_weights` of GroundingDINO  

language_model.language_backbone.body.model.encoder.layer.10.attention.output.dense.weight - torch.Size([768, 768]): 
The value is the same before and after calling `init_weights` of GroundingDINO  

language_model.language_backbone.body.model.encoder.layer.10.attention.output.dense.bias - torch.Size([768]): 
The value is the same before and after calling `init_weights` of GroundingDINO  

language_model.language_backbone.body.model.encoder.layer.10.attention.output.LayerNorm.weight - torch.Size([768]): 
The value is the same before and after calling `init_weights` of GroundingDINO  

language_model.language_backbone.body.model.encoder.layer.10.attention.output.LayerNorm.bias - torch.Size([768]): 
The value is the same before and after calling `init_weights` of GroundingDINO  

language_model.language_backbone.body.model.encoder.layer.10.intermediate.dense.weight - torch.Size([3072, 768]): 
The value is the same before and after calling `init_weights` of GroundingDINO  

language_model.language_backbone.body.model.encoder.layer.10.intermediate.dense.bias - torch.Size([3072]): 
The value is the same before and after calling `init_weights` of GroundingDINO  

language_model.language_backbone.body.model.encoder.layer.10.output.dense.weight - torch.Size([768, 3072]): 
The value is the same before and after calling `init_weights` of GroundingDINO  

language_model.language_backbone.body.model.encoder.layer.10.output.dense.bias - torch.Size([768]): 
The value is the same before and after calling `init_weights` of GroundingDINO  

language_model.language_backbone.body.model.encoder.layer.10.output.LayerNorm.weight - torch.Size([768]): 
The value is the same before and after calling `init_weights` of GroundingDINO  

language_model.language_backbone.body.model.encoder.layer.10.output.LayerNorm.bias - torch.Size([768]): 
The value is the same before and after calling `init_weights` of GroundingDINO  

language_model.language_backbone.body.model.encoder.layer.11.attention.self.query.weight - torch.Size([768, 768]): 
The value is the same before and after calling `init_weights` of GroundingDINO  

language_model.language_backbone.body.model.encoder.layer.11.attention.self.query.bias - torch.Size([768]): 
The value is the same before and after calling `init_weights` of GroundingDINO  

language_model.language_backbone.body.model.encoder.layer.11.attention.self.key.weight - torch.Size([768, 768]): 
The value is the same before and after calling `init_weights` of GroundingDINO  

language_model.language_backbone.body.model.encoder.layer.11.attention.self.key.bias - torch.Size([768]): 
The value is the same before and after calling `init_weights` of GroundingDINO  

language_model.language_backbone.body.model.encoder.layer.11.attention.self.value.weight - torch.Size([768, 768]): 
The value is the same before and after calling `init_weights` of GroundingDINO  

language_model.language_backbone.body.model.encoder.layer.11.attention.self.value.bias - torch.Size([768]): 
The value is the same before and after calling `init_weights` of GroundingDINO  

language_model.language_backbone.body.model.encoder.layer.11.attention.output.dense.weight - torch.Size([768, 768]): 
The value is the same before and after calling `init_weights` of GroundingDINO  

language_model.language_backbone.body.model.encoder.layer.11.attention.output.dense.bias - torch.Size([768]): 
The value is the same before and after calling `init_weights` of GroundingDINO  

language_model.language_backbone.body.model.encoder.layer.11.attention.output.LayerNorm.weight - torch.Size([768]): 
The value is the same before and after calling `init_weights` of GroundingDINO  

language_model.language_backbone.body.model.encoder.layer.11.attention.output.LayerNorm.bias - torch.Size([768]): 
The value is the same before and after calling `init_weights` of GroundingDINO  

language_model.language_backbone.body.model.encoder.layer.11.intermediate.dense.weight - torch.Size([3072, 768]): 
The value is the same before and after calling `init_weights` of GroundingDINO  

language_model.language_backbone.body.model.encoder.layer.11.intermediate.dense.bias - torch.Size([3072]): 
The value is the same before and after calling `init_weights` of GroundingDINO  

language_model.language_backbone.body.model.encoder.layer.11.output.dense.weight - torch.Size([768, 3072]): 
The value is the same before and after calling `init_weights` of GroundingDINO  

language_model.language_backbone.body.model.encoder.layer.11.output.dense.bias - torch.Size([768]): 
The value is the same before and after calling `init_weights` of GroundingDINO  

language_model.language_backbone.body.model.encoder.layer.11.output.LayerNorm.weight - torch.Size([768]): 
The value is the same before and after calling `init_weights` of GroundingDINO  

language_model.language_backbone.body.model.encoder.layer.11.output.LayerNorm.bias - torch.Size([768]): 
The value is the same before and after calling `init_weights` of GroundingDINO  

text_feat_map.weight - torch.Size([256, 768]): 
The value is the same before and after calling `init_weights` of GroundingDINO  

text_feat_map.bias - torch.Size([256]): 
The value is the same before and after calling `init_weights` of GroundingDINO  

dn_query_generator.label_embedding.weight - torch.Size([256, 256]): 
The value is the same before and after calling `init_weights` of GroundingDINO  

lmm.model.embed_tokens.weight - torch.Size([151647, 896]): 
The value is the same before and after calling `init_weights` of GroundingDINO  

lmm.model.layers.0.self_attn.q_proj.lora_A.weight - torch.Size([128, 896]): 
The value is the same before and after calling `init_weights` of GroundingDINO  

lmm.model.layers.0.self_attn.q_proj.lora_B.weight - torch.Size([896, 128]): 
The value is the same before and after calling `init_weights` of GroundingDINO  

lmm.model.layers.0.self_attn.q_proj.ori_model.weight - torch.Size([896, 896]): 
The value is the same before and after calling `init_weights` of GroundingDINO  

lmm.model.layers.0.self_attn.q_proj.ori_model.bias - torch.Size([896]): 
The value is the same before and after calling `init_weights` of GroundingDINO  

lmm.model.layers.0.self_attn.k_proj.lora_A.weight - torch.Size([128, 896]): 
The value is the same before and after calling `init_weights` of GroundingDINO  

lmm.model.layers.0.self_attn.k_proj.lora_B.weight - torch.Size([128, 128]): 
The value is the same before and after calling `init_weights` of GroundingDINO  

lmm.model.layers.0.self_attn.k_proj.ori_model.weight - torch.Size([128, 896]): 
The value is the same before and after calling `init_weights` of GroundingDINO  

lmm.model.layers.0.self_attn.k_proj.ori_model.bias - torch.Size([128]): 
The value is the same before and after calling `init_weights` of GroundingDINO  

lmm.model.layers.0.self_attn.v_proj.lora_A.weight - torch.Size([128, 896]): 
The value is the same before and after calling `init_weights` of GroundingDINO  

lmm.model.layers.0.self_attn.v_proj.lora_B.weight - torch.Size([128, 128]): 
The value is the same before and after calling `init_weights` of GroundingDINO  

lmm.model.layers.0.self_attn.v_proj.ori_model.weight - torch.Size([128, 896]): 
The value is the same before and after calling `init_weights` of GroundingDINO  

lmm.model.layers.0.self_attn.v_proj.ori_model.bias - torch.Size([128]): 
The value is the same before and after calling `init_weights` of GroundingDINO  

lmm.model.layers.0.self_attn.o_proj.lora_A.weight - torch.Size([128, 896]): 
The value is the same before and after calling `init_weights` of GroundingDINO  

lmm.model.layers.0.self_attn.o_proj.lora_B.weight - torch.Size([896, 128]): 
The value is the same before and after calling `init_weights` of GroundingDINO  

lmm.model.layers.0.self_attn.o_proj.ori_model.weight - torch.Size([896, 896]): 
The value is the same before and after calling `init_weights` of GroundingDINO  

lmm.model.layers.0.mlp.gate_proj.lora_A.weight - torch.Size([128, 896]): 
The value is the same before and after calling `init_weights` of GroundingDINO  

lmm.model.layers.0.mlp.gate_proj.lora_B.weight - torch.Size([4864, 128]): 
The value is the same before and after calling `init_weights` of GroundingDINO  

lmm.model.layers.0.mlp.gate_proj.ori_model.weight - torch.Size([4864, 896]): 
The value is the same before and after calling `init_weights` of GroundingDINO  

lmm.model.layers.0.mlp.up_proj.lora_A.weight - torch.Size([128, 896]): 
The value is the same before and after calling `init_weights` of GroundingDINO  

lmm.model.layers.0.mlp.up_proj.lora_B.weight - torch.Size([4864, 128]): 
The value is the same before and after calling `init_weights` of GroundingDINO  

lmm.model.layers.0.mlp.up_proj.ori_model.weight - torch.Size([4864, 896]): 
The value is the same before and after calling `init_weights` of GroundingDINO  

lmm.model.layers.0.mlp.down_proj.lora_A.weight - torch.Size([128, 4864]): 
The value is the same before and after calling `init_weights` of GroundingDINO  

lmm.model.layers.0.mlp.down_proj.lora_B.weight - torch.Size([896, 128]): 
The value is the same before and after calling `init_weights` of GroundingDINO  

lmm.model.layers.0.mlp.down_proj.ori_model.weight - torch.Size([896, 4864]): 
The value is the same before and after calling `init_weights` of GroundingDINO  

lmm.model.layers.0.input_layernorm.weight - torch.Size([896]): 
The value is the same before and after calling `init_weights` of GroundingDINO  

lmm.model.layers.0.post_attention_layernorm.weight - torch.Size([896]): 
The value is the same before and after calling `init_weights` of GroundingDINO  

lmm.model.layers.0.down_proj.weight - torch.Size([256, 896]): 
The value is the same before and after calling `init_weights` of GroundingDINO  

lmm.model.layers.0.down_proj.bias - torch.Size([256]): 
The value is the same before and after calling `init_weights` of GroundingDINO  

lmm.model.layers.0.up_proj.weight - torch.Size([896, 256]): 
The value is the same before and after calling `init_weights` of GroundingDINO  

lmm.model.layers.0.up_proj.bias - torch.Size([896]): 
The value is the same before and after calling `init_weights` of GroundingDINO  

lmm.model.layers.0.corss_attn_norm.weight - torch.Size([896]): 
The value is the same before and after calling `init_weights` of GroundingDINO  

lmm.model.layers.0.cross_attn.sampling_offsets.weight - torch.Size([256, 256]): 
The value is the same before and after calling `init_weights` of GroundingDINO  

lmm.model.layers.0.cross_attn.sampling_offsets.bias - torch.Size([256]): 
The value is the same before and after calling `init_weights` of GroundingDINO  

lmm.model.layers.0.cross_attn.attention_weights.weight - torch.Size([128, 256]): 
The value is the same before and after calling `init_weights` of GroundingDINO  

lmm.model.layers.0.cross_attn.attention_weights.bias - torch.Size([128]): 
The value is the same before and after calling `init_weights` of GroundingDINO  

lmm.model.layers.0.cross_attn.value_proj.weight - torch.Size([256, 256]): 
The value is the same before and after calling `init_weights` of GroundingDINO  

lmm.model.layers.0.cross_attn.value_proj.bias - torch.Size([256]): 
The value is the same before and after calling `init_weights` of GroundingDINO  

lmm.model.layers.0.cross_attn.output_proj.weight - torch.Size([256, 256]): 
The value is the same before and after calling `init_weights` of GroundingDINO  

lmm.model.layers.0.cross_attn.output_proj.bias - torch.Size([256]): 
The value is the same before and after calling `init_weights` of GroundingDINO  

lmm.model.layers.1.self_attn.q_proj.lora_A.weight - torch.Size([128, 896]): 
The value is the same before and after calling `init_weights` of GroundingDINO  

lmm.model.layers.1.self_attn.q_proj.lora_B.weight - torch.Size([896, 128]): 
The value is the same before and after calling `init_weights` of GroundingDINO  

lmm.model.layers.1.self_attn.q_proj.ori_model.weight - torch.Size([896, 896]): 
The value is the same before and after calling `init_weights` of GroundingDINO  

lmm.model.layers.1.self_attn.q_proj.ori_model.bias - torch.Size([896]): 
The value is the same before and after calling `init_weights` of GroundingDINO  

lmm.model.layers.1.self_attn.k_proj.lora_A.weight - torch.Size([128, 896]): 
The value is the same before and after calling `init_weights` of GroundingDINO  

lmm.model.layers.1.self_attn.k_proj.lora_B.weight - torch.Size([128, 128]): 
The value is the same before and after calling `init_weights` of GroundingDINO  

lmm.model.layers.1.self_attn.k_proj.ori_model.weight - torch.Size([128, 896]): 
The value is the same before and after calling `init_weights` of GroundingDINO  

lmm.model.layers.1.self_attn.k_proj.ori_model.bias - torch.Size([128]): 
The value is the same before and after calling `init_weights` of GroundingDINO  

lmm.model.layers.1.self_attn.v_proj.lora_A.weight - torch.Size([128, 896]): 
The value is the same before and after calling `init_weights` of GroundingDINO  

lmm.model.layers.1.self_attn.v_proj.lora_B.weight - torch.Size([128, 128]): 
The value is the same before and after calling `init_weights` of GroundingDINO  

lmm.model.layers.1.self_attn.v_proj.ori_model.weight - torch.Size([128, 896]): 
The value is the same before and after calling `init_weights` of GroundingDINO  

lmm.model.layers.1.self_attn.v_proj.ori_model.bias - torch.Size([128]): 
The value is the same before and after calling `init_weights` of GroundingDINO  

lmm.model.layers.1.self_attn.o_proj.lora_A.weight - torch.Size([128, 896]): 
The value is the same before and after calling `init_weights` of GroundingDINO  

lmm.model.layers.1.self_attn.o_proj.lora_B.weight - torch.Size([896, 128]): 
The value is the same before and after calling `init_weights` of GroundingDINO  

lmm.model.layers.1.self_attn.o_proj.ori_model.weight - torch.Size([896, 896]): 
The value is the same before and after calling `init_weights` of GroundingDINO  

lmm.model.layers.1.mlp.gate_proj.lora_A.weight - torch.Size([128, 896]): 
The value is the same before and after calling `init_weights` of GroundingDINO  

lmm.model.layers.1.mlp.gate_proj.lora_B.weight - torch.Size([4864, 128]): 
The value is the same before and after calling `init_weights` of GroundingDINO  

lmm.model.layers.1.mlp.gate_proj.ori_model.weight - torch.Size([4864, 896]): 
The value is the same before and after calling `init_weights` of GroundingDINO  

lmm.model.layers.1.mlp.up_proj.lora_A.weight - torch.Size([128, 896]): 
The value is the same before and after calling `init_weights` of GroundingDINO  

lmm.model.layers.1.mlp.up_proj.lora_B.weight - torch.Size([4864, 128]): 
The value is the same before and after calling `init_weights` of GroundingDINO  

lmm.model.layers.1.mlp.up_proj.ori_model.weight - torch.Size([4864, 896]): 
The value is the same before and after calling `init_weights` of GroundingDINO  

lmm.model.layers.1.mlp.down_proj.lora_A.weight - torch.Size([128, 4864]): 
The value is the same before and after calling `init_weights` of GroundingDINO  

lmm.model.layers.1.mlp.down_proj.lora_B.weight - torch.Size([896, 128]): 
The value is the same before and after calling `init_weights` of GroundingDINO  

lmm.model.layers.1.mlp.down_proj.ori_model.weight - torch.Size([896, 4864]): 
The value is the same before and after calling `init_weights` of GroundingDINO  

lmm.model.layers.1.input_layernorm.weight - torch.Size([896]): 
The value is the same before and after calling `init_weights` of GroundingDINO  

lmm.model.layers.1.post_attention_layernorm.weight - torch.Size([896]): 
The value is the same before and after calling `init_weights` of GroundingDINO  

lmm.model.layers.2.self_attn.q_proj.lora_A.weight - torch.Size([128, 896]): 
The value is the same before and after calling `init_weights` of GroundingDINO  

lmm.model.layers.2.self_attn.q_proj.lora_B.weight - torch.Size([896, 128]): 
The value is the same before and after calling `init_weights` of GroundingDINO  

lmm.model.layers.2.self_attn.q_proj.ori_model.weight - torch.Size([896, 896]): 
The value is the same before and after calling `init_weights` of GroundingDINO  

lmm.model.layers.2.self_attn.q_proj.ori_model.bias - torch.Size([896]): 
The value is the same before and after calling `init_weights` of GroundingDINO  

lmm.model.layers.2.self_attn.k_proj.lora_A.weight - torch.Size([128, 896]): 
The value is the same before and after calling `init_weights` of GroundingDINO  

lmm.model.layers.2.self_attn.k_proj.lora_B.weight - torch.Size([128, 128]): 
The value is the same before and after calling `init_weights` of GroundingDINO  

lmm.model.layers.2.self_attn.k_proj.ori_model.weight - torch.Size([128, 896]): 
The value is the same before and after calling `init_weights` of GroundingDINO  

lmm.model.layers.2.self_attn.k_proj.ori_model.bias - torch.Size([128]): 
The value is the same before and after calling `init_weights` of GroundingDINO  

lmm.model.layers.2.self_attn.v_proj.lora_A.weight - torch.Size([128, 896]): 
The value is the same before and after calling `init_weights` of GroundingDINO  

lmm.model.layers.2.self_attn.v_proj.lora_B.weight - torch.Size([128, 128]): 
The value is the same before and after calling `init_weights` of GroundingDINO  

lmm.model.layers.2.self_attn.v_proj.ori_model.weight - torch.Size([128, 896]): 
The value is the same before and after calling `init_weights` of GroundingDINO  

lmm.model.layers.2.self_attn.v_proj.ori_model.bias - torch.Size([128]): 
The value is the same before and after calling `init_weights` of GroundingDINO  

lmm.model.layers.2.self_attn.o_proj.lora_A.weight - torch.Size([128, 896]): 
The value is the same before and after calling `init_weights` of GroundingDINO  

lmm.model.layers.2.self_attn.o_proj.lora_B.weight - torch.Size([896, 128]): 
The value is the same before and after calling `init_weights` of GroundingDINO  

lmm.model.layers.2.self_attn.o_proj.ori_model.weight - torch.Size([896, 896]): 
The value is the same before and after calling `init_weights` of GroundingDINO  

lmm.model.layers.2.mlp.gate_proj.lora_A.weight - torch.Size([128, 896]): 
The value is the same before and after calling `init_weights` of GroundingDINO  

lmm.model.layers.2.mlp.gate_proj.lora_B.weight - torch.Size([4864, 128]): 
The value is the same before and after calling `init_weights` of GroundingDINO  

lmm.model.layers.2.mlp.gate_proj.ori_model.weight - torch.Size([4864, 896]): 
The value is the same before and after calling `init_weights` of GroundingDINO  

lmm.model.layers.2.mlp.up_proj.lora_A.weight - torch.Size([128, 896]): 
The value is the same before and after calling `init_weights` of GroundingDINO  

lmm.model.layers.2.mlp.up_proj.lora_B.weight - torch.Size([4864, 128]): 
The value is the same before and after calling `init_weights` of GroundingDINO  

lmm.model.layers.2.mlp.up_proj.ori_model.weight - torch.Size([4864, 896]): 
The value is the same before and after calling `init_weights` of GroundingDINO  

lmm.model.layers.2.mlp.down_proj.lora_A.weight - torch.Size([128, 4864]): 
The value is the same before and after calling `init_weights` of GroundingDINO  

lmm.model.layers.2.mlp.down_proj.lora_B.weight - torch.Size([896, 128]): 
The value is the same before and after calling `init_weights` of GroundingDINO  

lmm.model.layers.2.mlp.down_proj.ori_model.weight - torch.Size([896, 4864]): 
The value is the same before and after calling `init_weights` of GroundingDINO  

lmm.model.layers.2.input_layernorm.weight - torch.Size([896]): 
The value is the same before and after calling `init_weights` of GroundingDINO  

lmm.model.layers.2.post_attention_layernorm.weight - torch.Size([896]): 
The value is the same before and after calling `init_weights` of GroundingDINO  

lmm.model.layers.3.self_attn.q_proj.lora_A.weight - torch.Size([128, 896]): 
The value is the same before and after calling `init_weights` of GroundingDINO  

lmm.model.layers.3.self_attn.q_proj.lora_B.weight - torch.Size([896, 128]): 
The value is the same before and after calling `init_weights` of GroundingDINO  

lmm.model.layers.3.self_attn.q_proj.ori_model.weight - torch.Size([896, 896]): 
The value is the same before and after calling `init_weights` of GroundingDINO  

lmm.model.layers.3.self_attn.q_proj.ori_model.bias - torch.Size([896]): 
The value is the same before and after calling `init_weights` of GroundingDINO  

lmm.model.layers.3.self_attn.k_proj.lora_A.weight - torch.Size([128, 896]): 
The value is the same before and after calling `init_weights` of GroundingDINO  

lmm.model.layers.3.self_attn.k_proj.lora_B.weight - torch.Size([128, 128]): 
The value is the same before and after calling `init_weights` of GroundingDINO  

lmm.model.layers.3.self_attn.k_proj.ori_model.weight - torch.Size([128, 896]): 
The value is the same before and after calling `init_weights` of GroundingDINO  

lmm.model.layers.3.self_attn.k_proj.ori_model.bias - torch.Size([128]): 
The value is the same before and after calling `init_weights` of GroundingDINO  

lmm.model.layers.3.self_attn.v_proj.lora_A.weight - torch.Size([128, 896]): 
The value is the same before and after calling `init_weights` of GroundingDINO  

lmm.model.layers.3.self_attn.v_proj.lora_B.weight - torch.Size([128, 128]): 
The value is the same before and after calling `init_weights` of GroundingDINO  

lmm.model.layers.3.self_attn.v_proj.ori_model.weight - torch.Size([128, 896]): 
The value is the same before and after calling `init_weights` of GroundingDINO  

lmm.model.layers.3.self_attn.v_proj.ori_model.bias - torch.Size([128]): 
The value is the same before and after calling `init_weights` of GroundingDINO  

lmm.model.layers.3.self_attn.o_proj.lora_A.weight - torch.Size([128, 896]): 
The value is the same before and after calling `init_weights` of GroundingDINO  

lmm.model.layers.3.self_attn.o_proj.lora_B.weight - torch.Size([896, 128]): 
The value is the same before and after calling `init_weights` of GroundingDINO  

lmm.model.layers.3.self_attn.o_proj.ori_model.weight - torch.Size([896, 896]): 
The value is the same before and after calling `init_weights` of GroundingDINO  

lmm.model.layers.3.mlp.gate_proj.lora_A.weight - torch.Size([128, 896]): 
The value is the same before and after calling `init_weights` of GroundingDINO  

lmm.model.layers.3.mlp.gate_proj.lora_B.weight - torch.Size([4864, 128]): 
The value is the same before and after calling `init_weights` of GroundingDINO  

lmm.model.layers.3.mlp.gate_proj.ori_model.weight - torch.Size([4864, 896]): 
The value is the same before and after calling `init_weights` of GroundingDINO  

lmm.model.layers.3.mlp.up_proj.lora_A.weight - torch.Size([128, 896]): 
The value is the same before and after calling `init_weights` of GroundingDINO  

lmm.model.layers.3.mlp.up_proj.lora_B.weight - torch.Size([4864, 128]): 
The value is the same before and after calling `init_weights` of GroundingDINO  

lmm.model.layers.3.mlp.up_proj.ori_model.weight - torch.Size([4864, 896]): 
The value is the same before and after calling `init_weights` of GroundingDINO  

lmm.model.layers.3.mlp.down_proj.lora_A.weight - torch.Size([128, 4864]): 
The value is the same before and after calling `init_weights` of GroundingDINO  

lmm.model.layers.3.mlp.down_proj.lora_B.weight - torch.Size([896, 128]): 
The value is the same before and after calling `init_weights` of GroundingDINO  

lmm.model.layers.3.mlp.down_proj.ori_model.weight - torch.Size([896, 4864]): 
The value is the same before and after calling `init_weights` of GroundingDINO  

lmm.model.layers.3.input_layernorm.weight - torch.Size([896]): 
The value is the same before and after calling `init_weights` of GroundingDINO  

lmm.model.layers.3.post_attention_layernorm.weight - torch.Size([896]): 
The value is the same before and after calling `init_weights` of GroundingDINO  

lmm.model.layers.4.self_attn.q_proj.lora_A.weight - torch.Size([128, 896]): 
The value is the same before and after calling `init_weights` of GroundingDINO  

lmm.model.layers.4.self_attn.q_proj.lora_B.weight - torch.Size([896, 128]): 
The value is the same before and after calling `init_weights` of GroundingDINO  

lmm.model.layers.4.self_attn.q_proj.ori_model.weight - torch.Size([896, 896]): 
The value is the same before and after calling `init_weights` of GroundingDINO  

lmm.model.layers.4.self_attn.q_proj.ori_model.bias - torch.Size([896]): 
The value is the same before and after calling `init_weights` of GroundingDINO  

lmm.model.layers.4.self_attn.k_proj.lora_A.weight - torch.Size([128, 896]): 
The value is the same before and after calling `init_weights` of GroundingDINO  

lmm.model.layers.4.self_attn.k_proj.lora_B.weight - torch.Size([128, 128]): 
The value is the same before and after calling `init_weights` of GroundingDINO  

lmm.model.layers.4.self_attn.k_proj.ori_model.weight - torch.Size([128, 896]): 
The value is the same before and after calling `init_weights` of GroundingDINO  

lmm.model.layers.4.self_attn.k_proj.ori_model.bias - torch.Size([128]): 
The value is the same before and after calling `init_weights` of GroundingDINO  

lmm.model.layers.4.self_attn.v_proj.lora_A.weight - torch.Size([128, 896]): 
The value is the same before and after calling `init_weights` of GroundingDINO  

lmm.model.layers.4.self_attn.v_proj.lora_B.weight - torch.Size([128, 128]): 
The value is the same before and after calling `init_weights` of GroundingDINO  

lmm.model.layers.4.self_attn.v_proj.ori_model.weight - torch.Size([128, 896]): 
The value is the same before and after calling `init_weights` of GroundingDINO  

lmm.model.layers.4.self_attn.v_proj.ori_model.bias - torch.Size([128]): 
The value is the same before and after calling `init_weights` of GroundingDINO  

lmm.model.layers.4.self_attn.o_proj.lora_A.weight - torch.Size([128, 896]): 
The value is the same before and after calling `init_weights` of GroundingDINO  

lmm.model.layers.4.self_attn.o_proj.lora_B.weight - torch.Size([896, 128]): 
The value is the same before and after calling `init_weights` of GroundingDINO  

lmm.model.layers.4.self_attn.o_proj.ori_model.weight - torch.Size([896, 896]): 
The value is the same before and after calling `init_weights` of GroundingDINO  

lmm.model.layers.4.mlp.gate_proj.lora_A.weight - torch.Size([128, 896]): 
The value is the same before and after calling `init_weights` of GroundingDINO  

lmm.model.layers.4.mlp.gate_proj.lora_B.weight - torch.Size([4864, 128]): 
The value is the same before and after calling `init_weights` of GroundingDINO  

lmm.model.layers.4.mlp.gate_proj.ori_model.weight - torch.Size([4864, 896]): 
The value is the same before and after calling `init_weights` of GroundingDINO  

lmm.model.layers.4.mlp.up_proj.lora_A.weight - torch.Size([128, 896]): 
The value is the same before and after calling `init_weights` of GroundingDINO  

lmm.model.layers.4.mlp.up_proj.lora_B.weight - torch.Size([4864, 128]): 
The value is the same before and after calling `init_weights` of GroundingDINO  

lmm.model.layers.4.mlp.up_proj.ori_model.weight - torch.Size([4864, 896]): 
The value is the same before and after calling `init_weights` of GroundingDINO  

lmm.model.layers.4.mlp.down_proj.lora_A.weight - torch.Size([128, 4864]): 
The value is the same before and after calling `init_weights` of GroundingDINO  

lmm.model.layers.4.mlp.down_proj.lora_B.weight - torch.Size([896, 128]): 
The value is the same before and after calling `init_weights` of GroundingDINO  

lmm.model.layers.4.mlp.down_proj.ori_model.weight - torch.Size([896, 4864]): 
The value is the same before and after calling `init_weights` of GroundingDINO  

lmm.model.layers.4.input_layernorm.weight - torch.Size([896]): 
The value is the same before and after calling `init_weights` of GroundingDINO  

lmm.model.layers.4.post_attention_layernorm.weight - torch.Size([896]): 
The value is the same before and after calling `init_weights` of GroundingDINO  

lmm.model.layers.4.down_proj.weight - torch.Size([256, 896]): 
The value is the same before and after calling `init_weights` of GroundingDINO  

lmm.model.layers.4.down_proj.bias - torch.Size([256]): 
The value is the same before and after calling `init_weights` of GroundingDINO  

lmm.model.layers.4.up_proj.weight - torch.Size([896, 256]): 
The value is the same before and after calling `init_weights` of GroundingDINO  

lmm.model.layers.4.up_proj.bias - torch.Size([896]): 
The value is the same before and after calling `init_weights` of GroundingDINO  

lmm.model.layers.4.corss_attn_norm.weight - torch.Size([896]): 
The value is the same before and after calling `init_weights` of GroundingDINO  

lmm.model.layers.4.cross_attn.sampling_offsets.weight - torch.Size([256, 256]): 
The value is the same before and after calling `init_weights` of GroundingDINO  

lmm.model.layers.4.cross_attn.sampling_offsets.bias - torch.Size([256]): 
The value is the same before and after calling `init_weights` of GroundingDINO  

lmm.model.layers.4.cross_attn.attention_weights.weight - torch.Size([128, 256]): 
The value is the same before and after calling `init_weights` of GroundingDINO  

lmm.model.layers.4.cross_attn.attention_weights.bias - torch.Size([128]): 
The value is the same before and after calling `init_weights` of GroundingDINO  

lmm.model.layers.4.cross_attn.value_proj.weight - torch.Size([256, 256]): 
The value is the same before and after calling `init_weights` of GroundingDINO  

lmm.model.layers.4.cross_attn.value_proj.bias - torch.Size([256]): 
The value is the same before and after calling `init_weights` of GroundingDINO  

lmm.model.layers.4.cross_attn.output_proj.weight - torch.Size([256, 256]): 
The value is the same before and after calling `init_weights` of GroundingDINO  

lmm.model.layers.4.cross_attn.output_proj.bias - torch.Size([256]): 
The value is the same before and after calling `init_weights` of GroundingDINO  

lmm.model.layers.5.self_attn.q_proj.lora_A.weight - torch.Size([128, 896]): 
The value is the same before and after calling `init_weights` of GroundingDINO  

lmm.model.layers.5.self_attn.q_proj.lora_B.weight - torch.Size([896, 128]): 
The value is the same before and after calling `init_weights` of GroundingDINO  

lmm.model.layers.5.self_attn.q_proj.ori_model.weight - torch.Size([896, 896]): 
The value is the same before and after calling `init_weights` of GroundingDINO  

lmm.model.layers.5.self_attn.q_proj.ori_model.bias - torch.Size([896]): 
The value is the same before and after calling `init_weights` of GroundingDINO  

lmm.model.layers.5.self_attn.k_proj.lora_A.weight - torch.Size([128, 896]): 
The value is the same before and after calling `init_weights` of GroundingDINO  

lmm.model.layers.5.self_attn.k_proj.lora_B.weight - torch.Size([128, 128]): 
The value is the same before and after calling `init_weights` of GroundingDINO  

lmm.model.layers.5.self_attn.k_proj.ori_model.weight - torch.Size([128, 896]): 
The value is the same before and after calling `init_weights` of GroundingDINO  

lmm.model.layers.5.self_attn.k_proj.ori_model.bias - torch.Size([128]): 
The value is the same before and after calling `init_weights` of GroundingDINO  

lmm.model.layers.5.self_attn.v_proj.lora_A.weight - torch.Size([128, 896]): 
The value is the same before and after calling `init_weights` of GroundingDINO  

lmm.model.layers.5.self_attn.v_proj.lora_B.weight - torch.Size([128, 128]): 
The value is the same before and after calling `init_weights` of GroundingDINO  

lmm.model.layers.5.self_attn.v_proj.ori_model.weight - torch.Size([128, 896]): 
The value is the same before and after calling `init_weights` of GroundingDINO  

lmm.model.layers.5.self_attn.v_proj.ori_model.bias - torch.Size([128]): 
The value is the same before and after calling `init_weights` of GroundingDINO  

lmm.model.layers.5.self_attn.o_proj.lora_A.weight - torch.Size([128, 896]): 
The value is the same before and after calling `init_weights` of GroundingDINO  

lmm.model.layers.5.self_attn.o_proj.lora_B.weight - torch.Size([896, 128]): 
The value is the same before and after calling `init_weights` of GroundingDINO  

lmm.model.layers.5.self_attn.o_proj.ori_model.weight - torch.Size([896, 896]): 
The value is the same before and after calling `init_weights` of GroundingDINO  

lmm.model.layers.5.mlp.gate_proj.lora_A.weight - torch.Size([128, 896]): 
The value is the same before and after calling `init_weights` of GroundingDINO  

lmm.model.layers.5.mlp.gate_proj.lora_B.weight - torch.Size([4864, 128]): 
The value is the same before and after calling `init_weights` of GroundingDINO  

lmm.model.layers.5.mlp.gate_proj.ori_model.weight - torch.Size([4864, 896]): 
The value is the same before and after calling `init_weights` of GroundingDINO  

lmm.model.layers.5.mlp.up_proj.lora_A.weight - torch.Size([128, 896]): 
The value is the same before and after calling `init_weights` of GroundingDINO  

lmm.model.layers.5.mlp.up_proj.lora_B.weight - torch.Size([4864, 128]): 
The value is the same before and after calling `init_weights` of GroundingDINO  

lmm.model.layers.5.mlp.up_proj.ori_model.weight - torch.Size([4864, 896]): 
The value is the same before and after calling `init_weights` of GroundingDINO  

lmm.model.layers.5.mlp.down_proj.lora_A.weight - torch.Size([128, 4864]): 
The value is the same before and after calling `init_weights` of GroundingDINO  

lmm.model.layers.5.mlp.down_proj.lora_B.weight - torch.Size([896, 128]): 
The value is the same before and after calling `init_weights` of GroundingDINO  

lmm.model.layers.5.mlp.down_proj.ori_model.weight - torch.Size([896, 4864]): 
The value is the same before and after calling `init_weights` of GroundingDINO  

lmm.model.layers.5.input_layernorm.weight - torch.Size([896]): 
The value is the same before and after calling `init_weights` of GroundingDINO  

lmm.model.layers.5.post_attention_layernorm.weight - torch.Size([896]): 
The value is the same before and after calling `init_weights` of GroundingDINO  

lmm.model.layers.6.self_attn.q_proj.lora_A.weight - torch.Size([128, 896]): 
The value is the same before and after calling `init_weights` of GroundingDINO  

lmm.model.layers.6.self_attn.q_proj.lora_B.weight - torch.Size([896, 128]): 
The value is the same before and after calling `init_weights` of GroundingDINO  

lmm.model.layers.6.self_attn.q_proj.ori_model.weight - torch.Size([896, 896]): 
The value is the same before and after calling `init_weights` of GroundingDINO  

lmm.model.layers.6.self_attn.q_proj.ori_model.bias - torch.Size([896]): 
The value is the same before and after calling `init_weights` of GroundingDINO  

lmm.model.layers.6.self_attn.k_proj.lora_A.weight - torch.Size([128, 896]): 
The value is the same before and after calling `init_weights` of GroundingDINO  

lmm.model.layers.6.self_attn.k_proj.lora_B.weight - torch.Size([128, 128]): 
The value is the same before and after calling `init_weights` of GroundingDINO  

lmm.model.layers.6.self_attn.k_proj.ori_model.weight - torch.Size([128, 896]): 
The value is the same before and after calling `init_weights` of GroundingDINO  

lmm.model.layers.6.self_attn.k_proj.ori_model.bias - torch.Size([128]): 
The value is the same before and after calling `init_weights` of GroundingDINO  

lmm.model.layers.6.self_attn.v_proj.lora_A.weight - torch.Size([128, 896]): 
The value is the same before and after calling `init_weights` of GroundingDINO  

lmm.model.layers.6.self_attn.v_proj.lora_B.weight - torch.Size([128, 128]): 
The value is the same before and after calling `init_weights` of GroundingDINO  

lmm.model.layers.6.self_attn.v_proj.ori_model.weight - torch.Size([128, 896]): 
The value is the same before and after calling `init_weights` of GroundingDINO  

lmm.model.layers.6.self_attn.v_proj.ori_model.bias - torch.Size([128]): 
The value is the same before and after calling `init_weights` of GroundingDINO  

lmm.model.layers.6.self_attn.o_proj.lora_A.weight - torch.Size([128, 896]): 
The value is the same before and after calling `init_weights` of GroundingDINO  

lmm.model.layers.6.self_attn.o_proj.lora_B.weight - torch.Size([896, 128]): 
The value is the same before and after calling `init_weights` of GroundingDINO  

lmm.model.layers.6.self_attn.o_proj.ori_model.weight - torch.Size([896, 896]): 
The value is the same before and after calling `init_weights` of GroundingDINO  

lmm.model.layers.6.mlp.gate_proj.lora_A.weight - torch.Size([128, 896]): 
The value is the same before and after calling `init_weights` of GroundingDINO  

lmm.model.layers.6.mlp.gate_proj.lora_B.weight - torch.Size([4864, 128]): 
The value is the same before and after calling `init_weights` of GroundingDINO  

lmm.model.layers.6.mlp.gate_proj.ori_model.weight - torch.Size([4864, 896]): 
The value is the same before and after calling `init_weights` of GroundingDINO  

lmm.model.layers.6.mlp.up_proj.lora_A.weight - torch.Size([128, 896]): 
The value is the same before and after calling `init_weights` of GroundingDINO  

lmm.model.layers.6.mlp.up_proj.lora_B.weight - torch.Size([4864, 128]): 
The value is the same before and after calling `init_weights` of GroundingDINO  

lmm.model.layers.6.mlp.up_proj.ori_model.weight - torch.Size([4864, 896]): 
The value is the same before and after calling `init_weights` of GroundingDINO  

lmm.model.layers.6.mlp.down_proj.lora_A.weight - torch.Size([128, 4864]): 
The value is the same before and after calling `init_weights` of GroundingDINO  

lmm.model.layers.6.mlp.down_proj.lora_B.weight - torch.Size([896, 128]): 
The value is the same before and after calling `init_weights` of GroundingDINO  

lmm.model.layers.6.mlp.down_proj.ori_model.weight - torch.Size([896, 4864]): 
The value is the same before and after calling `init_weights` of GroundingDINO  

lmm.model.layers.6.input_layernorm.weight - torch.Size([896]): 
The value is the same before and after calling `init_weights` of GroundingDINO  

lmm.model.layers.6.post_attention_layernorm.weight - torch.Size([896]): 
The value is the same before and after calling `init_weights` of GroundingDINO  

lmm.model.layers.7.self_attn.q_proj.lora_A.weight - torch.Size([128, 896]): 
The value is the same before and after calling `init_weights` of GroundingDINO  

lmm.model.layers.7.self_attn.q_proj.lora_B.weight - torch.Size([896, 128]): 
The value is the same before and after calling `init_weights` of GroundingDINO  

lmm.model.layers.7.self_attn.q_proj.ori_model.weight - torch.Size([896, 896]): 
The value is the same before and after calling `init_weights` of GroundingDINO  

lmm.model.layers.7.self_attn.q_proj.ori_model.bias - torch.Size([896]): 
The value is the same before and after calling `init_weights` of GroundingDINO  

lmm.model.layers.7.self_attn.k_proj.lora_A.weight - torch.Size([128, 896]): 
The value is the same before and after calling `init_weights` of GroundingDINO  

lmm.model.layers.7.self_attn.k_proj.lora_B.weight - torch.Size([128, 128]): 
The value is the same before and after calling `init_weights` of GroundingDINO  

lmm.model.layers.7.self_attn.k_proj.ori_model.weight - torch.Size([128, 896]): 
The value is the same before and after calling `init_weights` of GroundingDINO  

lmm.model.layers.7.self_attn.k_proj.ori_model.bias - torch.Size([128]): 
The value is the same before and after calling `init_weights` of GroundingDINO  

lmm.model.layers.7.self_attn.v_proj.lora_A.weight - torch.Size([128, 896]): 
The value is the same before and after calling `init_weights` of GroundingDINO  

lmm.model.layers.7.self_attn.v_proj.lora_B.weight - torch.Size([128, 128]): 
The value is the same before and after calling `init_weights` of GroundingDINO  

lmm.model.layers.7.self_attn.v_proj.ori_model.weight - torch.Size([128, 896]): 
The value is the same before and after calling `init_weights` of GroundingDINO  

lmm.model.layers.7.self_attn.v_proj.ori_model.bias - torch.Size([128]): 
The value is the same before and after calling `init_weights` of GroundingDINO  

lmm.model.layers.7.self_attn.o_proj.lora_A.weight - torch.Size([128, 896]): 
The value is the same before and after calling `init_weights` of GroundingDINO  

lmm.model.layers.7.self_attn.o_proj.lora_B.weight - torch.Size([896, 128]): 
The value is the same before and after calling `init_weights` of GroundingDINO  

lmm.model.layers.7.self_attn.o_proj.ori_model.weight - torch.Size([896, 896]): 
The value is the same before and after calling `init_weights` of GroundingDINO  

lmm.model.layers.7.mlp.gate_proj.lora_A.weight - torch.Size([128, 896]): 
The value is the same before and after calling `init_weights` of GroundingDINO  

lmm.model.layers.7.mlp.gate_proj.lora_B.weight - torch.Size([4864, 128]): 
The value is the same before and after calling `init_weights` of GroundingDINO  

lmm.model.layers.7.mlp.gate_proj.ori_model.weight - torch.Size([4864, 896]): 
The value is the same before and after calling `init_weights` of GroundingDINO  

lmm.model.layers.7.mlp.up_proj.lora_A.weight - torch.Size([128, 896]): 
The value is the same before and after calling `init_weights` of GroundingDINO  

lmm.model.layers.7.mlp.up_proj.lora_B.weight - torch.Size([4864, 128]): 
The value is the same before and after calling `init_weights` of GroundingDINO  

lmm.model.layers.7.mlp.up_proj.ori_model.weight - torch.Size([4864, 896]): 
The value is the same before and after calling `init_weights` of GroundingDINO  

lmm.model.layers.7.mlp.down_proj.lora_A.weight - torch.Size([128, 4864]): 
The value is the same before and after calling `init_weights` of GroundingDINO  

lmm.model.layers.7.mlp.down_proj.lora_B.weight - torch.Size([896, 128]): 
The value is the same before and after calling `init_weights` of GroundingDINO  

lmm.model.layers.7.mlp.down_proj.ori_model.weight - torch.Size([896, 4864]): 
The value is the same before and after calling `init_weights` of GroundingDINO  

lmm.model.layers.7.input_layernorm.weight - torch.Size([896]): 
The value is the same before and after calling `init_weights` of GroundingDINO  

lmm.model.layers.7.post_attention_layernorm.weight - torch.Size([896]): 
The value is the same before and after calling `init_weights` of GroundingDINO  

lmm.model.layers.8.self_attn.q_proj.lora_A.weight - torch.Size([128, 896]): 
The value is the same before and after calling `init_weights` of GroundingDINO  

lmm.model.layers.8.self_attn.q_proj.lora_B.weight - torch.Size([896, 128]): 
The value is the same before and after calling `init_weights` of GroundingDINO  

lmm.model.layers.8.self_attn.q_proj.ori_model.weight - torch.Size([896, 896]): 
The value is the same before and after calling `init_weights` of GroundingDINO  

lmm.model.layers.8.self_attn.q_proj.ori_model.bias - torch.Size([896]): 
The value is the same before and after calling `init_weights` of GroundingDINO  

lmm.model.layers.8.self_attn.k_proj.lora_A.weight - torch.Size([128, 896]): 
The value is the same before and after calling `init_weights` of GroundingDINO  

lmm.model.layers.8.self_attn.k_proj.lora_B.weight - torch.Size([128, 128]): 
The value is the same before and after calling `init_weights` of GroundingDINO  

lmm.model.layers.8.self_attn.k_proj.ori_model.weight - torch.Size([128, 896]): 
The value is the same before and after calling `init_weights` of GroundingDINO  

lmm.model.layers.8.self_attn.k_proj.ori_model.bias - torch.Size([128]): 
The value is the same before and after calling `init_weights` of GroundingDINO  

lmm.model.layers.8.self_attn.v_proj.lora_A.weight - torch.Size([128, 896]): 
The value is the same before and after calling `init_weights` of GroundingDINO  

lmm.model.layers.8.self_attn.v_proj.lora_B.weight - torch.Size([128, 128]): 
The value is the same before and after calling `init_weights` of GroundingDINO  

lmm.model.layers.8.self_attn.v_proj.ori_model.weight - torch.Size([128, 896]): 
The value is the same before and after calling `init_weights` of GroundingDINO  

lmm.model.layers.8.self_attn.v_proj.ori_model.bias - torch.Size([128]): 
The value is the same before and after calling `init_weights` of GroundingDINO  

lmm.model.layers.8.self_attn.o_proj.lora_A.weight - torch.Size([128, 896]): 
The value is the same before and after calling `init_weights` of GroundingDINO  

lmm.model.layers.8.self_attn.o_proj.lora_B.weight - torch.Size([896, 128]): 
The value is the same before and after calling `init_weights` of GroundingDINO  

lmm.model.layers.8.self_attn.o_proj.ori_model.weight - torch.Size([896, 896]): 
The value is the same before and after calling `init_weights` of GroundingDINO  

lmm.model.layers.8.mlp.gate_proj.lora_A.weight - torch.Size([128, 896]): 
The value is the same before and after calling `init_weights` of GroundingDINO  

lmm.model.layers.8.mlp.gate_proj.lora_B.weight - torch.Size([4864, 128]): 
The value is the same before and after calling `init_weights` of GroundingDINO  

lmm.model.layers.8.mlp.gate_proj.ori_model.weight - torch.Size([4864, 896]): 
The value is the same before and after calling `init_weights` of GroundingDINO  

lmm.model.layers.8.mlp.up_proj.lora_A.weight - torch.Size([128, 896]): 
The value is the same before and after calling `init_weights` of GroundingDINO  

lmm.model.layers.8.mlp.up_proj.lora_B.weight - torch.Size([4864, 128]): 
The value is the same before and after calling `init_weights` of GroundingDINO  

lmm.model.layers.8.mlp.up_proj.ori_model.weight - torch.Size([4864, 896]): 
The value is the same before and after calling `init_weights` of GroundingDINO  

lmm.model.layers.8.mlp.down_proj.lora_A.weight - torch.Size([128, 4864]): 
The value is the same before and after calling `init_weights` of GroundingDINO  

lmm.model.layers.8.mlp.down_proj.lora_B.weight - torch.Size([896, 128]): 
The value is the same before and after calling `init_weights` of GroundingDINO  

lmm.model.layers.8.mlp.down_proj.ori_model.weight - torch.Size([896, 4864]): 
The value is the same before and after calling `init_weights` of GroundingDINO  

lmm.model.layers.8.input_layernorm.weight - torch.Size([896]): 
The value is the same before and after calling `init_weights` of GroundingDINO  

lmm.model.layers.8.post_attention_layernorm.weight - torch.Size([896]): 
The value is the same before and after calling `init_weights` of GroundingDINO  

lmm.model.layers.8.down_proj.weight - torch.Size([256, 896]): 
The value is the same before and after calling `init_weights` of GroundingDINO  

lmm.model.layers.8.down_proj.bias - torch.Size([256]): 
The value is the same before and after calling `init_weights` of GroundingDINO  

lmm.model.layers.8.up_proj.weight - torch.Size([896, 256]): 
The value is the same before and after calling `init_weights` of GroundingDINO  

lmm.model.layers.8.up_proj.bias - torch.Size([896]): 
The value is the same before and after calling `init_weights` of GroundingDINO  

lmm.model.layers.8.corss_attn_norm.weight - torch.Size([896]): 
The value is the same before and after calling `init_weights` of GroundingDINO  

lmm.model.layers.8.cross_attn.sampling_offsets.weight - torch.Size([256, 256]): 
The value is the same before and after calling `init_weights` of GroundingDINO  

lmm.model.layers.8.cross_attn.sampling_offsets.bias - torch.Size([256]): 
The value is the same before and after calling `init_weights` of GroundingDINO  

lmm.model.layers.8.cross_attn.attention_weights.weight - torch.Size([128, 256]): 
The value is the same before and after calling `init_weights` of GroundingDINO  

lmm.model.layers.8.cross_attn.attention_weights.bias - torch.Size([128]): 
The value is the same before and after calling `init_weights` of GroundingDINO  

lmm.model.layers.8.cross_attn.value_proj.weight - torch.Size([256, 256]): 
The value is the same before and after calling `init_weights` of GroundingDINO  

lmm.model.layers.8.cross_attn.value_proj.bias - torch.Size([256]): 
The value is the same before and after calling `init_weights` of GroundingDINO  

lmm.model.layers.8.cross_attn.output_proj.weight - torch.Size([256, 256]): 
The value is the same before and after calling `init_weights` of GroundingDINO  

lmm.model.layers.8.cross_attn.output_proj.bias - torch.Size([256]): 
The value is the same before and after calling `init_weights` of GroundingDINO  

lmm.model.layers.9.self_attn.q_proj.lora_A.weight - torch.Size([128, 896]): 
The value is the same before and after calling `init_weights` of GroundingDINO  

lmm.model.layers.9.self_attn.q_proj.lora_B.weight - torch.Size([896, 128]): 
The value is the same before and after calling `init_weights` of GroundingDINO  

lmm.model.layers.9.self_attn.q_proj.ori_model.weight - torch.Size([896, 896]): 
The value is the same before and after calling `init_weights` of GroundingDINO  

lmm.model.layers.9.self_attn.q_proj.ori_model.bias - torch.Size([896]): 
The value is the same before and after calling `init_weights` of GroundingDINO  

lmm.model.layers.9.self_attn.k_proj.lora_A.weight - torch.Size([128, 896]): 
The value is the same before and after calling `init_weights` of GroundingDINO  

lmm.model.layers.9.self_attn.k_proj.lora_B.weight - torch.Size([128, 128]): 
The value is the same before and after calling `init_weights` of GroundingDINO  

lmm.model.layers.9.self_attn.k_proj.ori_model.weight - torch.Size([128, 896]): 
The value is the same before and after calling `init_weights` of GroundingDINO  

lmm.model.layers.9.self_attn.k_proj.ori_model.bias - torch.Size([128]): 
The value is the same before and after calling `init_weights` of GroundingDINO  

lmm.model.layers.9.self_attn.v_proj.lora_A.weight - torch.Size([128, 896]): 
The value is the same before and after calling `init_weights` of GroundingDINO  

lmm.model.layers.9.self_attn.v_proj.lora_B.weight - torch.Size([128, 128]): 
The value is the same before and after calling `init_weights` of GroundingDINO  

lmm.model.layers.9.self_attn.v_proj.ori_model.weight - torch.Size([128, 896]): 
The value is the same before and after calling `init_weights` of GroundingDINO  

lmm.model.layers.9.self_attn.v_proj.ori_model.bias - torch.Size([128]): 
The value is the same before and after calling `init_weights` of GroundingDINO  

lmm.model.layers.9.self_attn.o_proj.lora_A.weight - torch.Size([128, 896]): 
The value is the same before and after calling `init_weights` of GroundingDINO  

lmm.model.layers.9.self_attn.o_proj.lora_B.weight - torch.Size([896, 128]): 
The value is the same before and after calling `init_weights` of GroundingDINO  

lmm.model.layers.9.self_attn.o_proj.ori_model.weight - torch.Size([896, 896]): 
The value is the same before and after calling `init_weights` of GroundingDINO  

lmm.model.layers.9.mlp.gate_proj.lora_A.weight - torch.Size([128, 896]): 
The value is the same before and after calling `init_weights` of GroundingDINO  

lmm.model.layers.9.mlp.gate_proj.lora_B.weight - torch.Size([4864, 128]): 
The value is the same before and after calling `init_weights` of GroundingDINO  

lmm.model.layers.9.mlp.gate_proj.ori_model.weight - torch.Size([4864, 896]): 
The value is the same before and after calling `init_weights` of GroundingDINO  

lmm.model.layers.9.mlp.up_proj.lora_A.weight - torch.Size([128, 896]): 
The value is the same before and after calling `init_weights` of GroundingDINO  

lmm.model.layers.9.mlp.up_proj.lora_B.weight - torch.Size([4864, 128]): 
The value is the same before and after calling `init_weights` of GroundingDINO  

lmm.model.layers.9.mlp.up_proj.ori_model.weight - torch.Size([4864, 896]): 
The value is the same before and after calling `init_weights` of GroundingDINO  

lmm.model.layers.9.mlp.down_proj.lora_A.weight - torch.Size([128, 4864]): 
The value is the same before and after calling `init_weights` of GroundingDINO  

lmm.model.layers.9.mlp.down_proj.lora_B.weight - torch.Size([896, 128]): 
The value is the same before and after calling `init_weights` of GroundingDINO  

lmm.model.layers.9.mlp.down_proj.ori_model.weight - torch.Size([896, 4864]): 
The value is the same before and after calling `init_weights` of GroundingDINO  

lmm.model.layers.9.input_layernorm.weight - torch.Size([896]): 
The value is the same before and after calling `init_weights` of GroundingDINO  

lmm.model.layers.9.post_attention_layernorm.weight - torch.Size([896]): 
The value is the same before and after calling `init_weights` of GroundingDINO  

lmm.model.layers.10.self_attn.q_proj.lora_A.weight - torch.Size([128, 896]): 
The value is the same before and after calling `init_weights` of GroundingDINO  

lmm.model.layers.10.self_attn.q_proj.lora_B.weight - torch.Size([896, 128]): 
The value is the same before and after calling `init_weights` of GroundingDINO  

lmm.model.layers.10.self_attn.q_proj.ori_model.weight - torch.Size([896, 896]): 
The value is the same before and after calling `init_weights` of GroundingDINO  

lmm.model.layers.10.self_attn.q_proj.ori_model.bias - torch.Size([896]): 
The value is the same before and after calling `init_weights` of GroundingDINO  

lmm.model.layers.10.self_attn.k_proj.lora_A.weight - torch.Size([128, 896]): 
The value is the same before and after calling `init_weights` of GroundingDINO  

lmm.model.layers.10.self_attn.k_proj.lora_B.weight - torch.Size([128, 128]): 
The value is the same before and after calling `init_weights` of GroundingDINO  

lmm.model.layers.10.self_attn.k_proj.ori_model.weight - torch.Size([128, 896]): 
The value is the same before and after calling `init_weights` of GroundingDINO  

lmm.model.layers.10.self_attn.k_proj.ori_model.bias - torch.Size([128]): 
The value is the same before and after calling `init_weights` of GroundingDINO  

lmm.model.layers.10.self_attn.v_proj.lora_A.weight - torch.Size([128, 896]): 
The value is the same before and after calling `init_weights` of GroundingDINO  

lmm.model.layers.10.self_attn.v_proj.lora_B.weight - torch.Size([128, 128]): 
The value is the same before and after calling `init_weights` of GroundingDINO  

lmm.model.layers.10.self_attn.v_proj.ori_model.weight - torch.Size([128, 896]): 
The value is the same before and after calling `init_weights` of GroundingDINO  

lmm.model.layers.10.self_attn.v_proj.ori_model.bias - torch.Size([128]): 
The value is the same before and after calling `init_weights` of GroundingDINO  

lmm.model.layers.10.self_attn.o_proj.lora_A.weight - torch.Size([128, 896]): 
The value is the same before and after calling `init_weights` of GroundingDINO  

lmm.model.layers.10.self_attn.o_proj.lora_B.weight - torch.Size([896, 128]): 
The value is the same before and after calling `init_weights` of GroundingDINO  

lmm.model.layers.10.self_attn.o_proj.ori_model.weight - torch.Size([896, 896]): 
The value is the same before and after calling `init_weights` of GroundingDINO  

lmm.model.layers.10.mlp.gate_proj.lora_A.weight - torch.Size([128, 896]): 
The value is the same before and after calling `init_weights` of GroundingDINO  

lmm.model.layers.10.mlp.gate_proj.lora_B.weight - torch.Size([4864, 128]): 
The value is the same before and after calling `init_weights` of GroundingDINO  

lmm.model.layers.10.mlp.gate_proj.ori_model.weight - torch.Size([4864, 896]): 
The value is the same before and after calling `init_weights` of GroundingDINO  

lmm.model.layers.10.mlp.up_proj.lora_A.weight - torch.Size([128, 896]): 
The value is the same before and after calling `init_weights` of GroundingDINO  

lmm.model.layers.10.mlp.up_proj.lora_B.weight - torch.Size([4864, 128]): 
The value is the same before and after calling `init_weights` of GroundingDINO  

lmm.model.layers.10.mlp.up_proj.ori_model.weight - torch.Size([4864, 896]): 
The value is the same before and after calling `init_weights` of GroundingDINO  

lmm.model.layers.10.mlp.down_proj.lora_A.weight - torch.Size([128, 4864]): 
The value is the same before and after calling `init_weights` of GroundingDINO  

lmm.model.layers.10.mlp.down_proj.lora_B.weight - torch.Size([896, 128]): 
The value is the same before and after calling `init_weights` of GroundingDINO  

lmm.model.layers.10.mlp.down_proj.ori_model.weight - torch.Size([896, 4864]): 
The value is the same before and after calling `init_weights` of GroundingDINO  

lmm.model.layers.10.input_layernorm.weight - torch.Size([896]): 
The value is the same before and after calling `init_weights` of GroundingDINO  

lmm.model.layers.10.post_attention_layernorm.weight - torch.Size([896]): 
The value is the same before and after calling `init_weights` of GroundingDINO  

lmm.model.layers.11.self_attn.q_proj.lora_A.weight - torch.Size([128, 896]): 
The value is the same before and after calling `init_weights` of GroundingDINO  

lmm.model.layers.11.self_attn.q_proj.lora_B.weight - torch.Size([896, 128]): 
The value is the same before and after calling `init_weights` of GroundingDINO  

lmm.model.layers.11.self_attn.q_proj.ori_model.weight - torch.Size([896, 896]): 
The value is the same before and after calling `init_weights` of GroundingDINO  

lmm.model.layers.11.self_attn.q_proj.ori_model.bias - torch.Size([896]): 
The value is the same before and after calling `init_weights` of GroundingDINO  

lmm.model.layers.11.self_attn.k_proj.lora_A.weight - torch.Size([128, 896]): 
The value is the same before and after calling `init_weights` of GroundingDINO  

lmm.model.layers.11.self_attn.k_proj.lora_B.weight - torch.Size([128, 128]): 
The value is the same before and after calling `init_weights` of GroundingDINO  

lmm.model.layers.11.self_attn.k_proj.ori_model.weight - torch.Size([128, 896]): 
The value is the same before and after calling `init_weights` of GroundingDINO  

lmm.model.layers.11.self_attn.k_proj.ori_model.bias - torch.Size([128]): 
The value is the same before and after calling `init_weights` of GroundingDINO  

lmm.model.layers.11.self_attn.v_proj.lora_A.weight - torch.Size([128, 896]): 
The value is the same before and after calling `init_weights` of GroundingDINO  

lmm.model.layers.11.self_attn.v_proj.lora_B.weight - torch.Size([128, 128]): 
The value is the same before and after calling `init_weights` of GroundingDINO  

lmm.model.layers.11.self_attn.v_proj.ori_model.weight - torch.Size([128, 896]): 
The value is the same before and after calling `init_weights` of GroundingDINO  

lmm.model.layers.11.self_attn.v_proj.ori_model.bias - torch.Size([128]): 
The value is the same before and after calling `init_weights` of GroundingDINO  

lmm.model.layers.11.self_attn.o_proj.lora_A.weight - torch.Size([128, 896]): 
The value is the same before and after calling `init_weights` of GroundingDINO  

lmm.model.layers.11.self_attn.o_proj.lora_B.weight - torch.Size([896, 128]): 
The value is the same before and after calling `init_weights` of GroundingDINO  

lmm.model.layers.11.self_attn.o_proj.ori_model.weight - torch.Size([896, 896]): 
The value is the same before and after calling `init_weights` of GroundingDINO  

lmm.model.layers.11.mlp.gate_proj.lora_A.weight - torch.Size([128, 896]): 
The value is the same before and after calling `init_weights` of GroundingDINO  

lmm.model.layers.11.mlp.gate_proj.lora_B.weight - torch.Size([4864, 128]): 
The value is the same before and after calling `init_weights` of GroundingDINO  

lmm.model.layers.11.mlp.gate_proj.ori_model.weight - torch.Size([4864, 896]): 
The value is the same before and after calling `init_weights` of GroundingDINO  

lmm.model.layers.11.mlp.up_proj.lora_A.weight - torch.Size([128, 896]): 
The value is the same before and after calling `init_weights` of GroundingDINO  

lmm.model.layers.11.mlp.up_proj.lora_B.weight - torch.Size([4864, 128]): 
The value is the same before and after calling `init_weights` of GroundingDINO  

lmm.model.layers.11.mlp.up_proj.ori_model.weight - torch.Size([4864, 896]): 
The value is the same before and after calling `init_weights` of GroundingDINO  

lmm.model.layers.11.mlp.down_proj.lora_A.weight - torch.Size([128, 4864]): 
The value is the same before and after calling `init_weights` of GroundingDINO  

lmm.model.layers.11.mlp.down_proj.lora_B.weight - torch.Size([896, 128]): 
The value is the same before and after calling `init_weights` of GroundingDINO  

lmm.model.layers.11.mlp.down_proj.ori_model.weight - torch.Size([896, 4864]): 
The value is the same before and after calling `init_weights` of GroundingDINO  

lmm.model.layers.11.input_layernorm.weight - torch.Size([896]): 
The value is the same before and after calling `init_weights` of GroundingDINO  

lmm.model.layers.11.post_attention_layernorm.weight - torch.Size([896]): 
The value is the same before and after calling `init_weights` of GroundingDINO  

lmm.model.layers.12.self_attn.q_proj.lora_A.weight - torch.Size([128, 896]): 
The value is the same before and after calling `init_weights` of GroundingDINO  

lmm.model.layers.12.self_attn.q_proj.lora_B.weight - torch.Size([896, 128]): 
The value is the same before and after calling `init_weights` of GroundingDINO  

lmm.model.layers.12.self_attn.q_proj.ori_model.weight - torch.Size([896, 896]): 
The value is the same before and after calling `init_weights` of GroundingDINO  

lmm.model.layers.12.self_attn.q_proj.ori_model.bias - torch.Size([896]): 
The value is the same before and after calling `init_weights` of GroundingDINO  

lmm.model.layers.12.self_attn.k_proj.lora_A.weight - torch.Size([128, 896]): 
The value is the same before and after calling `init_weights` of GroundingDINO  

lmm.model.layers.12.self_attn.k_proj.lora_B.weight - torch.Size([128, 128]): 
The value is the same before and after calling `init_weights` of GroundingDINO  

lmm.model.layers.12.self_attn.k_proj.ori_model.weight - torch.Size([128, 896]): 
The value is the same before and after calling `init_weights` of GroundingDINO  

lmm.model.layers.12.self_attn.k_proj.ori_model.bias - torch.Size([128]): 
The value is the same before and after calling `init_weights` of GroundingDINO  

lmm.model.layers.12.self_attn.v_proj.lora_A.weight - torch.Size([128, 896]): 
The value is the same before and after calling `init_weights` of GroundingDINO  

lmm.model.layers.12.self_attn.v_proj.lora_B.weight - torch.Size([128, 128]): 
The value is the same before and after calling `init_weights` of GroundingDINO  

lmm.model.layers.12.self_attn.v_proj.ori_model.weight - torch.Size([128, 896]): 
The value is the same before and after calling `init_weights` of GroundingDINO  

lmm.model.layers.12.self_attn.v_proj.ori_model.bias - torch.Size([128]): 
The value is the same before and after calling `init_weights` of GroundingDINO  

lmm.model.layers.12.self_attn.o_proj.lora_A.weight - torch.Size([128, 896]): 
The value is the same before and after calling `init_weights` of GroundingDINO  

lmm.model.layers.12.self_attn.o_proj.lora_B.weight - torch.Size([896, 128]): 
The value is the same before and after calling `init_weights` of GroundingDINO  

lmm.model.layers.12.self_attn.o_proj.ori_model.weight - torch.Size([896, 896]): 
The value is the same before and after calling `init_weights` of GroundingDINO  

lmm.model.layers.12.mlp.gate_proj.lora_A.weight - torch.Size([128, 896]): 
The value is the same before and after calling `init_weights` of GroundingDINO  

lmm.model.layers.12.mlp.gate_proj.lora_B.weight - torch.Size([4864, 128]): 
The value is the same before and after calling `init_weights` of GroundingDINO  

lmm.model.layers.12.mlp.gate_proj.ori_model.weight - torch.Size([4864, 896]): 
The value is the same before and after calling `init_weights` of GroundingDINO  

lmm.model.layers.12.mlp.up_proj.lora_A.weight - torch.Size([128, 896]): 
The value is the same before and after calling `init_weights` of GroundingDINO  

lmm.model.layers.12.mlp.up_proj.lora_B.weight - torch.Size([4864, 128]): 
The value is the same before and after calling `init_weights` of GroundingDINO  

lmm.model.layers.12.mlp.up_proj.ori_model.weight - torch.Size([4864, 896]): 
The value is the same before and after calling `init_weights` of GroundingDINO  

lmm.model.layers.12.mlp.down_proj.lora_A.weight - torch.Size([128, 4864]): 
The value is the same before and after calling `init_weights` of GroundingDINO  

lmm.model.layers.12.mlp.down_proj.lora_B.weight - torch.Size([896, 128]): 
The value is the same before and after calling `init_weights` of GroundingDINO  

lmm.model.layers.12.mlp.down_proj.ori_model.weight - torch.Size([896, 4864]): 
The value is the same before and after calling `init_weights` of GroundingDINO  

lmm.model.layers.12.input_layernorm.weight - torch.Size([896]): 
The value is the same before and after calling `init_weights` of GroundingDINO  

lmm.model.layers.12.post_attention_layernorm.weight - torch.Size([896]): 
The value is the same before and after calling `init_weights` of GroundingDINO  

lmm.model.layers.12.down_proj.weight - torch.Size([256, 896]): 
The value is the same before and after calling `init_weights` of GroundingDINO  

lmm.model.layers.12.down_proj.bias - torch.Size([256]): 
The value is the same before and after calling `init_weights` of GroundingDINO  

lmm.model.layers.12.up_proj.weight - torch.Size([896, 256]): 
The value is the same before and after calling `init_weights` of GroundingDINO  

lmm.model.layers.12.up_proj.bias - torch.Size([896]): 
The value is the same before and after calling `init_weights` of GroundingDINO  

lmm.model.layers.12.corss_attn_norm.weight - torch.Size([896]): 
The value is the same before and after calling `init_weights` of GroundingDINO  

lmm.model.layers.12.cross_attn.sampling_offsets.weight - torch.Size([256, 256]): 
The value is the same before and after calling `init_weights` of GroundingDINO  

lmm.model.layers.12.cross_attn.sampling_offsets.bias - torch.Size([256]): 
The value is the same before and after calling `init_weights` of GroundingDINO  

lmm.model.layers.12.cross_attn.attention_weights.weight - torch.Size([128, 256]): 
The value is the same before and after calling `init_weights` of GroundingDINO  

lmm.model.layers.12.cross_attn.attention_weights.bias - torch.Size([128]): 
The value is the same before and after calling `init_weights` of GroundingDINO  

lmm.model.layers.12.cross_attn.value_proj.weight - torch.Size([256, 256]): 
The value is the same before and after calling `init_weights` of GroundingDINO  

lmm.model.layers.12.cross_attn.value_proj.bias - torch.Size([256]): 
The value is the same before and after calling `init_weights` of GroundingDINO  

lmm.model.layers.12.cross_attn.output_proj.weight - torch.Size([256, 256]): 
The value is the same before and after calling `init_weights` of GroundingDINO  

lmm.model.layers.12.cross_attn.output_proj.bias - torch.Size([256]): 
The value is the same before and after calling `init_weights` of GroundingDINO  

lmm.model.layers.13.self_attn.q_proj.lora_A.weight - torch.Size([128, 896]): 
The value is the same before and after calling `init_weights` of GroundingDINO  

lmm.model.layers.13.self_attn.q_proj.lora_B.weight - torch.Size([896, 128]): 
The value is the same before and after calling `init_weights` of GroundingDINO  

lmm.model.layers.13.self_attn.q_proj.ori_model.weight - torch.Size([896, 896]): 
The value is the same before and after calling `init_weights` of GroundingDINO  

lmm.model.layers.13.self_attn.q_proj.ori_model.bias - torch.Size([896]): 
The value is the same before and after calling `init_weights` of GroundingDINO  

lmm.model.layers.13.self_attn.k_proj.lora_A.weight - torch.Size([128, 896]): 
The value is the same before and after calling `init_weights` of GroundingDINO  

lmm.model.layers.13.self_attn.k_proj.lora_B.weight - torch.Size([128, 128]): 
The value is the same before and after calling `init_weights` of GroundingDINO  

lmm.model.layers.13.self_attn.k_proj.ori_model.weight - torch.Size([128, 896]): 
The value is the same before and after calling `init_weights` of GroundingDINO  

lmm.model.layers.13.self_attn.k_proj.ori_model.bias - torch.Size([128]): 
The value is the same before and after calling `init_weights` of GroundingDINO  

lmm.model.layers.13.self_attn.v_proj.lora_A.weight - torch.Size([128, 896]): 
The value is the same before and after calling `init_weights` of GroundingDINO  

lmm.model.layers.13.self_attn.v_proj.lora_B.weight - torch.Size([128, 128]): 
The value is the same before and after calling `init_weights` of GroundingDINO  

lmm.model.layers.13.self_attn.v_proj.ori_model.weight - torch.Size([128, 896]): 
The value is the same before and after calling `init_weights` of GroundingDINO  

lmm.model.layers.13.self_attn.v_proj.ori_model.bias - torch.Size([128]): 
The value is the same before and after calling `init_weights` of GroundingDINO  

lmm.model.layers.13.self_attn.o_proj.lora_A.weight - torch.Size([128, 896]): 
The value is the same before and after calling `init_weights` of GroundingDINO  

lmm.model.layers.13.self_attn.o_proj.lora_B.weight - torch.Size([896, 128]): 
The value is the same before and after calling `init_weights` of GroundingDINO  

lmm.model.layers.13.self_attn.o_proj.ori_model.weight - torch.Size([896, 896]): 
The value is the same before and after calling `init_weights` of GroundingDINO  

lmm.model.layers.13.mlp.gate_proj.lora_A.weight - torch.Size([128, 896]): 
The value is the same before and after calling `init_weights` of GroundingDINO  

lmm.model.layers.13.mlp.gate_proj.lora_B.weight - torch.Size([4864, 128]): 
The value is the same before and after calling `init_weights` of GroundingDINO  

lmm.model.layers.13.mlp.gate_proj.ori_model.weight - torch.Size([4864, 896]): 
The value is the same before and after calling `init_weights` of GroundingDINO  

lmm.model.layers.13.mlp.up_proj.lora_A.weight - torch.Size([128, 896]): 
The value is the same before and after calling `init_weights` of GroundingDINO  

lmm.model.layers.13.mlp.up_proj.lora_B.weight - torch.Size([4864, 128]): 
The value is the same before and after calling `init_weights` of GroundingDINO  

lmm.model.layers.13.mlp.up_proj.ori_model.weight - torch.Size([4864, 896]): 
The value is the same before and after calling `init_weights` of GroundingDINO  

lmm.model.layers.13.mlp.down_proj.lora_A.weight - torch.Size([128, 4864]): 
The value is the same before and after calling `init_weights` of GroundingDINO  

lmm.model.layers.13.mlp.down_proj.lora_B.weight - torch.Size([896, 128]): 
The value is the same before and after calling `init_weights` of GroundingDINO  

lmm.model.layers.13.mlp.down_proj.ori_model.weight - torch.Size([896, 4864]): 
The value is the same before and after calling `init_weights` of GroundingDINO  

lmm.model.layers.13.input_layernorm.weight - torch.Size([896]): 
The value is the same before and after calling `init_weights` of GroundingDINO  

lmm.model.layers.13.post_attention_layernorm.weight - torch.Size([896]): 
The value is the same before and after calling `init_weights` of GroundingDINO  

lmm.model.layers.14.self_attn.q_proj.lora_A.weight - torch.Size([128, 896]): 
The value is the same before and after calling `init_weights` of GroundingDINO  

lmm.model.layers.14.self_attn.q_proj.lora_B.weight - torch.Size([896, 128]): 
The value is the same before and after calling `init_weights` of GroundingDINO  

lmm.model.layers.14.self_attn.q_proj.ori_model.weight - torch.Size([896, 896]): 
The value is the same before and after calling `init_weights` of GroundingDINO  

lmm.model.layers.14.self_attn.q_proj.ori_model.bias - torch.Size([896]): 
The value is the same before and after calling `init_weights` of GroundingDINO  

lmm.model.layers.14.self_attn.k_proj.lora_A.weight - torch.Size([128, 896]): 
The value is the same before and after calling `init_weights` of GroundingDINO  

lmm.model.layers.14.self_attn.k_proj.lora_B.weight - torch.Size([128, 128]): 
The value is the same before and after calling `init_weights` of GroundingDINO  

lmm.model.layers.14.self_attn.k_proj.ori_model.weight - torch.Size([128, 896]): 
The value is the same before and after calling `init_weights` of GroundingDINO  

lmm.model.layers.14.self_attn.k_proj.ori_model.bias - torch.Size([128]): 
The value is the same before and after calling `init_weights` of GroundingDINO  

lmm.model.layers.14.self_attn.v_proj.lora_A.weight - torch.Size([128, 896]): 
The value is the same before and after calling `init_weights` of GroundingDINO  

lmm.model.layers.14.self_attn.v_proj.lora_B.weight - torch.Size([128, 128]): 
The value is the same before and after calling `init_weights` of GroundingDINO  

lmm.model.layers.14.self_attn.v_proj.ori_model.weight - torch.Size([128, 896]): 
The value is the same before and after calling `init_weights` of GroundingDINO  

lmm.model.layers.14.self_attn.v_proj.ori_model.bias - torch.Size([128]): 
The value is the same before and after calling `init_weights` of GroundingDINO  

lmm.model.layers.14.self_attn.o_proj.lora_A.weight - torch.Size([128, 896]): 
The value is the same before and after calling `init_weights` of GroundingDINO  

lmm.model.layers.14.self_attn.o_proj.lora_B.weight - torch.Size([896, 128]): 
The value is the same before and after calling `init_weights` of GroundingDINO  

lmm.model.layers.14.self_attn.o_proj.ori_model.weight - torch.Size([896, 896]): 
The value is the same before and after calling `init_weights` of GroundingDINO  

lmm.model.layers.14.mlp.gate_proj.lora_A.weight - torch.Size([128, 896]): 
The value is the same before and after calling `init_weights` of GroundingDINO  

lmm.model.layers.14.mlp.gate_proj.lora_B.weight - torch.Size([4864, 128]): 
The value is the same before and after calling `init_weights` of GroundingDINO  

lmm.model.layers.14.mlp.gate_proj.ori_model.weight - torch.Size([4864, 896]): 
The value is the same before and after calling `init_weights` of GroundingDINO  

lmm.model.layers.14.mlp.up_proj.lora_A.weight - torch.Size([128, 896]): 
The value is the same before and after calling `init_weights` of GroundingDINO  

lmm.model.layers.14.mlp.up_proj.lora_B.weight - torch.Size([4864, 128]): 
The value is the same before and after calling `init_weights` of GroundingDINO  

lmm.model.layers.14.mlp.up_proj.ori_model.weight - torch.Size([4864, 896]): 
The value is the same before and after calling `init_weights` of GroundingDINO  

lmm.model.layers.14.mlp.down_proj.lora_A.weight - torch.Size([128, 4864]): 
The value is the same before and after calling `init_weights` of GroundingDINO  

lmm.model.layers.14.mlp.down_proj.lora_B.weight - torch.Size([896, 128]): 
The value is the same before and after calling `init_weights` of GroundingDINO  

lmm.model.layers.14.mlp.down_proj.ori_model.weight - torch.Size([896, 4864]): 
The value is the same before and after calling `init_weights` of GroundingDINO  

lmm.model.layers.14.input_layernorm.weight - torch.Size([896]): 
The value is the same before and after calling `init_weights` of GroundingDINO  

lmm.model.layers.14.post_attention_layernorm.weight - torch.Size([896]): 
The value is the same before and after calling `init_weights` of GroundingDINO  

lmm.model.layers.15.self_attn.q_proj.lora_A.weight - torch.Size([128, 896]): 
The value is the same before and after calling `init_weights` of GroundingDINO  

lmm.model.layers.15.self_attn.q_proj.lora_B.weight - torch.Size([896, 128]): 
The value is the same before and after calling `init_weights` of GroundingDINO  

lmm.model.layers.15.self_attn.q_proj.ori_model.weight - torch.Size([896, 896]): 
The value is the same before and after calling `init_weights` of GroundingDINO  

lmm.model.layers.15.self_attn.q_proj.ori_model.bias - torch.Size([896]): 
The value is the same before and after calling `init_weights` of GroundingDINO  

lmm.model.layers.15.self_attn.k_proj.lora_A.weight - torch.Size([128, 896]): 
The value is the same before and after calling `init_weights` of GroundingDINO  

lmm.model.layers.15.self_attn.k_proj.lora_B.weight - torch.Size([128, 128]): 
The value is the same before and after calling `init_weights` of GroundingDINO  

lmm.model.layers.15.self_attn.k_proj.ori_model.weight - torch.Size([128, 896]): 
The value is the same before and after calling `init_weights` of GroundingDINO  

lmm.model.layers.15.self_attn.k_proj.ori_model.bias - torch.Size([128]): 
The value is the same before and after calling `init_weights` of GroundingDINO  

lmm.model.layers.15.self_attn.v_proj.lora_A.weight - torch.Size([128, 896]): 
The value is the same before and after calling `init_weights` of GroundingDINO  

lmm.model.layers.15.self_attn.v_proj.lora_B.weight - torch.Size([128, 128]): 
The value is the same before and after calling `init_weights` of GroundingDINO  

lmm.model.layers.15.self_attn.v_proj.ori_model.weight - torch.Size([128, 896]): 
The value is the same before and after calling `init_weights` of GroundingDINO  

lmm.model.layers.15.self_attn.v_proj.ori_model.bias - torch.Size([128]): 
The value is the same before and after calling `init_weights` of GroundingDINO  

lmm.model.layers.15.self_attn.o_proj.lora_A.weight - torch.Size([128, 896]): 
The value is the same before and after calling `init_weights` of GroundingDINO  

lmm.model.layers.15.self_attn.o_proj.lora_B.weight - torch.Size([896, 128]): 
The value is the same before and after calling `init_weights` of GroundingDINO  

lmm.model.layers.15.self_attn.o_proj.ori_model.weight - torch.Size([896, 896]): 
The value is the same before and after calling `init_weights` of GroundingDINO  

lmm.model.layers.15.mlp.gate_proj.lora_A.weight - torch.Size([128, 896]): 
The value is the same before and after calling `init_weights` of GroundingDINO  

lmm.model.layers.15.mlp.gate_proj.lora_B.weight - torch.Size([4864, 128]): 
The value is the same before and after calling `init_weights` of GroundingDINO  

lmm.model.layers.15.mlp.gate_proj.ori_model.weight - torch.Size([4864, 896]): 
The value is the same before and after calling `init_weights` of GroundingDINO  

lmm.model.layers.15.mlp.up_proj.lora_A.weight - torch.Size([128, 896]): 
The value is the same before and after calling `init_weights` of GroundingDINO  

lmm.model.layers.15.mlp.up_proj.lora_B.weight - torch.Size([4864, 128]): 
The value is the same before and after calling `init_weights` of GroundingDINO  

lmm.model.layers.15.mlp.up_proj.ori_model.weight - torch.Size([4864, 896]): 
The value is the same before and after calling `init_weights` of GroundingDINO  

lmm.model.layers.15.mlp.down_proj.lora_A.weight - torch.Size([128, 4864]): 
The value is the same before and after calling `init_weights` of GroundingDINO  

lmm.model.layers.15.mlp.down_proj.lora_B.weight - torch.Size([896, 128]): 
The value is the same before and after calling `init_weights` of GroundingDINO  

lmm.model.layers.15.mlp.down_proj.ori_model.weight - torch.Size([896, 4864]): 
The value is the same before and after calling `init_weights` of GroundingDINO  

lmm.model.layers.15.input_layernorm.weight - torch.Size([896]): 
The value is the same before and after calling `init_weights` of GroundingDINO  

lmm.model.layers.15.post_attention_layernorm.weight - torch.Size([896]): 
The value is the same before and after calling `init_weights` of GroundingDINO  

lmm.model.layers.16.self_attn.q_proj.lora_A.weight - torch.Size([128, 896]): 
The value is the same before and after calling `init_weights` of GroundingDINO  

lmm.model.layers.16.self_attn.q_proj.lora_B.weight - torch.Size([896, 128]): 
The value is the same before and after calling `init_weights` of GroundingDINO  

lmm.model.layers.16.self_attn.q_proj.ori_model.weight - torch.Size([896, 896]): 
The value is the same before and after calling `init_weights` of GroundingDINO  

lmm.model.layers.16.self_attn.q_proj.ori_model.bias - torch.Size([896]): 
The value is the same before and after calling `init_weights` of GroundingDINO  

lmm.model.layers.16.self_attn.k_proj.lora_A.weight - torch.Size([128, 896]): 
The value is the same before and after calling `init_weights` of GroundingDINO  

lmm.model.layers.16.self_attn.k_proj.lora_B.weight - torch.Size([128, 128]): 
The value is the same before and after calling `init_weights` of GroundingDINO  

lmm.model.layers.16.self_attn.k_proj.ori_model.weight - torch.Size([128, 896]): 
The value is the same before and after calling `init_weights` of GroundingDINO  

lmm.model.layers.16.self_attn.k_proj.ori_model.bias - torch.Size([128]): 
The value is the same before and after calling `init_weights` of GroundingDINO  

lmm.model.layers.16.self_attn.v_proj.lora_A.weight - torch.Size([128, 896]): 
The value is the same before and after calling `init_weights` of GroundingDINO  

lmm.model.layers.16.self_attn.v_proj.lora_B.weight - torch.Size([128, 128]): 
The value is the same before and after calling `init_weights` of GroundingDINO  

lmm.model.layers.16.self_attn.v_proj.ori_model.weight - torch.Size([128, 896]): 
The value is the same before and after calling `init_weights` of GroundingDINO  

lmm.model.layers.16.self_attn.v_proj.ori_model.bias - torch.Size([128]): 
The value is the same before and after calling `init_weights` of GroundingDINO  

lmm.model.layers.16.self_attn.o_proj.lora_A.weight - torch.Size([128, 896]): 
The value is the same before and after calling `init_weights` of GroundingDINO  

lmm.model.layers.16.self_attn.o_proj.lora_B.weight - torch.Size([896, 128]): 
The value is the same before and after calling `init_weights` of GroundingDINO  

lmm.model.layers.16.self_attn.o_proj.ori_model.weight - torch.Size([896, 896]): 
The value is the same before and after calling `init_weights` of GroundingDINO  

lmm.model.layers.16.mlp.gate_proj.lora_A.weight - torch.Size([128, 896]): 
The value is the same before and after calling `init_weights` of GroundingDINO  

lmm.model.layers.16.mlp.gate_proj.lora_B.weight - torch.Size([4864, 128]): 
The value is the same before and after calling `init_weights` of GroundingDINO  

lmm.model.layers.16.mlp.gate_proj.ori_model.weight - torch.Size([4864, 896]): 
The value is the same before and after calling `init_weights` of GroundingDINO  

lmm.model.layers.16.mlp.up_proj.lora_A.weight - torch.Size([128, 896]): 
The value is the same before and after calling `init_weights` of GroundingDINO  

lmm.model.layers.16.mlp.up_proj.lora_B.weight - torch.Size([4864, 128]): 
The value is the same before and after calling `init_weights` of GroundingDINO  

lmm.model.layers.16.mlp.up_proj.ori_model.weight - torch.Size([4864, 896]): 
The value is the same before and after calling `init_weights` of GroundingDINO  

lmm.model.layers.16.mlp.down_proj.lora_A.weight - torch.Size([128, 4864]): 
The value is the same before and after calling `init_weights` of GroundingDINO  

lmm.model.layers.16.mlp.down_proj.lora_B.weight - torch.Size([896, 128]): 
The value is the same before and after calling `init_weights` of GroundingDINO  

lmm.model.layers.16.mlp.down_proj.ori_model.weight - torch.Size([896, 4864]): 
The value is the same before and after calling `init_weights` of GroundingDINO  

lmm.model.layers.16.input_layernorm.weight - torch.Size([896]): 
The value is the same before and after calling `init_weights` of GroundingDINO  

lmm.model.layers.16.post_attention_layernorm.weight - torch.Size([896]): 
The value is the same before and after calling `init_weights` of GroundingDINO  

lmm.model.layers.16.down_proj.weight - torch.Size([256, 896]): 
The value is the same before and after calling `init_weights` of GroundingDINO  

lmm.model.layers.16.down_proj.bias - torch.Size([256]): 
The value is the same before and after calling `init_weights` of GroundingDINO  

lmm.model.layers.16.up_proj.weight - torch.Size([896, 256]): 
The value is the same before and after calling `init_weights` of GroundingDINO  

lmm.model.layers.16.up_proj.bias - torch.Size([896]): 
The value is the same before and after calling `init_weights` of GroundingDINO  

lmm.model.layers.16.corss_attn_norm.weight - torch.Size([896]): 
The value is the same before and after calling `init_weights` of GroundingDINO  

lmm.model.layers.16.cross_attn.sampling_offsets.weight - torch.Size([256, 256]): 
The value is the same before and after calling `init_weights` of GroundingDINO  

lmm.model.layers.16.cross_attn.sampling_offsets.bias - torch.Size([256]): 
The value is the same before and after calling `init_weights` of GroundingDINO  

lmm.model.layers.16.cross_attn.attention_weights.weight - torch.Size([128, 256]): 
The value is the same before and after calling `init_weights` of GroundingDINO  

lmm.model.layers.16.cross_attn.attention_weights.bias - torch.Size([128]): 
The value is the same before and after calling `init_weights` of GroundingDINO  

lmm.model.layers.16.cross_attn.value_proj.weight - torch.Size([256, 256]): 
The value is the same before and after calling `init_weights` of GroundingDINO  

lmm.model.layers.16.cross_attn.value_proj.bias - torch.Size([256]): 
The value is the same before and after calling `init_weights` of GroundingDINO  

lmm.model.layers.16.cross_attn.output_proj.weight - torch.Size([256, 256]): 
The value is the same before and after calling `init_weights` of GroundingDINO  

lmm.model.layers.16.cross_attn.output_proj.bias - torch.Size([256]): 
The value is the same before and after calling `init_weights` of GroundingDINO  

lmm.model.layers.17.self_attn.q_proj.lora_A.weight - torch.Size([128, 896]): 
The value is the same before and after calling `init_weights` of GroundingDINO  

lmm.model.layers.17.self_attn.q_proj.lora_B.weight - torch.Size([896, 128]): 
The value is the same before and after calling `init_weights` of GroundingDINO  

lmm.model.layers.17.self_attn.q_proj.ori_model.weight - torch.Size([896, 896]): 
The value is the same before and after calling `init_weights` of GroundingDINO  

lmm.model.layers.17.self_attn.q_proj.ori_model.bias - torch.Size([896]): 
The value is the same before and after calling `init_weights` of GroundingDINO  

lmm.model.layers.17.self_attn.k_proj.lora_A.weight - torch.Size([128, 896]): 
The value is the same before and after calling `init_weights` of GroundingDINO  

lmm.model.layers.17.self_attn.k_proj.lora_B.weight - torch.Size([128, 128]): 
The value is the same before and after calling `init_weights` of GroundingDINO  

lmm.model.layers.17.self_attn.k_proj.ori_model.weight - torch.Size([128, 896]): 
The value is the same before and after calling `init_weights` of GroundingDINO  

lmm.model.layers.17.self_attn.k_proj.ori_model.bias - torch.Size([128]): 
The value is the same before and after calling `init_weights` of GroundingDINO  

lmm.model.layers.17.self_attn.v_proj.lora_A.weight - torch.Size([128, 896]): 
The value is the same before and after calling `init_weights` of GroundingDINO  

lmm.model.layers.17.self_attn.v_proj.lora_B.weight - torch.Size([128, 128]): 
The value is the same before and after calling `init_weights` of GroundingDINO  

lmm.model.layers.17.self_attn.v_proj.ori_model.weight - torch.Size([128, 896]): 
The value is the same before and after calling `init_weights` of GroundingDINO  

lmm.model.layers.17.self_attn.v_proj.ori_model.bias - torch.Size([128]): 
The value is the same before and after calling `init_weights` of GroundingDINO  

lmm.model.layers.17.self_attn.o_proj.lora_A.weight - torch.Size([128, 896]): 
The value is the same before and after calling `init_weights` of GroundingDINO  

lmm.model.layers.17.self_attn.o_proj.lora_B.weight - torch.Size([896, 128]): 
The value is the same before and after calling `init_weights` of GroundingDINO  

lmm.model.layers.17.self_attn.o_proj.ori_model.weight - torch.Size([896, 896]): 
The value is the same before and after calling `init_weights` of GroundingDINO  

lmm.model.layers.17.mlp.gate_proj.lora_A.weight - torch.Size([128, 896]): 
The value is the same before and after calling `init_weights` of GroundingDINO  

lmm.model.layers.17.mlp.gate_proj.lora_B.weight - torch.Size([4864, 128]): 
The value is the same before and after calling `init_weights` of GroundingDINO  

lmm.model.layers.17.mlp.gate_proj.ori_model.weight - torch.Size([4864, 896]): 
The value is the same before and after calling `init_weights` of GroundingDINO  

lmm.model.layers.17.mlp.up_proj.lora_A.weight - torch.Size([128, 896]): 
The value is the same before and after calling `init_weights` of GroundingDINO  

lmm.model.layers.17.mlp.up_proj.lora_B.weight - torch.Size([4864, 128]): 
The value is the same before and after calling `init_weights` of GroundingDINO  

lmm.model.layers.17.mlp.up_proj.ori_model.weight - torch.Size([4864, 896]): 
The value is the same before and after calling `init_weights` of GroundingDINO  

lmm.model.layers.17.mlp.down_proj.lora_A.weight - torch.Size([128, 4864]): 
The value is the same before and after calling `init_weights` of GroundingDINO  

lmm.model.layers.17.mlp.down_proj.lora_B.weight - torch.Size([896, 128]): 
The value is the same before and after calling `init_weights` of GroundingDINO  

lmm.model.layers.17.mlp.down_proj.ori_model.weight - torch.Size([896, 4864]): 
The value is the same before and after calling `init_weights` of GroundingDINO  

lmm.model.layers.17.input_layernorm.weight - torch.Size([896]): 
The value is the same before and after calling `init_weights` of GroundingDINO  

lmm.model.layers.17.post_attention_layernorm.weight - torch.Size([896]): 
The value is the same before and after calling `init_weights` of GroundingDINO  

lmm.model.layers.18.self_attn.q_proj.lora_A.weight - torch.Size([128, 896]): 
The value is the same before and after calling `init_weights` of GroundingDINO  

lmm.model.layers.18.self_attn.q_proj.lora_B.weight - torch.Size([896, 128]): 
The value is the same before and after calling `init_weights` of GroundingDINO  

lmm.model.layers.18.self_attn.q_proj.ori_model.weight - torch.Size([896, 896]): 
The value is the same before and after calling `init_weights` of GroundingDINO  

lmm.model.layers.18.self_attn.q_proj.ori_model.bias - torch.Size([896]): 
The value is the same before and after calling `init_weights` of GroundingDINO  

lmm.model.layers.18.self_attn.k_proj.lora_A.weight - torch.Size([128, 896]): 
The value is the same before and after calling `init_weights` of GroundingDINO  

lmm.model.layers.18.self_attn.k_proj.lora_B.weight - torch.Size([128, 128]): 
The value is the same before and after calling `init_weights` of GroundingDINO  

lmm.model.layers.18.self_attn.k_proj.ori_model.weight - torch.Size([128, 896]): 
The value is the same before and after calling `init_weights` of GroundingDINO  

lmm.model.layers.18.self_attn.k_proj.ori_model.bias - torch.Size([128]): 
The value is the same before and after calling `init_weights` of GroundingDINO  

lmm.model.layers.18.self_attn.v_proj.lora_A.weight - torch.Size([128, 896]): 
The value is the same before and after calling `init_weights` of GroundingDINO  

lmm.model.layers.18.self_attn.v_proj.lora_B.weight - torch.Size([128, 128]): 
The value is the same before and after calling `init_weights` of GroundingDINO  

lmm.model.layers.18.self_attn.v_proj.ori_model.weight - torch.Size([128, 896]): 
The value is the same before and after calling `init_weights` of GroundingDINO  

lmm.model.layers.18.self_attn.v_proj.ori_model.bias - torch.Size([128]): 
The value is the same before and after calling `init_weights` of GroundingDINO  

lmm.model.layers.18.self_attn.o_proj.lora_A.weight - torch.Size([128, 896]): 
The value is the same before and after calling `init_weights` of GroundingDINO  

lmm.model.layers.18.self_attn.o_proj.lora_B.weight - torch.Size([896, 128]): 
The value is the same before and after calling `init_weights` of GroundingDINO  

lmm.model.layers.18.self_attn.o_proj.ori_model.weight - torch.Size([896, 896]): 
The value is the same before and after calling `init_weights` of GroundingDINO  

lmm.model.layers.18.mlp.gate_proj.lora_A.weight - torch.Size([128, 896]): 
The value is the same before and after calling `init_weights` of GroundingDINO  

lmm.model.layers.18.mlp.gate_proj.lora_B.weight - torch.Size([4864, 128]): 
The value is the same before and after calling `init_weights` of GroundingDINO  

lmm.model.layers.18.mlp.gate_proj.ori_model.weight - torch.Size([4864, 896]): 
The value is the same before and after calling `init_weights` of GroundingDINO  

lmm.model.layers.18.mlp.up_proj.lora_A.weight - torch.Size([128, 896]): 
The value is the same before and after calling `init_weights` of GroundingDINO  

lmm.model.layers.18.mlp.up_proj.lora_B.weight - torch.Size([4864, 128]): 
The value is the same before and after calling `init_weights` of GroundingDINO  

lmm.model.layers.18.mlp.up_proj.ori_model.weight - torch.Size([4864, 896]): 
The value is the same before and after calling `init_weights` of GroundingDINO  

lmm.model.layers.18.mlp.down_proj.lora_A.weight - torch.Size([128, 4864]): 
The value is the same before and after calling `init_weights` of GroundingDINO  

lmm.model.layers.18.mlp.down_proj.lora_B.weight - torch.Size([896, 128]): 
The value is the same before and after calling `init_weights` of GroundingDINO  

lmm.model.layers.18.mlp.down_proj.ori_model.weight - torch.Size([896, 4864]): 
The value is the same before and after calling `init_weights` of GroundingDINO  

lmm.model.layers.18.input_layernorm.weight - torch.Size([896]): 
The value is the same before and after calling `init_weights` of GroundingDINO  

lmm.model.layers.18.post_attention_layernorm.weight - torch.Size([896]): 
The value is the same before and after calling `init_weights` of GroundingDINO  

lmm.model.layers.19.self_attn.q_proj.lora_A.weight - torch.Size([128, 896]): 
The value is the same before and after calling `init_weights` of GroundingDINO  

lmm.model.layers.19.self_attn.q_proj.lora_B.weight - torch.Size([896, 128]): 
The value is the same before and after calling `init_weights` of GroundingDINO  

lmm.model.layers.19.self_attn.q_proj.ori_model.weight - torch.Size([896, 896]): 
The value is the same before and after calling `init_weights` of GroundingDINO  

lmm.model.layers.19.self_attn.q_proj.ori_model.bias - torch.Size([896]): 
The value is the same before and after calling `init_weights` of GroundingDINO  

lmm.model.layers.19.self_attn.k_proj.lora_A.weight - torch.Size([128, 896]): 
The value is the same before and after calling `init_weights` of GroundingDINO  

lmm.model.layers.19.self_attn.k_proj.lora_B.weight - torch.Size([128, 128]): 
The value is the same before and after calling `init_weights` of GroundingDINO  

lmm.model.layers.19.self_attn.k_proj.ori_model.weight - torch.Size([128, 896]): 
The value is the same before and after calling `init_weights` of GroundingDINO  

lmm.model.layers.19.self_attn.k_proj.ori_model.bias - torch.Size([128]): 
The value is the same before and after calling `init_weights` of GroundingDINO  

lmm.model.layers.19.self_attn.v_proj.lora_A.weight - torch.Size([128, 896]): 
The value is the same before and after calling `init_weights` of GroundingDINO  

lmm.model.layers.19.self_attn.v_proj.lora_B.weight - torch.Size([128, 128]): 
The value is the same before and after calling `init_weights` of GroundingDINO  

lmm.model.layers.19.self_attn.v_proj.ori_model.weight - torch.Size([128, 896]): 
The value is the same before and after calling `init_weights` of GroundingDINO  

lmm.model.layers.19.self_attn.v_proj.ori_model.bias - torch.Size([128]): 
The value is the same before and after calling `init_weights` of GroundingDINO  

lmm.model.layers.19.self_attn.o_proj.lora_A.weight - torch.Size([128, 896]): 
The value is the same before and after calling `init_weights` of GroundingDINO  

lmm.model.layers.19.self_attn.o_proj.lora_B.weight - torch.Size([896, 128]): 
The value is the same before and after calling `init_weights` of GroundingDINO  

lmm.model.layers.19.self_attn.o_proj.ori_model.weight - torch.Size([896, 896]): 
The value is the same before and after calling `init_weights` of GroundingDINO  

lmm.model.layers.19.mlp.gate_proj.lora_A.weight - torch.Size([128, 896]): 
The value is the same before and after calling `init_weights` of GroundingDINO  

lmm.model.layers.19.mlp.gate_proj.lora_B.weight - torch.Size([4864, 128]): 
The value is the same before and after calling `init_weights` of GroundingDINO  

lmm.model.layers.19.mlp.gate_proj.ori_model.weight - torch.Size([4864, 896]): 
The value is the same before and after calling `init_weights` of GroundingDINO  

lmm.model.layers.19.mlp.up_proj.lora_A.weight - torch.Size([128, 896]): 
The value is the same before and after calling `init_weights` of GroundingDINO  

lmm.model.layers.19.mlp.up_proj.lora_B.weight - torch.Size([4864, 128]): 
The value is the same before and after calling `init_weights` of GroundingDINO  

lmm.model.layers.19.mlp.up_proj.ori_model.weight - torch.Size([4864, 896]): 
The value is the same before and after calling `init_weights` of GroundingDINO  

lmm.model.layers.19.mlp.down_proj.lora_A.weight - torch.Size([128, 4864]): 
The value is the same before and after calling `init_weights` of GroundingDINO  

lmm.model.layers.19.mlp.down_proj.lora_B.weight - torch.Size([896, 128]): 
The value is the same before and after calling `init_weights` of GroundingDINO  

lmm.model.layers.19.mlp.down_proj.ori_model.weight - torch.Size([896, 4864]): 
The value is the same before and after calling `init_weights` of GroundingDINO  

lmm.model.layers.19.input_layernorm.weight - torch.Size([896]): 
The value is the same before and after calling `init_weights` of GroundingDINO  

lmm.model.layers.19.post_attention_layernorm.weight - torch.Size([896]): 
The value is the same before and after calling `init_weights` of GroundingDINO  

lmm.model.layers.20.self_attn.q_proj.lora_A.weight - torch.Size([128, 896]): 
The value is the same before and after calling `init_weights` of GroundingDINO  

lmm.model.layers.20.self_attn.q_proj.lora_B.weight - torch.Size([896, 128]): 
The value is the same before and after calling `init_weights` of GroundingDINO  

lmm.model.layers.20.self_attn.q_proj.ori_model.weight - torch.Size([896, 896]): 
The value is the same before and after calling `init_weights` of GroundingDINO  

lmm.model.layers.20.self_attn.q_proj.ori_model.bias - torch.Size([896]): 
The value is the same before and after calling `init_weights` of GroundingDINO  

lmm.model.layers.20.self_attn.k_proj.lora_A.weight - torch.Size([128, 896]): 
The value is the same before and after calling `init_weights` of GroundingDINO  

lmm.model.layers.20.self_attn.k_proj.lora_B.weight - torch.Size([128, 128]): 
The value is the same before and after calling `init_weights` of GroundingDINO  

lmm.model.layers.20.self_attn.k_proj.ori_model.weight - torch.Size([128, 896]): 
The value is the same before and after calling `init_weights` of GroundingDINO  

lmm.model.layers.20.self_attn.k_proj.ori_model.bias - torch.Size([128]): 
The value is the same before and after calling `init_weights` of GroundingDINO  

lmm.model.layers.20.self_attn.v_proj.lora_A.weight - torch.Size([128, 896]): 
The value is the same before and after calling `init_weights` of GroundingDINO  

lmm.model.layers.20.self_attn.v_proj.lora_B.weight - torch.Size([128, 128]): 
The value is the same before and after calling `init_weights` of GroundingDINO  

lmm.model.layers.20.self_attn.v_proj.ori_model.weight - torch.Size([128, 896]): 
The value is the same before and after calling `init_weights` of GroundingDINO  

lmm.model.layers.20.self_attn.v_proj.ori_model.bias - torch.Size([128]): 
The value is the same before and after calling `init_weights` of GroundingDINO  

lmm.model.layers.20.self_attn.o_proj.lora_A.weight - torch.Size([128, 896]): 
The value is the same before and after calling `init_weights` of GroundingDINO  

lmm.model.layers.20.self_attn.o_proj.lora_B.weight - torch.Size([896, 128]): 
The value is the same before and after calling `init_weights` of GroundingDINO  

lmm.model.layers.20.self_attn.o_proj.ori_model.weight - torch.Size([896, 896]): 
The value is the same before and after calling `init_weights` of GroundingDINO  

lmm.model.layers.20.mlp.gate_proj.lora_A.weight - torch.Size([128, 896]): 
The value is the same before and after calling `init_weights` of GroundingDINO  

lmm.model.layers.20.mlp.gate_proj.lora_B.weight - torch.Size([4864, 128]): 
The value is the same before and after calling `init_weights` of GroundingDINO  

lmm.model.layers.20.mlp.gate_proj.ori_model.weight - torch.Size([4864, 896]): 
The value is the same before and after calling `init_weights` of GroundingDINO  

lmm.model.layers.20.mlp.up_proj.lora_A.weight - torch.Size([128, 896]): 
The value is the same before and after calling `init_weights` of GroundingDINO  

lmm.model.layers.20.mlp.up_proj.lora_B.weight - torch.Size([4864, 128]): 
The value is the same before and after calling `init_weights` of GroundingDINO  

lmm.model.layers.20.mlp.up_proj.ori_model.weight - torch.Size([4864, 896]): 
The value is the same before and after calling `init_weights` of GroundingDINO  

lmm.model.layers.20.mlp.down_proj.lora_A.weight - torch.Size([128, 4864]): 
The value is the same before and after calling `init_weights` of GroundingDINO  

lmm.model.layers.20.mlp.down_proj.lora_B.weight - torch.Size([896, 128]): 
The value is the same before and after calling `init_weights` of GroundingDINO  

lmm.model.layers.20.mlp.down_proj.ori_model.weight - torch.Size([896, 4864]): 
The value is the same before and after calling `init_weights` of GroundingDINO  

lmm.model.layers.20.input_layernorm.weight - torch.Size([896]): 
The value is the same before and after calling `init_weights` of GroundingDINO  

lmm.model.layers.20.post_attention_layernorm.weight - torch.Size([896]): 
The value is the same before and after calling `init_weights` of GroundingDINO  

lmm.model.layers.20.down_proj.weight - torch.Size([256, 896]): 
The value is the same before and after calling `init_weights` of GroundingDINO  

lmm.model.layers.20.down_proj.bias - torch.Size([256]): 
The value is the same before and after calling `init_weights` of GroundingDINO  

lmm.model.layers.20.up_proj.weight - torch.Size([896, 256]): 
The value is the same before and after calling `init_weights` of GroundingDINO  

lmm.model.layers.20.up_proj.bias - torch.Size([896]): 
The value is the same before and after calling `init_weights` of GroundingDINO  

lmm.model.layers.20.corss_attn_norm.weight - torch.Size([896]): 
The value is the same before and after calling `init_weights` of GroundingDINO  

lmm.model.layers.20.cross_attn.sampling_offsets.weight - torch.Size([256, 256]): 
The value is the same before and after calling `init_weights` of GroundingDINO  

lmm.model.layers.20.cross_attn.sampling_offsets.bias - torch.Size([256]): 
The value is the same before and after calling `init_weights` of GroundingDINO  

lmm.model.layers.20.cross_attn.attention_weights.weight - torch.Size([128, 256]): 
The value is the same before and after calling `init_weights` of GroundingDINO  

lmm.model.layers.20.cross_attn.attention_weights.bias - torch.Size([128]): 
The value is the same before and after calling `init_weights` of GroundingDINO  

lmm.model.layers.20.cross_attn.value_proj.weight - torch.Size([256, 256]): 
The value is the same before and after calling `init_weights` of GroundingDINO  

lmm.model.layers.20.cross_attn.value_proj.bias - torch.Size([256]): 
The value is the same before and after calling `init_weights` of GroundingDINO  

lmm.model.layers.20.cross_attn.output_proj.weight - torch.Size([256, 256]): 
The value is the same before and after calling `init_weights` of GroundingDINO  

lmm.model.layers.20.cross_attn.output_proj.bias - torch.Size([256]): 
The value is the same before and after calling `init_weights` of GroundingDINO  

lmm.model.layers.21.self_attn.q_proj.lora_A.weight - torch.Size([128, 896]): 
The value is the same before and after calling `init_weights` of GroundingDINO  

lmm.model.layers.21.self_attn.q_proj.lora_B.weight - torch.Size([896, 128]): 
The value is the same before and after calling `init_weights` of GroundingDINO  

lmm.model.layers.21.self_attn.q_proj.ori_model.weight - torch.Size([896, 896]): 
The value is the same before and after calling `init_weights` of GroundingDINO  

lmm.model.layers.21.self_attn.q_proj.ori_model.bias - torch.Size([896]): 
The value is the same before and after calling `init_weights` of GroundingDINO  

lmm.model.layers.21.self_attn.k_proj.lora_A.weight - torch.Size([128, 896]): 
The value is the same before and after calling `init_weights` of GroundingDINO  

lmm.model.layers.21.self_attn.k_proj.lora_B.weight - torch.Size([128, 128]): 
The value is the same before and after calling `init_weights` of GroundingDINO  

lmm.model.layers.21.self_attn.k_proj.ori_model.weight - torch.Size([128, 896]): 
The value is the same before and after calling `init_weights` of GroundingDINO  

lmm.model.layers.21.self_attn.k_proj.ori_model.bias - torch.Size([128]): 
The value is the same before and after calling `init_weights` of GroundingDINO  

lmm.model.layers.21.self_attn.v_proj.lora_A.weight - torch.Size([128, 896]): 
The value is the same before and after calling `init_weights` of GroundingDINO  

lmm.model.layers.21.self_attn.v_proj.lora_B.weight - torch.Size([128, 128]): 
The value is the same before and after calling `init_weights` of GroundingDINO  

lmm.model.layers.21.self_attn.v_proj.ori_model.weight - torch.Size([128, 896]): 
The value is the same before and after calling `init_weights` of GroundingDINO  

lmm.model.layers.21.self_attn.v_proj.ori_model.bias - torch.Size([128]): 
The value is the same before and after calling `init_weights` of GroundingDINO  

lmm.model.layers.21.self_attn.o_proj.lora_A.weight - torch.Size([128, 896]): 
The value is the same before and after calling `init_weights` of GroundingDINO  

lmm.model.layers.21.self_attn.o_proj.lora_B.weight - torch.Size([896, 128]): 
The value is the same before and after calling `init_weights` of GroundingDINO  

lmm.model.layers.21.self_attn.o_proj.ori_model.weight - torch.Size([896, 896]): 
The value is the same before and after calling `init_weights` of GroundingDINO  

lmm.model.layers.21.mlp.gate_proj.lora_A.weight - torch.Size([128, 896]): 
The value is the same before and after calling `init_weights` of GroundingDINO  

lmm.model.layers.21.mlp.gate_proj.lora_B.weight - torch.Size([4864, 128]): 
The value is the same before and after calling `init_weights` of GroundingDINO  

lmm.model.layers.21.mlp.gate_proj.ori_model.weight - torch.Size([4864, 896]): 
The value is the same before and after calling `init_weights` of GroundingDINO  

lmm.model.layers.21.mlp.up_proj.lora_A.weight - torch.Size([128, 896]): 
The value is the same before and after calling `init_weights` of GroundingDINO  

lmm.model.layers.21.mlp.up_proj.lora_B.weight - torch.Size([4864, 128]): 
The value is the same before and after calling `init_weights` of GroundingDINO  

lmm.model.layers.21.mlp.up_proj.ori_model.weight - torch.Size([4864, 896]): 
The value is the same before and after calling `init_weights` of GroundingDINO  

lmm.model.layers.21.mlp.down_proj.lora_A.weight - torch.Size([128, 4864]): 
The value is the same before and after calling `init_weights` of GroundingDINO  

lmm.model.layers.21.mlp.down_proj.lora_B.weight - torch.Size([896, 128]): 
The value is the same before and after calling `init_weights` of GroundingDINO  

lmm.model.layers.21.mlp.down_proj.ori_model.weight - torch.Size([896, 4864]): 
The value is the same before and after calling `init_weights` of GroundingDINO  

lmm.model.layers.21.input_layernorm.weight - torch.Size([896]): 
The value is the same before and after calling `init_weights` of GroundingDINO  

lmm.model.layers.21.post_attention_layernorm.weight - torch.Size([896]): 
The value is the same before and after calling `init_weights` of GroundingDINO  

lmm.model.layers.22.self_attn.q_proj.lora_A.weight - torch.Size([128, 896]): 
The value is the same before and after calling `init_weights` of GroundingDINO  

lmm.model.layers.22.self_attn.q_proj.lora_B.weight - torch.Size([896, 128]): 
The value is the same before and after calling `init_weights` of GroundingDINO  

lmm.model.layers.22.self_attn.q_proj.ori_model.weight - torch.Size([896, 896]): 
The value is the same before and after calling `init_weights` of GroundingDINO  

lmm.model.layers.22.self_attn.q_proj.ori_model.bias - torch.Size([896]): 
The value is the same before and after calling `init_weights` of GroundingDINO  

lmm.model.layers.22.self_attn.k_proj.lora_A.weight - torch.Size([128, 896]): 
The value is the same before and after calling `init_weights` of GroundingDINO  

lmm.model.layers.22.self_attn.k_proj.lora_B.weight - torch.Size([128, 128]): 
The value is the same before and after calling `init_weights` of GroundingDINO  

lmm.model.layers.22.self_attn.k_proj.ori_model.weight - torch.Size([128, 896]): 
The value is the same before and after calling `init_weights` of GroundingDINO  

lmm.model.layers.22.self_attn.k_proj.ori_model.bias - torch.Size([128]): 
The value is the same before and after calling `init_weights` of GroundingDINO  

lmm.model.layers.22.self_attn.v_proj.lora_A.weight - torch.Size([128, 896]): 
The value is the same before and after calling `init_weights` of GroundingDINO  

lmm.model.layers.22.self_attn.v_proj.lora_B.weight - torch.Size([128, 128]): 
The value is the same before and after calling `init_weights` of GroundingDINO  

lmm.model.layers.22.self_attn.v_proj.ori_model.weight - torch.Size([128, 896]): 
The value is the same before and after calling `init_weights` of GroundingDINO  

lmm.model.layers.22.self_attn.v_proj.ori_model.bias - torch.Size([128]): 
The value is the same before and after calling `init_weights` of GroundingDINO  

lmm.model.layers.22.self_attn.o_proj.lora_A.weight - torch.Size([128, 896]): 
The value is the same before and after calling `init_weights` of GroundingDINO  

lmm.model.layers.22.self_attn.o_proj.lora_B.weight - torch.Size([896, 128]): 
The value is the same before and after calling `init_weights` of GroundingDINO  

lmm.model.layers.22.self_attn.o_proj.ori_model.weight - torch.Size([896, 896]): 
The value is the same before and after calling `init_weights` of GroundingDINO  

lmm.model.layers.22.mlp.gate_proj.lora_A.weight - torch.Size([128, 896]): 
The value is the same before and after calling `init_weights` of GroundingDINO  

lmm.model.layers.22.mlp.gate_proj.lora_B.weight - torch.Size([4864, 128]): 
The value is the same before and after calling `init_weights` of GroundingDINO  

lmm.model.layers.22.mlp.gate_proj.ori_model.weight - torch.Size([4864, 896]): 
The value is the same before and after calling `init_weights` of GroundingDINO  

lmm.model.layers.22.mlp.up_proj.lora_A.weight - torch.Size([128, 896]): 
The value is the same before and after calling `init_weights` of GroundingDINO  

lmm.model.layers.22.mlp.up_proj.lora_B.weight - torch.Size([4864, 128]): 
The value is the same before and after calling `init_weights` of GroundingDINO  

lmm.model.layers.22.mlp.up_proj.ori_model.weight - torch.Size([4864, 896]): 
The value is the same before and after calling `init_weights` of GroundingDINO  

lmm.model.layers.22.mlp.down_proj.lora_A.weight - torch.Size([128, 4864]): 
The value is the same before and after calling `init_weights` of GroundingDINO  

lmm.model.layers.22.mlp.down_proj.lora_B.weight - torch.Size([896, 128]): 
The value is the same before and after calling `init_weights` of GroundingDINO  

lmm.model.layers.22.mlp.down_proj.ori_model.weight - torch.Size([896, 4864]): 
The value is the same before and after calling `init_weights` of GroundingDINO  

lmm.model.layers.22.input_layernorm.weight - torch.Size([896]): 
The value is the same before and after calling `init_weights` of GroundingDINO  

lmm.model.layers.22.post_attention_layernorm.weight - torch.Size([896]): 
The value is the same before and after calling `init_weights` of GroundingDINO  

lmm.model.layers.23.self_attn.q_proj.lora_A.weight - torch.Size([128, 896]): 
The value is the same before and after calling `init_weights` of GroundingDINO  

lmm.model.layers.23.self_attn.q_proj.lora_B.weight - torch.Size([896, 128]): 
The value is the same before and after calling `init_weights` of GroundingDINO  

lmm.model.layers.23.self_attn.q_proj.ori_model.weight - torch.Size([896, 896]): 
The value is the same before and after calling `init_weights` of GroundingDINO  

lmm.model.layers.23.self_attn.q_proj.ori_model.bias - torch.Size([896]): 
The value is the same before and after calling `init_weights` of GroundingDINO  

lmm.model.layers.23.self_attn.k_proj.lora_A.weight - torch.Size([128, 896]): 
The value is the same before and after calling `init_weights` of GroundingDINO  

lmm.model.layers.23.self_attn.k_proj.lora_B.weight - torch.Size([128, 128]): 
The value is the same before and after calling `init_weights` of GroundingDINO  

lmm.model.layers.23.self_attn.k_proj.ori_model.weight - torch.Size([128, 896]): 
The value is the same before and after calling `init_weights` of GroundingDINO  

lmm.model.layers.23.self_attn.k_proj.ori_model.bias - torch.Size([128]): 
The value is the same before and after calling `init_weights` of GroundingDINO  

lmm.model.layers.23.self_attn.v_proj.lora_A.weight - torch.Size([128, 896]): 
The value is the same before and after calling `init_weights` of GroundingDINO  

lmm.model.layers.23.self_attn.v_proj.lora_B.weight - torch.Size([128, 128]): 
The value is the same before and after calling `init_weights` of GroundingDINO  

lmm.model.layers.23.self_attn.v_proj.ori_model.weight - torch.Size([128, 896]): 
The value is the same before and after calling `init_weights` of GroundingDINO  

lmm.model.layers.23.self_attn.v_proj.ori_model.bias - torch.Size([128]): 
The value is the same before and after calling `init_weights` of GroundingDINO  

lmm.model.layers.23.self_attn.o_proj.lora_A.weight - torch.Size([128, 896]): 
The value is the same before and after calling `init_weights` of GroundingDINO  

lmm.model.layers.23.self_attn.o_proj.lora_B.weight - torch.Size([896, 128]): 
The value is the same before and after calling `init_weights` of GroundingDINO  

lmm.model.layers.23.self_attn.o_proj.ori_model.weight - torch.Size([896, 896]): 
The value is the same before and after calling `init_weights` of GroundingDINO  

lmm.model.layers.23.mlp.gate_proj.lora_A.weight - torch.Size([128, 896]): 
The value is the same before and after calling `init_weights` of GroundingDINO  

lmm.model.layers.23.mlp.gate_proj.lora_B.weight - torch.Size([4864, 128]): 
The value is the same before and after calling `init_weights` of GroundingDINO  

lmm.model.layers.23.mlp.gate_proj.ori_model.weight - torch.Size([4864, 896]): 
The value is the same before and after calling `init_weights` of GroundingDINO  

lmm.model.layers.23.mlp.up_proj.lora_A.weight - torch.Size([128, 896]): 
The value is the same before and after calling `init_weights` of GroundingDINO  

lmm.model.layers.23.mlp.up_proj.lora_B.weight - torch.Size([4864, 128]): 
The value is the same before and after calling `init_weights` of GroundingDINO  

lmm.model.layers.23.mlp.up_proj.ori_model.weight - torch.Size([4864, 896]): 
The value is the same before and after calling `init_weights` of GroundingDINO  

lmm.model.layers.23.mlp.down_proj.lora_A.weight - torch.Size([128, 4864]): 
The value is the same before and after calling `init_weights` of GroundingDINO  

lmm.model.layers.23.mlp.down_proj.lora_B.weight - torch.Size([896, 128]): 
The value is the same before and after calling `init_weights` of GroundingDINO  

lmm.model.layers.23.mlp.down_proj.ori_model.weight - torch.Size([896, 4864]): 
The value is the same before and after calling `init_weights` of GroundingDINO  

lmm.model.layers.23.input_layernorm.weight - torch.Size([896]): 
The value is the same before and after calling `init_weights` of GroundingDINO  

lmm.model.layers.23.post_attention_layernorm.weight - torch.Size([896]): 
The value is the same before and after calling `init_weights` of GroundingDINO  

lmm.model.norm.weight - torch.Size([896]): 
The value is the same before and after calling `init_weights` of GroundingDINO  

ref_point_head.layers.0.weight - torch.Size([256, 512]): 
The value is the same before and after calling `init_weights` of GroundingDINO  

ref_point_head.layers.0.bias - torch.Size([256]): 
The value is the same before and after calling `init_weights` of GroundingDINO  

ref_point_head.layers.1.weight - torch.Size([256, 256]): 
The value is the same before and after calling `init_weights` of GroundingDINO  

ref_point_head.layers.1.bias - torch.Size([256]): 
The value is the same before and after calling `init_weights` of GroundingDINO  

connector.vision_projector.0.0.weight - torch.Size([896, 256]): 
The value is the same before and after calling `init_weights` of GroundingDINO  

connector.vision_projector.0.0.bias - torch.Size([896]): 
The value is the same before and after calling `init_weights` of GroundingDINO  

connector.vision_projector.0.2.weight - torch.Size([896, 896]): 
The value is the same before and after calling `init_weights` of GroundingDINO  

connector.vision_projector.0.2.bias - torch.Size([896]): 
The value is the same before and after calling `init_weights` of GroundingDINO  

connector.pos_proj.weight - torch.Size([896, 512]): 
The value is the same before and after calling `init_weights` of GroundingDINO  

connector.pos_proj.bias - torch.Size([896]): 
The value is the same before and after calling `init_weights` of GroundingDINO  

region_connector.vision_projector.0.0.weight - torch.Size([896, 256]): 
The value is the same before and after calling `init_weights` of GroundingDINO  

region_connector.vision_projector.0.0.bias - torch.Size([896]): 
The value is the same before and after calling `init_weights` of GroundingDINO  

region_connector.vision_projector.0.2.weight - torch.Size([896, 896]): 
The value is the same before and after calling `init_weights` of GroundingDINO  

region_connector.vision_projector.0.2.bias - torch.Size([896]): 
The value is the same before and after calling `init_weights` of GroundingDINO  

region_connector.pos_proj.weight - torch.Size([896, 512]): 
The value is the same before and after calling `init_weights` of GroundingDINO  

region_connector.pos_proj.bias - torch.Size([896]): 
The value is the same before and after calling `init_weights` of GroundingDINO  

image_seperate.weight - torch.Size([1, 896]): 
The value is the same before and after calling `init_weights` of GroundingDINO  
2026/02/06 22:43:14 - mmengine - INFO - Load checkpoint from /home/jovyan/Computer_vision/LLMDet/work_dirs/grounding_dino_swin_t/iter_25000.pth
2026/02/06 22:43:14 - mmengine - INFO - resumed epoch: 0, iter: 25000
2026/02/06 22:43:14 - mmengine - WARNING - "FileClient" will be deprecated in future. Please use io functions in https://mmengine.readthedocs.io/en/latest/api/fileio.html#file-io
2026/02/06 22:43:14 - mmengine - WARNING - "HardDiskBackend" is the alias of "LocalBackend" and the former will be deprecated in future.
2026/02/06 22:43:14 - mmengine - INFO - Checkpoints will be saved to /home/jovyan/Computer_vision/LLMDet/work_dirs/grounding_dino_swin_t.
2026/02/06 22:43:14 - mmengine - WARNING - Advance dataloader 25000 steps to skip data that has already been trained
2026/02/06 22:43:56 - mmengine - WARNING - Reach the end of the dataloader, it will be restarted and continue to iterate. It is recommended to use `mmengine.dataset.InfiniteSampler` to enable the dataloader to iterate infinitely.
2026/02/06 22:48:44 - mmengine - INFO - Iter(train) [25100/35000]  base_lr: 1.0000e-06 lr: 1.0000e-06  eta: 9:05:13  time: 1.0297  data_time: 0.0153  memory: 25256  grad_norm: 21.4263  loss: 3.4333  loss_cls: 0.2405  loss_bbox: 0.0162  loss_iou: 0.0305  d0.loss_cls: 0.2584  d0.loss_bbox: 0.0177  d0.loss_iou: 0.0345  d1.loss_cls: 0.2532  d1.loss_bbox: 0.0164  d1.loss_iou: 0.0312  d2.loss_cls: 0.2473  d2.loss_bbox: 0.0161  d2.loss_iou: 0.0306  d3.loss_cls: 0.2449  d3.loss_bbox: 0.0163  d3.loss_iou: 0.0309  d4.loss_cls: 0.2413  d4.loss_bbox: 0.0162  d4.loss_iou: 0.0305  enc_loss_cls: 0.2734  enc_loss_bbox: 0.0288  enc_loss_iou: 0.0548  dn_loss_cls: 0.0394  dn_loss_bbox: 0.0169  dn_loss_iou: 0.0321  d0.dn_loss_cls: 0.1187  d0.dn_loss_bbox: 0.0425  d0.dn_loss_iou: 0.0806  d1.dn_loss_cls: 0.0703  d1.dn_loss_bbox: 0.0198  d1.dn_loss_iou: 0.0394  d2.dn_loss_cls: 0.0506  d2.dn_loss_bbox: 0.0173  d2.dn_loss_iou: 0.0333  d3.dn_loss_cls: 0.0440  d3.dn_loss_bbox: 0.0170  d3.dn_loss_iou: 0.0324  d4.dn_loss_cls: 0.0395  d4.dn_loss_bbox: 0.0169  d4.dn_loss_iou: 0.0321  d1.loss_lmm_region: 0.1910  loss_lmm_image: 0.3700
2026/02/06 22:50:29 - mmengine - INFO - Iter(train) [25200/35000]  base_lr: 1.0000e-06 lr: 1.0000e-06  eta: 5:55:22  time: 1.0695  data_time: 0.0165  memory: 25196  grad_norm: 21.6024  loss: 3.7442  loss_cls: 0.2593  loss_bbox: 0.0184  loss_iou: 0.0353  d0.loss_cls: 0.2807  d0.loss_bbox: 0.0207  d0.loss_iou: 0.0398  d1.loss_cls: 0.2746  d1.loss_bbox: 0.0189  d1.loss_iou: 0.0364  d2.loss_cls: 0.2662  d2.loss_bbox: 0.0186  d2.loss_iou: 0.0354  d3.loss_cls: 0.2630  d3.loss_bbox: 0.0183  d3.loss_iou: 0.0351  d4.loss_cls: 0.2592  d4.loss_bbox: 0.0184  d4.loss_iou: 0.0351  enc_loss_cls: 0.2947  enc_loss_bbox: 0.0310  enc_loss_iou: 0.0594  dn_loss_cls: 0.0479  dn_loss_bbox: 0.0186  dn_loss_iou: 0.0356  d0.dn_loss_cls: 0.1341  d0.dn_loss_bbox: 0.0463  d0.dn_loss_iou: 0.0874  d1.dn_loss_cls: 0.0822  d1.dn_loss_bbox: 0.0228  d1.dn_loss_iou: 0.0430  d2.dn_loss_cls: 0.0622  d2.dn_loss_bbox: 0.0193  d2.dn_loss_iou: 0.0369  d3.dn_loss_cls: 0.0537  d3.dn_loss_bbox: 0.0187  d3.dn_loss_iou: 0.0360  d4.dn_loss_cls: 0.0484  d4.dn_loss_bbox: 0.0186  d4.dn_loss_iou: 0.0357  d1.loss_lmm_region: 0.1824  loss_lmm_image: 0.3961
2026/02/06 22:52:12 - mmengine - INFO - Iter(train) [25300/35000]  base_lr: 1.0000e-06 lr: 1.0000e-06  eta: 4:49:51  time: 1.0293  data_time: 0.0154  memory: 25195  grad_norm: 22.6898  loss: 3.7973  loss_cls: 0.2620  loss_bbox: 0.0194  loss_iou: 0.0391  d0.loss_cls: 0.2834  d0.loss_bbox: 0.0211  d0.loss_iou: 0.0442  d1.loss_cls: 0.2756  d1.loss_bbox: 0.0198  d1.loss_iou: 0.0405  d2.loss_cls: 0.2678  d2.loss_bbox: 0.0195  d2.loss_iou: 0.0393  d3.loss_cls: 0.2644  d3.loss_bbox: 0.0194  d3.loss_iou: 0.0393  d4.loss_cls: 0.2629  d4.loss_bbox: 0.0194  d4.loss_iou: 0.0391  enc_loss_cls: 0.2985  enc_loss_bbox: 0.0318  enc_loss_iou: 0.0630  dn_loss_cls: 0.0397  dn_loss_bbox: 0.0202  dn_loss_iou: 0.0408  d0.dn_loss_cls: 0.1290  d0.dn_loss_bbox: 0.0451  d0.dn_loss_iou: 0.0907  d1.dn_loss_cls: 0.0750  d1.dn_loss_bbox: 0.0231  d1.dn_loss_iou: 0.0470  d2.dn_loss_cls: 0.0549  d2.dn_loss_bbox: 0.0208  d2.dn_loss_iou: 0.0419  d3.dn_loss_cls: 0.0453  d3.dn_loss_bbox: 0.0201  d3.dn_loss_iou: 0.0409  d4.dn_loss_cls: 0.0404  d4.dn_loss_bbox: 0.0202  d4.dn_loss_iou: 0.0408  d1.loss_lmm_region: 0.1876  loss_lmm_image: 0.4040
2026/02/06 22:53:56 - mmengine - INFO - Iter(train) [25400/35000]  base_lr: 1.0000e-06 lr: 1.0000e-06  eta: 4:16:47  time: 1.0231  data_time: 0.0156  memory: 25121  grad_norm: 21.1979  loss: 3.5917  loss_cls: 0.2515  loss_bbox: 0.0143  loss_iou: 0.0313  d0.loss_cls: 0.2773  d0.loss_bbox: 0.0170  d0.loss_iou: 0.0373  d1.loss_cls: 0.2711  d1.loss_bbox: 0.0150  d1.loss_iou: 0.0327  d2.loss_cls: 0.2612  d2.loss_bbox: 0.0145  d2.loss_iou: 0.0316  d3.loss_cls: 0.2575  d3.loss_bbox: 0.0144  d3.loss_iou: 0.0314  d4.loss_cls: 0.2533  d4.loss_bbox: 0.0143  d4.loss_iou: 0.0313  enc_loss_cls: 0.2891  enc_loss_bbox: 0.0276  enc_loss_iou: 0.0585  dn_loss_cls: 0.0395  dn_loss_bbox: 0.0155  dn_loss_iou: 0.0340  d0.dn_loss_cls: 0.1244  d0.dn_loss_bbox: 0.0424  d0.dn_loss_iou: 0.0906  d1.dn_loss_cls: 0.0719  d1.dn_loss_bbox: 0.0191  d1.dn_loss_iou: 0.0417  d2.dn_loss_cls: 0.0547  d2.dn_loss_bbox: 0.0160  d2.dn_loss_iou: 0.0351  d3.dn_loss_cls: 0.0452  d3.dn_loss_bbox: 0.0156  d3.dn_loss_iou: 0.0342  d4.dn_loss_cls: 0.0399  d4.dn_loss_bbox: 0.0155  d4.dn_loss_iou: 0.0340  d1.loss_lmm_region: 0.1999  loss_lmm_image: 0.3906
2026/02/06 22:55:39 - mmengine - INFO - Iter(train) [25500/35000]  base_lr: 1.0000e-06 lr: 1.0000e-06  eta: 3:56:00  time: 1.0423  data_time: 0.0148  memory: 25178  grad_norm: 21.1558  loss: 3.7375  loss_cls: 0.2595  loss_bbox: 0.0191  loss_iou: 0.0384  d0.loss_cls: 0.2778  d0.loss_bbox: 0.0214  d0.loss_iou: 0.0415  d1.loss_cls: 0.2731  d1.loss_bbox: 0.0194  d1.loss_iou: 0.0380  d2.loss_cls: 0.2664  d2.loss_bbox: 0.0192  d2.loss_iou: 0.0385  d3.loss_cls: 0.2639  d3.loss_bbox: 0.0191  d3.loss_iou: 0.0383  d4.loss_cls: 0.2595  d4.loss_bbox: 0.0191  d4.loss_iou: 0.0383  enc_loss_cls: 0.2878  enc_loss_bbox: 0.0306  enc_loss_iou: 0.0590  dn_loss_cls: 0.0517  dn_loss_bbox: 0.0186  dn_loss_iou: 0.0354  d0.dn_loss_cls: 0.1364  d0.dn_loss_bbox: 0.0480  d0.dn_loss_iou: 0.0905  d1.dn_loss_cls: 0.0868  d1.dn_loss_bbox: 0.0237  d1.dn_loss_iou: 0.0450  d2.dn_loss_cls: 0.0681  d2.dn_loss_bbox: 0.0197  d2.dn_loss_iou: 0.0370  d3.dn_loss_cls: 0.0579  d3.dn_loss_bbox: 0.0186  d3.dn_loss_iou: 0.0354  d4.dn_loss_cls: 0.0520  d4.dn_loss_bbox: 0.0187  d4.dn_loss_iou: 0.0354  d1.loss_lmm_region: 0.1791  loss_lmm_image: 0.3516
2026/02/06 22:55:39 - mmengine - INFO - Saving checkpoint at 25500 iterations
2026/02/06 22:57:31 - mmengine - INFO - Iter(train) [25600/35000]  base_lr: 1.0000e-06 lr: 1.0000e-06  eta: 3:43:53  time: 1.0268  data_time: 0.0153  memory: 25239  grad_norm: 21.9271  loss: 3.6873  loss_cls: 0.2619  loss_bbox: 0.0162  loss_iou: 0.0317  d0.loss_cls: 0.2808  d0.loss_bbox: 0.0189  d0.loss_iou: 0.0368  d1.loss_cls: 0.2781  d1.loss_bbox: 0.0169  d1.loss_iou: 0.0329  d2.loss_cls: 0.2663  d2.loss_bbox: 0.0163  d2.loss_iou: 0.0317  d3.loss_cls: 0.2650  d3.loss_bbox: 0.0162  d3.loss_iou: 0.0316  d4.loss_cls: 0.2623  d4.loss_bbox: 0.0162  d4.loss_iou: 0.0316  enc_loss_cls: 0.2910  enc_loss_bbox: 0.0289  enc_loss_iou: 0.0543  dn_loss_cls: 0.0490  dn_loss_bbox: 0.0173  dn_loss_iou: 0.0336  d0.dn_loss_cls: 0.1301  d0.dn_loss_bbox: 0.0446  d0.dn_loss_iou: 0.0847  d1.dn_loss_cls: 0.0797  d1.dn_loss_bbox: 0.0212  d1.dn_loss_iou: 0.0417  d2.dn_loss_cls: 0.0629  d2.dn_loss_bbox: 0.0178  d2.dn_loss_iou: 0.0351  d3.dn_loss_cls: 0.0543  d3.dn_loss_bbox: 0.0172  d3.dn_loss_iou: 0.0337  d4.dn_loss_cls: 0.0496  d4.dn_loss_bbox: 0.0173  d4.dn_loss_iou: 0.0336  d1.loss_lmm_region: 0.1963  loss_lmm_image: 0.3825
2026/02/06 22:59:16 - mmengine - INFO - Iter(train) [25700/35000]  base_lr: 1.0000e-06 lr: 1.0000e-06  eta: 3:32:59  time: 1.0609  data_time: 0.0154  memory: 25261  grad_norm: 20.9189  loss: 4.0382  loss_cls: 0.2813  loss_bbox: 0.0209  loss_iou: 0.0381  d0.loss_cls: 0.2996  d0.loss_bbox: 0.0241  d0.loss_iou: 0.0433  d1.loss_cls: 0.2954  d1.loss_bbox: 0.0216  d1.loss_iou: 0.0392  d2.loss_cls: 0.2889  d2.loss_bbox: 0.0210  d2.loss_iou: 0.0383  d3.loss_cls: 0.2848  d3.loss_bbox: 0.0210  d3.loss_iou: 0.0383  d4.loss_cls: 0.2811  d4.loss_bbox: 0.0209  d4.loss_iou: 0.0380  enc_loss_cls: 0.3165  enc_loss_bbox: 0.0358  enc_loss_iou: 0.0646  dn_loss_cls: 0.0571  dn_loss_bbox: 0.0207  dn_loss_iou: 0.0374  d0.dn_loss_cls: 0.1462  d0.dn_loss_bbox: 0.0533  d0.dn_loss_iou: 0.0948  d1.dn_loss_cls: 0.0911  d1.dn_loss_bbox: 0.0253  d1.dn_loss_iou: 0.0469  d2.dn_loss_cls: 0.0708  d2.dn_loss_bbox: 0.0210  d2.dn_loss_iou: 0.0385  d3.dn_loss_cls: 0.0618  d3.dn_loss_bbox: 0.0205  d3.dn_loss_iou: 0.0373  d4.dn_loss_cls: 0.0577  d4.dn_loss_bbox: 0.0207  d4.dn_loss_iou: 0.0374  d1.loss_lmm_region: 0.1874  loss_lmm_image: 0.3995
2026/02/06 23:00:58 - mmengine - INFO - Iter(train) [25800/35000]  base_lr: 1.0000e-06 lr: 1.0000e-06  eta: 3:24:00  time: 1.0226  data_time: 0.0149  memory: 25240  grad_norm: 21.8266  loss: 2.9861  loss_cls: 0.1961  loss_bbox: 0.0135  loss_iou: 0.0247  d0.loss_cls: 0.2131  d0.loss_bbox: 0.0167  d0.loss_iou: 0.0302  d1.loss_cls: 0.2062  d1.loss_bbox: 0.0125  d1.loss_iou: 0.0249  d2.loss_cls: 0.2012  d2.loss_bbox: 0.0122  d2.loss_iou: 0.0241  d3.loss_cls: 0.1982  d3.loss_bbox: 0.0135  d3.loss_iou: 0.0248  d4.loss_cls: 0.1964  d4.loss_bbox: 0.0135  d4.loss_iou: 0.0247  enc_loss_cls: 0.2233  enc_loss_bbox: 0.0232  enc_loss_iou: 0.0452  dn_loss_cls: 0.0430  dn_loss_bbox: 0.0143  dn_loss_iou: 0.0269  d0.dn_loss_cls: 0.1134  d0.dn_loss_bbox: 0.0382  d0.dn_loss_iou: 0.0724  d1.dn_loss_cls: 0.0711  d1.dn_loss_bbox: 0.0174  d1.dn_loss_iou: 0.0331  d2.dn_loss_cls: 0.0558  d2.dn_loss_bbox: 0.0146  d2.dn_loss_iou: 0.0279  d3.dn_loss_cls: 0.0483  d3.dn_loss_bbox: 0.0143  d3.dn_loss_iou: 0.0269  d4.dn_loss_cls: 0.0436  d4.dn_loss_bbox: 0.0143  d4.dn_loss_iou: 0.0269  d1.loss_lmm_region: 0.1643  loss_lmm_image: 0.3810
2026/02/06 23:02:42 - mmengine - INFO - Iter(train) [25900/35000]  base_lr: 1.0000e-06 lr: 1.0000e-06  eta: 3:16:55  time: 1.0340  data_time: 0.0157  memory: 25195  grad_norm: 31.9798  loss: 3.8776  loss_cls: 0.2632  loss_bbox: 0.0195  loss_iou: 0.0359  d0.loss_cls: 0.2830  d0.loss_bbox: 0.0223  d0.loss_iou: 0.0414  d1.loss_cls: 0.2761  d1.loss_bbox: 0.0199  d1.loss_iou: 0.0373  d2.loss_cls: 0.2686  d2.loss_bbox: 0.0197  d2.loss_iou: 0.0368  d3.loss_cls: 0.2645  d3.loss_bbox: 0.0196  d3.loss_iou: 0.0363  d4.loss_cls: 0.2647  d4.loss_bbox: 0.0195  d4.loss_iou: 0.0360  enc_loss_cls: 0.2975  enc_loss_bbox: 0.0311  enc_loss_iou: 0.0599  dn_loss_cls: 0.0512  dn_loss_bbox: 0.0207  dn_loss_iou: 0.0370  d0.dn_loss_cls: 0.1403  d0.dn_loss_bbox: 0.0505  d0.dn_loss_iou: 0.0921  d1.dn_loss_cls: 0.0849  d1.dn_loss_bbox: 0.0259  d1.dn_loss_iou: 0.0454  d2.dn_loss_cls: 0.0673  d2.dn_loss_bbox: 0.0218  d2.dn_loss_iou: 0.0387  d3.dn_loss_cls: 0.0569  d3.dn_loss_bbox: 0.0209  d3.dn_loss_iou: 0.0372  d4.dn_loss_cls: 0.0519  d4.dn_loss_bbox: 0.0207  d4.dn_loss_iou: 0.0370  d1.loss_lmm_region: 0.2096  loss_lmm_image: 0.4150
2026/02/06 23:04:26 - mmengine - INFO - Exp name: grounding_dino_swin_t_20260206_224223
2026/02/06 23:04:26 - mmengine - INFO - Iter(train) [26000/35000]  base_lr: 1.0000e-06 lr: 1.0000e-06  eta: 3:10:47  time: 1.0473  data_time: 0.0156  memory: 25125  grad_norm: 22.5225  loss: 3.9646  loss_cls: 0.2657  loss_bbox: 0.0176  loss_iou: 0.0385  d0.loss_cls: 0.2913  d0.loss_bbox: 0.0207  d0.loss_iou: 0.0445  d1.loss_cls: 0.2793  d1.loss_bbox: 0.0185  d1.loss_iou: 0.0393  d2.loss_cls: 0.2706  d2.loss_bbox: 0.0179  d2.loss_iou: 0.0387  d3.loss_cls: 0.2691  d3.loss_bbox: 0.0177  d3.loss_iou: 0.0384  d4.loss_cls: 0.2661  d4.loss_bbox: 0.0175  d4.loss_iou: 0.0384  enc_loss_cls: 0.3092  enc_loss_bbox: 0.0319  enc_loss_iou: 0.0662  dn_loss_cls: 0.0559  dn_loss_bbox: 0.0182  dn_loss_iou: 0.0393  d0.dn_loss_cls: 0.1472  d0.dn_loss_bbox: 0.0499  d0.dn_loss_iou: 0.0972  d1.dn_loss_cls: 0.0898  d1.dn_loss_bbox: 0.0231  d1.dn_loss_iou: 0.0476  d2.dn_loss_cls: 0.0717  d2.dn_loss_bbox: 0.0192  d2.dn_loss_iou: 0.0407  d3.dn_loss_cls: 0.0608  d3.dn_loss_bbox: 0.0183  d3.dn_loss_iou: 0.0392  d4.dn_loss_cls: 0.0563  d4.dn_loss_bbox: 0.0182  d4.dn_loss_iou: 0.0394  d1.loss_lmm_region: 0.2120  loss_lmm_image: 0.4236
2026/02/06 23:06:09 - mmengine - INFO - Iter(train) [26100/35000]  base_lr: 1.0000e-06 lr: 1.0000e-06  eta: 3:05:27  time: 1.0278  data_time: 0.0160  memory: 25161  grad_norm: 21.0951  loss: 3.8456  loss_cls: 0.2701  loss_bbox: 0.0195  loss_iou: 0.0385  d0.loss_cls: 0.2876  d0.loss_bbox: 0.0233  d0.loss_iou: 0.0455  d1.loss_cls: 0.2805  d1.loss_bbox: 0.0218  d1.loss_iou: 0.0418  d2.loss_cls: 0.2760  d2.loss_bbox: 0.0194  d2.loss_iou: 0.0387  d3.loss_cls: 0.2742  d3.loss_bbox: 0.0195  d3.loss_iou: 0.0387  d4.loss_cls: 0.2697  d4.loss_bbox: 0.0195  d4.loss_iou: 0.0384  enc_loss_cls: 0.2990  enc_loss_bbox: 0.0337  enc_loss_iou: 0.0670  dn_loss_cls: 0.0455  dn_loss_bbox: 0.0207  dn_loss_iou: 0.0396  d0.dn_loss_cls: 0.1347  d0.dn_loss_bbox: 0.0485  d0.dn_loss_iou: 0.0965  d1.dn_loss_cls: 0.0768  d1.dn_loss_bbox: 0.0252  d1.dn_loss_iou: 0.0490  d2.dn_loss_cls: 0.0580  d2.dn_loss_bbox: 0.0216  d2.dn_loss_iou: 0.0416  d3.dn_loss_cls: 0.0490  d3.dn_loss_bbox: 0.0209  d3.dn_loss_iou: 0.0401  d4.dn_loss_cls: 0.0455  d4.dn_loss_bbox: 0.0207  d4.dn_loss_iou: 0.0396  d1.loss_lmm_region: 0.1718  loss_lmm_image: 0.3780
2026/02/06 23:07:53 - mmengine - INFO - Iter(train) [26200/35000]  base_lr: 1.0000e-06 lr: 1.0000e-06  eta: 3:00:50  time: 1.0542  data_time: 0.0154  memory: 25223  grad_norm: 21.9906  loss: 3.6966  loss_cls: 0.2505  loss_bbox: 0.0173  loss_iou: 0.0358  d0.loss_cls: 0.2684  d0.loss_bbox: 0.0200  d0.loss_iou: 0.0412  d1.loss_cls: 0.2664  d1.loss_bbox: 0.0181  d1.loss_iou: 0.0375  d2.loss_cls: 0.2590  d2.loss_bbox: 0.0171  d2.loss_iou: 0.0356  d3.loss_cls: 0.2556  d3.loss_bbox: 0.0171  d3.loss_iou: 0.0356  d4.loss_cls: 0.2513  d4.loss_bbox: 0.0173  d4.loss_iou: 0.0358  enc_loss_cls: 0.2853  enc_loss_bbox: 0.0321  enc_loss_iou: 0.0622  dn_loss_cls: 0.0482  dn_loss_bbox: 0.0182  dn_loss_iou: 0.0377  d0.dn_loss_cls: 0.1260  d0.dn_loss_bbox: 0.0456  d0.dn_loss_iou: 0.0902  d1.dn_loss_cls: 0.0745  d1.dn_loss_bbox: 0.0224  d1.dn_loss_iou: 0.0452  d2.dn_loss_cls: 0.0590  d2.dn_loss_bbox: 0.0183  d2.dn_loss_iou: 0.0385  d3.dn_loss_cls: 0.0528  d3.dn_loss_bbox: 0.0183  d3.dn_loss_iou: 0.0380  d4.dn_loss_cls: 0.0489  d4.dn_loss_bbox: 0.0182  d4.dn_loss_iou: 0.0377  d1.loss_lmm_region: 0.1916  loss_lmm_image: 0.4082
2026/02/06 23:09:36 - mmengine - INFO - Iter(train) [26300/35000]  base_lr: 1.0000e-06 lr: 1.0000e-06  eta: 2:56:30  time: 1.0265  data_time: 0.0151  memory: 25106  grad_norm: 21.4954  loss: 3.4411  loss_cls: 0.2233  loss_bbox: 0.0171  loss_iou: 0.0339  d0.loss_cls: 0.2404  d0.loss_bbox: 0.0189  d0.loss_iou: 0.0376  d1.loss_cls: 0.2367  d1.loss_bbox: 0.0177  d1.loss_iou: 0.0350  d2.loss_cls: 0.2304  d2.loss_bbox: 0.0176  d2.loss_iou: 0.0345  d3.loss_cls: 0.2303  d3.loss_bbox: 0.0171  d3.loss_iou: 0.0340  d4.loss_cls: 0.2246  d4.loss_bbox: 0.0171  d4.loss_iou: 0.0340  enc_loss_cls: 0.2536  enc_loss_bbox: 0.0277  enc_loss_iou: 0.0550  dn_loss_cls: 0.0529  dn_loss_bbox: 0.0188  dn_loss_iou: 0.0357  d0.dn_loss_cls: 0.1229  d0.dn_loss_bbox: 0.0418  d0.dn_loss_iou: 0.0804  d1.dn_loss_cls: 0.0776  d1.dn_loss_bbox: 0.0216  d1.dn_loss_iou: 0.0420  d2.dn_loss_cls: 0.0640  d2.dn_loss_bbox: 0.0193  d2.dn_loss_iou: 0.0368  d3.dn_loss_cls: 0.0567  d3.dn_loss_bbox: 0.0187  d3.dn_loss_iou: 0.0355  d4.dn_loss_cls: 0.0539  d4.dn_loss_bbox: 0.0188  d4.dn_loss_iou: 0.0356  d1.loss_lmm_region: 0.1851  loss_lmm_image: 0.3864
2026/02/06 23:11:20 - mmengine - INFO - Iter(train) [26400/35000]  base_lr: 1.0000e-06 lr: 1.0000e-06  eta: 2:52:39  time: 1.0294  data_time: 0.0154  memory: 24967  grad_norm: 20.8867  loss: 3.5384  loss_cls: 0.2478  loss_bbox: 0.0127  loss_iou: 0.0266  d0.loss_cls: 0.2665  d0.loss_bbox: 0.0161  d0.loss_iou: 0.0315  d1.loss_cls: 0.2601  d1.loss_bbox: 0.0135  d1.loss_iou: 0.0277  d2.loss_cls: 0.2532  d2.loss_bbox: 0.0129  d2.loss_iou: 0.0266  d3.loss_cls: 0.2493  d3.loss_bbox: 0.0128  d3.loss_iou: 0.0267  d4.loss_cls: 0.2479  d4.loss_bbox: 0.0127  d4.loss_iou: 0.0265  enc_loss_cls: 0.2788  enc_loss_bbox: 0.0250  enc_loss_iou: 0.0498  dn_loss_cls: 0.0619  dn_loss_bbox: 0.0143  dn_loss_iou: 0.0289  d0.dn_loss_cls: 0.1325  d0.dn_loss_bbox: 0.0416  d0.dn_loss_iou: 0.0805  d1.dn_loss_cls: 0.0826  d1.dn_loss_bbox: 0.0187  d1.dn_loss_iou: 0.0367  d2.dn_loss_cls: 0.0690  d2.dn_loss_bbox: 0.0151  d2.dn_loss_iou: 0.0302  d3.dn_loss_cls: 0.0649  d3.dn_loss_bbox: 0.0144  d3.dn_loss_iou: 0.0290  d4.dn_loss_cls: 0.0633  d4.dn_loss_bbox: 0.0143  d4.dn_loss_iou: 0.0288  d1.loss_lmm_region: 0.2168  loss_lmm_image: 0.3700
2026/02/06 23:13:04 - mmengine - INFO - Iter(train) [26500/35000]  base_lr: 1.0000e-06 lr: 1.0000e-06  eta: 2:49:04  time: 1.0469  data_time: 0.0152  memory: 25198  grad_norm: 23.4864  loss: 3.6285  loss_cls: 0.2545  loss_bbox: 0.0177  loss_iou: 0.0359  d0.loss_cls: 0.2726  d0.loss_bbox: 0.0208  d0.loss_iou: 0.0425  d1.loss_cls: 0.2690  d1.loss_bbox: 0.0181  d1.loss_iou: 0.0371  d2.loss_cls: 0.2615  d2.loss_bbox: 0.0179  d2.loss_iou: 0.0365  d3.loss_cls: 0.2586  d3.loss_bbox: 0.0177  d3.loss_iou: 0.0359  d4.loss_cls: 0.2557  d4.loss_bbox: 0.0177  d4.loss_iou: 0.0358  enc_loss_cls: 0.2861  enc_loss_bbox: 0.0300  enc_loss_iou: 0.0598  dn_loss_cls: 0.0427  dn_loss_bbox: 0.0184  dn_loss_iou: 0.0351  d0.dn_loss_cls: 0.1258  d0.dn_loss_bbox: 0.0450  d0.dn_loss_iou: 0.0871  d1.dn_loss_cls: 0.0707  d1.dn_loss_bbox: 0.0220  d1.dn_loss_iou: 0.0430  d2.dn_loss_cls: 0.0537  d2.dn_loss_bbox: 0.0193  d2.dn_loss_iou: 0.0369  d3.dn_loss_cls: 0.0466  d3.dn_loss_bbox: 0.0184  d3.dn_loss_iou: 0.0354  d4.dn_loss_cls: 0.0433  d4.dn_loss_bbox: 0.0184  d4.dn_loss_iou: 0.0351  d1.loss_lmm_region: 0.1784  loss_lmm_image: 0.3719
2026/02/06 23:14:47 - mmengine - INFO - Iter(train) [26600/35000]  base_lr: 1.0000e-06 lr: 1.0000e-06  eta: 2:45:41  time: 1.0253  data_time: 0.0163  memory: 25283  grad_norm: 23.6442  loss: 3.7485  loss_cls: 0.2645  loss_bbox: 0.0147  loss_iou: 0.0317  d0.loss_cls: 0.2875  d0.loss_bbox: 0.0171  d0.loss_iou: 0.0373  d1.loss_cls: 0.2801  d1.loss_bbox: 0.0157  d1.loss_iou: 0.0333  d2.loss_cls: 0.2732  d2.loss_bbox: 0.0152  d2.loss_iou: 0.0321  d3.loss_cls: 0.2682  d3.loss_bbox: 0.0148  d3.loss_iou: 0.0319  d4.loss_cls: 0.2646  d4.loss_bbox: 0.0148  d4.loss_iou: 0.0318  enc_loss_cls: 0.3061  enc_loss_bbox: 0.0266  enc_loss_iou: 0.0550  dn_loss_cls: 0.0490  dn_loss_bbox: 0.0158  dn_loss_iou: 0.0337  d0.dn_loss_cls: 0.1369  d0.dn_loss_bbox: 0.0443  d0.dn_loss_iou: 0.0892  d1.dn_loss_cls: 0.0778  d1.dn_loss_bbox: 0.0192  d1.dn_loss_iou: 0.0410  d2.dn_loss_cls: 0.0600  d2.dn_loss_bbox: 0.0168  d2.dn_loss_iou: 0.0356  d3.dn_loss_cls: 0.0522  d3.dn_loss_bbox: 0.0159  d3.dn_loss_iou: 0.0338  d4.dn_loss_cls: 0.0491  d4.dn_loss_bbox: 0.0157  d4.dn_loss_iou: 0.0337  d1.loss_lmm_region: 0.1890  loss_lmm_image: 0.4236
2026/02/06 23:16:31 - mmengine - INFO - Iter(train) [26700/35000]  base_lr: 1.0000e-06 lr: 1.0000e-06  eta: 2:42:31  time: 1.0455  data_time: 0.0152  memory: 25287  grad_norm: 24.1059  loss: 3.5113  loss_cls: 0.2432  loss_bbox: 0.0186  loss_iou: 0.0330  d0.loss_cls: 0.2640  d0.loss_bbox: 0.0197  d0.loss_iou: 0.0372  d1.loss_cls: 0.2578  d1.loss_bbox: 0.0190  d1.loss_iou: 0.0338  d2.loss_cls: 0.2505  d2.loss_bbox: 0.0187  d2.loss_iou: 0.0331  d3.loss_cls: 0.2482  d3.loss_bbox: 0.0187  d3.loss_iou: 0.0330  d4.loss_cls: 0.2437  d4.loss_bbox: 0.0186  d4.loss_iou: 0.0331  enc_loss_cls: 0.2735  enc_loss_bbox: 0.0296  enc_loss_iou: 0.0551  dn_loss_cls: 0.0419  dn_loss_bbox: 0.0189  dn_loss_iou: 0.0334  d0.dn_loss_cls: 0.1230  d0.dn_loss_bbox: 0.0465  d0.dn_loss_iou: 0.0862  d1.dn_loss_cls: 0.0699  d1.dn_loss_bbox: 0.0225  d1.dn_loss_iou: 0.0415  d2.dn_loss_cls: 0.0532  d2.dn_loss_bbox: 0.0196  d2.dn_loss_iou: 0.0353  d3.dn_loss_cls: 0.0457  d3.dn_loss_bbox: 0.0190  d3.dn_loss_iou: 0.0338  d4.dn_loss_cls: 0.0423  d4.dn_loss_bbox: 0.0188  d4.dn_loss_iou: 0.0335  d1.loss_lmm_region: 0.1869  loss_lmm_image: 0.3572
2026/02/06 23:18:14 - mmengine - INFO - Iter(train) [26800/35000]  base_lr: 1.0000e-06 lr: 1.0000e-06  eta: 2:39:27  time: 1.0277  data_time: 0.0152  memory: 25092  grad_norm: 23.0626  loss: 3.6456  loss_cls: 0.2607  loss_bbox: 0.0179  loss_iou: 0.0322  d0.loss_cls: 0.2775  d0.loss_bbox: 0.0202  d0.loss_iou: 0.0375  d1.loss_cls: 0.2687  d1.loss_bbox: 0.0197  d1.loss_iou: 0.0338  d2.loss_cls: 0.2651  d2.loss_bbox: 0.0182  d2.loss_iou: 0.0327  d3.loss_cls: 0.2641  d3.loss_bbox: 0.0179  d3.loss_iou: 0.0323  d4.loss_cls: 0.2614  d4.loss_bbox: 0.0179  d4.loss_iou: 0.0323  enc_loss_cls: 0.2930  enc_loss_bbox: 0.0291  enc_loss_iou: 0.0554  dn_loss_cls: 0.0437  dn_loss_bbox: 0.0192  dn_loss_iou: 0.0326  d0.dn_loss_cls: 0.1244  d0.dn_loss_bbox: 0.0443  d0.dn_loss_iou: 0.0829  d1.dn_loss_cls: 0.0706  d1.dn_loss_bbox: 0.0228  d1.dn_loss_iou: 0.0393  d2.dn_loss_cls: 0.0546  d2.dn_loss_bbox: 0.0199  d2.dn_loss_iou: 0.0342  d3.dn_loss_cls: 0.0493  d3.dn_loss_bbox: 0.0192  d3.dn_loss_iou: 0.0328  d4.dn_loss_cls: 0.0439  d4.dn_loss_bbox: 0.0192  d4.dn_loss_iou: 0.0326  d1.loss_lmm_region: 0.1718  loss_lmm_image: 0.4007
2026/02/06 23:19:58 - mmengine - INFO - Iter(train) [26900/35000]  base_lr: 1.0000e-06 lr: 1.0000e-06  eta: 2:36:37  time: 1.0345  data_time: 0.0148  memory: 25174  grad_norm: 22.5191  loss: 3.4924  loss_cls: 0.2476  loss_bbox: 0.0168  loss_iou: 0.0324  d0.loss_cls: 0.2649  d0.loss_bbox: 0.0200  d0.loss_iou: 0.0375  d1.loss_cls: 0.2587  d1.loss_bbox: 0.0171  d1.loss_iou: 0.0329  d2.loss_cls: 0.2528  d2.loss_bbox: 0.0168  d2.loss_iou: 0.0324  d3.loss_cls: 0.2501  d3.loss_bbox: 0.0168  d3.loss_iou: 0.0326  d4.loss_cls: 0.2485  d4.loss_bbox: 0.0168  d4.loss_iou: 0.0324  enc_loss_cls: 0.2794  enc_loss_bbox: 0.0279  enc_loss_iou: 0.0527  dn_loss_cls: 0.0392  dn_loss_bbox: 0.0169  dn_loss_iou: 0.0327  d0.dn_loss_cls: 0.1162  d0.dn_loss_bbox: 0.0409  d0.dn_loss_iou: 0.0794  d1.dn_loss_cls: 0.0614  d1.dn_loss_bbox: 0.0200  d1.dn_loss_iou: 0.0393  d2.dn_loss_cls: 0.0467  d2.dn_loss_bbox: 0.0173  d2.dn_loss_iou: 0.0337  d3.dn_loss_cls: 0.0419  d3.dn_loss_bbox: 0.0168  d3.dn_loss_iou: 0.0328  d4.dn_loss_cls: 0.0400  d4.dn_loss_bbox: 0.0168  d4.dn_loss_iou: 0.0327  d1.loss_lmm_region: 0.1729  loss_lmm_image: 0.4080
2026/02/06 23:21:41 - mmengine - INFO - Exp name: grounding_dino_swin_t_20260206_224223
2026/02/06 23:21:41 - mmengine - INFO - Iter(train) [27000/35000]  base_lr: 1.0000e-06 lr: 1.0000e-06  eta: 2:33:49  time: 1.0354  data_time: 0.0153  memory: 25009  grad_norm: 23.6712  loss: 3.9184  loss_cls: 0.2766  loss_bbox: 0.0170  loss_iou: 0.0369  d0.loss_cls: 0.3044  d0.loss_bbox: 0.0201  d0.loss_iou: 0.0428  d1.loss_cls: 0.2942  d1.loss_bbox: 0.0171  d1.loss_iou: 0.0376  d2.loss_cls: 0.2843  d2.loss_bbox: 0.0165  d2.loss_iou: 0.0367  d3.loss_cls: 0.2804  d3.loss_bbox: 0.0169  d3.loss_iou: 0.0370  d4.loss_cls: 0.2785  d4.loss_bbox: 0.0164  d4.loss_iou: 0.0362  enc_loss_cls: 0.3205  enc_loss_bbox: 0.0302  enc_loss_iou: 0.0649  dn_loss_cls: 0.0605  dn_loss_bbox: 0.0175  dn_loss_iou: 0.0375  d0.dn_loss_cls: 0.1451  d0.dn_loss_bbox: 0.0490  d0.dn_loss_iou: 0.1009  d1.dn_loss_cls: 0.0880  d1.dn_loss_bbox: 0.0225  d1.dn_loss_iou: 0.0467  d2.dn_loss_cls: 0.0730  d2.dn_loss_bbox: 0.0184  d2.dn_loss_iou: 0.0391  d3.dn_loss_cls: 0.0664  d3.dn_loss_bbox: 0.0174  d3.dn_loss_iou: 0.0375  d4.dn_loss_cls: 0.0613  d4.dn_loss_bbox: 0.0175  d4.dn_loss_iou: 0.0375  d1.loss_lmm_region: 0.1767  loss_lmm_image: 0.3408
2026/02/06 23:21:41 - mmengine - INFO - Saving checkpoint at 27000 iterations
2026/02/06 23:22:02 - mmengine - INFO - Iter(val) [ 100/2445]    eta: 0:04:42  time: 0.1135  data_time: 0.0014  memory: 5166  
2026/02/06 23:22:13 - mmengine - INFO - Iter(val) [ 200/2445]    eta: 0:04:23  time: 0.1137  data_time: 0.0013  memory: 5135  
2026/02/06 23:22:24 - mmengine - INFO - Iter(val) [ 300/2445]    eta: 0:04:08  time: 0.1142  data_time: 0.0014  memory: 5136  
2026/02/06 23:22:36 - mmengine - INFO - Iter(val) [ 400/2445]    eta: 0:03:56  time: 0.1139  data_time: 0.0014  memory: 5143  
2026/02/06 23:22:47 - mmengine - INFO - Iter(val) [ 500/2445]    eta: 0:03:43  time: 0.1132  data_time: 0.0014  memory: 5150  
2026/02/06 23:22:59 - mmengine - INFO - Iter(val) [ 600/2445]    eta: 0:03:32  time: 0.1138  data_time: 0.0014  memory: 5127  
2026/02/06 23:23:10 - mmengine - INFO - Iter(val) [ 700/2445]    eta: 0:03:20  time: 0.1145  data_time: 0.0014  memory: 5142  
2026/02/06 23:23:21 - mmengine - INFO - Iter(val) [ 800/2445]    eta: 0:03:08  time: 0.1135  data_time: 0.0013  memory: 5127  
2026/02/06 23:23:33 - mmengine - INFO - Iter(val) [ 900/2445]    eta: 0:02:56  time: 0.1135  data_time: 0.0014  memory: 5150  
2026/02/06 23:23:44 - mmengine - INFO - Iter(val) [1000/2445]    eta: 0:02:45  time: 0.1141  data_time: 0.0015  memory: 5128  
2026/02/06 23:23:56 - mmengine - INFO - Iter(val) [1100/2445]    eta: 0:02:33  time: 0.1140  data_time: 0.0016  memory: 5137  
2026/02/06 23:24:07 - mmengine - INFO - Iter(val) [1200/2445]    eta: 0:02:22  time: 0.1146  data_time: 0.0016  memory: 5132  
2026/02/06 23:24:18 - mmengine - INFO - Iter(val) [1300/2445]    eta: 0:02:11  time: 0.1141  data_time: 0.0014  memory: 5119  
2026/02/06 23:24:30 - mmengine - INFO - Iter(val) [1400/2445]    eta: 0:01:59  time: 0.1143  data_time: 0.0014  memory: 5132  
2026/02/06 23:24:41 - mmengine - INFO - Iter(val) [1500/2445]    eta: 0:01:48  time: 0.1140  data_time: 0.0014  memory: 5149  
2026/02/06 23:24:53 - mmengine - INFO - Iter(val) [1600/2445]    eta: 0:01:36  time: 0.1137  data_time: 0.0016  memory: 5127  
2026/02/06 23:25:04 - mmengine - INFO - Iter(val) [1700/2445]    eta: 0:01:25  time: 0.1146  data_time: 0.0015  memory: 5130  
2026/02/06 23:25:16 - mmengine - INFO - Iter(val) [1800/2445]    eta: 0:01:13  time: 0.1141  data_time: 0.0016  memory: 5142  
2026/02/06 23:25:27 - mmengine - INFO - Iter(val) [1900/2445]    eta: 0:01:02  time: 0.1152  data_time: 0.0017  memory: 5130  
2026/02/06 23:25:39 - mmengine - INFO - Iter(val) [2000/2445]    eta: 0:00:50  time: 0.1144  data_time: 0.0016  memory: 5135  
2026/02/06 23:25:50 - mmengine - INFO - Iter(val) [2100/2445]    eta: 0:00:39  time: 0.1139  data_time: 0.0016  memory: 5135  
2026/02/06 23:26:01 - mmengine - INFO - Iter(val) [2200/2445]    eta: 0:00:28  time: 0.1150  data_time: 0.0016  memory: 5134  
2026/02/06 23:26:13 - mmengine - INFO - Iter(val) [2300/2445]    eta: 0:00:16  time: 0.1147  data_time: 0.0015  memory: 5146  
2026/02/06 23:26:24 - mmengine - INFO - Iter(val) [2400/2445]    eta: 0:00:05  time: 0.1140  data_time: 0.0015  memory: 5127  
2026/02/06 23:26:35 - mmengine - INFO - {'recall@1': 0.2228586652457706, 'recall@5': 0.5520786659723652, 'recall@10': 0.6902648437216174}
2026/02/06 23:26:35 - mmengine - INFO - Iter(val) [2445/2445]    lvis_fixed_ap/AP: 0.4160  lvis_fixed_ap/AP50: 0.5257  lvis_fixed_ap/AP75: 0.4424  lvis_fixed_ap/APs: 0.3797  lvis_fixed_ap/APm: 0.5411  lvis_fixed_ap/APl: 0.6120  lvis_fixed_ap/APr: 0.2916  lvis_fixed_ap/APc: 0.3625  lvis_fixed_ap/APf: 0.4858  odvg/recall@1: 0.2229  odvg/recall@5: 0.5521  odvg/recall@10: 0.6903  data_time: 0.0016  time: 0.1144
2026/02/06 23:28:18 - mmengine - INFO - Iter(train) [27100/35000]  base_lr: 1.0000e-06 lr: 1.0000e-06  eta: 2:31:28  time: 1.0335  data_time: 0.0147  memory: 25206  grad_norm: 21.1656  loss: 3.7441  loss_cls: 0.2542  loss_bbox: 0.0199  loss_iou: 0.0350  d0.loss_cls: 0.2737  d0.loss_bbox: 0.0220  d0.loss_iou: 0.0404  d1.loss_cls: 0.2688  d1.loss_bbox: 0.0205  d1.loss_iou: 0.0369  d2.loss_cls: 0.2598  d2.loss_bbox: 0.0198  d2.loss_iou: 0.0354  d3.loss_cls: 0.2569  d3.loss_bbox: 0.0199  d3.loss_iou: 0.0352  d4.loss_cls: 0.2553  d4.loss_bbox: 0.0199  d4.loss_iou: 0.0351  enc_loss_cls: 0.2886  enc_loss_bbox: 0.0331  enc_loss_iou: 0.0615  dn_loss_cls: 0.0468  dn_loss_bbox: 0.0200  dn_loss_iou: 0.0363  d0.dn_loss_cls: 0.1313  d0.dn_loss_bbox: 0.0480  d0.dn_loss_iou: 0.0914  d1.dn_loss_cls: 0.0739  d1.dn_loss_bbox: 0.0237  d1.dn_loss_iou: 0.0448  d2.dn_loss_cls: 0.0588  d2.dn_loss_bbox: 0.0203  d2.dn_loss_iou: 0.0373  d3.dn_loss_cls: 0.0514  d3.dn_loss_bbox: 0.0201  d3.dn_loss_iou: 0.0365  d4.dn_loss_cls: 0.0477  d4.dn_loss_bbox: 0.0200  d4.dn_loss_iou: 0.0363  d1.loss_lmm_region: 0.2022  loss_lmm_image: 0.4055
2026/02/06 23:30:02 - mmengine - INFO - Iter(train) [27200/35000]  base_lr: 1.0000e-06 lr: 1.0000e-06  eta: 2:28:53  time: 1.0377  data_time: 0.0144  memory: 25050  grad_norm: 23.1726  loss: 3.4624  loss_cls: 0.2401  loss_bbox: 0.0178  loss_iou: 0.0345  d0.loss_cls: 0.2580  d0.loss_bbox: 0.0210  d0.loss_iou: 0.0407  d1.loss_cls: 0.2504  d1.loss_bbox: 0.0193  d1.loss_iou: 0.0364  d2.loss_cls: 0.2463  d2.loss_bbox: 0.0180  d2.loss_iou: 0.0350  d3.loss_cls: 0.2420  d3.loss_bbox: 0.0179  d3.loss_iou: 0.0346  d4.loss_cls: 0.2410  d4.loss_bbox: 0.0178  d4.loss_iou: 0.0345  enc_loss_cls: 0.2651  enc_loss_bbox: 0.0305  enc_loss_iou: 0.0581  dn_loss_cls: 0.0353  dn_loss_bbox: 0.0204  dn_loss_iou: 0.0380  d0.dn_loss_cls: 0.1075  d0.dn_loss_bbox: 0.0460  d0.dn_loss_iou: 0.0879  d1.dn_loss_cls: 0.0584  d1.dn_loss_bbox: 0.0242  d1.dn_loss_iou: 0.0462  d2.dn_loss_cls: 0.0446  d2.dn_loss_bbox: 0.0210  d2.dn_loss_iou: 0.0395  d3.dn_loss_cls: 0.0386  d3.dn_loss_bbox: 0.0204  d3.dn_loss_iou: 0.0379  d4.dn_loss_cls: 0.0351  d4.dn_loss_bbox: 0.0204  d4.dn_loss_iou: 0.0379  d1.loss_lmm_region: 0.1686  loss_lmm_image: 0.3757
2026/02/06 23:31:44 - mmengine - INFO - Iter(train) [27300/35000]  base_lr: 1.0000e-06 lr: 1.0000e-06  eta: 2:26:19  time: 1.0295  data_time: 0.0144  memory: 25098  grad_norm: 21.9108  loss: 3.5629  loss_cls: 0.2420  loss_bbox: 0.0154  loss_iou: 0.0306  d0.loss_cls: 0.2556  d0.loss_bbox: 0.0183  d0.loss_iou: 0.0370  d1.loss_cls: 0.2485  d1.loss_bbox: 0.0162  d1.loss_iou: 0.0321  d2.loss_cls: 0.2450  d2.loss_bbox: 0.0157  d2.loss_iou: 0.0311  d3.loss_cls: 0.2435  d3.loss_bbox: 0.0154  d3.loss_iou: 0.0307  d4.loss_cls: 0.2427  d4.loss_bbox: 0.0154  d4.loss_iou: 0.0306  enc_loss_cls: 0.2684  enc_loss_bbox: 0.0274  enc_loss_iou: 0.0562  dn_loss_cls: 0.0586  dn_loss_bbox: 0.0172  dn_loss_iou: 0.0340  d0.dn_loss_cls: 0.1329  d0.dn_loss_bbox: 0.0436  d0.dn_loss_iou: 0.0876  d1.dn_loss_cls: 0.0813  d1.dn_loss_bbox: 0.0209  d1.dn_loss_iou: 0.0416  d2.dn_loss_cls: 0.0665  d2.dn_loss_bbox: 0.0178  d2.dn_loss_iou: 0.0351  d3.dn_loss_cls: 0.0614  d3.dn_loss_bbox: 0.0170  d3.dn_loss_iou: 0.0337  d4.dn_loss_cls: 0.0588  d4.dn_loss_bbox: 0.0172  d4.dn_loss_iou: 0.0341  d1.loss_lmm_region: 0.1870  loss_lmm_image: 0.3986
2026/02/06 23:33:28 - mmengine - INFO - Iter(train) [27400/35000]  base_lr: 1.0000e-06 lr: 1.0000e-06  eta: 2:23:52  time: 1.0351  data_time: 0.0138  memory: 25279  grad_norm: 22.2566  loss: 3.0700  loss_cls: 0.2096  loss_bbox: 0.0135  loss_iou: 0.0268  d0.loss_cls: 0.2248  d0.loss_bbox: 0.0151  d0.loss_iou: 0.0314  d1.loss_cls: 0.2202  d1.loss_bbox: 0.0142  d1.loss_iou: 0.0279  d2.loss_cls: 0.2158  d2.loss_bbox: 0.0134  d2.loss_iou: 0.0268  d3.loss_cls: 0.2134  d3.loss_bbox: 0.0133  d3.loss_iou: 0.0267  d4.loss_cls: 0.2107  d4.loss_bbox: 0.0135  d4.loss_iou: 0.0268  enc_loss_cls: 0.2374  enc_loss_bbox: 0.0237  enc_loss_iou: 0.0471  dn_loss_cls: 0.0356  dn_loss_bbox: 0.0140  dn_loss_iou: 0.0285  d0.dn_loss_cls: 0.1033  d0.dn_loss_bbox: 0.0385  d0.dn_loss_iou: 0.0737  d1.dn_loss_cls: 0.0569  d1.dn_loss_bbox: 0.0174  d1.dn_loss_iou: 0.0353  d2.dn_loss_cls: 0.0455  d2.dn_loss_bbox: 0.0147  d2.dn_loss_iou: 0.0298  d3.dn_loss_cls: 0.0391  d3.dn_loss_bbox: 0.0140  d3.dn_loss_iou: 0.0285  d4.dn_loss_cls: 0.0367  d4.dn_loss_bbox: 0.0141  d4.dn_loss_iou: 0.0286  d1.loss_lmm_region: 0.1656  loss_lmm_image: 0.3981
2026/02/06 23:35:12 - mmengine - INFO - Iter(train) [27500/35000]  base_lr: 1.0000e-06 lr: 1.0000e-06  eta: 2:21:28  time: 1.0459  data_time: 0.0148  memory: 25228  grad_norm: 21.0412  loss: 3.3765  loss_cls: 0.2231  loss_bbox: 0.0150  loss_iou: 0.0309  d0.loss_cls: 0.2419  d0.loss_bbox: 0.0170  d0.loss_iou: 0.0349  d1.loss_cls: 0.2379  d1.loss_bbox: 0.0153  d1.loss_iou: 0.0319  d2.loss_cls: 0.2305  d2.loss_bbox: 0.0153  d2.loss_iou: 0.0314  d3.loss_cls: 0.2288  d3.loss_bbox: 0.0150  d3.loss_iou: 0.0310  d4.loss_cls: 0.2238  d4.loss_bbox: 0.0150  d4.loss_iou: 0.0308  enc_loss_cls: 0.2530  enc_loss_bbox: 0.0256  enc_loss_iou: 0.0514  dn_loss_cls: 0.0457  dn_loss_bbox: 0.0175  dn_loss_iou: 0.0338  d0.dn_loss_cls: 0.1191  d0.dn_loss_bbox: 0.0443  d0.dn_loss_iou: 0.0846  d1.dn_loss_cls: 0.0683  d1.dn_loss_bbox: 0.0214  d1.dn_loss_iou: 0.0422  d2.dn_loss_cls: 0.0536  d2.dn_loss_bbox: 0.0185  d2.dn_loss_iou: 0.0357  d3.dn_loss_cls: 0.0487  d3.dn_loss_bbox: 0.0177  d3.dn_loss_iou: 0.0342  d4.dn_loss_cls: 0.0454  d4.dn_loss_bbox: 0.0175  d4.dn_loss_iou: 0.0339  d1.loss_lmm_region: 0.1846  loss_lmm_image: 0.4103
2026/02/06 23:36:55 - mmengine - INFO - Iter(train) [27600/35000]  base_lr: 1.0000e-06 lr: 1.0000e-06  eta: 2:19:08  time: 1.0246  data_time: 0.0144  memory: 25202  grad_norm: 21.1955  loss: 2.8174  loss_cls: 0.1856  loss_bbox: 0.0121  loss_iou: 0.0238  d0.loss_cls: 0.1995  d0.loss_bbox: 0.0142  d0.loss_iou: 0.0287  d1.loss_cls: 0.1933  d1.loss_bbox: 0.0132  d1.loss_iou: 0.0258  d2.loss_cls: 0.1899  d2.loss_bbox: 0.0125  d2.loss_iou: 0.0245  d3.loss_cls: 0.1866  d3.loss_bbox: 0.0123  d3.loss_iou: 0.0241  d4.loss_cls: 0.1853  d4.loss_bbox: 0.0122  d4.loss_iou: 0.0238  enc_loss_cls: 0.2076  enc_loss_bbox: 0.0209  enc_loss_iou: 0.0410  dn_loss_cls: 0.0324  dn_loss_bbox: 0.0145  dn_loss_iou: 0.0281  d0.dn_loss_cls: 0.0951  d0.dn_loss_bbox: 0.0373  d0.dn_loss_iou: 0.0705  d1.dn_loss_cls: 0.0492  d1.dn_loss_bbox: 0.0175  d1.dn_loss_iou: 0.0343  d2.dn_loss_cls: 0.0376  d2.dn_loss_bbox: 0.0151  d2.dn_loss_iou: 0.0293  d3.dn_loss_cls: 0.0339  d3.dn_loss_bbox: 0.0147  d3.dn_loss_iou: 0.0284  d4.dn_loss_cls: 0.0322  d4.dn_loss_bbox: 0.0145  d4.dn_loss_iou: 0.0281  d1.loss_lmm_region: 0.1752  loss_lmm_image: 0.3926
2026/02/06 23:38:39 - mmengine - INFO - Iter(train) [27700/35000]  base_lr: 1.0000e-06 lr: 1.0000e-06  eta: 2:16:51  time: 1.0377  data_time: 0.0145  memory: 25239  grad_norm: 22.8525  loss: 3.6580  loss_cls: 0.2664  loss_bbox: 0.0158  loss_iou: 0.0335  d0.loss_cls: 0.2860  d0.loss_bbox: 0.0181  d0.loss_iou: 0.0384  d1.loss_cls: 0.2796  d1.loss_bbox: 0.0165  d1.loss_iou: 0.0353  d2.loss_cls: 0.2716  d2.loss_bbox: 0.0158  d2.loss_iou: 0.0343  d3.loss_cls: 0.2696  d3.loss_bbox: 0.0157  d3.loss_iou: 0.0337  d4.loss_cls: 0.2677  d4.loss_bbox: 0.0157  d4.loss_iou: 0.0335  enc_loss_cls: 0.2963  enc_loss_bbox: 0.0280  enc_loss_iou: 0.0563  dn_loss_cls: 0.0405  dn_loss_bbox: 0.0162  dn_loss_iou: 0.0347  d0.dn_loss_cls: 0.1242  d0.dn_loss_bbox: 0.0437  d0.dn_loss_iou: 0.0869  d1.dn_loss_cls: 0.0658  d1.dn_loss_bbox: 0.0198  d1.dn_loss_iou: 0.0415  d2.dn_loss_cls: 0.0514  d2.dn_loss_bbox: 0.0168  d2.dn_loss_iou: 0.0366  d3.dn_loss_cls: 0.0434  d3.dn_loss_bbox: 0.0163  d3.dn_loss_iou: 0.0350  d4.dn_loss_cls: 0.0404  d4.dn_loss_bbox: 0.0162  d4.dn_loss_iou: 0.0347  d1.loss_lmm_region: 0.1778  loss_lmm_image: 0.3882
2026/02/06 23:40:22 - mmengine - INFO - Iter(train) [27800/35000]  base_lr: 1.0000e-06 lr: 1.0000e-06  eta: 2:14:34  time: 1.0275  data_time: 0.0145  memory: 25332  grad_norm: 21.4041  loss: 3.5060  loss_cls: 0.2492  loss_bbox: 0.0139  loss_iou: 0.0309  d0.loss_cls: 0.2669  d0.loss_bbox: 0.0172  d0.loss_iou: 0.0387  d1.loss_cls: 0.2613  d1.loss_bbox: 0.0146  d1.loss_iou: 0.0326  d2.loss_cls: 0.2538  d2.loss_bbox: 0.0140  d2.loss_iou: 0.0315  d3.loss_cls: 0.2514  d3.loss_bbox: 0.0138  d3.loss_iou: 0.0310  d4.loss_cls: 0.2491  d4.loss_bbox: 0.0139  d4.loss_iou: 0.0308  enc_loss_cls: 0.2792  enc_loss_bbox: 0.0256  enc_loss_iou: 0.0581  dn_loss_cls: 0.0414  dn_loss_bbox: 0.0167  dn_loss_iou: 0.0378  d0.dn_loss_cls: 0.1240  d0.dn_loss_bbox: 0.0431  d0.dn_loss_iou: 0.0938  d1.dn_loss_cls: 0.0645  d1.dn_loss_bbox: 0.0197  d1.dn_loss_iou: 0.0450  d2.dn_loss_cls: 0.0488  d2.dn_loss_bbox: 0.0168  d2.dn_loss_iou: 0.0389  d3.dn_loss_cls: 0.0435  d3.dn_loss_bbox: 0.0166  d3.dn_loss_iou: 0.0378  d4.dn_loss_cls: 0.0413  d4.dn_loss_bbox: 0.0167  d4.dn_loss_iou: 0.0378  d1.loss_lmm_region: 0.1681  loss_lmm_image: 0.3763
2026/02/06 23:42:06 - mmengine - INFO - Iter(train) [27900/35000]  base_lr: 1.0000e-06 lr: 1.0000e-06  eta: 2:12:22  time: 1.0344  data_time: 0.0144  memory: 25169  grad_norm: 21.7823  loss: 3.3963  loss_cls: 0.2393  loss_bbox: 0.0162  loss_iou: 0.0316  d0.loss_cls: 0.2534  d0.loss_bbox: 0.0177  d0.loss_iou: 0.0348  d1.loss_cls: 0.2488  d1.loss_bbox: 0.0168  d1.loss_iou: 0.0324  d2.loss_cls: 0.2439  d2.loss_bbox: 0.0164  d2.loss_iou: 0.0318  d3.loss_cls: 0.2424  d3.loss_bbox: 0.0163  d3.loss_iou: 0.0316  d4.loss_cls: 0.2399  d4.loss_bbox: 0.0162  d4.loss_iou: 0.0316  enc_loss_cls: 0.2640  enc_loss_bbox: 0.0256  enc_loss_iou: 0.0509  dn_loss_cls: 0.0398  dn_loss_bbox: 0.0173  dn_loss_iou: 0.0329  d0.dn_loss_cls: 0.1097  d0.dn_loss_bbox: 0.0398  d0.dn_loss_iou: 0.0798  d1.dn_loss_cls: 0.0580  d1.dn_loss_bbox: 0.0207  d1.dn_loss_iou: 0.0396  d2.dn_loss_cls: 0.0452  d2.dn_loss_bbox: 0.0176  d2.dn_loss_iou: 0.0338  d3.dn_loss_cls: 0.0418  d3.dn_loss_bbox: 0.0172  d3.dn_loss_iou: 0.0328  d4.dn_loss_cls: 0.0400  d4.dn_loss_bbox: 0.0173  d4.dn_loss_iou: 0.0329  d1.loss_lmm_region: 0.1698  loss_lmm_image: 0.4090
2026/02/06 23:43:50 - mmengine - INFO - Exp name: grounding_dino_swin_t_20260206_224223
2026/02/06 23:43:50 - mmengine - INFO - Iter(train) [28000/35000]  base_lr: 1.0000e-06 lr: 1.0000e-06  eta: 2:10:10  time: 1.0406  data_time: 0.0148  memory: 25206  grad_norm: 20.5081  loss: 3.3235  loss_cls: 0.2376  loss_bbox: 0.0160  loss_iou: 0.0315  d0.loss_cls: 0.2557  d0.loss_bbox: 0.0193  d0.loss_iou: 0.0372  d1.loss_cls: 0.2493  d1.loss_bbox: 0.0168  d1.loss_iou: 0.0329  d2.loss_cls: 0.2433  d2.loss_bbox: 0.0164  d2.loss_iou: 0.0321  d3.loss_cls: 0.2391  d3.loss_bbox: 0.0162  d3.loss_iou: 0.0318  d4.loss_cls: 0.2376  d4.loss_bbox: 0.0160  d4.loss_iou: 0.0315  enc_loss_cls: 0.2704  enc_loss_bbox: 0.0283  enc_loss_iou: 0.0547  dn_loss_cls: 0.0335  dn_loss_bbox: 0.0158  dn_loss_iou: 0.0304  d0.dn_loss_cls: 0.1079  d0.dn_loss_bbox: 0.0414  d0.dn_loss_iou: 0.0799  d1.dn_loss_cls: 0.0550  d1.dn_loss_bbox: 0.0200  d1.dn_loss_iou: 0.0386  d2.dn_loss_cls: 0.0407  d2.dn_loss_bbox: 0.0170  d2.dn_loss_iou: 0.0325  d3.dn_loss_cls: 0.0356  d3.dn_loss_bbox: 0.0159  d3.dn_loss_iou: 0.0306  d4.dn_loss_cls: 0.0341  d4.dn_loss_bbox: 0.0158  d4.dn_loss_iou: 0.0305  d1.loss_lmm_region: 0.1698  loss_lmm_image: 0.3651
2026/02/06 23:45:33 - mmengine - INFO - Iter(train) [28100/35000]  base_lr: 1.0000e-06 lr: 1.0000e-06  eta: 2:08:01  time: 1.0336  data_time: 0.0148  memory: 25091  grad_norm: 22.5077  loss: 3.6203  loss_cls: 0.2580  loss_bbox: 0.0153  loss_iou: 0.0369  d0.loss_cls: 0.2776  d0.loss_bbox: 0.0187  d0.loss_iou: 0.0430  d1.loss_cls: 0.2712  d1.loss_bbox: 0.0162  d1.loss_iou: 0.0388  d2.loss_cls: 0.2637  d2.loss_bbox: 0.0156  d2.loss_iou: 0.0375  d3.loss_cls: 0.2591  d3.loss_bbox: 0.0153  d3.loss_iou: 0.0369  d4.loss_cls: 0.2593  d4.loss_bbox: 0.0153  d4.loss_iou: 0.0370  enc_loss_cls: 0.2937  enc_loss_bbox: 0.0303  enc_loss_iou: 0.0646  dn_loss_cls: 0.0356  dn_loss_bbox: 0.0156  dn_loss_iou: 0.0369  d0.dn_loss_cls: 0.1181  d0.dn_loss_bbox: 0.0468  d0.dn_loss_iou: 0.0923  d1.dn_loss_cls: 0.0594  d1.dn_loss_bbox: 0.0206  d1.dn_loss_iou: 0.0454  d2.dn_loss_cls: 0.0444  d2.dn_loss_bbox: 0.0166  d2.dn_loss_iou: 0.0388  d3.dn_loss_cls: 0.0394  d3.dn_loss_bbox: 0.0157  d3.dn_loss_iou: 0.0370  d4.dn_loss_cls: 0.0357  d4.dn_loss_bbox: 0.0156  d4.dn_loss_iou: 0.0369  d1.loss_lmm_region: 0.1890  loss_lmm_image: 0.3768
2026/02/06 23:47:17 - mmengine - INFO - Iter(train) [28200/35000]  base_lr: 1.0000e-06 lr: 1.0000e-06  eta: 2:05:54  time: 1.0467  data_time: 0.0149  memory: 25291  grad_norm: 20.8693  loss: 3.5794  loss_cls: 0.2533  loss_bbox: 0.0165  loss_iou: 0.0328  d0.loss_cls: 0.2750  d0.loss_bbox: 0.0188  d0.loss_iou: 0.0373  d1.loss_cls: 0.2697  d1.loss_bbox: 0.0173  d1.loss_iou: 0.0339  d2.loss_cls: 0.2619  d2.loss_bbox: 0.0169  d2.loss_iou: 0.0331  d3.loss_cls: 0.2577  d3.loss_bbox: 0.0165  d3.loss_iou: 0.0325  d4.loss_cls: 0.2535  d4.loss_bbox: 0.0165  d4.loss_iou: 0.0328  enc_loss_cls: 0.2899  enc_loss_bbox: 0.0281  enc_loss_iou: 0.0556  dn_loss_cls: 0.0352  dn_loss_bbox: 0.0190  dn_loss_iou: 0.0377  d0.dn_loss_cls: 0.1134  d0.dn_loss_bbox: 0.0481  d0.dn_loss_iou: 0.0931  d1.dn_loss_cls: 0.0565  d1.dn_loss_bbox: 0.0230  d1.dn_loss_iou: 0.0456  d2.dn_loss_cls: 0.0422  d2.dn_loss_bbox: 0.0197  d2.dn_loss_iou: 0.0392  d3.dn_loss_cls: 0.0381  d3.dn_loss_bbox: 0.0190  d3.dn_loss_iou: 0.0380  d4.dn_loss_cls: 0.0359  d4.dn_loss_bbox: 0.0191  d4.dn_loss_iou: 0.0377  d1.loss_lmm_region: 0.1879  loss_lmm_image: 0.3811
2026/02/06 23:49:00 - mmengine - INFO - Iter(train) [28300/35000]  base_lr: 1.0000e-06 lr: 1.0000e-06  eta: 2:03:46  time: 1.0227  data_time: 0.0149  memory: 25207  grad_norm: 21.8027  loss: 3.6064  loss_cls: 0.2558  loss_bbox: 0.0178  loss_iou: 0.0356  d0.loss_cls: 0.2791  d0.loss_bbox: 0.0200  d0.loss_iou: 0.0403  d1.loss_cls: 0.2678  d1.loss_bbox: 0.0185  d1.loss_iou: 0.0372  d2.loss_cls: 0.2611  d2.loss_bbox: 0.0179  d2.loss_iou: 0.0356  d3.loss_cls: 0.2589  d3.loss_bbox: 0.0178  d3.loss_iou: 0.0358  d4.loss_cls: 0.2589  d4.loss_bbox: 0.0173  d4.loss_iou: 0.0349  enc_loss_cls: 0.2940  enc_loss_bbox: 0.0304  enc_loss_iou: 0.0587  dn_loss_cls: 0.0333  dn_loss_bbox: 0.0186  dn_loss_iou: 0.0370  d0.dn_loss_cls: 0.1245  d0.dn_loss_bbox: 0.0462  d0.dn_loss_iou: 0.0908  d1.dn_loss_cls: 0.0615  d1.dn_loss_bbox: 0.0223  d1.dn_loss_iou: 0.0443  d2.dn_loss_cls: 0.0451  d2.dn_loss_bbox: 0.0193  d2.dn_loss_iou: 0.0383  d3.dn_loss_cls: 0.0378  d3.dn_loss_bbox: 0.0187  d3.dn_loss_iou: 0.0370  d4.dn_loss_cls: 0.0337  d4.dn_loss_bbox: 0.0186  d4.dn_loss_iou: 0.0370  d1.loss_lmm_region: 0.1789  loss_lmm_image: 0.3699
2026/02/06 23:50:44 - mmengine - INFO - Iter(train) [28400/35000]  base_lr: 1.0000e-06 lr: 1.0000e-06  eta: 2:01:42  time: 1.0365  data_time: 0.0148  memory: 25165  grad_norm: 22.1641  loss: 3.3223  loss_cls: 0.2300  loss_bbox: 0.0149  loss_iou: 0.0288  d0.loss_cls: 0.2460  d0.loss_bbox: 0.0169  d0.loss_iou: 0.0326  d1.loss_cls: 0.2407  d1.loss_bbox: 0.0156  d1.loss_iou: 0.0302  d2.loss_cls: 0.2372  d2.loss_bbox: 0.0153  d2.loss_iou: 0.0296  d3.loss_cls: 0.2341  d3.loss_bbox: 0.0149  d3.loss_iou: 0.0290  d4.loss_cls: 0.2311  d4.loss_bbox: 0.0149  d4.loss_iou: 0.0290  enc_loss_cls: 0.2603  enc_loss_bbox: 0.0262  enc_loss_iou: 0.0519  dn_loss_cls: 0.0342  dn_loss_bbox: 0.0154  dn_loss_iou: 0.0291  d0.dn_loss_cls: 0.1062  d0.dn_loss_bbox: 0.0404  d0.dn_loss_iou: 0.0765  d1.dn_loss_cls: 0.0573  d1.dn_loss_bbox: 0.0190  d1.dn_loss_iou: 0.0356  d2.dn_loss_cls: 0.0434  d2.dn_loss_bbox: 0.0162  d2.dn_loss_iou: 0.0305  d3.dn_loss_cls: 0.0372  d3.dn_loss_bbox: 0.0154  d3.dn_loss_iou: 0.0294  d4.dn_loss_cls: 0.0344  d4.dn_loss_bbox: 0.0154  d4.dn_loss_iou: 0.0292  d1.loss_lmm_region: 0.1887  loss_lmm_image: 0.4395
2026/02/06 23:52:27 - mmengine - INFO - Iter(train) [28500/35000]  base_lr: 1.0000e-06 lr: 1.0000e-06  eta: 1:59:38  time: 1.0357  data_time: 0.0152  memory: 25115  grad_norm: 21.7291  loss: 3.7142  loss_cls: 0.2787  loss_bbox: 0.0149  loss_iou: 0.0343  d0.loss_cls: 0.2988  d0.loss_bbox: 0.0184  d0.loss_iou: 0.0401  d1.loss_cls: 0.2930  d1.loss_bbox: 0.0157  d1.loss_iou: 0.0356  d2.loss_cls: 0.2866  d2.loss_bbox: 0.0151  d2.loss_iou: 0.0344  d3.loss_cls: 0.2811  d3.loss_bbox: 0.0148  d3.loss_iou: 0.0340  d4.loss_cls: 0.2795  d4.loss_bbox: 0.0148  d4.loss_iou: 0.0342  enc_loss_cls: 0.3125  enc_loss_bbox: 0.0308  enc_loss_iou: 0.0630  dn_loss_cls: 0.0362  dn_loss_bbox: 0.0155  dn_loss_iou: 0.0345  d0.dn_loss_cls: 0.1252  d0.dn_loss_bbox: 0.0486  d0.dn_loss_iou: 0.0939  d1.dn_loss_cls: 0.0614  d1.dn_loss_bbox: 0.0207  d1.dn_loss_iou: 0.0432  d2.dn_loss_cls: 0.0453  d2.dn_loss_bbox: 0.0164  d2.dn_loss_iou: 0.0362  d3.dn_loss_cls: 0.0391  d3.dn_loss_bbox: 0.0155  d3.dn_loss_iou: 0.0347  d4.dn_loss_cls: 0.0363  d4.dn_loss_bbox: 0.0155  d4.dn_loss_iou: 0.0346  d1.loss_lmm_region: 0.1889  loss_lmm_image: 0.3421
2026/02/06 23:52:27 - mmengine - INFO - Saving checkpoint at 28500 iterations
2026/02/06 23:54:21 - mmengine - INFO - Iter(train) [28600/35000]  base_lr: 1.0000e-06 lr: 1.0000e-06  eta: 1:57:52  time: 1.0344  data_time: 0.0143  memory: 25293  grad_norm: 22.4927  loss: 3.4660  loss_cls: 0.2411  loss_bbox: 0.0137  loss_iou: 0.0295  d0.loss_cls: 0.2625  d0.loss_bbox: 0.0175  d0.loss_iou: 0.0363  d1.loss_cls: 0.2541  d1.loss_bbox: 0.0149  d1.loss_iou: 0.0315  d2.loss_cls: 0.2469  d2.loss_bbox: 0.0142  d2.loss_iou: 0.0302  d3.loss_cls: 0.2442  d3.loss_bbox: 0.0138  d3.loss_iou: 0.0296  d4.loss_cls: 0.2424  d4.loss_bbox: 0.0137  d4.loss_iou: 0.0295  enc_loss_cls: 0.2795  enc_loss_bbox: 0.0279  enc_loss_iou: 0.0544  dn_loss_cls: 0.0480  dn_loss_bbox: 0.0146  dn_loss_iou: 0.0312  d0.dn_loss_cls: 0.1193  d0.dn_loss_bbox: 0.0441  d0.dn_loss_iou: 0.0846  d1.dn_loss_cls: 0.0681  d1.dn_loss_bbox: 0.0188  d1.dn_loss_iou: 0.0389  d2.dn_loss_cls: 0.0546  d2.dn_loss_bbox: 0.0156  d2.dn_loss_iou: 0.0332  d3.dn_loss_cls: 0.0507  d3.dn_loss_bbox: 0.0148  d3.dn_loss_iou: 0.0313  d4.dn_loss_cls: 0.0485  d4.dn_loss_bbox: 0.0147  d4.dn_loss_iou: 0.0313  d1.loss_lmm_region: 0.1902  loss_lmm_image: 0.3858
2026/02/06 23:56:04 - mmengine - INFO - Iter(train) [28700/35000]  base_lr: 1.0000e-06 lr: 1.0000e-06  eta: 1:55:50  time: 1.0478  data_time: 0.0150  memory: 25324  grad_norm: 22.2813  loss: 3.9778  loss_cls: 0.2842  loss_bbox: 0.0171  loss_iou: 0.0364  d0.loss_cls: 0.3149  d0.loss_bbox: 0.0204  d0.loss_iou: 0.0427  d1.loss_cls: 0.3063  d1.loss_bbox: 0.0177  d1.loss_iou: 0.0386  d2.loss_cls: 0.2944  d2.loss_bbox: 0.0172  d2.loss_iou: 0.0369  d3.loss_cls: 0.2883  d3.loss_bbox: 0.0171  d3.loss_iou: 0.0365  d4.loss_cls: 0.2855  d4.loss_bbox: 0.0171  d4.loss_iou: 0.0364  enc_loss_cls: 0.3270  enc_loss_bbox: 0.0301  enc_loss_iou: 0.0619  dn_loss_cls: 0.0490  dn_loss_bbox: 0.0186  dn_loss_iou: 0.0393  d0.dn_loss_cls: 0.1408  d0.dn_loss_bbox: 0.0478  d0.dn_loss_iou: 0.0977  d1.dn_loss_cls: 0.0764  d1.dn_loss_bbox: 0.0225  d1.dn_loss_iou: 0.0481  d2.dn_loss_cls: 0.0591  d2.dn_loss_bbox: 0.0194  d2.dn_loss_iou: 0.0411  d3.dn_loss_cls: 0.0533  d3.dn_loss_bbox: 0.0188  d3.dn_loss_iou: 0.0396  d4.dn_loss_cls: 0.0497  d4.dn_loss_bbox: 0.0186  d4.dn_loss_iou: 0.0393  d1.loss_lmm_region: 0.1903  loss_lmm_image: 0.3817
2026/02/06 23:57:47 - mmengine - INFO - Iter(train) [28800/35000]  base_lr: 1.0000e-06 lr: 1.0000e-06  eta: 1:53:48  time: 1.0281  data_time: 0.0144  memory: 25258  grad_norm: 22.7997  loss: 3.1915  loss_cls: 0.2255  loss_bbox: 0.0138  loss_iou: 0.0286  d0.loss_cls: 0.2425  d0.loss_bbox: 0.0158  d0.loss_iou: 0.0325  d1.loss_cls: 0.2369  d1.loss_bbox: 0.0138  d1.loss_iou: 0.0288  d2.loss_cls: 0.2287  d2.loss_bbox: 0.0141  d2.loss_iou: 0.0290  d3.loss_cls: 0.2298  d3.loss_bbox: 0.0140  d3.loss_iou: 0.0290  d4.loss_cls: 0.2265  d4.loss_bbox: 0.0138  d4.loss_iou: 0.0285  enc_loss_cls: 0.2564  enc_loss_bbox: 0.0240  enc_loss_iou: 0.0486  dn_loss_cls: 0.0385  dn_loss_bbox: 0.0140  dn_loss_iou: 0.0288  d0.dn_loss_cls: 0.1045  d0.dn_loss_bbox: 0.0368  d0.dn_loss_iou: 0.0750  d1.dn_loss_cls: 0.0554  d1.dn_loss_bbox: 0.0167  d1.dn_loss_iou: 0.0352  d2.dn_loss_cls: 0.0437  d2.dn_loss_bbox: 0.0147  d2.dn_loss_iou: 0.0307  d3.dn_loss_cls: 0.0402  d3.dn_loss_bbox: 0.0143  d3.dn_loss_iou: 0.0293  d4.dn_loss_cls: 0.0387  d4.dn_loss_bbox: 0.0140  d4.dn_loss_iou: 0.0288  d1.loss_lmm_region: 0.1782  loss_lmm_image: 0.3734
2026/02/06 23:59:31 - mmengine - INFO - Iter(train) [28900/35000]  base_lr: 1.0000e-06 lr: 1.0000e-06  eta: 1:51:47  time: 1.0370  data_time: 0.0150  memory: 25112  grad_norm: 21.1831  loss: 3.7453  loss_cls: 0.2746  loss_bbox: 0.0181  loss_iou: 0.0379  d0.loss_cls: 0.2942  d0.loss_bbox: 0.0224  d0.loss_iou: 0.0449  d1.loss_cls: 0.2836  d1.loss_bbox: 0.0188  d1.loss_iou: 0.0391  d2.loss_cls: 0.2774  d2.loss_bbox: 0.0185  d2.loss_iou: 0.0384  d3.loss_cls: 0.2758  d3.loss_bbox: 0.0196  d3.loss_iou: 0.0387  d4.loss_cls: 0.2748  d4.loss_bbox: 0.0181  d4.loss_iou: 0.0378  enc_loss_cls: 0.3070  enc_loss_bbox: 0.0303  enc_loss_iou: 0.0645  dn_loss_cls: 0.0370  dn_loss_bbox: 0.0180  dn_loss_iou: 0.0362  d0.dn_loss_cls: 0.1181  d0.dn_loss_bbox: 0.0455  d0.dn_loss_iou: 0.0891  d1.dn_loss_cls: 0.0599  d1.dn_loss_bbox: 0.0217  d1.dn_loss_iou: 0.0443  d2.dn_loss_cls: 0.0457  d2.dn_loss_bbox: 0.0186  d2.dn_loss_iou: 0.0378  d3.dn_loss_cls: 0.0408  d3.dn_loss_bbox: 0.0182  d3.dn_loss_iou: 0.0364  d4.dn_loss_cls: 0.0370  d4.dn_loss_bbox: 0.0181  d4.dn_loss_iou: 0.0362  d1.loss_lmm_region: 0.1865  loss_lmm_image: 0.3658
2026/02/07 00:01:14 - mmengine - INFO - Exp name: grounding_dino_swin_t_20260206_224223
2026/02/07 00:01:14 - mmengine - INFO - Iter(train) [29000/35000]  base_lr: 1.0000e-06 lr: 1.0000e-06  eta: 1:49:47  time: 1.0208  data_time: 0.0145  memory: 25292  grad_norm: 23.1513  loss: 3.5336  loss_cls: 0.2401  loss_bbox: 0.0172  loss_iou: 0.0311  d0.loss_cls: 0.2581  d0.loss_bbox: 0.0188  d0.loss_iou: 0.0357  d1.loss_cls: 0.2524  d1.loss_bbox: 0.0174  d1.loss_iou: 0.0323  d2.loss_cls: 0.2459  d2.loss_bbox: 0.0164  d2.loss_iou: 0.0316  d3.loss_cls: 0.2461  d3.loss_bbox: 0.0164  d3.loss_iou: 0.0309  d4.loss_cls: 0.2419  d4.loss_bbox: 0.0172  d4.loss_iou: 0.0311  enc_loss_cls: 0.2711  enc_loss_bbox: 0.0269  enc_loss_iou: 0.0521  dn_loss_cls: 0.0599  dn_loss_bbox: 0.0187  dn_loss_iou: 0.0320  d0.dn_loss_cls: 0.1299  d0.dn_loss_bbox: 0.0432  d0.dn_loss_iou: 0.0816  d1.dn_loss_cls: 0.0793  d1.dn_loss_bbox: 0.0225  d1.dn_loss_iou: 0.0402  d2.dn_loss_cls: 0.0664  d2.dn_loss_bbox: 0.0193  d2.dn_loss_iou: 0.0334  d3.dn_loss_cls: 0.0617  d3.dn_loss_bbox: 0.0187  d3.dn_loss_iou: 0.0320  d4.dn_loss_cls: 0.0595  d4.dn_loss_bbox: 0.0187  d4.dn_loss_iou: 0.0320  d1.loss_lmm_region: 0.1779  loss_lmm_image: 0.3760
2026/02/07 00:02:58 - mmengine - INFO - Iter(train) [29100/35000]  base_lr: 1.0000e-06 lr: 1.0000e-06  eta: 1:47:49  time: 1.0317  data_time: 0.0143  memory: 25348  grad_norm: 22.1959  loss: 3.3104  loss_cls: 0.2255  loss_bbox: 0.0172  loss_iou: 0.0354  d0.loss_cls: 0.2422  d0.loss_bbox: 0.0197  d0.loss_iou: 0.0403  d1.loss_cls: 0.2359  d1.loss_bbox: 0.0177  d1.loss_iou: 0.0370  d2.loss_cls: 0.2290  d2.loss_bbox: 0.0175  d2.loss_iou: 0.0361  d3.loss_cls: 0.2287  d3.loss_bbox: 0.0172  d3.loss_iou: 0.0354  d4.loss_cls: 0.2257  d4.loss_bbox: 0.0172  d4.loss_iou: 0.0354  enc_loss_cls: 0.2529  enc_loss_bbox: 0.0263  enc_loss_iou: 0.0553  dn_loss_cls: 0.0365  dn_loss_bbox: 0.0167  dn_loss_iou: 0.0338  d0.dn_loss_cls: 0.1042  d0.dn_loss_bbox: 0.0425  d0.dn_loss_iou: 0.0850  d1.dn_loss_cls: 0.0530  d1.dn_loss_bbox: 0.0211  d1.dn_loss_iou: 0.0423  d2.dn_loss_cls: 0.0405  d2.dn_loss_bbox: 0.0175  d2.dn_loss_iou: 0.0360  d3.dn_loss_cls: 0.0378  d3.dn_loss_bbox: 0.0167  d3.dn_loss_iou: 0.0340  d4.dn_loss_cls: 0.0364  d4.dn_loss_bbox: 0.0167  d4.dn_loss_iou: 0.0338  d1.loss_lmm_region: 0.1768  loss_lmm_image: 0.3813
2026/02/07 00:04:42 - mmengine - INFO - Iter(train) [29200/35000]  base_lr: 1.0000e-06 lr: 1.0000e-06  eta: 1:45:51  time: 1.0438  data_time: 0.0144  memory: 25216  grad_norm: 22.8383  loss: 2.9788  loss_cls: 0.2049  loss_bbox: 0.0139  loss_iou: 0.0270  d0.loss_cls: 0.2221  d0.loss_bbox: 0.0177  d0.loss_iou: 0.0323  d1.loss_cls: 0.2132  d1.loss_bbox: 0.0148  d1.loss_iou: 0.0285  d2.loss_cls: 0.2089  d2.loss_bbox: 0.0143  d2.loss_iou: 0.0273  d3.loss_cls: 0.2066  d3.loss_bbox: 0.0140  d3.loss_iou: 0.0270  d4.loss_cls: 0.2054  d4.loss_bbox: 0.0139  d4.loss_iou: 0.0268  enc_loss_cls: 0.2322  enc_loss_bbox: 0.0251  enc_loss_iou: 0.0467  dn_loss_cls: 0.0315  dn_loss_bbox: 0.0144  dn_loss_iou: 0.0276  d0.dn_loss_cls: 0.0976  d0.dn_loss_bbox: 0.0405  d0.dn_loss_iou: 0.0740  d1.dn_loss_cls: 0.0504  d1.dn_loss_bbox: 0.0182  d1.dn_loss_iou: 0.0344  d2.dn_loss_cls: 0.0378  d2.dn_loss_bbox: 0.0154  d2.dn_loss_iou: 0.0289  d3.dn_loss_cls: 0.0334  d3.dn_loss_bbox: 0.0146  d3.dn_loss_iou: 0.0279  d4.dn_loss_cls: 0.0320  d4.dn_loss_bbox: 0.0145  d4.dn_loss_iou: 0.0278  d1.loss_lmm_region: 0.1667  loss_lmm_image: 0.3686
2026/02/07 00:06:25 - mmengine - INFO - Iter(train) [29300/35000]  base_lr: 1.0000e-06 lr: 1.0000e-06  eta: 1:43:53  time: 1.0326  data_time: 0.0150  memory: 25279  grad_norm: 23.8926  loss: 3.4950  loss_cls: 0.2535  loss_bbox: 0.0168  loss_iou: 0.0345  d0.loss_cls: 0.2752  d0.loss_bbox: 0.0188  d0.loss_iou: 0.0389  d1.loss_cls: 0.2646  d1.loss_bbox: 0.0177  d1.loss_iou: 0.0360  d2.loss_cls: 0.2594  d2.loss_bbox: 0.0173  d2.loss_iou: 0.0352  d3.loss_cls: 0.2568  d3.loss_bbox: 0.0168  d3.loss_iou: 0.0344  d4.loss_cls: 0.2535  d4.loss_bbox: 0.0168  d4.loss_iou: 0.0344  enc_loss_cls: 0.2881  enc_loss_bbox: 0.0264  enc_loss_iou: 0.0551  dn_loss_cls: 0.0347  dn_loss_bbox: 0.0184  dn_loss_iou: 0.0370  d0.dn_loss_cls: 0.1096  d0.dn_loss_bbox: 0.0409  d0.dn_loss_iou: 0.0850  d1.dn_loss_cls: 0.0504  d1.dn_loss_bbox: 0.0211  d1.dn_loss_iou: 0.0447  d2.dn_loss_cls: 0.0391  d2.dn_loss_bbox: 0.0193  d2.dn_loss_iou: 0.0393  d3.dn_loss_cls: 0.0357  d3.dn_loss_bbox: 0.0186  d3.dn_loss_iou: 0.0374  d4.dn_loss_cls: 0.0353  d4.dn_loss_bbox: 0.0184  d4.dn_loss_iou: 0.0371  d1.loss_lmm_region: 0.1788  loss_lmm_image: 0.3442
2026/02/07 00:08:11 - mmengine - INFO - Iter(train) [29400/35000]  base_lr: 1.0000e-06 lr: 1.0000e-06  eta: 1:41:59  time: 1.0468  data_time: 0.0148  memory: 25089  grad_norm: 21.8954  loss: 3.5325  loss_cls: 0.2424  loss_bbox: 0.0150  loss_iou: 0.0307  d0.loss_cls: 0.2677  d0.loss_bbox: 0.0180  d0.loss_iou: 0.0362  d1.loss_cls: 0.2564  d1.loss_bbox: 0.0153  d1.loss_iou: 0.0316  d2.loss_cls: 0.2486  d2.loss_bbox: 0.0151  d2.loss_iou: 0.0311  d3.loss_cls: 0.2464  d3.loss_bbox: 0.0151  d3.loss_iou: 0.0308  d4.loss_cls: 0.2435  d4.loss_bbox: 0.0150  d4.loss_iou: 0.0307  enc_loss_cls: 0.2850  enc_loss_bbox: 0.0283  enc_loss_iou: 0.0531  dn_loss_cls: 0.0476  dn_loss_bbox: 0.0161  dn_loss_iou: 0.0328  d0.dn_loss_cls: 0.1234  d0.dn_loss_bbox: 0.0445  d0.dn_loss_iou: 0.0848  d1.dn_loss_cls: 0.0691  d1.dn_loss_bbox: 0.0199  d1.dn_loss_iou: 0.0404  d2.dn_loss_cls: 0.0563  d2.dn_loss_bbox: 0.0170  d2.dn_loss_iou: 0.0345  d3.dn_loss_cls: 0.0511  d3.dn_loss_bbox: 0.0162  d3.dn_loss_iou: 0.0330  d4.dn_loss_cls: 0.0488  d4.dn_loss_bbox: 0.0161  d4.dn_loss_iou: 0.0327  d1.loss_lmm_region: 0.1783  loss_lmm_image: 0.4141
2026/02/07 00:09:53 - mmengine - INFO - Iter(train) [29500/35000]  base_lr: 1.0000e-06 lr: 1.0000e-06  eta: 1:40:02  time: 1.0284  data_time: 0.0148  memory: 25113  grad_norm: 21.9903  loss: 2.9541  loss_cls: 0.2019  loss_bbox: 0.0133  loss_iou: 0.0265  d0.loss_cls: 0.2250  d0.loss_bbox: 0.0163  d0.loss_iou: 0.0315  d1.loss_cls: 0.2184  d1.loss_bbox: 0.0142  d1.loss_iou: 0.0283  d2.loss_cls: 0.2097  d2.loss_bbox: 0.0135  d2.loss_iou: 0.0266  d3.loss_cls: 0.2058  d3.loss_bbox: 0.0134  d3.loss_iou: 0.0265  d4.loss_cls: 0.2023  d4.loss_bbox: 0.0133  d4.loss_iou: 0.0264  enc_loss_cls: 0.2385  enc_loss_bbox: 0.0257  enc_loss_iou: 0.0481  dn_loss_cls: 0.0264  dn_loss_bbox: 0.0135  dn_loss_iou: 0.0267  d0.dn_loss_cls: 0.0966  d0.dn_loss_bbox: 0.0388  d0.dn_loss_iou: 0.0753  d1.dn_loss_cls: 0.0452  d1.dn_loss_bbox: 0.0177  d1.dn_loss_iou: 0.0339  d2.dn_loss_cls: 0.0333  d2.dn_loss_bbox: 0.0142  d2.dn_loss_iou: 0.0281  d3.dn_loss_cls: 0.0286  d3.dn_loss_bbox: 0.0136  d3.dn_loss_iou: 0.0268  d4.dn_loss_cls: 0.0262  d4.dn_loss_bbox: 0.0135  d4.dn_loss_iou: 0.0266  d1.loss_lmm_region: 0.1679  loss_lmm_image: 0.3759
2026/02/07 00:11:37 - mmengine - INFO - Iter(train) [29600/35000]  base_lr: 1.0000e-06 lr: 1.0000e-06  eta: 1:38:07  time: 1.0355  data_time: 0.0148  memory: 25088  grad_norm: 22.3399  loss: 3.1035  loss_cls: 0.2227  loss_bbox: 0.0139  loss_iou: 0.0280  d0.loss_cls: 0.2394  d0.loss_bbox: 0.0160  d0.loss_iou: 0.0329  d1.loss_cls: 0.2312  d1.loss_bbox: 0.0141  d1.loss_iou: 0.0292  d2.loss_cls: 0.2264  d2.loss_bbox: 0.0141  d2.loss_iou: 0.0285  d3.loss_cls: 0.2233  d3.loss_bbox: 0.0140  d3.loss_iou: 0.0283  d4.loss_cls: 0.2240  d4.loss_bbox: 0.0139  d4.loss_iou: 0.0280  enc_loss_cls: 0.2544  enc_loss_bbox: 0.0247  enc_loss_iou: 0.0486  dn_loss_cls: 0.0328  dn_loss_bbox: 0.0152  dn_loss_iou: 0.0305  d0.dn_loss_cls: 0.1007  d0.dn_loss_bbox: 0.0397  d0.dn_loss_iou: 0.0787  d1.dn_loss_cls: 0.0496  d1.dn_loss_bbox: 0.0178  d1.dn_loss_iou: 0.0363  d2.dn_loss_cls: 0.0385  d2.dn_loss_bbox: 0.0156  d2.dn_loss_iou: 0.0315  d3.dn_loss_cls: 0.0344  d3.dn_loss_bbox: 0.0151  d3.dn_loss_iou: 0.0304  d4.dn_loss_cls: 0.0332  d4.dn_loss_bbox: 0.0151  d4.dn_loss_iou: 0.0305  d1.loss_lmm_region: 0.1760  loss_lmm_image: 0.3262
2026/02/07 00:13:21 - mmengine - INFO - Iter(train) [29700/35000]  base_lr: 1.0000e-06 lr: 1.0000e-06  eta: 1:36:11  time: 1.0330  data_time: 0.0145  memory: 25324  grad_norm: 21.7645  loss: 3.3274  loss_cls: 0.2411  loss_bbox: 0.0151  loss_iou: 0.0308  d0.loss_cls: 0.2570  d0.loss_bbox: 0.0173  d0.loss_iou: 0.0360  d1.loss_cls: 0.2543  d1.loss_bbox: 0.0155  d1.loss_iou: 0.0320  d2.loss_cls: 0.2499  d2.loss_bbox: 0.0153  d2.loss_iou: 0.0312  d3.loss_cls: 0.2460  d3.loss_bbox: 0.0151  d3.loss_iou: 0.0306  d4.loss_cls: 0.2417  d4.loss_bbox: 0.0151  d4.loss_iou: 0.0307  enc_loss_cls: 0.2706  enc_loss_bbox: 0.0273  enc_loss_iou: 0.0564  dn_loss_cls: 0.0293  dn_loss_bbox: 0.0161  dn_loss_iou: 0.0336  d0.dn_loss_cls: 0.1095  d0.dn_loss_bbox: 0.0435  d0.dn_loss_iou: 0.0879  d1.dn_loss_cls: 0.0502  d1.dn_loss_bbox: 0.0199  d1.dn_loss_iou: 0.0411  d2.dn_loss_cls: 0.0367  d2.dn_loss_bbox: 0.0170  d2.dn_loss_iou: 0.0352  d3.dn_loss_cls: 0.0322  d3.dn_loss_bbox: 0.0161  d3.dn_loss_iou: 0.0335  d4.dn_loss_cls: 0.0291  d4.dn_loss_bbox: 0.0161  d4.dn_loss_iou: 0.0336  d1.loss_lmm_region: 0.1674  loss_lmm_image: 0.3506
2026/02/07 00:15:04 - mmengine - INFO - Iter(train) [29800/35000]  base_lr: 1.0000e-06 lr: 1.0000e-06  eta: 1:34:17  time: 1.0322  data_time: 0.0150  memory: 25247  grad_norm: 23.2669  loss: 3.7180  loss_cls: 0.2657  loss_bbox: 0.0158  loss_iou: 0.0322  d0.loss_cls: 0.2893  d0.loss_bbox: 0.0195  d0.loss_iou: 0.0385  d1.loss_cls: 0.2785  d1.loss_bbox: 0.0166  d1.loss_iou: 0.0338  d2.loss_cls: 0.2712  d2.loss_bbox: 0.0161  d2.loss_iou: 0.0327  d3.loss_cls: 0.2698  d3.loss_bbox: 0.0158  d3.loss_iou: 0.0322  d4.loss_cls: 0.2673  d4.loss_bbox: 0.0158  d4.loss_iou: 0.0322  enc_loss_cls: 0.3056  enc_loss_bbox: 0.0296  enc_loss_iou: 0.0581  dn_loss_cls: 0.0465  dn_loss_bbox: 0.0170  dn_loss_iou: 0.0339  d0.dn_loss_cls: 0.1273  d0.dn_loss_bbox: 0.0480  d0.dn_loss_iou: 0.0911  d1.dn_loss_cls: 0.0655  d1.dn_loss_bbox: 0.0214  d1.dn_loss_iou: 0.0418  d2.dn_loss_cls: 0.0524  d2.dn_loss_bbox: 0.0181  d2.dn_loss_iou: 0.0364  d3.dn_loss_cls: 0.0477  d3.dn_loss_bbox: 0.0171  d3.dn_loss_iou: 0.0341  d4.dn_loss_cls: 0.0462  d4.dn_loss_bbox: 0.0170  d4.dn_loss_iou: 0.0340  d1.loss_lmm_region: 0.1877  loss_lmm_image: 0.3983
2026/02/07 00:16:48 - mmengine - INFO - Iter(train) [29900/35000]  base_lr: 1.0000e-06 lr: 1.0000e-06  eta: 1:32:23  time: 1.0483  data_time: 0.0144  memory: 25315  grad_norm: 21.8607  loss: 3.3157  loss_cls: 0.2215  loss_bbox: 0.0170  loss_iou: 0.0317  d0.loss_cls: 0.2389  d0.loss_bbox: 0.0194  d0.loss_iou: 0.0367  d1.loss_cls: 0.2332  d1.loss_bbox: 0.0182  d1.loss_iou: 0.0333  d2.loss_cls: 0.2280  d2.loss_bbox: 0.0176  d2.loss_iou: 0.0323  d3.loss_cls: 0.2255  d3.loss_bbox: 0.0176  d3.loss_iou: 0.0330  d4.loss_cls: 0.2214  d4.loss_bbox: 0.0169  d4.loss_iou: 0.0317  enc_loss_cls: 0.2534  enc_loss_bbox: 0.0292  enc_loss_iou: 0.0539  dn_loss_cls: 0.0447  dn_loss_bbox: 0.0170  dn_loss_iou: 0.0315  d0.dn_loss_cls: 0.1094  d0.dn_loss_bbox: 0.0444  d0.dn_loss_iou: 0.0835  d1.dn_loss_cls: 0.0615  d1.dn_loss_bbox: 0.0218  d1.dn_loss_iou: 0.0409  d2.dn_loss_cls: 0.0513  d2.dn_loss_bbox: 0.0179  d2.dn_loss_iou: 0.0328  d3.dn_loss_cls: 0.0475  d3.dn_loss_bbox: 0.0171  d3.dn_loss_iou: 0.0316  d4.dn_loss_cls: 0.0453  d4.dn_loss_bbox: 0.0171  d4.dn_loss_iou: 0.0316  d1.loss_lmm_region: 0.1747  loss_lmm_image: 0.3836
2026/02/07 00:18:32 - mmengine - INFO - Exp name: grounding_dino_swin_t_20260206_224223
2026/02/07 00:18:32 - mmengine - INFO - Iter(train) [30000/35000]  base_lr: 1.0000e-06 lr: 1.0000e-06  eta: 1:30:29  time: 1.0363  data_time: 0.0145  memory: 25150  grad_norm: 21.9894  loss: 3.0739  loss_cls: 0.2188  loss_bbox: 0.0153  loss_iou: 0.0295  d0.loss_cls: 0.2351  d0.loss_bbox: 0.0176  d0.loss_iou: 0.0340  d1.loss_cls: 0.2292  d1.loss_bbox: 0.0163  d1.loss_iou: 0.0312  d2.loss_cls: 0.2231  d2.loss_bbox: 0.0156  d2.loss_iou: 0.0300  d3.loss_cls: 0.2205  d3.loss_bbox: 0.0152  d3.loss_iou: 0.0294  d4.loss_cls: 0.2193  d4.loss_bbox: 0.0153  d4.loss_iou: 0.0295  enc_loss_cls: 0.2461  enc_loss_bbox: 0.0262  enc_loss_iou: 0.0508  dn_loss_cls: 0.0271  dn_loss_bbox: 0.0156  dn_loss_iou: 0.0294  d0.dn_loss_cls: 0.0940  d0.dn_loss_bbox: 0.0374  d0.dn_loss_iou: 0.0739  d1.dn_loss_cls: 0.0436  d1.dn_loss_bbox: 0.0183  d1.dn_loss_iou: 0.0351  d2.dn_loss_cls: 0.0330  d2.dn_loss_bbox: 0.0161  d2.dn_loss_iou: 0.0302  d3.dn_loss_cls: 0.0296  d3.dn_loss_bbox: 0.0157  d3.dn_loss_iou: 0.0294  d4.dn_loss_cls: 0.0270  d4.dn_loss_bbox: 0.0156  d4.dn_loss_iou: 0.0293  d1.loss_lmm_region: 0.1655  loss_lmm_image: 0.3598
2026/02/07 00:18:32 - mmengine - INFO - Saving checkpoint at 30000 iterations
2026/02/07 00:18:52 - mmengine - INFO - Iter(val) [ 100/2445]    eta: 0:04:34  time: 0.1152  data_time: 0.0015  memory: 5166  
2026/02/07 00:19:03 - mmengine - INFO - Iter(val) [ 200/2445]    eta: 0:04:19  time: 0.1139  data_time: 0.0014  memory: 5135  
2026/02/07 00:19:14 - mmengine - INFO - Iter(val) [ 300/2445]    eta: 0:04:07  time: 0.1148  data_time: 0.0016  memory: 5136  
2026/02/07 00:19:26 - mmengine - INFO - Iter(val) [ 400/2445]    eta: 0:03:54  time: 0.1140  data_time: 0.0015  memory: 5143  
2026/02/07 00:19:37 - mmengine - INFO - Iter(val) [ 500/2445]    eta: 0:03:43  time: 0.1134  data_time: 0.0015  memory: 5150  
2026/02/07 00:19:49 - mmengine - INFO - Iter(val) [ 600/2445]    eta: 0:03:31  time: 0.1140  data_time: 0.0016  memory: 5127  
2026/02/07 00:20:00 - mmengine - INFO - Iter(val) [ 700/2445]    eta: 0:03:19  time: 0.1147  data_time: 0.0017  memory: 5142  
2026/02/07 00:20:11 - mmengine - INFO - Iter(val) [ 800/2445]    eta: 0:03:08  time: 0.1133  data_time: 0.0014  memory: 5127  
2026/02/07 00:20:23 - mmengine - INFO - Iter(val) [ 900/2445]    eta: 0:02:56  time: 0.1135  data_time: 0.0014  memory: 5150  
2026/02/07 00:20:34 - mmengine - INFO - Iter(val) [1000/2445]    eta: 0:02:45  time: 0.1139  data_time: 0.0014  memory: 5128  
2026/02/07 00:20:46 - mmengine - INFO - Iter(val) [1100/2445]    eta: 0:02:33  time: 0.1140  data_time: 0.0015  memory: 5137  
2026/02/07 00:20:57 - mmengine - INFO - Iter(val) [1200/2445]    eta: 0:02:22  time: 0.1138  data_time: 0.0015  memory: 5132  
2026/02/07 00:21:08 - mmengine - INFO - Iter(val) [1300/2445]    eta: 0:02:10  time: 0.1138  data_time: 0.0014  memory: 5119  
2026/02/07 00:21:20 - mmengine - INFO - Iter(val) [1400/2445]    eta: 0:01:59  time: 0.1145  data_time: 0.0015  memory: 5132  
2026/02/07 00:21:31 - mmengine - INFO - Iter(val) [1500/2445]    eta: 0:01:47  time: 0.1139  data_time: 0.0016  memory: 5149  
2026/02/07 00:21:43 - mmengine - INFO - Iter(val) [1600/2445]    eta: 0:01:36  time: 0.1143  data_time: 0.0016  memory: 5127  
2026/02/07 00:21:54 - mmengine - INFO - Iter(val) [1700/2445]    eta: 0:01:25  time: 0.1145  data_time: 0.0016  memory: 5130  
2026/02/07 00:22:06 - mmengine - INFO - Iter(val) [1800/2445]    eta: 0:01:13  time: 0.1137  data_time: 0.0014  memory: 5142  
2026/02/07 00:22:17 - mmengine - INFO - Iter(val) [1900/2445]    eta: 0:01:02  time: 0.1147  data_time: 0.0016  memory: 5130  
2026/02/07 00:22:28 - mmengine - INFO - Iter(val) [2000/2445]    eta: 0:00:50  time: 0.1142  data_time: 0.0016  memory: 5135  
2026/02/07 00:22:40 - mmengine - INFO - Iter(val) [2100/2445]    eta: 0:00:39  time: 0.1137  data_time: 0.0016  memory: 5135  
2026/02/07 00:22:51 - mmengine - INFO - Iter(val) [2200/2445]    eta: 0:00:27  time: 0.1144  data_time: 0.0016  memory: 5134  
2026/02/07 00:23:03 - mmengine - INFO - Iter(val) [2300/2445]    eta: 0:00:16  time: 0.1142  data_time: 0.0015  memory: 5146  
2026/02/07 00:23:14 - mmengine - INFO - Iter(val) [2400/2445]    eta: 0:00:05  time: 0.1137  data_time: 0.0016  memory: 5127  
2026/02/07 00:23:24 - mmengine - INFO - {'recall@1': 0.22723034258934086, 'recall@5': 0.5750632742773412, 'recall@10': 0.7119900214345399}
2026/02/07 00:23:24 - mmengine - INFO - Iter(val) [2445/2445]    lvis_fixed_ap/AP: 0.4160  lvis_fixed_ap/AP50: 0.5257  lvis_fixed_ap/AP75: 0.4424  lvis_fixed_ap/APs: 0.3797  lvis_fixed_ap/APm: 0.5411  lvis_fixed_ap/APl: 0.6120  lvis_fixed_ap/APr: 0.2916  lvis_fixed_ap/APc: 0.3625  lvis_fixed_ap/APf: 0.4858  odvg/recall@1: 0.2272  odvg/recall@5: 0.5751  odvg/recall@10: 0.7120  data_time: 0.0016  time: 0.1142
2026/02/07 00:25:08 - mmengine - INFO - Iter(train) [30100/35000]  base_lr: 1.0000e-06 lr: 1.0000e-06  eta: 1:28:40  time: 1.0268  data_time: 0.0148  memory: 25205  grad_norm: 22.0806  loss: 3.0448  loss_cls: 0.2042  loss_bbox: 0.0140  loss_iou: 0.0268  d0.loss_cls: 0.2219  d0.loss_bbox: 0.0162  d0.loss_iou: 0.0317  d1.loss_cls: 0.2149  d1.loss_bbox: 0.0141  d1.loss_iou: 0.0280  d2.loss_cls: 0.2106  d2.loss_bbox: 0.0141  d2.loss_iou: 0.0271  d3.loss_cls: 0.2077  d3.loss_bbox: 0.0140  d3.loss_iou: 0.0270  d4.loss_cls: 0.2049  d4.loss_bbox: 0.0140  d4.loss_iou: 0.0269  enc_loss_cls: 0.2384  enc_loss_bbox: 0.0244  enc_loss_iou: 0.0478  dn_loss_cls: 0.0507  dn_loss_bbox: 0.0144  dn_loss_iou: 0.0276  d0.dn_loss_cls: 0.1145  d0.dn_loss_bbox: 0.0363  d0.dn_loss_iou: 0.0708  d1.dn_loss_cls: 0.0691  d1.dn_loss_bbox: 0.0175  d1.dn_loss_iou: 0.0339  d2.dn_loss_cls: 0.0592  d2.dn_loss_bbox: 0.0150  d2.dn_loss_iou: 0.0283  d3.dn_loss_cls: 0.0534  d3.dn_loss_bbox: 0.0144  d3.dn_loss_iou: 0.0275  d4.dn_loss_cls: 0.0514  d4.dn_loss_bbox: 0.0144  d4.dn_loss_iou: 0.0276  d1.loss_lmm_region: 0.1696  loss_lmm_image: 0.3205
2026/02/07 00:26:51 - mmengine - INFO - Iter(train) [30200/35000]  base_lr: 1.0000e-06 lr: 1.0000e-06  eta: 1:26:47  time: 1.0273  data_time: 0.0150  memory: 25372  grad_norm: 20.8349  loss: 3.4398  loss_cls: 0.2422  loss_bbox: 0.0176  loss_iou: 0.0355  d0.loss_cls: 0.2674  d0.loss_bbox: 0.0197  d0.loss_iou: 0.0403  d1.loss_cls: 0.2580  d1.loss_bbox: 0.0178  d1.loss_iou: 0.0367  d2.loss_cls: 0.2491  d2.loss_bbox: 0.0176  d2.loss_iou: 0.0357  d3.loss_cls: 0.2457  d3.loss_bbox: 0.0173  d3.loss_iou: 0.0353  d4.loss_cls: 0.2412  d4.loss_bbox: 0.0175  d4.loss_iou: 0.0354  enc_loss_cls: 0.2838  enc_loss_bbox: 0.0286  enc_loss_iou: 0.0578  dn_loss_cls: 0.0261  dn_loss_bbox: 0.0174  dn_loss_iou: 0.0354  d0.dn_loss_cls: 0.1104  d0.dn_loss_bbox: 0.0450  d0.dn_loss_iou: 0.0897  d1.dn_loss_cls: 0.0486  d1.dn_loss_bbox: 0.0216  d1.dn_loss_iou: 0.0446  d2.dn_loss_cls: 0.0348  d2.dn_loss_bbox: 0.0182  d2.dn_loss_iou: 0.0371  d3.dn_loss_cls: 0.0287  d3.dn_loss_bbox: 0.0175  d3.dn_loss_iou: 0.0355  d4.dn_loss_cls: 0.0263  d4.dn_loss_bbox: 0.0173  d4.dn_loss_iou: 0.0353  d1.loss_lmm_region: 0.1903  loss_lmm_image: 0.3600
2026/02/07 00:28:34 - mmengine - INFO - Iter(train) [30300/35000]  base_lr: 1.0000e-06 lr: 1.0000e-06  eta: 1:24:53  time: 1.0285  data_time: 0.0150  memory: 25266  grad_norm: 20.3338  loss: 3.5026  loss_cls: 0.2540  loss_bbox: 0.0171  loss_iou: 0.0354  d0.loss_cls: 0.2686  d0.loss_bbox: 0.0193  d0.loss_iou: 0.0401  d1.loss_cls: 0.2637  d1.loss_bbox: 0.0176  d1.loss_iou: 0.0371  d2.loss_cls: 0.2583  d2.loss_bbox: 0.0170  d2.loss_iou: 0.0353  d3.loss_cls: 0.2560  d3.loss_bbox: 0.0170  d3.loss_iou: 0.0353  d4.loss_cls: 0.2556  d4.loss_bbox: 0.0171  d4.loss_iou: 0.0354  enc_loss_cls: 0.2804  enc_loss_bbox: 0.0290  enc_loss_iou: 0.0591  dn_loss_cls: 0.0336  dn_loss_bbox: 0.0175  dn_loss_iou: 0.0361  d0.dn_loss_cls: 0.1078  d0.dn_loss_bbox: 0.0434  d0.dn_loss_iou: 0.0857  d1.dn_loss_cls: 0.0522  d1.dn_loss_bbox: 0.0210  d1.dn_loss_iou: 0.0434  d2.dn_loss_cls: 0.0397  d2.dn_loss_bbox: 0.0180  d2.dn_loss_iou: 0.0372  d3.dn_loss_cls: 0.0361  d3.dn_loss_bbox: 0.0176  d3.dn_loss_iou: 0.0362  d4.dn_loss_cls: 0.0333  d4.dn_loss_bbox: 0.0174  d4.dn_loss_iou: 0.0360  d1.loss_lmm_region: 0.1708  loss_lmm_image: 0.3713
2026/02/07 00:30:18 - mmengine - INFO - Iter(train) [30400/35000]  base_lr: 1.0000e-06 lr: 1.0000e-06  eta: 1:23:01  time: 1.0406  data_time: 0.0147  memory: 25259  grad_norm: 22.8132  loss: 2.9794  loss_cls: 0.2073  loss_bbox: 0.0148  loss_iou: 0.0288  d0.loss_cls: 0.2184  d0.loss_bbox: 0.0167  d0.loss_iou: 0.0325  d1.loss_cls: 0.2135  d1.loss_bbox: 0.0153  d1.loss_iou: 0.0298  d2.loss_cls: 0.2093  d2.loss_bbox: 0.0149  d2.loss_iou: 0.0293  d3.loss_cls: 0.2095  d3.loss_bbox: 0.0147  d3.loss_iou: 0.0287  d4.loss_cls: 0.2080  d4.loss_bbox: 0.0147  d4.loss_iou: 0.0288  enc_loss_cls: 0.2295  enc_loss_bbox: 0.0237  enc_loss_iou: 0.0469  dn_loss_cls: 0.0310  dn_loss_bbox: 0.0151  dn_loss_iou: 0.0295  d0.dn_loss_cls: 0.0976  d0.dn_loss_bbox: 0.0378  d0.dn_loss_iou: 0.0736  d1.dn_loss_cls: 0.0503  d1.dn_loss_bbox: 0.0186  d1.dn_loss_iou: 0.0366  d2.dn_loss_cls: 0.0384  d2.dn_loss_bbox: 0.0156  d2.dn_loss_iou: 0.0306  d3.dn_loss_cls: 0.0340  d3.dn_loss_bbox: 0.0151  d3.dn_loss_iou: 0.0294  d4.dn_loss_cls: 0.0315  d4.dn_loss_bbox: 0.0151  d4.dn_loss_iou: 0.0294  d1.loss_lmm_region: 0.1563  loss_lmm_image: 0.3588
2026/02/07 00:32:01 - mmengine - INFO - Iter(train) [30500/35000]  base_lr: 1.0000e-06 lr: 1.0000e-06  eta: 1:21:09  time: 1.0345  data_time: 0.0143  memory: 25210  grad_norm: 33.4403  loss: 3.1305  loss_cls: 0.2278  loss_bbox: 0.0156  loss_iou: 0.0292  d0.loss_cls: 0.2466  d0.loss_bbox: 0.0176  d0.loss_iou: 0.0332  d1.loss_cls: 0.2376  d1.loss_bbox: 0.0167  d1.loss_iou: 0.0312  d2.loss_cls: 0.2312  d2.loss_bbox: 0.0158  d2.loss_iou: 0.0294  d3.loss_cls: 0.2302  d3.loss_bbox: 0.0157  d3.loss_iou: 0.0292  d4.loss_cls: 0.2284  d4.loss_bbox: 0.0157  d4.loss_iou: 0.0293  enc_loss_cls: 0.2564  enc_loss_bbox: 0.0261  enc_loss_iou: 0.0504  dn_loss_cls: 0.0234  dn_loss_bbox: 0.0151  dn_loss_iou: 0.0282  d0.dn_loss_cls: 0.0962  d0.dn_loss_bbox: 0.0397  d0.dn_loss_iou: 0.0767  d1.dn_loss_cls: 0.0443  d1.dn_loss_bbox: 0.0192  d1.dn_loss_iou: 0.0360  d2.dn_loss_cls: 0.0314  d2.dn_loss_bbox: 0.0160  d2.dn_loss_iou: 0.0301  d3.dn_loss_cls: 0.0266  d3.dn_loss_bbox: 0.0152  d3.dn_loss_iou: 0.0286  d4.dn_loss_cls: 0.0231  d4.dn_loss_bbox: 0.0151  d4.dn_loss_iou: 0.0282  d1.loss_lmm_region: 0.1534  loss_lmm_image: 0.3707
2026/02/07 00:33:45 - mmengine - INFO - Iter(train) [30600/35000]  base_lr: 1.0000e-06 lr: 1.0000e-06  eta: 1:19:17  time: 1.0463  data_time: 0.0146  memory: 25318  grad_norm: 22.8598  loss: 3.8883  loss_cls: 0.2708  loss_bbox: 0.0188  loss_iou: 0.0378  d0.loss_cls: 0.2871  d0.loss_bbox: 0.0211  d0.loss_iou: 0.0415  d1.loss_cls: 0.2778  d1.loss_bbox: 0.0203  d1.loss_iou: 0.0400  d2.loss_cls: 0.2711  d2.loss_bbox: 0.0264  d2.loss_iou: 0.0468  d3.loss_cls: 0.2741  d3.loss_bbox: 0.0196  d3.loss_iou: 0.0388  d4.loss_cls: 0.2709  d4.loss_bbox: 0.0190  d4.loss_iou: 0.0380  enc_loss_cls: 0.2976  enc_loss_bbox: 0.0311  enc_loss_iou: 0.0614  dn_loss_cls: 0.0491  dn_loss_bbox: 0.0198  dn_loss_iou: 0.0377  d0.dn_loss_cls: 0.1402  d0.dn_loss_bbox: 0.0542  d0.dn_loss_iou: 0.0956  d1.dn_loss_cls: 0.0767  d1.dn_loss_bbox: 0.0263  d1.dn_loss_iou: 0.0475  d2.dn_loss_cls: 0.0615  d2.dn_loss_bbox: 0.0213  d2.dn_loss_iou: 0.0402  d3.dn_loss_cls: 0.0537  d3.dn_loss_bbox: 0.0200  d3.dn_loss_iou: 0.0378  d4.dn_loss_cls: 0.0503  d4.dn_loss_bbox: 0.0199  d4.dn_loss_iou: 0.0378  d1.loss_lmm_region: 0.2009  loss_lmm_image: 0.3880
2026/02/07 00:35:28 - mmengine - INFO - Iter(train) [30700/35000]  base_lr: 1.0000e-06 lr: 1.0000e-06  eta: 1:17:25  time: 1.0258  data_time: 0.0148  memory: 25418  grad_norm: 22.9903  loss: 3.5632  loss_cls: 0.2541  loss_bbox: 0.0210  loss_iou: 0.0371  d0.loss_cls: 0.2722  d0.loss_bbox: 0.0223  d0.loss_iou: 0.0408  d1.loss_cls: 0.2650  d1.loss_bbox: 0.0219  d1.loss_iou: 0.0390  d2.loss_cls: 0.2595  d2.loss_bbox: 0.0213  d2.loss_iou: 0.0374  d3.loss_cls: 0.2569  d3.loss_bbox: 0.0212  d3.loss_iou: 0.0373  d4.loss_cls: 0.2541  d4.loss_bbox: 0.0211  d4.loss_iou: 0.0371  enc_loss_cls: 0.2864  enc_loss_bbox: 0.0316  enc_loss_iou: 0.0588  dn_loss_cls: 0.0292  dn_loss_bbox: 0.0208  dn_loss_iou: 0.0355  d0.dn_loss_cls: 0.1082  d0.dn_loss_bbox: 0.0462  d0.dn_loss_iou: 0.0843  d1.dn_loss_cls: 0.0499  d1.dn_loss_bbox: 0.0244  d1.dn_loss_iou: 0.0427  d2.dn_loss_cls: 0.0373  d2.dn_loss_bbox: 0.0217  d2.dn_loss_iou: 0.0370  d3.dn_loss_cls: 0.0323  d3.dn_loss_bbox: 0.0208  d3.dn_loss_iou: 0.0356  d4.dn_loss_cls: 0.0294  d4.dn_loss_bbox: 0.0208  d4.dn_loss_iou: 0.0355  d1.loss_lmm_region: 0.1831  loss_lmm_image: 0.3721
2026/02/07 00:37:11 - mmengine - INFO - Iter(train) [30800/35000]  base_lr: 1.0000e-06 lr: 1.0000e-06  eta: 1:15:34  time: 1.0333  data_time: 0.0151  memory: 25334  grad_norm: 21.5102  loss: 4.3377  loss_cls: 0.3187  loss_bbox: 0.0223  loss_iou: 0.0434  d0.loss_cls: 0.3417  d0.loss_bbox: 0.0242  d0.loss_iou: 0.0485  d1.loss_cls: 0.3340  d1.loss_bbox: 0.0223  d1.loss_iou: 0.0444  d2.loss_cls: 0.3251  d2.loss_bbox: 0.0225  d2.loss_iou: 0.0436  d3.loss_cls: 0.3232  d3.loss_bbox: 0.0223  d3.loss_iou: 0.0432  d4.loss_cls: 0.3187  d4.loss_bbox: 0.0224  d4.loss_iou: 0.0434  enc_loss_cls: 0.3628  enc_loss_bbox: 0.0356  enc_loss_iou: 0.0705  dn_loss_cls: 0.0510  dn_loss_bbox: 0.0219  dn_loss_iou: 0.0420  d0.dn_loss_cls: 0.1429  d0.dn_loss_bbox: 0.0529  d0.dn_loss_iou: 0.1053  d1.dn_loss_cls: 0.0733  d1.dn_loss_bbox: 0.0262  d1.dn_loss_iou: 0.0511  d2.dn_loss_cls: 0.0593  d2.dn_loss_bbox: 0.0230  d2.dn_loss_iou: 0.0438  d3.dn_loss_cls: 0.0544  d3.dn_loss_bbox: 0.0221  d3.dn_loss_iou: 0.0423  d4.dn_loss_cls: 0.0511  d4.dn_loss_bbox: 0.0220  d4.dn_loss_iou: 0.0420  d1.loss_lmm_region: 0.2071  loss_lmm_image: 0.3713
2026/02/07 00:38:54 - mmengine - INFO - Iter(train) [30900/35000]  base_lr: 1.0000e-06 lr: 1.0000e-06  eta: 1:13:42  time: 1.0288  data_time: 0.0154  memory: 25316  grad_norm: 21.7865  loss: 3.7265  loss_cls: 0.2643  loss_bbox: 0.0200  loss_iou: 0.0402  d0.loss_cls: 0.2841  d0.loss_bbox: 0.0221  d0.loss_iou: 0.0455  d1.loss_cls: 0.2781  d1.loss_bbox: 0.0204  d1.loss_iou: 0.0422  d2.loss_cls: 0.2715  d2.loss_bbox: 0.0210  d2.loss_iou: 0.0418  d3.loss_cls: 0.2689  d3.loss_bbox: 0.0203  d3.loss_iou: 0.0407  d4.loss_cls: 0.2656  d4.loss_bbox: 0.0200  d4.loss_iou: 0.0403  enc_loss_cls: 0.2948  enc_loss_bbox: 0.0296  enc_loss_iou: 0.0626  dn_loss_cls: 0.0346  dn_loss_bbox: 0.0209  dn_loss_iou: 0.0404  d0.dn_loss_cls: 0.1196  d0.dn_loss_bbox: 0.0467  d0.dn_loss_iou: 0.0958  d1.dn_loss_cls: 0.0588  d1.dn_loss_bbox: 0.0239  d1.dn_loss_iou: 0.0478  d2.dn_loss_cls: 0.0442  d2.dn_loss_bbox: 0.0215  d2.dn_loss_iou: 0.0420  d3.dn_loss_cls: 0.0375  d3.dn_loss_bbox: 0.0210  d3.dn_loss_iou: 0.0405  d4.dn_loss_cls: 0.0350  d4.dn_loss_bbox: 0.0209  d4.dn_loss_iou: 0.0405  d1.loss_lmm_region: 0.1882  loss_lmm_image: 0.3529
2026/02/07 00:40:38 - mmengine - INFO - Exp name: grounding_dino_swin_t_20260206_224223
2026/02/07 00:40:38 - mmengine - INFO - Iter(train) [31000/35000]  base_lr: 1.0000e-06 lr: 1.0000e-06  eta: 1:11:52  time: 1.0363  data_time: 0.0148  memory: 25251  grad_norm: 23.4435  loss: 3.6409  loss_cls: 0.2560  loss_bbox: 0.0183  loss_iou: 0.0343  d0.loss_cls: 0.2768  d0.loss_bbox: 0.0215  d0.loss_iou: 0.0389  d1.loss_cls: 0.2682  d1.loss_bbox: 0.0190  d1.loss_iou: 0.0354  d2.loss_cls: 0.2599  d2.loss_bbox: 0.0188  d2.loss_iou: 0.0349  d3.loss_cls: 0.2566  d3.loss_bbox: 0.0183  d3.loss_iou: 0.0344  d4.loss_cls: 0.2561  d4.loss_bbox: 0.0184  d4.loss_iou: 0.0343  enc_loss_cls: 0.2920  enc_loss_bbox: 0.0292  enc_loss_iou: 0.0552  dn_loss_cls: 0.0428  dn_loss_bbox: 0.0196  dn_loss_iou: 0.0366  d0.dn_loss_cls: 0.1243  d0.dn_loss_bbox: 0.0506  d0.dn_loss_iou: 0.0958  d1.dn_loss_cls: 0.0646  d1.dn_loss_bbox: 0.0247  d1.dn_loss_iou: 0.0457  d2.dn_loss_cls: 0.0523  d2.dn_loss_bbox: 0.0202  d2.dn_loss_iou: 0.0380  d3.dn_loss_cls: 0.0473  d3.dn_loss_bbox: 0.0196  d3.dn_loss_iou: 0.0367  d4.dn_loss_cls: 0.0435  d4.dn_loss_bbox: 0.0195  d4.dn_loss_iou: 0.0366  d1.loss_lmm_region: 0.1988  loss_lmm_image: 0.3470
2026/02/07 00:42:22 - mmengine - INFO - Iter(train) [31100/35000]  base_lr: 1.0000e-06 lr: 1.0000e-06  eta: 1:10:01  time: 1.0438  data_time: 0.0151  memory: 25251  grad_norm: 21.2286  loss: 3.7607  loss_cls: 0.2657  loss_bbox: 0.0168  loss_iou: 0.0372  d0.loss_cls: 0.2824  d0.loss_bbox: 0.0191  d0.loss_iou: 0.0416  d1.loss_cls: 0.2769  d1.loss_bbox: 0.0175  d1.loss_iou: 0.0383  d2.loss_cls: 0.2704  d2.loss_bbox: 0.0170  d2.loss_iou: 0.0371  d3.loss_cls: 0.2689  d3.loss_bbox: 0.0168  d3.loss_iou: 0.0371  d4.loss_cls: 0.2670  d4.loss_bbox: 0.0166  d4.loss_iou: 0.0366  enc_loss_cls: 0.2955  enc_loss_bbox: 0.0284  enc_loss_iou: 0.0593  dn_loss_cls: 0.0439  dn_loss_bbox: 0.0179  dn_loss_iou: 0.0389  d0.dn_loss_cls: 0.1252  d0.dn_loss_bbox: 0.0458  d0.dn_loss_iou: 0.0929  d1.dn_loss_cls: 0.0669  d1.dn_loss_bbox: 0.0229  d1.dn_loss_iou: 0.0481  d2.dn_loss_cls: 0.0552  d2.dn_loss_bbox: 0.0191  d2.dn_loss_iou: 0.0410  d3.dn_loss_cls: 0.0480  d3.dn_loss_bbox: 0.0180  d3.dn_loss_iou: 0.0392  d4.dn_loss_cls: 0.0444  d4.dn_loss_bbox: 0.0178  d4.dn_loss_iou: 0.0389  d1.loss_lmm_region: 0.2045  loss_lmm_image: 0.3858
2026/02/07 00:44:05 - mmengine - INFO - Iter(train) [31200/35000]  base_lr: 1.0000e-06 lr: 1.0000e-06  eta: 1:08:11  time: 1.0270  data_time: 0.0150  memory: 25332  grad_norm: 20.9397  loss: 3.6610  loss_cls: 0.2739  loss_bbox: 0.0184  loss_iou: 0.0336  d0.loss_cls: 0.2895  d0.loss_bbox: 0.0199  d0.loss_iou: 0.0386  d1.loss_cls: 0.2843  d1.loss_bbox: 0.0187  d1.loss_iou: 0.0350  d2.loss_cls: 0.2765  d2.loss_bbox: 0.0186  d2.loss_iou: 0.0341  d3.loss_cls: 0.2758  d3.loss_bbox: 0.0184  d3.loss_iou: 0.0336  d4.loss_cls: 0.2742  d4.loss_bbox: 0.0184  d4.loss_iou: 0.0336  enc_loss_cls: 0.3082  enc_loss_bbox: 0.0308  enc_loss_iou: 0.0577  dn_loss_cls: 0.0325  dn_loss_bbox: 0.0183  dn_loss_iou: 0.0336  d0.dn_loss_cls: 0.1162  d0.dn_loss_bbox: 0.0481  d0.dn_loss_iou: 0.0911  d1.dn_loss_cls: 0.0542  d1.dn_loss_bbox: 0.0216  d1.dn_loss_iou: 0.0415  d2.dn_loss_cls: 0.0415  d2.dn_loss_bbox: 0.0189  d2.dn_loss_iou: 0.0356  d3.dn_loss_cls: 0.0364  d3.dn_loss_bbox: 0.0182  d3.dn_loss_iou: 0.0337  d4.dn_loss_cls: 0.0331  d4.dn_loss_bbox: 0.0183  d4.dn_loss_iou: 0.0337  d1.loss_lmm_region: 0.1803  loss_lmm_image: 0.3624
2026/02/07 00:45:49 - mmengine - INFO - Iter(train) [31300/35000]  base_lr: 1.0000e-06 lr: 1.0000e-06  eta: 1:06:21  time: 1.0391  data_time: 0.0148  memory: 25322  grad_norm: 20.2765  loss: 3.3998  loss_cls: 0.2301  loss_bbox: 0.0148  loss_iou: 0.0293  d0.loss_cls: 0.2543  d0.loss_bbox: 0.0175  d0.loss_iou: 0.0352  d1.loss_cls: 0.2445  d1.loss_bbox: 0.0155  d1.loss_iou: 0.0312  d2.loss_cls: 0.2360  d2.loss_bbox: 0.0150  d2.loss_iou: 0.0298  d3.loss_cls: 0.2334  d3.loss_bbox: 0.0148  d3.loss_iou: 0.0295  d4.loss_cls: 0.2314  d4.loss_bbox: 0.0148  d4.loss_iou: 0.0293  enc_loss_cls: 0.2704  enc_loss_bbox: 0.0257  enc_loss_iou: 0.0538  dn_loss_cls: 0.0541  dn_loss_bbox: 0.0152  dn_loss_iou: 0.0312  d0.dn_loss_cls: 0.1157  d0.dn_loss_bbox: 0.0412  d0.dn_loss_iou: 0.0815  d1.dn_loss_cls: 0.0673  d1.dn_loss_bbox: 0.0191  d1.dn_loss_iou: 0.0383  d2.dn_loss_cls: 0.0599  d2.dn_loss_bbox: 0.0163  d2.dn_loss_iou: 0.0327  d3.dn_loss_cls: 0.0564  d3.dn_loss_bbox: 0.0153  d3.dn_loss_iou: 0.0312  d4.dn_loss_cls: 0.0550  d4.dn_loss_bbox: 0.0153  d4.dn_loss_iou: 0.0312  d1.loss_lmm_region: 0.1970  loss_lmm_image: 0.3697
2026/02/07 00:47:32 - mmengine - INFO - Iter(train) [31400/35000]  base_lr: 1.0000e-06 lr: 1.0000e-06  eta: 1:04:31  time: 1.0298  data_time: 0.0145  memory: 25130  grad_norm: 22.5067  loss: 3.4020  loss_cls: 0.2395  loss_bbox: 0.0140  loss_iou: 0.0315  d0.loss_cls: 0.2555  d0.loss_bbox: 0.0157  d0.loss_iou: 0.0347  d1.loss_cls: 0.2492  d1.loss_bbox: 0.0143  d1.loss_iou: 0.0324  d2.loss_cls: 0.2439  d2.loss_bbox: 0.0140  d2.loss_iou: 0.0313  d3.loss_cls: 0.2402  d3.loss_bbox: 0.0140  d3.loss_iou: 0.0314  d4.loss_cls: 0.2412  d4.loss_bbox: 0.0140  d4.loss_iou: 0.0314  enc_loss_cls: 0.2697  enc_loss_bbox: 0.0227  enc_loss_iou: 0.0493  dn_loss_cls: 0.0477  dn_loss_bbox: 0.0153  dn_loss_iou: 0.0341  d0.dn_loss_cls: 0.1155  d0.dn_loss_bbox: 0.0384  d0.dn_loss_iou: 0.0804  d1.dn_loss_cls: 0.0645  d1.dn_loss_bbox: 0.0178  d1.dn_loss_iou: 0.0393  d2.dn_loss_cls: 0.0538  d2.dn_loss_bbox: 0.0156  d2.dn_loss_iou: 0.0348  d3.dn_loss_cls: 0.0495  d3.dn_loss_bbox: 0.0153  d3.dn_loss_iou: 0.0341  d4.dn_loss_cls: 0.0470  d4.dn_loss_bbox: 0.0153  d4.dn_loss_iou: 0.0341  d1.loss_lmm_region: 0.1648  loss_lmm_image: 0.3950
2026/02/07 00:49:16 - mmengine - INFO - Iter(train) [31500/35000]  base_lr: 1.0000e-06 lr: 1.0000e-06  eta: 1:02:41  time: 1.0346  data_time: 0.0149  memory: 25315  grad_norm: 22.7022  loss: 3.4580  loss_cls: 0.2525  loss_bbox: 0.0165  loss_iou: 0.0316  d0.loss_cls: 0.2734  d0.loss_bbox: 0.0193  d0.loss_iou: 0.0372  d1.loss_cls: 0.2649  d1.loss_bbox: 0.0175  d1.loss_iou: 0.0335  d2.loss_cls: 0.2562  d2.loss_bbox: 0.0169  d2.loss_iou: 0.0319  d3.loss_cls: 0.2530  d3.loss_bbox: 0.0165  d3.loss_iou: 0.0316  d4.loss_cls: 0.2538  d4.loss_bbox: 0.0166  d4.loss_iou: 0.0316  enc_loss_cls: 0.2918  enc_loss_bbox: 0.0283  enc_loss_iou: 0.0551  dn_loss_cls: 0.0403  dn_loss_bbox: 0.0166  dn_loss_iou: 0.0320  d0.dn_loss_cls: 0.1150  d0.dn_loss_bbox: 0.0440  d0.dn_loss_iou: 0.0826  d1.dn_loss_cls: 0.0602  d1.dn_loss_bbox: 0.0210  d1.dn_loss_iou: 0.0406  d2.dn_loss_cls: 0.0484  d2.dn_loss_bbox: 0.0179  d2.dn_loss_iou: 0.0341  d3.dn_loss_cls: 0.0433  d3.dn_loss_bbox: 0.0167  d3.dn_loss_iou: 0.0325  d4.dn_loss_cls: 0.0415  d4.dn_loss_bbox: 0.0166  d4.dn_loss_iou: 0.0320  d1.loss_lmm_region: 0.1578  loss_lmm_image: 0.3353
2026/02/07 00:49:16 - mmengine - INFO - Saving checkpoint at 31500 iterations
2026/02/07 00:51:07 - mmengine - INFO - Iter(train) [31600/35000]  base_lr: 1.0000e-06 lr: 1.0000e-06  eta: 1:00:56  time: 1.0339  data_time: 0.0149  memory: 25136  grad_norm: 21.5393  loss: 3.4623  loss_cls: 0.2409  loss_bbox: 0.0137  loss_iou: 0.0270  d0.loss_cls: 0.2635  d0.loss_bbox: 0.0158  d0.loss_iou: 0.0328  d1.loss_cls: 0.2564  d1.loss_bbox: 0.0144  d1.loss_iou: 0.0284  d2.loss_cls: 0.2490  d2.loss_bbox: 0.0140  d2.loss_iou: 0.0275  d3.loss_cls: 0.2451  d3.loss_bbox: 0.0139  d3.loss_iou: 0.0272  d4.loss_cls: 0.2411  d4.loss_bbox: 0.0137  d4.loss_iou: 0.0270  enc_loss_cls: 0.2831  enc_loss_bbox: 0.0245  enc_loss_iou: 0.0520  dn_loss_cls: 0.0571  dn_loss_bbox: 0.0147  dn_loss_iou: 0.0287  d0.dn_loss_cls: 0.1276  d0.dn_loss_bbox: 0.0406  d0.dn_loss_iou: 0.0813  d1.dn_loss_cls: 0.0780  d1.dn_loss_bbox: 0.0180  d1.dn_loss_iou: 0.0361  d2.dn_loss_cls: 0.0656  d2.dn_loss_bbox: 0.0155  d2.dn_loss_iou: 0.0304  d3.dn_loss_cls: 0.0622  d3.dn_loss_bbox: 0.0149  d3.dn_loss_iou: 0.0291  d4.dn_loss_cls: 0.0589  d4.dn_loss_bbox: 0.0147  d4.dn_loss_iou: 0.0288  d1.loss_lmm_region: 0.1816  loss_lmm_image: 0.3677
2026/02/07 00:52:51 - mmengine - INFO - Iter(train) [31700/35000]  base_lr: 1.0000e-06 lr: 1.0000e-06  eta: 0:59:06  time: 1.0318  data_time: 0.0147  memory: 25314  grad_norm: 23.1862  loss: 3.4416  loss_cls: 0.2561  loss_bbox: 0.0156  loss_iou: 0.0319  d0.loss_cls: 0.2672  d0.loss_bbox: 0.0176  d0.loss_iou: 0.0371  d1.loss_cls: 0.2636  d1.loss_bbox: 0.0163  d1.loss_iou: 0.0340  d2.loss_cls: 0.2595  d2.loss_bbox: 0.0158  d2.loss_iou: 0.0329  d3.loss_cls: 0.2565  d3.loss_bbox: 0.0156  d3.loss_iou: 0.0320  d4.loss_cls: 0.2562  d4.loss_bbox: 0.0155  d4.loss_iou: 0.0319  enc_loss_cls: 0.2856  enc_loss_bbox: 0.0281  enc_loss_iou: 0.0579  dn_loss_cls: 0.0284  dn_loss_bbox: 0.0171  dn_loss_iou: 0.0343  d0.dn_loss_cls: 0.1059  d0.dn_loss_bbox: 0.0439  d0.dn_loss_iou: 0.0911  d1.dn_loss_cls: 0.0469  d1.dn_loss_bbox: 0.0208  d1.dn_loss_iou: 0.0426  d2.dn_loss_cls: 0.0350  d2.dn_loss_bbox: 0.0181  d2.dn_loss_iou: 0.0363  d3.dn_loss_cls: 0.0310  d3.dn_loss_bbox: 0.0172  d3.dn_loss_iou: 0.0346  d4.dn_loss_cls: 0.0282  d4.dn_loss_bbox: 0.0171  d4.dn_loss_iou: 0.0344  d1.loss_lmm_region: 0.1795  loss_lmm_image: 0.3523
2026/02/07 00:54:35 - mmengine - INFO - Iter(train) [31800/35000]  base_lr: 1.0000e-06 lr: 1.0000e-06  eta: 0:57:17  time: 1.0506  data_time: 0.0148  memory: 25358  grad_norm: 21.9766  loss: 3.4179  loss_cls: 0.2419  loss_bbox: 0.0144  loss_iou: 0.0281  d0.loss_cls: 0.2650  d0.loss_bbox: 0.0166  d0.loss_iou: 0.0325  d1.loss_cls: 0.2571  d1.loss_bbox: 0.0152  d1.loss_iou: 0.0297  d2.loss_cls: 0.2489  d2.loss_bbox: 0.0145  d2.loss_iou: 0.0283  d3.loss_cls: 0.2452  d3.loss_bbox: 0.0148  d3.loss_iou: 0.0285  d4.loss_cls: 0.2429  d4.loss_bbox: 0.0144  d4.loss_iou: 0.0281  enc_loss_cls: 0.2768  enc_loss_bbox: 0.0276  enc_loss_iou: 0.0516  dn_loss_cls: 0.0426  dn_loss_bbox: 0.0155  dn_loss_iou: 0.0309  d0.dn_loss_cls: 0.1202  d0.dn_loss_bbox: 0.0454  d0.dn_loss_iou: 0.0848  d1.dn_loss_cls: 0.0637  d1.dn_loss_bbox: 0.0201  d1.dn_loss_iou: 0.0391  d2.dn_loss_cls: 0.0510  d2.dn_loss_bbox: 0.0164  d2.dn_loss_iou: 0.0322  d3.dn_loss_cls: 0.0451  d3.dn_loss_bbox: 0.0156  d3.dn_loss_iou: 0.0310  d4.dn_loss_cls: 0.0433  d4.dn_loss_bbox: 0.0155  d4.dn_loss_iou: 0.0309  d1.loss_lmm_region: 0.1908  loss_lmm_image: 0.3618
2026/02/07 00:56:18 - mmengine - INFO - Iter(train) [31900/35000]  base_lr: 1.0000e-06 lr: 1.0000e-06  eta: 0:55:28  time: 1.0300  data_time: 0.0144  memory: 25300  grad_norm: 22.6085  loss: 3.9795  loss_cls: 0.3021  loss_bbox: 0.0173  loss_iou: 0.0355  d0.loss_cls: 0.3202  d0.loss_bbox: 0.0206  d0.loss_iou: 0.0409  d1.loss_cls: 0.3125  d1.loss_bbox: 0.0178  d1.loss_iou: 0.0368  d2.loss_cls: 0.3058  d2.loss_bbox: 0.0175  d2.loss_iou: 0.0357  d3.loss_cls: 0.3018  d3.loss_bbox: 0.0173  d3.loss_iou: 0.0354  d4.loss_cls: 0.3033  d4.loss_bbox: 0.0173  d4.loss_iou: 0.0355  enc_loss_cls: 0.3373  enc_loss_bbox: 0.0314  enc_loss_iou: 0.0627  dn_loss_cls: 0.0437  dn_loss_bbox: 0.0172  dn_loss_iou: 0.0356  d0.dn_loss_cls: 0.1272  d0.dn_loss_bbox: 0.0481  d0.dn_loss_iou: 0.0943  d1.dn_loss_cls: 0.0647  d1.dn_loss_bbox: 0.0212  d1.dn_loss_iou: 0.0436  d2.dn_loss_cls: 0.0526  d2.dn_loss_bbox: 0.0180  d2.dn_loss_iou: 0.0375  d3.dn_loss_cls: 0.0484  d3.dn_loss_bbox: 0.0173  d3.dn_loss_iou: 0.0358  d4.dn_loss_cls: 0.0444  d4.dn_loss_bbox: 0.0172  d4.dn_loss_iou: 0.0357  d1.loss_lmm_region: 0.1857  loss_lmm_image: 0.3868
2026/02/07 00:58:02 - mmengine - INFO - Exp name: grounding_dino_swin_t_20260206_224223
2026/02/07 00:58:02 - mmengine - INFO - Iter(train) [32000/35000]  base_lr: 1.0000e-06 lr: 1.0000e-06  eta: 0:53:39  time: 1.0352  data_time: 0.0146  memory: 25304  grad_norm: 22.5927  loss: 3.3490  loss_cls: 0.2441  loss_bbox: 0.0138  loss_iou: 0.0293  d0.loss_cls: 0.2648  d0.loss_bbox: 0.0163  d0.loss_iou: 0.0343  d1.loss_cls: 0.2577  d1.loss_bbox: 0.0144  d1.loss_iou: 0.0306  d2.loss_cls: 0.2516  d2.loss_bbox: 0.0141  d2.loss_iou: 0.0296  d3.loss_cls: 0.2483  d3.loss_bbox: 0.0138  d3.loss_iou: 0.0295  d4.loss_cls: 0.2441  d4.loss_bbox: 0.0138  d4.loss_iou: 0.0293  enc_loss_cls: 0.2776  enc_loss_bbox: 0.0261  enc_loss_iou: 0.0543  dn_loss_cls: 0.0332  dn_loss_bbox: 0.0141  dn_loss_iou: 0.0304  d0.dn_loss_cls: 0.1041  d0.dn_loss_bbox: 0.0404  d0.dn_loss_iou: 0.0824  d1.dn_loss_cls: 0.0487  d1.dn_loss_bbox: 0.0182  d1.dn_loss_iou: 0.0387  d2.dn_loss_cls: 0.0389  d2.dn_loss_bbox: 0.0149  d2.dn_loss_iou: 0.0322  d3.dn_loss_cls: 0.0355  d3.dn_loss_bbox: 0.0143  d3.dn_loss_iou: 0.0306  d4.dn_loss_cls: 0.0335  d4.dn_loss_bbox: 0.0141  d4.dn_loss_iou: 0.0305  d1.loss_lmm_region: 0.1805  loss_lmm_image: 0.3765
2026/02/07 00:59:45 - mmengine - INFO - Iter(train) [32100/35000]  base_lr: 1.0000e-06 lr: 1.0000e-06  eta: 0:51:50  time: 1.0304  data_time: 0.0144  memory: 25241  grad_norm: 23.3809  loss: 2.9833  loss_cls: 0.2038  loss_bbox: 0.0140  loss_iou: 0.0264  d0.loss_cls: 0.2219  d0.loss_bbox: 0.0158  d0.loss_iou: 0.0304  d1.loss_cls: 0.2153  d1.loss_bbox: 0.0145  d1.loss_iou: 0.0277  d2.loss_cls: 0.2078  d2.loss_bbox: 0.0141  d2.loss_iou: 0.0266  d3.loss_cls: 0.2067  d3.loss_bbox: 0.0140  d3.loss_iou: 0.0264  d4.loss_cls: 0.2043  d4.loss_bbox: 0.0140  d4.loss_iou: 0.0264  enc_loss_cls: 0.2327  enc_loss_bbox: 0.0231  enc_loss_iou: 0.0444  dn_loss_cls: 0.0373  dn_loss_bbox: 0.0153  dn_loss_iou: 0.0287  d0.dn_loss_cls: 0.0996  d0.dn_loss_bbox: 0.0399  d0.dn_loss_iou: 0.0779  d1.dn_loss_cls: 0.0520  d1.dn_loss_bbox: 0.0186  d1.dn_loss_iou: 0.0360  d2.dn_loss_cls: 0.0427  d2.dn_loss_bbox: 0.0162  d2.dn_loss_iou: 0.0301  d3.dn_loss_cls: 0.0392  d3.dn_loss_bbox: 0.0154  d3.dn_loss_iou: 0.0287  d4.dn_loss_cls: 0.0380  d4.dn_loss_bbox: 0.0154  d4.dn_loss_iou: 0.0287  d1.loss_lmm_region: 0.1506  loss_lmm_image: 0.3626
2026/02/07 01:01:28 - mmengine - INFO - Iter(train) [32200/35000]  base_lr: 1.0000e-06 lr: 1.0000e-06  eta: 0:50:01  time: 1.0281  data_time: 0.0147  memory: 25246  grad_norm: 22.9216  loss: 3.4930  loss_cls: 0.2523  loss_bbox: 0.0176  loss_iou: 0.0349  d0.loss_cls: 0.2714  d0.loss_bbox: 0.0207  d0.loss_iou: 0.0406  d1.loss_cls: 0.2633  d1.loss_bbox: 0.0184  d1.loss_iou: 0.0363  d2.loss_cls: 0.2561  d2.loss_bbox: 0.0176  d2.loss_iou: 0.0351  d3.loss_cls: 0.2532  d3.loss_bbox: 0.0175  d3.loss_iou: 0.0347  d4.loss_cls: 0.2531  d4.loss_bbox: 0.0176  d4.loss_iou: 0.0348  enc_loss_cls: 0.2869  enc_loss_bbox: 0.0286  enc_loss_iou: 0.0587  dn_loss_cls: 0.0355  dn_loss_bbox: 0.0184  dn_loss_iou: 0.0347  d0.dn_loss_cls: 0.1053  d0.dn_loss_bbox: 0.0437  d0.dn_loss_iou: 0.0886  d1.dn_loss_cls: 0.0494  d1.dn_loss_bbox: 0.0213  d1.dn_loss_iou: 0.0426  d2.dn_loss_cls: 0.0403  d2.dn_loss_bbox: 0.0190  d2.dn_loss_iou: 0.0364  d3.dn_loss_cls: 0.0370  d3.dn_loss_bbox: 0.0184  d3.dn_loss_iou: 0.0349  d4.dn_loss_cls: 0.0354  d4.dn_loss_bbox: 0.0184  d4.dn_loss_iou: 0.0347  d1.loss_lmm_region: 0.1848  loss_lmm_image: 0.3445
2026/02/07 01:03:12 - mmengine - INFO - Iter(train) [32300/35000]  base_lr: 1.0000e-06 lr: 1.0000e-06  eta: 0:48:13  time: 1.0411  data_time: 0.0150  memory: 25141  grad_norm: 21.1746  loss: 3.3200  loss_cls: 0.2388  loss_bbox: 0.0155  loss_iou: 0.0340  d0.loss_cls: 0.2634  d0.loss_bbox: 0.0173  d0.loss_iou: 0.0379  d1.loss_cls: 0.2530  d1.loss_bbox: 0.0160  d1.loss_iou: 0.0350  d2.loss_cls: 0.2446  d2.loss_bbox: 0.0156  d2.loss_iou: 0.0346  d3.loss_cls: 0.2408  d3.loss_bbox: 0.0155  d3.loss_iou: 0.0342  d4.loss_cls: 0.2393  d4.loss_bbox: 0.0155  d4.loss_iou: 0.0340  enc_loss_cls: 0.2825  enc_loss_bbox: 0.0254  enc_loss_iou: 0.0564  dn_loss_cls: 0.0257  dn_loss_bbox: 0.0153  dn_loss_iou: 0.0335  d0.dn_loss_cls: 0.1010  d0.dn_loss_bbox: 0.0410  d0.dn_loss_iou: 0.0862  d1.dn_loss_cls: 0.0404  d1.dn_loss_bbox: 0.0183  d1.dn_loss_iou: 0.0401  d2.dn_loss_cls: 0.0300  d2.dn_loss_bbox: 0.0159  d2.dn_loss_iou: 0.0352  d3.dn_loss_cls: 0.0273  d3.dn_loss_bbox: 0.0154  d3.dn_loss_iou: 0.0336  d4.dn_loss_cls: 0.0259  d4.dn_loss_bbox: 0.0153  d4.dn_loss_iou: 0.0335  d1.loss_lmm_region: 0.1763  loss_lmm_image: 0.3606
2026/02/07 01:04:55 - mmengine - INFO - Iter(train) [32400/35000]  base_lr: 1.0000e-06 lr: 1.0000e-06  eta: 0:46:24  time: 1.0264  data_time: 0.0148  memory: 25350  grad_norm: 22.7105  loss: 3.4757  loss_cls: 0.2535  loss_bbox: 0.0171  loss_iou: 0.0340  d0.loss_cls: 0.2729  d0.loss_bbox: 0.0204  d0.loss_iou: 0.0396  d1.loss_cls: 0.2650  d1.loss_bbox: 0.0178  d1.loss_iou: 0.0356  d2.loss_cls: 0.2595  d2.loss_bbox: 0.0173  d2.loss_iou: 0.0345  d3.loss_cls: 0.2581  d3.loss_bbox: 0.0172  d3.loss_iou: 0.0342  d4.loss_cls: 0.2542  d4.loss_bbox: 0.0172  d4.loss_iou: 0.0341  enc_loss_cls: 0.2871  enc_loss_bbox: 0.0302  enc_loss_iou: 0.0561  dn_loss_cls: 0.0358  dn_loss_bbox: 0.0163  dn_loss_iou: 0.0326  d0.dn_loss_cls: 0.1076  d0.dn_loss_bbox: 0.0439  d0.dn_loss_iou: 0.0833  d1.dn_loss_cls: 0.0527  d1.dn_loss_bbox: 0.0211  d1.dn_loss_iou: 0.0416  d2.dn_loss_cls: 0.0428  d2.dn_loss_bbox: 0.0175  d2.dn_loss_iou: 0.0346  d3.dn_loss_cls: 0.0392  d3.dn_loss_bbox: 0.0165  d3.dn_loss_iou: 0.0327  d4.dn_loss_cls: 0.0362  d4.dn_loss_bbox: 0.0164  d4.dn_loss_iou: 0.0326  d1.loss_lmm_region: 0.1725  loss_lmm_image: 0.3442
2026/02/07 01:06:39 - mmengine - INFO - Iter(train) [32500/35000]  base_lr: 1.0000e-06 lr: 1.0000e-06  eta: 0:44:36  time: 1.0385  data_time: 0.0148  memory: 25253  grad_norm: 22.8592  loss: 3.4824  loss_cls: 0.2523  loss_bbox: 0.0162  loss_iou: 0.0322  d0.loss_cls: 0.2706  d0.loss_bbox: 0.0188  d0.loss_iou: 0.0373  d1.loss_cls: 0.2642  d1.loss_bbox: 0.0169  d1.loss_iou: 0.0337  d2.loss_cls: 0.2577  d2.loss_bbox: 0.0162  d2.loss_iou: 0.0326  d3.loss_cls: 0.2580  d3.loss_bbox: 0.0162  d3.loss_iou: 0.0323  d4.loss_cls: 0.2531  d4.loss_bbox: 0.0162  d4.loss_iou: 0.0322  enc_loss_cls: 0.2833  enc_loss_bbox: 0.0285  enc_loss_iou: 0.0573  dn_loss_cls: 0.0411  dn_loss_bbox: 0.0154  dn_loss_iou: 0.0313  d0.dn_loss_cls: 0.1149  d0.dn_loss_bbox: 0.0421  d0.dn_loss_iou: 0.0825  d1.dn_loss_cls: 0.0597  d1.dn_loss_bbox: 0.0197  d1.dn_loss_iou: 0.0395  d2.dn_loss_cls: 0.0484  d2.dn_loss_bbox: 0.0162  d2.dn_loss_iou: 0.0327  d3.dn_loss_cls: 0.0444  d3.dn_loss_bbox: 0.0154  d3.dn_loss_iou: 0.0314  d4.dn_loss_cls: 0.0421  d4.dn_loss_bbox: 0.0154  d4.dn_loss_iou: 0.0313  d1.loss_lmm_region: 0.1810  loss_lmm_image: 0.3520
2026/02/07 01:08:21 - mmengine - INFO - Iter(train) [32600/35000]  base_lr: 1.0000e-06 lr: 1.0000e-06  eta: 0:42:47  time: 1.0226  data_time: 0.0145  memory: 25246  grad_norm: 21.5815  loss: 3.1036  loss_cls: 0.2234  loss_bbox: 0.0124  loss_iou: 0.0278  d0.loss_cls: 0.2493  d0.loss_bbox: 0.0149  d0.loss_iou: 0.0326  d1.loss_cls: 0.2377  d1.loss_bbox: 0.0130  d1.loss_iou: 0.0290  d2.loss_cls: 0.2305  d2.loss_bbox: 0.0129  d2.loss_iou: 0.0289  d3.loss_cls: 0.2263  d3.loss_bbox: 0.0125  d3.loss_iou: 0.0279  d4.loss_cls: 0.2233  d4.loss_bbox: 0.0124  d4.loss_iou: 0.0278  enc_loss_cls: 0.2602  enc_loss_bbox: 0.0252  enc_loss_iou: 0.0517  dn_loss_cls: 0.0251  dn_loss_bbox: 0.0124  dn_loss_iou: 0.0280  d0.dn_loss_cls: 0.0952  d0.dn_loss_bbox: 0.0389  d0.dn_loss_iou: 0.0773  d1.dn_loss_cls: 0.0426  d1.dn_loss_bbox: 0.0162  d1.dn_loss_iou: 0.0346  d2.dn_loss_cls: 0.0313  d2.dn_loss_bbox: 0.0133  d2.dn_loss_iou: 0.0293  d3.dn_loss_cls: 0.0278  d3.dn_loss_bbox: 0.0126  d3.dn_loss_iou: 0.0280  d4.dn_loss_cls: 0.0255  d4.dn_loss_bbox: 0.0125  d4.dn_loss_iou: 0.0280  d1.loss_lmm_region: 0.1674  loss_lmm_image: 0.3779
2026/02/07 01:10:05 - mmengine - INFO - Iter(train) [32700/35000]  base_lr: 1.0000e-06 lr: 1.0000e-06  eta: 0:40:59  time: 1.0285  data_time: 0.0146  memory: 25209  grad_norm: 21.9803  loss: 3.5264  loss_cls: 0.2532  loss_bbox: 0.0168  loss_iou: 0.0319  d0.loss_cls: 0.2713  d0.loss_bbox: 0.0193  d0.loss_iou: 0.0363  d1.loss_cls: 0.2642  d1.loss_bbox: 0.0179  d1.loss_iou: 0.0335  d2.loss_cls: 0.2576  d2.loss_bbox: 0.0173  d2.loss_iou: 0.0326  d3.loss_cls: 0.2541  d3.loss_bbox: 0.0169  d3.loss_iou: 0.0319  d4.loss_cls: 0.2539  d4.loss_bbox: 0.0168  d4.loss_iou: 0.0318  enc_loss_cls: 0.2841  enc_loss_bbox: 0.0284  enc_loss_iou: 0.0519  dn_loss_cls: 0.0352  dn_loss_bbox: 0.0179  dn_loss_iou: 0.0326  d0.dn_loss_cls: 0.1099  d0.dn_loss_bbox: 0.0462  d0.dn_loss_iou: 0.0858  d1.dn_loss_cls: 0.0521  d1.dn_loss_bbox: 0.0229  d1.dn_loss_iou: 0.0411  d2.dn_loss_cls: 0.0405  d2.dn_loss_bbox: 0.0185  d2.dn_loss_iou: 0.0339  d3.dn_loss_cls: 0.0358  d3.dn_loss_bbox: 0.0179  d3.dn_loss_iou: 0.0327  d4.dn_loss_cls: 0.0354  d4.dn_loss_bbox: 0.0179  d4.dn_loss_iou: 0.0326  d1.loss_lmm_region: 0.1876  loss_lmm_image: 0.4085
2026/02/07 01:11:48 - mmengine - INFO - Iter(train) [32800/35000]  base_lr: 1.0000e-06 lr: 1.0000e-06  eta: 0:39:11  time: 1.0369  data_time: 0.0149  memory: 25234  grad_norm: 23.3235  loss: 3.3668  loss_cls: 0.2363  loss_bbox: 0.0151  loss_iou: 0.0283  d0.loss_cls: 0.2470  d0.loss_bbox: 0.0175  d0.loss_iou: 0.0330  d1.loss_cls: 0.2434  d1.loss_bbox: 0.0159  d1.loss_iou: 0.0297  d2.loss_cls: 0.2388  d2.loss_bbox: 0.0157  d2.loss_iou: 0.0300  d3.loss_cls: 0.2369  d3.loss_bbox: 0.0154  d3.loss_iou: 0.0296  d4.loss_cls: 0.2371  d4.loss_bbox: 0.0153  d4.loss_iou: 0.0294  enc_loss_cls: 0.2578  enc_loss_bbox: 0.0286  enc_loss_iou: 0.0521  dn_loss_cls: 0.0469  dn_loss_bbox: 0.0157  dn_loss_iou: 0.0297  d0.dn_loss_cls: 0.1111  d0.dn_loss_bbox: 0.0423  d0.dn_loss_iou: 0.0796  d1.dn_loss_cls: 0.0619  d1.dn_loss_bbox: 0.0198  d1.dn_loss_iou: 0.0375  d2.dn_loss_cls: 0.0515  d2.dn_loss_bbox: 0.0166  d2.dn_loss_iou: 0.0311  d3.dn_loss_cls: 0.0494  d3.dn_loss_bbox: 0.0159  d3.dn_loss_iou: 0.0299  d4.dn_loss_cls: 0.0465  d4.dn_loss_bbox: 0.0157  d4.dn_loss_iou: 0.0296  d1.loss_lmm_region: 0.1823  loss_lmm_image: 0.4007
2026/02/07 01:13:31 - mmengine - INFO - Iter(train) [32900/35000]  base_lr: 1.0000e-06 lr: 1.0000e-06  eta: 0:37:23  time: 1.0276  data_time: 0.0148  memory: 25198  grad_norm: 22.2521  loss: 3.6721  loss_cls: 0.2681  loss_bbox: 0.0152  loss_iou: 0.0311  d0.loss_cls: 0.2899  d0.loss_bbox: 0.0172  d0.loss_iou: 0.0356  d1.loss_cls: 0.2817  d1.loss_bbox: 0.0157  d1.loss_iou: 0.0324  d2.loss_cls: 0.2718  d2.loss_bbox: 0.0152  d2.loss_iou: 0.0313  d3.loss_cls: 0.2702  d3.loss_bbox: 0.0152  d3.loss_iou: 0.0312  d4.loss_cls: 0.2692  d4.loss_bbox: 0.0151  d4.loss_iou: 0.0311  enc_loss_cls: 0.3013  enc_loss_bbox: 0.0280  enc_loss_iou: 0.0549  dn_loss_cls: 0.0493  dn_loss_bbox: 0.0162  dn_loss_iou: 0.0334  d0.dn_loss_cls: 0.1215  d0.dn_loss_bbox: 0.0461  d0.dn_loss_iou: 0.0891  d1.dn_loss_cls: 0.0653  d1.dn_loss_bbox: 0.0198  d1.dn_loss_iou: 0.0412  d2.dn_loss_cls: 0.0541  d2.dn_loss_bbox: 0.0172  d2.dn_loss_iou: 0.0352  d3.dn_loss_cls: 0.0509  d3.dn_loss_bbox: 0.0164  d3.dn_loss_iou: 0.0339  d4.dn_loss_cls: 0.0500  d4.dn_loss_bbox: 0.0163  d4.dn_loss_iou: 0.0335  d1.loss_lmm_region: 0.1983  loss_lmm_image: 0.3629
2026/02/07 01:15:15 - mmengine - INFO - Exp name: grounding_dino_swin_t_20260206_224223
2026/02/07 01:15:15 - mmengine - INFO - Iter(train) [33000/35000]  base_lr: 1.0000e-06 lr: 1.0000e-06  eta: 0:35:36  time: 1.0444  data_time: 0.0148  memory: 25312  grad_norm: 22.8087  loss: 3.6683  loss_cls: 0.2610  loss_bbox: 0.0179  loss_iou: 0.0320  d0.loss_cls: 0.2801  d0.loss_bbox: 0.0206  d0.loss_iou: 0.0378  d1.loss_cls: 0.2748  d1.loss_bbox: 0.0184  d1.loss_iou: 0.0338  d2.loss_cls: 0.2669  d2.loss_bbox: 0.0177  d2.loss_iou: 0.0323  d3.loss_cls: 0.2658  d3.loss_bbox: 0.0178  d3.loss_iou: 0.0322  d4.loss_cls: 0.2621  d4.loss_bbox: 0.0178  d4.loss_iou: 0.0321  enc_loss_cls: 0.2949  enc_loss_bbox: 0.0305  enc_loss_iou: 0.0581  dn_loss_cls: 0.0446  dn_loss_bbox: 0.0185  dn_loss_iou: 0.0336  d0.dn_loss_cls: 0.1228  d0.dn_loss_bbox: 0.0478  d0.dn_loss_iou: 0.0912  d1.dn_loss_cls: 0.0650  d1.dn_loss_bbox: 0.0235  d1.dn_loss_iou: 0.0439  d2.dn_loss_cls: 0.0537  d2.dn_loss_bbox: 0.0195  d2.dn_loss_iou: 0.0364  d3.dn_loss_cls: 0.0479  d3.dn_loss_bbox: 0.0187  d3.dn_loss_iou: 0.0342  d4.dn_loss_cls: 0.0445  d4.dn_loss_bbox: 0.0185  d4.dn_loss_iou: 0.0337  d1.loss_lmm_region: 0.1893  loss_lmm_image: 0.3766
2026/02/07 01:15:15 - mmengine - INFO - Saving checkpoint at 33000 iterations
2026/02/07 01:15:35 - mmengine - INFO - Iter(val) [ 100/2445]    eta: 0:04:36  time: 0.1159  data_time: 0.0015  memory: 5166  
2026/02/07 01:15:47 - mmengine - INFO - Iter(val) [ 200/2445]    eta: 0:04:21  time: 0.1148  data_time: 0.0017  memory: 5135  
2026/02/07 01:15:58 - mmengine - INFO - Iter(val) [ 300/2445]    eta: 0:04:08  time: 0.1154  data_time: 0.0017  memory: 5136  
2026/02/07 01:16:10 - mmengine - INFO - Iter(val) [ 400/2445]    eta: 0:03:56  time: 0.1152  data_time: 0.0017  memory: 5143  
2026/02/07 01:16:21 - mmengine - INFO - Iter(val) [ 500/2445]    eta: 0:03:44  time: 0.1135  data_time: 0.0015  memory: 5150  
2026/02/07 01:16:33 - mmengine - INFO - Iter(val) [ 600/2445]    eta: 0:03:32  time: 0.1138  data_time: 0.0015  memory: 5127  
2026/02/07 01:16:44 - mmengine - INFO - Iter(val) [ 700/2445]    eta: 0:03:20  time: 0.1145  data_time: 0.0016  memory: 5142  
2026/02/07 01:16:55 - mmengine - INFO - Iter(val) [ 800/2445]    eta: 0:03:08  time: 0.1136  data_time: 0.0015  memory: 5127  
2026/02/07 01:17:07 - mmengine - INFO - Iter(val) [ 900/2445]    eta: 0:02:57  time: 0.1140  data_time: 0.0015  memory: 5150  
2026/02/07 01:17:18 - mmengine - INFO - Iter(val) [1000/2445]    eta: 0:02:45  time: 0.1144  data_time: 0.0016  memory: 5128  
2026/02/07 01:17:30 - mmengine - INFO - Iter(val) [1100/2445]    eta: 0:02:34  time: 0.1140  data_time: 0.0017  memory: 5137  
2026/02/07 01:17:41 - mmengine - INFO - Iter(val) [1200/2445]    eta: 0:02:22  time: 0.1145  data_time: 0.0017  memory: 5132  
2026/02/07 01:17:53 - mmengine - INFO - Iter(val) [1300/2445]    eta: 0:02:11  time: 0.1139  data_time: 0.0015  memory: 5119  
2026/02/07 01:18:04 - mmengine - INFO - Iter(val) [1400/2445]    eta: 0:01:59  time: 0.1145  data_time: 0.0014  memory: 5132  
2026/02/07 01:18:16 - mmengine - INFO - Iter(val) [1500/2445]    eta: 0:01:48  time: 0.1134  data_time: 0.0013  memory: 5149  
2026/02/07 01:18:27 - mmengine - INFO - Iter(val) [1600/2445]    eta: 0:01:36  time: 0.1138  data_time: 0.0016  memory: 5127  
2026/02/07 01:18:38 - mmengine - INFO - Iter(val) [1700/2445]    eta: 0:01:25  time: 0.1145  data_time: 0.0017  memory: 5130  
2026/02/07 01:18:50 - mmengine - INFO - Iter(val) [1800/2445]    eta: 0:01:13  time: 0.1144  data_time: 0.0016  memory: 5142  
2026/02/07 01:19:01 - mmengine - INFO - Iter(val) [1900/2445]    eta: 0:01:02  time: 0.1156  data_time: 0.0018  memory: 5130  
2026/02/07 01:19:13 - mmengine - INFO - Iter(val) [2000/2445]    eta: 0:00:50  time: 0.1147  data_time: 0.0016  memory: 5135  
2026/02/07 01:19:24 - mmengine - INFO - Iter(val) [2100/2445]    eta: 0:00:39  time: 0.1142  data_time: 0.0016  memory: 5135  
2026/02/07 01:19:36 - mmengine - INFO - Iter(val) [2200/2445]    eta: 0:00:28  time: 0.1147  data_time: 0.0017  memory: 5134  
2026/02/07 01:19:47 - mmengine - INFO - Iter(val) [2300/2445]    eta: 0:00:16  time: 0.1143  data_time: 0.0016  memory: 5146  
2026/02/07 01:19:59 - mmengine - INFO - Iter(val) [2400/2445]    eta: 0:00:05  time: 0.1141  data_time: 0.0015  memory: 5127  
2026/02/07 01:20:08 - mmengine - INFO - {'recall@1': 0.23083909563195562, 'recall@5': 0.5834070019496954, 'recall@10': 0.7191711977911525}
2026/02/07 01:20:09 - mmengine - INFO - Iter(val) [2445/2445]    lvis_fixed_ap/AP: 0.4160  lvis_fixed_ap/AP50: 0.5257  lvis_fixed_ap/AP75: 0.4424  lvis_fixed_ap/APs: 0.3797  lvis_fixed_ap/APm: 0.5411  lvis_fixed_ap/APl: 0.6120  lvis_fixed_ap/APr: 0.2916  lvis_fixed_ap/APc: 0.3625  lvis_fixed_ap/APf: 0.4858  odvg/recall@1: 0.2308  odvg/recall@5: 0.5834  odvg/recall@10: 0.7192  data_time: 0.0016  time: 0.1145
2026/02/07 01:21:52 - mmengine - INFO - Iter(train) [33100/35000]  base_lr: 1.0000e-06 lr: 1.0000e-06  eta: 0:33:49  time: 1.0331  data_time: 0.0150  memory: 25238  grad_norm: 24.3879  loss: 3.6198  loss_cls: 0.2550  loss_bbox: 0.0157  loss_iou: 0.0321  d0.loss_cls: 0.2851  d0.loss_bbox: 0.0185  d0.loss_iou: 0.0377  d1.loss_cls: 0.2740  d1.loss_bbox: 0.0171  d1.loss_iou: 0.0341  d2.loss_cls: 0.2638  d2.loss_bbox: 0.0161  d2.loss_iou: 0.0327  d3.loss_cls: 0.2606  d3.loss_bbox: 0.0157  d3.loss_iou: 0.0321  d4.loss_cls: 0.2555  d4.loss_bbox: 0.0157  d4.loss_iou: 0.0321  enc_loss_cls: 0.2978  enc_loss_bbox: 0.0284  enc_loss_iou: 0.0570  dn_loss_cls: 0.0466  dn_loss_bbox: 0.0168  dn_loss_iou: 0.0327  d0.dn_loss_cls: 0.1241  d0.dn_loss_bbox: 0.0465  d0.dn_loss_iou: 0.0892  d1.dn_loss_cls: 0.0654  d1.dn_loss_bbox: 0.0214  d1.dn_loss_iou: 0.0411  d2.dn_loss_cls: 0.0544  d2.dn_loss_bbox: 0.0175  d2.dn_loss_iou: 0.0345  d3.dn_loss_cls: 0.0496  d3.dn_loss_bbox: 0.0169  d3.dn_loss_iou: 0.0329  d4.dn_loss_cls: 0.0468  d4.dn_loss_bbox: 0.0168  d4.dn_loss_iou: 0.0328  d1.loss_lmm_region: 0.1818  loss_lmm_image: 0.3749
2026/02/07 01:23:35 - mmengine - INFO - Iter(train) [33200/35000]  base_lr: 1.0000e-06 lr: 1.0000e-06  eta: 0:32:02  time: 1.0293  data_time: 0.0146  memory: 25206  grad_norm: 23.9641  loss: 3.1900  loss_cls: 0.2272  loss_bbox: 0.0155  loss_iou: 0.0351  d0.loss_cls: 0.2459  d0.loss_bbox: 0.0189  d0.loss_iou: 0.0403  d1.loss_cls: 0.2358  d1.loss_bbox: 0.0173  d1.loss_iou: 0.0373  d2.loss_cls: 0.2340  d2.loss_bbox: 0.0158  d2.loss_iou: 0.0355  d3.loss_cls: 0.2312  d3.loss_bbox: 0.0153  d3.loss_iou: 0.0348  d4.loss_cls: 0.2273  d4.loss_bbox: 0.0155  d4.loss_iou: 0.0352  enc_loss_cls: 0.2640  enc_loss_bbox: 0.0265  enc_loss_iou: 0.0541  dn_loss_cls: 0.0203  dn_loss_bbox: 0.0164  dn_loss_iou: 0.0353  d0.dn_loss_cls: 0.0937  d0.dn_loss_bbox: 0.0380  d0.dn_loss_iou: 0.0788  d1.dn_loss_cls: 0.0374  d1.dn_loss_bbox: 0.0191  d1.dn_loss_iou: 0.0411  d2.dn_loss_cls: 0.0258  d2.dn_loss_bbox: 0.0168  d2.dn_loss_iou: 0.0365  d3.dn_loss_cls: 0.0223  d3.dn_loss_bbox: 0.0164  d3.dn_loss_iou: 0.0354  d4.dn_loss_cls: 0.0209  d4.dn_loss_bbox: 0.0164  d4.dn_loss_iou: 0.0353  d1.loss_lmm_region: 0.1718  loss_lmm_image: 0.3498
2026/02/07 01:25:18 - mmengine - INFO - Iter(train) [33300/35000]  base_lr: 1.0000e-06 lr: 1.0000e-06  eta: 0:30:14  time: 1.0318  data_time: 0.0154  memory: 25275  grad_norm: 22.3458  loss: 3.3940  loss_cls: 0.2382  loss_bbox: 0.0187  loss_iou: 0.0358  d0.loss_cls: 0.2620  d0.loss_bbox: 0.0222  d0.loss_iou: 0.0417  d1.loss_cls: 0.2521  d1.loss_bbox: 0.0197  d1.loss_iou: 0.0379  d2.loss_cls: 0.2431  d2.loss_bbox: 0.0192  d2.loss_iou: 0.0363  d3.loss_cls: 0.2398  d3.loss_bbox: 0.0189  d3.loss_iou: 0.0359  d4.loss_cls: 0.2386  d4.loss_bbox: 0.0187  d4.loss_iou: 0.0358  enc_loss_cls: 0.2791  enc_loss_bbox: 0.0290  enc_loss_iou: 0.0582  dn_loss_cls: 0.0213  dn_loss_bbox: 0.0201  dn_loss_iou: 0.0372  d0.dn_loss_cls: 0.0993  d0.dn_loss_bbox: 0.0437  d0.dn_loss_iou: 0.0881  d1.dn_loss_cls: 0.0396  d1.dn_loss_bbox: 0.0233  d1.dn_loss_iou: 0.0448  d2.dn_loss_cls: 0.0279  d2.dn_loss_bbox: 0.0205  d2.dn_loss_iou: 0.0387  d3.dn_loss_cls: 0.0244  d3.dn_loss_bbox: 0.0201  d3.dn_loss_iou: 0.0375  d4.dn_loss_cls: 0.0215  d4.dn_loss_bbox: 0.0201  d4.dn_loss_iou: 0.0373  d1.loss_lmm_region: 0.1793  loss_lmm_image: 0.3685
2026/02/07 01:27:02 - mmengine - INFO - Iter(train) [33400/35000]  base_lr: 1.0000e-06 lr: 1.0000e-06  eta: 0:28:27  time: 1.0284  data_time: 0.0145  memory: 25203  grad_norm: 22.1160  loss: 3.1229  loss_cls: 0.2272  loss_bbox: 0.0167  loss_iou: 0.0326  d0.loss_cls: 0.2387  d0.loss_bbox: 0.0179  d0.loss_iou: 0.0363  d1.loss_cls: 0.2334  d1.loss_bbox: 0.0159  d1.loss_iou: 0.0328  d2.loss_cls: 0.2306  d2.loss_bbox: 0.0155  d2.loss_iou: 0.0317  d3.loss_cls: 0.2272  d3.loss_bbox: 0.0166  d3.loss_iou: 0.0326  d4.loss_cls: 0.2279  d4.loss_bbox: 0.0167  d4.loss_iou: 0.0326  enc_loss_cls: 0.2496  enc_loss_bbox: 0.0252  enc_loss_iou: 0.0508  dn_loss_cls: 0.0268  dn_loss_bbox: 0.0151  dn_loss_iou: 0.0305  d0.dn_loss_cls: 0.0908  d0.dn_loss_bbox: 0.0365  d0.dn_loss_iou: 0.0707  d1.dn_loss_cls: 0.0439  d1.dn_loss_bbox: 0.0182  d1.dn_loss_iou: 0.0371  d2.dn_loss_cls: 0.0334  d2.dn_loss_bbox: 0.0157  d2.dn_loss_iou: 0.0319  d3.dn_loss_cls: 0.0298  d3.dn_loss_bbox: 0.0152  d3.dn_loss_iou: 0.0306  d4.dn_loss_cls: 0.0272  d4.dn_loss_bbox: 0.0151  d4.dn_loss_iou: 0.0305  d1.loss_lmm_region: 0.1669  loss_lmm_image: 0.3483
2026/02/07 01:28:45 - mmengine - INFO - Iter(train) [33500/35000]  base_lr: 1.0000e-06 lr: 1.0000e-06  eta: 0:26:39  time: 1.0379  data_time: 0.0145  memory: 25128  grad_norm: 21.3329  loss: 3.1945  loss_cls: 0.2227  loss_bbox: 0.0170  loss_iou: 0.0312  d0.loss_cls: 0.2418  d0.loss_bbox: 0.0192  d0.loss_iou: 0.0358  d1.loss_cls: 0.2324  d1.loss_bbox: 0.0180  d1.loss_iou: 0.0328  d2.loss_cls: 0.2266  d2.loss_bbox: 0.0171  d2.loss_iou: 0.0318  d3.loss_cls: 0.2242  d3.loss_bbox: 0.0171  d3.loss_iou: 0.0314  d4.loss_cls: 0.2252  d4.loss_bbox: 0.0170  d4.loss_iou: 0.0312  enc_loss_cls: 0.2557  enc_loss_bbox: 0.0278  enc_loss_iou: 0.0537  dn_loss_cls: 0.0354  dn_loss_bbox: 0.0157  dn_loss_iou: 0.0291  d0.dn_loss_cls: 0.1019  d0.dn_loss_bbox: 0.0382  d0.dn_loss_iou: 0.0735  d1.dn_loss_cls: 0.0518  d1.dn_loss_bbox: 0.0191  d1.dn_loss_iou: 0.0354  d2.dn_loss_cls: 0.0420  d2.dn_loss_bbox: 0.0165  d2.dn_loss_iou: 0.0306  d3.dn_loss_cls: 0.0386  d3.dn_loss_bbox: 0.0158  d3.dn_loss_iou: 0.0293  d4.dn_loss_cls: 0.0358  d4.dn_loss_bbox: 0.0157  d4.dn_loss_iou: 0.0291  d1.loss_lmm_region: 0.1664  loss_lmm_image: 0.3650
2026/02/07 01:30:28 - mmengine - INFO - Iter(train) [33600/35000]  base_lr: 1.0000e-06 lr: 1.0000e-06  eta: 0:24:52  time: 1.0292  data_time: 0.0149  memory: 25241  grad_norm: 20.5144  loss: 2.9771  loss_cls: 0.2075  loss_bbox: 0.0148  loss_iou: 0.0318  d0.loss_cls: 0.2218  d0.loss_bbox: 0.0167  d0.loss_iou: 0.0356  d1.loss_cls: 0.2151  d1.loss_bbox: 0.0153  d1.loss_iou: 0.0329  d2.loss_cls: 0.2099  d2.loss_bbox: 0.0150  d2.loss_iou: 0.0320  d3.loss_cls: 0.2073  d3.loss_bbox: 0.0149  d3.loss_iou: 0.0319  d4.loss_cls: 0.2081  d4.loss_bbox: 0.0149  d4.loss_iou: 0.0318  enc_loss_cls: 0.2335  enc_loss_bbox: 0.0249  enc_loss_iou: 0.0517  dn_loss_cls: 0.0214  dn_loss_bbox: 0.0148  dn_loss_iou: 0.0307  d0.dn_loss_cls: 0.0876  d0.dn_loss_bbox: 0.0379  d0.dn_loss_iou: 0.0744  d1.dn_loss_cls: 0.0369  d1.dn_loss_bbox: 0.0173  d1.dn_loss_iou: 0.0365  d2.dn_loss_cls: 0.0274  d2.dn_loss_bbox: 0.0153  d2.dn_loss_iou: 0.0320  d3.dn_loss_cls: 0.0239  d3.dn_loss_bbox: 0.0148  d3.dn_loss_iou: 0.0308  d4.dn_loss_cls: 0.0214  d4.dn_loss_bbox: 0.0148  d4.dn_loss_iou: 0.0307  d1.loss_lmm_region: 0.1749  loss_lmm_image: 0.3661
2026/02/07 01:32:13 - mmengine - INFO - Iter(train) [33700/35000]  base_lr: 1.0000e-06 lr: 1.0000e-06  eta: 0:23:05  time: 1.0464  data_time: 0.0148  memory: 24983  grad_norm: 21.7557  loss: 3.1223  loss_cls: 0.2260  loss_bbox: 0.0145  loss_iou: 0.0276  d0.loss_cls: 0.2411  d0.loss_bbox: 0.0162  d0.loss_iou: 0.0310  d1.loss_cls: 0.2344  d1.loss_bbox: 0.0149  d1.loss_iou: 0.0285  d2.loss_cls: 0.2308  d2.loss_bbox: 0.0146  d2.loss_iou: 0.0276  d3.loss_cls: 0.2272  d3.loss_bbox: 0.0146  d3.loss_iou: 0.0276  d4.loss_cls: 0.2270  d4.loss_bbox: 0.0145  d4.loss_iou: 0.0275  enc_loss_cls: 0.2542  enc_loss_bbox: 0.0236  enc_loss_iou: 0.0474  dn_loss_cls: 0.0275  dn_loss_bbox: 0.0149  dn_loss_iou: 0.0284  d0.dn_loss_cls: 0.0993  d0.dn_loss_bbox: 0.0391  d0.dn_loss_iou: 0.0734  d1.dn_loss_cls: 0.0460  d1.dn_loss_bbox: 0.0181  d1.dn_loss_iou: 0.0345  d2.dn_loss_cls: 0.0357  d2.dn_loss_bbox: 0.0155  d2.dn_loss_iou: 0.0298  d3.dn_loss_cls: 0.0295  d3.dn_loss_bbox: 0.0148  d3.dn_loss_iou: 0.0284  d4.dn_loss_cls: 0.0272  d4.dn_loss_bbox: 0.0149  d4.dn_loss_iou: 0.0284  d1.loss_lmm_region: 0.1718  loss_lmm_image: 0.3747
2026/02/07 01:33:56 - mmengine - INFO - Iter(train) [33800/35000]  base_lr: 1.0000e-06 lr: 1.0000e-06  eta: 0:21:18  time: 1.0308  data_time: 0.0150  memory: 25289  grad_norm: 22.1623  loss: 3.3160  loss_cls: 0.2445  loss_bbox: 0.0154  loss_iou: 0.0343  d0.loss_cls: 0.2615  d0.loss_bbox: 0.0173  d0.loss_iou: 0.0395  d1.loss_cls: 0.2533  d1.loss_bbox: 0.0157  d1.loss_iou: 0.0356  d2.loss_cls: 0.2494  d2.loss_bbox: 0.0156  d2.loss_iou: 0.0349  d3.loss_cls: 0.2454  d3.loss_bbox: 0.0154  d3.loss_iou: 0.0345  d4.loss_cls: 0.2455  d4.loss_bbox: 0.0153  d4.loss_iou: 0.0343  enc_loss_cls: 0.2817  enc_loss_bbox: 0.0260  enc_loss_iou: 0.0566  dn_loss_cls: 0.0249  dn_loss_bbox: 0.0156  dn_loss_iou: 0.0336  d0.dn_loss_cls: 0.0986  d0.dn_loss_bbox: 0.0397  d0.dn_loss_iou: 0.0825  d1.dn_loss_cls: 0.0404  d1.dn_loss_bbox: 0.0190  d1.dn_loss_iou: 0.0417  d2.dn_loss_cls: 0.0302  d2.dn_loss_bbox: 0.0163  d2.dn_loss_iou: 0.0351  d3.dn_loss_cls: 0.0269  d3.dn_loss_bbox: 0.0157  d3.dn_loss_iou: 0.0337  d4.dn_loss_cls: 0.0249  d4.dn_loss_bbox: 0.0156  d4.dn_loss_iou: 0.0336  d1.loss_lmm_region: 0.1873  loss_lmm_image: 0.3291
2026/02/07 01:35:40 - mmengine - INFO - Iter(train) [33900/35000]  base_lr: 1.0000e-06 lr: 1.0000e-06  eta: 0:19:31  time: 1.0307  data_time: 0.0154  memory: 25132  grad_norm: 20.4795  loss: 3.4129  loss_cls: 0.2592  loss_bbox: 0.0156  loss_iou: 0.0307  d0.loss_cls: 0.2682  d0.loss_bbox: 0.0185  d0.loss_iou: 0.0366  d1.loss_cls: 0.2630  d1.loss_bbox: 0.0161  d1.loss_iou: 0.0327  d2.loss_cls: 0.2604  d2.loss_bbox: 0.0156  d2.loss_iou: 0.0307  d3.loss_cls: 0.2600  d3.loss_bbox: 0.0157  d3.loss_iou: 0.0308  d4.loss_cls: 0.2613  d4.loss_bbox: 0.0156  d4.loss_iou: 0.0307  enc_loss_cls: 0.2829  enc_loss_bbox: 0.0285  enc_loss_iou: 0.0551  dn_loss_cls: 0.0267  dn_loss_bbox: 0.0162  dn_loss_iou: 0.0323  d0.dn_loss_cls: 0.1055  d0.dn_loss_bbox: 0.0446  d0.dn_loss_iou: 0.0877  d1.dn_loss_cls: 0.0437  d1.dn_loss_bbox: 0.0201  d1.dn_loss_iou: 0.0408  d2.dn_loss_cls: 0.0331  d2.dn_loss_bbox: 0.0169  d2.dn_loss_iou: 0.0338  d3.dn_loss_cls: 0.0287  d3.dn_loss_bbox: 0.0163  d3.dn_loss_iou: 0.0325  d4.dn_loss_cls: 0.0265  d4.dn_loss_bbox: 0.0162  d4.dn_loss_iou: 0.0323  d1.loss_lmm_region: 0.1918  loss_lmm_image: 0.3395
2026/02/07 01:37:24 - mmengine - INFO - Exp name: grounding_dino_swin_t_20260206_224223
2026/02/07 01:37:24 - mmengine - INFO - Iter(train) [34000/35000]  base_lr: 1.0000e-06 lr: 1.0000e-06  eta: 0:17:44  time: 1.0490  data_time: 0.0149  memory: 25326  grad_norm: 21.3551  loss: 3.5321  loss_cls: 0.2612  loss_bbox: 0.0157  loss_iou: 0.0315  d0.loss_cls: 0.2833  d0.loss_bbox: 0.0181  d0.loss_iou: 0.0353  d1.loss_cls: 0.2750  d1.loss_bbox: 0.0162  d1.loss_iou: 0.0327  d2.loss_cls: 0.2674  d2.loss_bbox: 0.0160  d2.loss_iou: 0.0319  d3.loss_cls: 0.2634  d3.loss_bbox: 0.0158  d3.loss_iou: 0.0315  d4.loss_cls: 0.2611  d4.loss_bbox: 0.0158  d4.loss_iou: 0.0314  enc_loss_cls: 0.2983  enc_loss_bbox: 0.0280  enc_loss_iou: 0.0543  dn_loss_cls: 0.0428  dn_loss_bbox: 0.0166  dn_loss_iou: 0.0340  d0.dn_loss_cls: 0.1136  d0.dn_loss_bbox: 0.0433  d0.dn_loss_iou: 0.0846  d1.dn_loss_cls: 0.0573  d1.dn_loss_bbox: 0.0202  d1.dn_loss_iou: 0.0414  d2.dn_loss_cls: 0.0486  d2.dn_loss_bbox: 0.0172  d2.dn_loss_iou: 0.0351  d3.dn_loss_cls: 0.0451  d3.dn_loss_bbox: 0.0167  d3.dn_loss_iou: 0.0340  d4.dn_loss_cls: 0.0433  d4.dn_loss_bbox: 0.0167  d4.dn_loss_iou: 0.0340  d1.loss_lmm_region: 0.1798  loss_lmm_image: 0.3238
2026/02/07 01:39:07 - mmengine - INFO - Iter(train) [34100/35000]  base_lr: 1.0000e-06 lr: 1.0000e-06  eta: 0:15:58  time: 1.0345  data_time: 0.0149  memory: 25279  grad_norm: 22.1260  loss: 3.4890  loss_cls: 0.2497  loss_bbox: 0.0166  loss_iou: 0.0341  d0.loss_cls: 0.2728  d0.loss_bbox: 0.0182  d0.loss_iou: 0.0383  d1.loss_cls: 0.2646  d1.loss_bbox: 0.0172  d1.loss_iou: 0.0354  d2.loss_cls: 0.2576  d2.loss_bbox: 0.0167  d2.loss_iou: 0.0345  d3.loss_cls: 0.2531  d3.loss_bbox: 0.0167  d3.loss_iou: 0.0343  d4.loss_cls: 0.2497  d4.loss_bbox: 0.0166  d4.loss_iou: 0.0341  enc_loss_cls: 0.2901  enc_loss_bbox: 0.0288  enc_loss_iou: 0.0582  dn_loss_cls: 0.0317  dn_loss_bbox: 0.0167  dn_loss_iou: 0.0342  d0.dn_loss_cls: 0.1065  d0.dn_loss_bbox: 0.0435  d0.dn_loss_iou: 0.0863  d1.dn_loss_cls: 0.0482  d1.dn_loss_bbox: 0.0199  d1.dn_loss_iou: 0.0413  d2.dn_loss_cls: 0.0376  d2.dn_loss_bbox: 0.0171  d2.dn_loss_iou: 0.0353  d3.dn_loss_cls: 0.0336  d3.dn_loss_bbox: 0.0166  d3.dn_loss_iou: 0.0343  d4.dn_loss_cls: 0.0318  d4.dn_loss_bbox: 0.0168  d4.dn_loss_iou: 0.0342  d1.loss_lmm_region: 0.1744  loss_lmm_image: 0.3915
2026/02/07 01:40:51 - mmengine - INFO - Iter(train) [34200/35000]  base_lr: 1.0000e-06 lr: 1.0000e-06  eta: 0:14:11  time: 1.0483  data_time: 0.0147  memory: 25325  grad_norm: 20.8176  loss: 3.3429  loss_cls: 0.2394  loss_bbox: 0.0186  loss_iou: 0.0326  d0.loss_cls: 0.2605  d0.loss_bbox: 0.0207  d0.loss_iou: 0.0374  d1.loss_cls: 0.2508  d1.loss_bbox: 0.0194  d1.loss_iou: 0.0342  d2.loss_cls: 0.2455  d2.loss_bbox: 0.0190  d2.loss_iou: 0.0331  d3.loss_cls: 0.2420  d3.loss_bbox: 0.0190  d3.loss_iou: 0.0330  d4.loss_cls: 0.2402  d4.loss_bbox: 0.0186  d4.loss_iou: 0.0326  enc_loss_cls: 0.2759  enc_loss_bbox: 0.0281  enc_loss_iou: 0.0529  dn_loss_cls: 0.0231  dn_loss_bbox: 0.0187  dn_loss_iou: 0.0335  d0.dn_loss_cls: 0.0944  d0.dn_loss_bbox: 0.0432  d0.dn_loss_iou: 0.0818  d1.dn_loss_cls: 0.0379  d1.dn_loss_bbox: 0.0220  d1.dn_loss_iou: 0.0405  d2.dn_loss_cls: 0.0287  d2.dn_loss_bbox: 0.0191  d2.dn_loss_iou: 0.0345  d3.dn_loss_cls: 0.0251  d3.dn_loss_bbox: 0.0188  d3.dn_loss_iou: 0.0336  d4.dn_loss_cls: 0.0236  d4.dn_loss_bbox: 0.0188  d4.dn_loss_iou: 0.0335  d1.loss_lmm_region: 0.1694  loss_lmm_image: 0.3891
2026/02/07 01:42:35 - mmengine - INFO - Iter(train) [34300/35000]  base_lr: 1.0000e-06 lr: 1.0000e-06  eta: 0:12:24  time: 1.0284  data_time: 0.0147  memory: 25265  grad_norm: 22.1055  loss: 2.9731  loss_cls: 0.2149  loss_bbox: 0.0134  loss_iou: 0.0290  d0.loss_cls: 0.2349  d0.loss_bbox: 0.0155  d0.loss_iou: 0.0336  d1.loss_cls: 0.2281  d1.loss_bbox: 0.0140  d1.loss_iou: 0.0302  d2.loss_cls: 0.2214  d2.loss_bbox: 0.0135  d2.loss_iou: 0.0294  d3.loss_cls: 0.2172  d3.loss_bbox: 0.0134  d3.loss_iou: 0.0290  d4.loss_cls: 0.2156  d4.loss_bbox: 0.0133  d4.loss_iou: 0.0290  enc_loss_cls: 0.2489  enc_loss_bbox: 0.0235  enc_loss_iou: 0.0495  dn_loss_cls: 0.0222  dn_loss_bbox: 0.0139  dn_loss_iou: 0.0303  d0.dn_loss_cls: 0.0895  d0.dn_loss_bbox: 0.0345  d0.dn_loss_iou: 0.0721  d1.dn_loss_cls: 0.0387  d1.dn_loss_bbox: 0.0164  d1.dn_loss_iou: 0.0359  d2.dn_loss_cls: 0.0276  d2.dn_loss_bbox: 0.0143  d2.dn_loss_iou: 0.0313  d3.dn_loss_cls: 0.0244  d3.dn_loss_bbox: 0.0140  d3.dn_loss_iou: 0.0305  d4.dn_loss_cls: 0.0222  d4.dn_loss_bbox: 0.0139  d4.dn_loss_iou: 0.0303  d1.loss_lmm_region: 0.1669  loss_lmm_image: 0.3268
2026/02/07 01:44:20 - mmengine - INFO - Iter(train) [34400/35000]  base_lr: 1.0000e-06 lr: 1.0000e-06  eta: 0:10:38  time: 1.0410  data_time: 0.0145  memory: 25254  grad_norm: 23.4861  loss: 3.2351  loss_cls: 0.2410  loss_bbox: 0.0159  loss_iou: 0.0283  d0.loss_cls: 0.2489  d0.loss_bbox: 0.0185  d0.loss_iou: 0.0331  d1.loss_cls: 0.2453  d1.loss_bbox: 0.0175  d1.loss_iou: 0.0309  d2.loss_cls: 0.2454  d2.loss_bbox: 0.0161  d2.loss_iou: 0.0287  d3.loss_cls: 0.2424  d3.loss_bbox: 0.0168  d3.loss_iou: 0.0292  d4.loss_cls: 0.2411  d4.loss_bbox: 0.0159  d4.loss_iou: 0.0284  enc_loss_cls: 0.2619  enc_loss_bbox: 0.0274  enc_loss_iou: 0.0493  dn_loss_cls: 0.0320  dn_loss_bbox: 0.0160  dn_loss_iou: 0.0284  d0.dn_loss_cls: 0.0948  d0.dn_loss_bbox: 0.0399  d0.dn_loss_iou: 0.0735  d1.dn_loss_cls: 0.0448  d1.dn_loss_bbox: 0.0190  d1.dn_loss_iou: 0.0345  d2.dn_loss_cls: 0.0371  d2.dn_loss_bbox: 0.0167  d2.dn_loss_iou: 0.0299  d3.dn_loss_cls: 0.0342  d3.dn_loss_bbox: 0.0161  d3.dn_loss_iou: 0.0286  d4.dn_loss_cls: 0.0319  d4.dn_loss_bbox: 0.0160  d4.dn_loss_iou: 0.0284  d1.loss_lmm_region: 0.1580  loss_lmm_image: 0.3735
2026/02/07 01:46:03 - mmengine - INFO - Iter(train) [34500/35000]  base_lr: 1.0000e-06 lr: 1.0000e-06  eta: 0:08:51  time: 1.0355  data_time: 0.0148  memory: 25272  grad_norm: 21.3966  loss: 3.0412  loss_cls: 0.2163  loss_bbox: 0.0149  loss_iou: 0.0313  d0.loss_cls: 0.2337  d0.loss_bbox: 0.0172  d0.loss_iou: 0.0355  d1.loss_cls: 0.2253  d1.loss_bbox: 0.0152  d1.loss_iou: 0.0327  d2.loss_cls: 0.2183  d2.loss_bbox: 0.0150  d2.loss_iou: 0.0316  d3.loss_cls: 0.2163  d3.loss_bbox: 0.0149  d3.loss_iou: 0.0313  d4.loss_cls: 0.2166  d4.loss_bbox: 0.0149  d4.loss_iou: 0.0314  enc_loss_cls: 0.2485  enc_loss_bbox: 0.0245  enc_loss_iou: 0.0516  dn_loss_cls: 0.0243  dn_loss_bbox: 0.0155  dn_loss_iou: 0.0322  d0.dn_loss_cls: 0.0928  d0.dn_loss_bbox: 0.0379  d0.dn_loss_iou: 0.0765  d1.dn_loss_cls: 0.0401  d1.dn_loss_bbox: 0.0183  d1.dn_loss_iou: 0.0388  d2.dn_loss_cls: 0.0305  d2.dn_loss_bbox: 0.0158  d2.dn_loss_iou: 0.0329  d3.dn_loss_cls: 0.0267  d3.dn_loss_bbox: 0.0155  d3.dn_loss_iou: 0.0321  d4.dn_loss_cls: 0.0246  d4.dn_loss_bbox: 0.0155  d4.dn_loss_iou: 0.0322  d1.loss_lmm_region: 0.1663  loss_lmm_image: 0.3356
2026/02/07 01:46:03 - mmengine - INFO - Saving checkpoint at 34500 iterations
2026/02/07 01:47:55 - mmengine - INFO - Iter(train) [34600/35000]  base_lr: 1.0000e-06 lr: 1.0000e-06  eta: 0:07:05  time: 1.0322  data_time: 0.0152  memory: 25064  grad_norm: 20.2669  loss: 3.3549  loss_cls: 0.2562  loss_bbox: 0.0155  loss_iou: 0.0334  d0.loss_cls: 0.2684  d0.loss_bbox: 0.0179  d0.loss_iou: 0.0377  d1.loss_cls: 0.2643  d1.loss_bbox: 0.0160  d1.loss_iou: 0.0339  d2.loss_cls: 0.2589  d2.loss_bbox: 0.0155  d2.loss_iou: 0.0333  d3.loss_cls: 0.2571  d3.loss_bbox: 0.0155  d3.loss_iou: 0.0332  d4.loss_cls: 0.2566  d4.loss_bbox: 0.0155  d4.loss_iou: 0.0333  enc_loss_cls: 0.2819  enc_loss_bbox: 0.0267  enc_loss_iou: 0.0534  dn_loss_cls: 0.0231  dn_loss_bbox: 0.0153  dn_loss_iou: 0.0321  d0.dn_loss_cls: 0.0996  d0.dn_loss_bbox: 0.0426  d0.dn_loss_iou: 0.0828  d1.dn_loss_cls: 0.0391  d1.dn_loss_bbox: 0.0188  d1.dn_loss_iou: 0.0387  d2.dn_loss_cls: 0.0292  d2.dn_loss_bbox: 0.0159  d2.dn_loss_iou: 0.0337  d3.dn_loss_cls: 0.0258  d3.dn_loss_bbox: 0.0153  d3.dn_loss_iou: 0.0322  d4.dn_loss_cls: 0.0233  d4.dn_loss_bbox: 0.0153  d4.dn_loss_iou: 0.0322  d1.loss_lmm_region: 0.1810  loss_lmm_image: 0.3349
2026/02/07 01:49:39 - mmengine - INFO - Iter(train) [34700/35000]  base_lr: 1.0000e-06 lr: 1.0000e-06  eta: 0:05:19  time: 1.0457  data_time: 0.0148  memory: 25455  grad_norm: 20.9335  loss: 3.3195  loss_cls: 0.2259  loss_bbox: 0.0173  loss_iou: 0.0329  d0.loss_cls: 0.2409  d0.loss_bbox: 0.0200  d0.loss_iou: 0.0377  d1.loss_cls: 0.2369  d1.loss_bbox: 0.0167  d1.loss_iou: 0.0333  d2.loss_cls: 0.2296  d2.loss_bbox: 0.0176  d2.loss_iou: 0.0333  d3.loss_cls: 0.2276  d3.loss_bbox: 0.0174  d3.loss_iou: 0.0329  d4.loss_cls: 0.2271  d4.loss_bbox: 0.0173  d4.loss_iou: 0.0329  enc_loss_cls: 0.2584  enc_loss_bbox: 0.0283  enc_loss_iou: 0.0532  dn_loss_cls: 0.0376  dn_loss_bbox: 0.0190  dn_loss_iou: 0.0367  d0.dn_loss_cls: 0.1072  d0.dn_loss_bbox: 0.0452  d0.dn_loss_iou: 0.0881  d1.dn_loss_cls: 0.0568  d1.dn_loss_bbox: 0.0235  d1.dn_loss_iou: 0.0456  d2.dn_loss_cls: 0.0466  d2.dn_loss_bbox: 0.0199  d2.dn_loss_iou: 0.0388  d3.dn_loss_cls: 0.0416  d3.dn_loss_bbox: 0.0190  d3.dn_loss_iou: 0.0369  d4.dn_loss_cls: 0.0388  d4.dn_loss_bbox: 0.0190  d4.dn_loss_iou: 0.0368  d1.loss_lmm_region: 0.1825  loss_lmm_image: 0.3426
2026/02/07 01:51:22 - mmengine - INFO - Iter(train) [34800/35000]  base_lr: 1.0000e-06 lr: 1.0000e-06  eta: 0:03:32  time: 1.0322  data_time: 0.0150  memory: 25220  grad_norm: 21.6633  loss: 3.1856  loss_cls: 0.2253  loss_bbox: 0.0146  loss_iou: 0.0328  d0.loss_cls: 0.2427  d0.loss_bbox: 0.0171  d0.loss_iou: 0.0375  d1.loss_cls: 0.2341  d1.loss_bbox: 0.0153  d1.loss_iou: 0.0344  d2.loss_cls: 0.2300  d2.loss_bbox: 0.0148  d2.loss_iou: 0.0330  d3.loss_cls: 0.2282  d3.loss_bbox: 0.0146  d3.loss_iou: 0.0326  d4.loss_cls: 0.2275  d4.loss_bbox: 0.0146  d4.loss_iou: 0.0327  enc_loss_cls: 0.2549  enc_loss_bbox: 0.0269  enc_loss_iou: 0.0550  dn_loss_cls: 0.0260  dn_loss_bbox: 0.0144  dn_loss_iou: 0.0316  d0.dn_loss_cls: 0.0945  d0.dn_loss_bbox: 0.0412  d0.dn_loss_iou: 0.0798  d1.dn_loss_cls: 0.0419  d1.dn_loss_bbox: 0.0193  d1.dn_loss_iou: 0.0403  d2.dn_loss_cls: 0.0321  d2.dn_loss_bbox: 0.0154  d2.dn_loss_iou: 0.0335  d3.dn_loss_cls: 0.0285  d3.dn_loss_bbox: 0.0145  d3.dn_loss_iou: 0.0320  d4.dn_loss_cls: 0.0260  d4.dn_loss_bbox: 0.0144  d4.dn_loss_iou: 0.0317  d1.loss_lmm_region: 0.1684  loss_lmm_image: 0.3815
2026/02/07 01:53:06 - mmengine - INFO - Iter(train) [34900/35000]  base_lr: 1.0000e-06 lr: 1.0000e-06  eta: 0:01:46  time: 1.0353  data_time: 0.0149  memory: 25240  grad_norm: 22.3768  loss: 3.9488  loss_cls: 0.2902  loss_bbox: 0.0203  loss_iou: 0.0349  d0.loss_cls: 0.3058  d0.loss_bbox: 0.0232  d0.loss_iou: 0.0420  d1.loss_cls: 0.2977  d1.loss_bbox: 0.0211  d1.loss_iou: 0.0372  d2.loss_cls: 0.2930  d2.loss_bbox: 0.0202  d2.loss_iou: 0.0350  d3.loss_cls: 0.2912  d3.loss_bbox: 0.0203  d3.loss_iou: 0.0350  d4.loss_cls: 0.2916  d4.loss_bbox: 0.0203  d4.loss_iou: 0.0350  enc_loss_cls: 0.3199  enc_loss_bbox: 0.0325  enc_loss_iou: 0.0607  dn_loss_cls: 0.0494  dn_loss_bbox: 0.0209  dn_loss_iou: 0.0355  d0.dn_loss_cls: 0.1264  d0.dn_loss_bbox: 0.0488  d0.dn_loss_iou: 0.0906  d1.dn_loss_cls: 0.0693  d1.dn_loss_bbox: 0.0245  d1.dn_loss_iou: 0.0435  d2.dn_loss_cls: 0.0572  d2.dn_loss_bbox: 0.0215  d2.dn_loss_iou: 0.0366  d3.dn_loss_cls: 0.0531  d3.dn_loss_bbox: 0.0209  d3.dn_loss_iou: 0.0353  d4.dn_loss_cls: 0.0494  d4.dn_loss_bbox: 0.0209  d4.dn_loss_iou: 0.0356  d1.loss_lmm_region: 0.1906  loss_lmm_image: 0.3916
2026/02/07 01:54:49 - mmengine - INFO - Exp name: grounding_dino_swin_t_20260206_224223
2026/02/07 01:54:49 - mmengine - INFO - Iter(train) [35000/35000]  base_lr: 1.0000e-06 lr: 1.0000e-06  eta: 0:00:00  time: 1.0339  data_time: 0.0149  memory: 25336  grad_norm: 22.0624  loss: 3.2598  loss_cls: 0.2307  loss_bbox: 0.0126  loss_iou: 0.0255  d0.loss_cls: 0.2447  d0.loss_bbox: 0.0155  d0.loss_iou: 0.0305  d1.loss_cls: 0.2401  d1.loss_bbox: 0.0135  d1.loss_iou: 0.0272  d2.loss_cls: 0.2348  d2.loss_bbox: 0.0126  d2.loss_iou: 0.0257  d3.loss_cls: 0.2327  d3.loss_bbox: 0.0125  d3.loss_iou: 0.0256  d4.loss_cls: 0.2311  d4.loss_bbox: 0.0126  d4.loss_iou: 0.0255  enc_loss_cls: 0.2600  enc_loss_bbox: 0.0238  enc_loss_iou: 0.0465  dn_loss_cls: 0.0548  dn_loss_bbox: 0.0142  dn_loss_iou: 0.0275  d0.dn_loss_cls: 0.1127  d0.dn_loss_bbox: 0.0399  d0.dn_loss_iou: 0.0789  d1.dn_loss_cls: 0.0631  d1.dn_loss_bbox: 0.0179  d1.dn_loss_iou: 0.0363  d2.dn_loss_cls: 0.0555  d2.dn_loss_bbox: 0.0152  d2.dn_loss_iou: 0.0303  d3.dn_loss_cls: 0.0555  d3.dn_loss_bbox: 0.0143  d3.dn_loss_iou: 0.0280  d4.dn_loss_cls: 0.0557  d4.dn_loss_bbox: 0.0142  d4.dn_loss_iou: 0.0275  d1.loss_lmm_region: 0.1760  loss_lmm_image: 0.3588
2026/02/07 01:54:49 - mmengine - INFO - Saving checkpoint at 35000 iterations
2026/02/07 01:55:09 - mmengine - INFO - Iter(val) [ 100/2445]    eta: 0:04:31  time: 0.1140  data_time: 0.0014  memory: 5166  
2026/02/07 01:55:21 - mmengine - INFO - Iter(val) [ 200/2445]    eta: 0:04:18  time: 0.1139  data_time: 0.0015  memory: 5135  
2026/02/07 01:55:32 - mmengine - INFO - Iter(val) [ 300/2445]    eta: 0:04:06  time: 0.1145  data_time: 0.0015  memory: 5136  
2026/02/07 01:55:44 - mmengine - INFO - Iter(val) [ 400/2445]    eta: 0:03:54  time: 0.1141  data_time: 0.0015  memory: 5143  
2026/02/07 01:55:55 - mmengine - INFO - Iter(val) [ 500/2445]    eta: 0:03:42  time: 0.1134  data_time: 0.0015  memory: 5150  
2026/02/07 01:56:06 - mmengine - INFO - Iter(val) [ 600/2445]    eta: 0:03:30  time: 0.1139  data_time: 0.0016  memory: 5127  
2026/02/07 01:56:18 - mmengine - INFO - Iter(val) [ 700/2445]    eta: 0:03:19  time: 0.1144  data_time: 0.0016  memory: 5142  
2026/02/07 01:56:29 - mmengine - INFO - Iter(val) [ 800/2445]    eta: 0:03:07  time: 0.1133  data_time: 0.0015  memory: 5127  
2026/02/07 01:56:40 - mmengine - INFO - Iter(val) [ 900/2445]    eta: 0:02:56  time: 0.1137  data_time: 0.0016  memory: 5150  
2026/02/07 01:56:52 - mmengine - INFO - Iter(val) [1000/2445]    eta: 0:02:44  time: 0.1144  data_time: 0.0016  memory: 5128  
2026/02/07 01:57:03 - mmengine - INFO - Iter(val) [1100/2445]    eta: 0:02:33  time: 0.1141  data_time: 0.0017  memory: 5137  
2026/02/07 01:57:15 - mmengine - INFO - Iter(val) [1200/2445]    eta: 0:02:22  time: 0.1148  data_time: 0.0017  memory: 5132  
2026/02/07 01:57:26 - mmengine - INFO - Iter(val) [1300/2445]    eta: 0:02:10  time: 0.1148  data_time: 0.0016  memory: 5119  
2026/02/07 01:57:38 - mmengine - INFO - Iter(val) [1400/2445]    eta: 0:01:59  time: 0.1152  data_time: 0.0017  memory: 5132  
2026/02/07 01:57:49 - mmengine - INFO - Iter(val) [1500/2445]    eta: 0:01:48  time: 0.1144  data_time: 0.0016  memory: 5149  
2026/02/07 01:58:01 - mmengine - INFO - Iter(val) [1600/2445]    eta: 0:01:36  time: 0.1142  data_time: 0.0015  memory: 5127  
2026/02/07 01:58:12 - mmengine - INFO - Iter(val) [1700/2445]    eta: 0:01:25  time: 0.1147  data_time: 0.0015  memory: 5130  
2026/02/07 01:58:24 - mmengine - INFO - Iter(val) [1800/2445]    eta: 0:01:13  time: 0.1142  data_time: 0.0016  memory: 5142  
2026/02/07 01:58:35 - mmengine - INFO - Iter(val) [1900/2445]    eta: 0:01:02  time: 0.1152  data_time: 0.0017  memory: 5130  
2026/02/07 01:58:47 - mmengine - INFO - Iter(val) [2000/2445]    eta: 0:00:50  time: 0.1147  data_time: 0.0016  memory: 5135  
2026/02/07 01:58:58 - mmengine - INFO - Iter(val) [2100/2445]    eta: 0:00:39  time: 0.1142  data_time: 0.0015  memory: 5135  
2026/02/07 01:59:10 - mmengine - INFO - Iter(val) [2200/2445]    eta: 0:00:28  time: 0.1152  data_time: 0.0018  memory: 5134  
2026/02/07 01:59:21 - mmengine - INFO - Iter(val) [2300/2445]    eta: 0:00:16  time: 0.1153  data_time: 0.0016  memory: 5146  
2026/02/07 01:59:33 - mmengine - INFO - Iter(val) [2400/2445]    eta: 0:00:05  time: 0.1139  data_time: 0.0016  memory: 5127  
2026/02/07 01:59:42 - mmengine - INFO - {'recall@1': 0.2340966612979401, 'recall@5': 0.5919444881746734, 'recall@10': 0.7265098029717718}
2026/02/07 01:59:42 - mmengine - INFO - Iter(val) [2445/2445]    lvis_fixed_ap/AP: 0.4160  lvis_fixed_ap/AP50: 0.5257  lvis_fixed_ap/AP75: 0.4424  lvis_fixed_ap/APs: 0.3797  lvis_fixed_ap/APm: 0.5411  lvis_fixed_ap/APl: 0.6120  lvis_fixed_ap/APr: 0.2916  lvis_fixed_ap/APc: 0.3625  lvis_fixed_ap/APf: 0.4858  odvg/recall@1: 0.2341  odvg/recall@5: 0.5919  odvg/recall@10: 0.7265  data_time: 0.0016  time: 0.1144
